{
  "type": "FeatureCollection",
  "generator": "overpass-turbo",
  "copyright": "The data included in this document is from www.openstreetmap.org. The data is made available under ODbL.",
  "timestamp": "2026-07-25T10:16:06Z",
  "features": [
    {
      "type": "Feature",
      "properties": {
        "@id": "way/71505012",
        "barrier": "city_wall",
        "historic": "citywalls",
        "@geometry": "center"
      },
      "geometry": {
        "type": "Point",
        "coordinates": [
          -8.6706751,
          37.0976426
        ]
      },
      "id": "way/71505012"
    },
    {
      "type": "Feature",
      "properties": {
        "@id": "way/71593685",
        "building": "yes",
        "historic": "tower",
        "man_made": "tower",
        "tower:type": "defensive",
        "@geometry": "center"
      },
      "geometry": {
        "type": "Point",
        "coordinates": [
          -8.6745589,
          37.0984581
        ]
      },
      "id": "way/71593685"
    },
    {
      "type": "Feature",
      "properties": {
        "@id": "way/71593693",
        "building": "yes",
        "historic": "tower",
        "man_made": "tower",
        "tower:type": "defensive",
        "@geometry": "center"
      },
      "geometry": {
        "type": "Point",
        "coordinates": [
          -8.6762232,
          37.0987458
        ]
      },
      "id": "way/71593693"
    },
    {
      "type": "Feature",
      "properties": {
        "@id": "way/71593699",
        "building": "yes",
        "historic": "tower",
        "man_made": "tower",
        "tower:type": "defensive",
        "@geometry": "center"
      },
      "geometry": {
        "type": "Point",
        "coordinates": [
          -8.6759005,
          37.1043778
        ]
      },
      "id": "way/71593699"
    },
    {
      "type": "Feature",
      "properties": {
        "@id": "way/71593703",
        "building": "yes",
        "historic": "tower",
        "man_made": "tower",
        "tower:type": "defensive",
        "@geometry": "center"
      },
      "geometry": {
        "type": "Point",
        "coordinates": [
          -8.6690596,
          37.0987895
        ]
      },
      "id": "way/71593703"
    },
    {
      "type": "Feature",
      "properties": {
        "@id": "way/71593716",
        "building": "yes",
        "historic": "tower",
        "man_made": "tower",
        "tower:type": "defensive",
        "@geometry": "center"
      },
      "geometry": {
        "type": "Point",
        "coordinates": [
          -8.6716066,
          37.097168
        ]
      },
      "id": "way/71593716"
    },
    {
      "type": "Feature",
      "properties": {
        "@id": "way/71593718",
        "building": "yes",
        "historic": "tower",
        "man_made": "tower",
        "tower:type": "defensive",
        "@geometry": "center"
      },
      "geometry": {
        "type": "Point",
        "coordinates": [
          -8.675704,
          37.102186
        ]
      },
      "id": "way/71593718"
    },
    {
      "type": "Feature",
      "properties": {
        "@id": "way/71593720",
        "building": "yes",
        "historic": "tower",
        "man_made": "tower",
        "tower:type": "defensive",
        "@geometry": "center"
      },
      "geometry": {
        "type": "Point",
        "coordinates": [
          -8.6758676,
          37.1005958
        ]
      },
      "id": "way/71593720"
    },
    {
      "type": "Feature",
      "properties": {
        "@id": "way/92690498",
        "alt_name": "Antiga Igreja de Nossa Senhora da Conceição;Igreja de Nossa Senhora da Conceição",
        "amenity": "place_of_worship",
        "building": "church",
        "denomination": "roman_catholic",
        "heritage": "2",
        "heritage:operator": "dgpc",
        "heritage:ref": "MN",
        "heritage:website": "https://servicos.dgpc.gov.pt/pesquisapatrimonioimovel/detalhes.php?code=69861",
        "heritage:website:sipa": "http://monumentos.pt/Site/APP_PagesUser/SIPA.aspx?id=2881",
        "historic": "church",
        "name": "Igreja de São Sebastião",
        "protection_title": "Monumento Nacional",
        "ref:dgpc": "69861",
        "ref:ipa": "2881",
        "religion": "christian",
        "site_status": "Classificado",
        "source:ref": "http://www.dre.pt/pdf1s/1924/06/13700/08680869.pdf",
        "wikidata": "Q5994305",
        "wikimedia_commons": "Category:Igreja de São Sebastião (Lagos)",
        "wikipedia": "pt:Igreja de São Sebastião (Lagos)",
        "@geometry": "center"
      },
      "geometry": {
        "type": "Point",
        "coordinates": [
          -8.6737355,
          37.1039454
        ]
      },
      "id": "way/92690498"
    },
    {
      "type": "Feature",
      "properties": {
        "@id": "way/92691910",
        "barrier": "city_wall",
        "historic": "citywalls",
        "@geometry": "center"
      },
      "geometry": {
        "type": "Point",
        "coordinates": [
          -8.6742251,
          37.1046622
        ]
      },
      "id": "way/92691910"
    },
    {
      "type": "Feature",
      "properties": {
        "@id": "way/92693159",
        "addr:housenumber": "34",
        "addr:street": "Rua Doutor Faria e Silva",
        "building": "public",
        "check_date": "2024-09-06",
        "contact:facebook": "cienciavivalagos",
        "contact:instagram": "cienciavivalagos",
        "contact:twitter": "CCVLagos",
        "fee": "yes",
        "name": "Centro das Ciências de Lagos",
        "opening_hours": "Tu-Su 10:00-18:00; Mo off",
        "phone": "+351 282 770 000",
        "tourism": "museum",
        "website": "https://lagos.cienciaviva.pt/",
        "@geometry": "center"
      },
      "geometry": {
        "type": "Point",
        "coordinates": [
          -8.6733893,
          37.1040931
        ]
      },
      "id": "way/92693159"
    },
    {
      "type": "Feature",
      "properties": {
        "@id": "way/92717404",
        "building": "yes",
        "check_date": "2026-04-06",
        "name": "Marina Club",
        "stars": "4",
        "tourism": "hotel",
        "@geometry": "center"
      },
      "geometry": {
        "type": "Point",
        "coordinates": [
          -8.6727105,
          37.1110671
        ]
      },
      "id": "way/92717404"
    },
    {
      "type": "Feature",
      "properties": {
        "@id": "way/92717630",
        "building": "yes",
        "name": "Marina Club",
        "stars": "4",
        "tourism": "hotel",
        "@geometry": "center"
      },
      "geometry": {
        "type": "Point",
        "coordinates": [
          -8.6725998,
          37.1116734
        ]
      },
      "id": "way/92717630"
    },
    {
      "type": "Feature",
      "properties": {
        "@id": "way/92717632",
        "addr:housename": "Edifício Estibordo",
        "building": "yes",
        "check_date": "2026-05-02",
        "name": "Marina Club",
        "stars": "4",
        "tourism": "hotel",
        "@geometry": "center"
      },
      "geometry": {
        "type": "Point",
        "coordinates": [
          -8.6731895,
          37.1115185
        ]
      },
      "id": "way/92717632"
    },
    {
      "type": "Feature",
      "properties": {
        "@id": "way/92718322",
        "building": "yes",
        "historic": "railway_station",
        "name": "Antiga Estação de Lagos",
        "name:en": "Old Lagos railway station",
        "@geometry": "center"
      },
      "geometry": {
        "type": "Point",
        "coordinates": [
          -8.6727081,
          37.1093558
        ]
      },
      "id": "way/92718322"
    },
    {
      "type": "Feature",
      "properties": {
        "@id": "way/92927131",
        "building": "yes",
        "name": "Casa Zefiro",
        "tourism": "guest_house",
        "@geometry": "center"
      },
      "geometry": {
        "type": "Point",
        "coordinates": [
          -8.6721728,
          37.0993728
        ]
      },
      "id": "way/92927131"
    },
    {
      "type": "Feature",
      "properties": {
        "@id": "way/92927147",
        "addr:city": "Lagos",
        "addr:housenumber": "1",
        "addr:postcode": "8600-633",
        "addr:street": "Travessa do Mar",
        "air_conditioning": "yes",
        "building": "yes",
        "description": "Located in the charismatic Travessa do Mar, in the heart of the historic center of Lagos. The decor is inspired by the simplicity and comfort of a typical beach house, offering to its guests an enjoyable environment that invites you to rest & relax.",
        "guest_house": "guest_house",
        "internet_access": "yes",
        "name": "Infante Guesthouse",
        "operator": "Infante Guesthouse",
        "phone": "+351 911 990 984",
        "reservation": "required",
        "rooms": "5",
        "tourism": "guest_house",
        "website": "https://www.infanteguesthouse.com/",
        "@geometry": "center"
      },
      "geometry": {
        "type": "Point",
        "coordinates": [
          -8.6710963,
          37.1000933
        ]
      },
      "id": "way/92927147"
    },
    {
      "type": "Feature",
      "properties": {
        "@id": "way/92964080",
        "building": "yes",
        "name": "Palácio dos Governadores",
        "tourism": "attraction",
        "@geometry": "center"
      },
      "geometry": {
        "type": "Point",
        "coordinates": [
          -8.6701389,
          37.0998862
        ]
      },
      "id": "way/92964080"
    },
    {
      "type": "Feature",
      "properties": {
        "@id": "way/92965738",
        "barrier": "city_wall",
        "historic": "citywalls",
        "@geometry": "center"
      },
      "geometry": {
        "type": "Point",
        "coordinates": [
          -8.67387,
          37.0988504
        ]
      },
      "id": "way/92965738"
    },
    {
      "type": "Feature",
      "properties": {
        "@id": "way/92965818",
        "building": "yes",
        "historic": "tower",
        "man_made": "tower",
        "tower:type": "defensive",
        "@geometry": "center"
      },
      "geometry": {
        "type": "Point",
        "coordinates": [
          -8.6724516,
          37.097695
        ]
      },
      "id": "way/92965818"
    },
    {
      "type": "Feature",
      "properties": {
        "@id": "way/93136352",
        "addr:city": "Lagos",
        "addr:street": "Estrada de São Roque",
        "building": "yes",
        "disused:railway": "engine_shed",
        "historic": "railway",
        "name": "Antigua galpão ferroviário",
        "name:en": "Old Train Depot",
        "@geometry": "center"
      },
      "geometry": {
        "type": "Point",
        "coordinates": [
          -8.6708148,
          37.108724
        ]
      },
      "id": "way/93136352"
    },
    {
      "type": "Feature",
      "properties": {
        "@id": "way/93158518",
        "building": "yes",
        "historic": "tower",
        "man_made": "tower",
        "tower:type": "defensive",
        "@geometry": "center"
      },
      "geometry": {
        "type": "Point",
        "coordinates": [
          -8.6693871,
          37.0992838
        ]
      },
      "id": "way/93158518"
    },
    {
      "type": "Feature",
      "properties": {
        "@id": "way/94750303",
        "alt_name": "Forte de São Roque de Lagos;Forte de São Roque",
        "barrier": "city_wall",
        "heritage": "2",
        "heritage:operator": "dgpc",
        "heritage:ref": "MIP",
        "heritage:website": "https://servicos.dgpc.gov.pt/pesquisapatrimonioimovel/detalhes.php?code=70084",
        "heritage:website:sipa": "http://monumentos.pt/Site/APP_PagesUser/SIPA.aspx?id=2840",
        "historic": "fort",
        "name": "Forte da Meia Praia",
        "note": "Info: https://servicos.dgpc.gov.pt/pesquisapatrimonioimovel/detalhes.php?code=70084",
        "operator": "Guarda Nacional Repúblicana (Antiga Guarda Fiscal)",
        "protection_title": "Monumento de Interesse Público",
        "ref:dgpc": "70084",
        "ref:ipa": "2840",
        "site_status": "Classificado",
        "source:ref": "https://dre.pt/application/file/66734714",
        "tourism": "attraction",
        "wikidata": "Q10283728",
        "wikipedia": "pt:Forte da Meia Praia",
        "@geometry": "center"
      },
      "geometry": {
        "type": "Point",
        "coordinates": [
          -8.6473467,
          37.1174693
        ]
      },
      "id": "way/94750303"
    },
    {
      "type": "Feature",
      "properties": {
        "@id": "way/94840403",
        "tourism": "hotel",
        "@geometry": "center"
      },
      "geometry": {
        "type": "Point",
        "coordinates": [
          -8.676625,
          37.0893679
        ]
      },
      "id": "way/94840403"
    },
    {
      "type": "Feature",
      "properties": {
        "@id": "way/95029170",
        "building": "yes",
        "name": "Aqualuz Suite Hotel Apartamentos",
        "tourism": "hotel",
        "@geometry": "center"
      },
      "geometry": {
        "type": "Point",
        "coordinates": [
          -8.673635,
          37.0943697
        ]
      },
      "id": "way/95029170"
    },
    {
      "type": "Feature",
      "properties": {
        "@id": "way/95029174",
        "building": "yes",
        "name": "Aqualuz Suite Hotel Apartamentos",
        "tourism": "hotel",
        "@geometry": "center"
      },
      "geometry": {
        "type": "Point",
        "coordinates": [
          -8.673063,
          37.0943896
        ]
      },
      "id": "way/95029174"
    },
    {
      "type": "Feature",
      "properties": {
        "@id": "way/95029176",
        "building": "yes",
        "name": "Aqualuz Suite Hotel Apartamentos",
        "tourism": "hotel",
        "@geometry": "center"
      },
      "geometry": {
        "type": "Point",
        "coordinates": [
          -8.6734681,
          37.0948563
        ]
      },
      "id": "way/95029176"
    },
    {
      "type": "Feature",
      "properties": {
        "@id": "way/95666884",
        "building": "yes",
        "name": "Casa Afonso",
        "tourism": "guest_house",
        "@geometry": "center"
      },
      "geometry": {
        "type": "Point",
        "coordinates": [
          -8.6810586,
          37.1073
        ]
      },
      "id": "way/95666884"
    },
    {
      "type": "Feature",
      "properties": {
        "@id": "way/95671943",
        "addr:city": "Bensafrim",
        "addr:postcode": "8600-077",
        "addr:street": "Cortifo",
        "contact:phone": "+351282688175",
        "contact:website": "http://www.montedabravura.com/",
        "landuse": "commercial",
        "name": "Monte da Bravura Green Resort",
        "tourism": "hotel",
        "@geometry": "center"
      },
      "geometry": {
        "type": "Point",
        "coordinates": [
          -8.7000494,
          37.184664
        ]
      },
      "id": "way/95671943"
    },
    {
      "type": "Feature",
      "properties": {
        "@id": "way/96585011",
        "building": "house",
        "check_date": "2026-04-16",
        "fee": "yes",
        "historic": "house",
        "name": "Antigo Mercado dos Escravos",
        "name:de": "Sklavenmarkt",
        "name:en": "Anciente Slave Market",
        "opening_hours": "Mo,PH off; Tu-Su 10:00-13:00,14:00-18:00",
        "tourism": "museum",
        "website": "https://www.goodtimeslagos.com/slave-market/",
        "@geometry": "center"
      },
      "geometry": {
        "type": "Point",
        "coordinates": [
          -8.671213,
          37.1006198
        ]
      },
      "id": "way/96585011"
    },
    {
      "type": "Feature",
      "properties": {
        "@id": "way/96585031",
        "building": "school",
        "historic": "yes",
        "@geometry": "center"
      },
      "geometry": {
        "type": "Point",
        "coordinates": [
          -8.6769679,
          37.1015252
        ]
      },
      "id": "way/96585031"
    },
    {
      "type": "Feature",
      "properties": {
        "@id": "way/96587139",
        "building": "yes",
        "name": "Lagos Atlantic Hotel",
        "tourism": "hotel",
        "@geometry": "center"
      },
      "geometry": {
        "type": "Point",
        "coordinates": [
          -8.6858362,
          37.0892609
        ]
      },
      "id": "way/96587139"
    },
    {
      "type": "Feature",
      "properties": {
        "@id": "way/158077041",
        "addr:city": "São Gonçalo de Lagos",
        "addr:postcode": "8600-315",
        "addr:street": "Estrada da Meia Praia",
        "air_conditioning": "yes",
        "bar": "yes",
        "brand": "Iberostar Hotels & Resorts",
        "brand:wikidata": "Q2035939",
        "building": "hotel",
        "contact:facebook": "https://www.facebook.com/IberostarLagosAlgarve/",
        "contact:instagram": "https://www.instagram.com/iberostar/",
        "description": "The Iberostar Selection Lagos Algarve is 5-star family hotel located on Meia Praia beach with a wide range of services including spa area, All Inclusive board, fitness room, outdoor and indoor swimming pools, animation, free Wi-Fi and comfort rooms.",
        "email": "lagos.algarve@iberostar.com",
        "image": "https://apiimg.iberostar.com/uploads/image/45650/crops/1366:797/1366/image.jpeg",
        "internet_access": "yes",
        "internet_access:fee": "no",
        "name": "Iberostar Selection Lagos Algarve",
        "opening_hours": "24/7",
        "operator": "IBEROSTAR Hotels & Resorts",
        "payment:credit_cards": "yes",
        "payment:debit_cards": "yes",
        "phone": "+351 282 244 000",
        "reservation": "yes",
        "rooms": "220",
        "smoking": "outside",
        "source": "local knowledge;www.iberostar.com",
        "stars": "5",
        "tourism": "hotel",
        "website": "https://www.iberostar.com/en/hotels/algarve/iberostar-lagos-algarve/",
        "wheelchair": "yes",
        "wikidata": "Q111408748",
        "@geometry": "center"
      },
      "geometry": {
        "type": "Point",
        "coordinates": [
          -8.6520719,
          37.1186975
        ]
      },
      "id": "way/158077041"
    },
    {
      "type": "Feature",
      "properties": {
        "@id": "way/158700458",
        "building": "school",
        "historic": "yes",
        "name": "Escola Primária",
        "@geometry": "center"
      },
      "geometry": {
        "type": "Point",
        "coordinates": [
          -8.6529999,
          37.1500403
        ]
      },
      "id": "way/158700458"
    },
    {
      "type": "Feature",
      "properties": {
        "@id": "way/159468496",
        "addr:city": "Lagos",
        "addr:postcode": "8600-148",
        "addr:street": "Estrada da Praia da Luz",
        "contact:website": "https://www.orbitur.pt/pt/destinos/algarve/orbitur-valverde",
        "name": "Parque Orbitur Valverde",
        "tents": "yes",
        "tourism": "camp_site",
        "@geometry": "center"
      },
      "geometry": {
        "type": "Point",
        "coordinates": [
          -8.718727,
          37.1011785
        ]
      },
      "id": "way/159468496"
    },
    {
      "type": "Feature",
      "properties": {
        "@id": "way/159468561",
        "barrier": "wall",
        "caravans": "yes",
        "drinking_water": "yes",
        "name": "Parque de Campismo da Trindade",
        "power_supply": "yes",
        "sanitary_dump_station": "yes",
        "shower": "yes",
        "tents": "yes",
        "toilets": "yes",
        "tourism": "camp_site",
        "@geometry": "center"
      },
      "geometry": {
        "type": "Point",
        "coordinates": [
          -8.6714229,
          37.0938722
        ]
      },
      "id": "way/159468561"
    },
    {
      "type": "Feature",
      "properties": {
        "@id": "way/181434087",
        "access": "private",
        "description": "Camp site for military personnel only.",
        "landuse": "military",
        "name": "Camping Militar",
        "tourism": "camp_site",
        "@geometry": "center"
      },
      "geometry": {
        "type": "Point",
        "coordinates": [
          -8.6700185,
          37.0970508
        ]
      },
      "id": "way/181434087"
    },
    {
      "type": "Feature",
      "properties": {
        "@id": "node/206154960",
        "tourism": "viewpoint"
      },
      "geometry": {
        "type": "Point",
        "coordinates": [
          -8.6681867,
          37.0981897
        ]
      },
      "id": "node/206154960"
    },
    {
      "type": "Feature",
      "properties": {
        "@id": "way/229478429",
        "leisure": "park",
        "name": "Parque Zoológico de Lagos",
        "name:en": "Lagos Zoological Park",
        "tourism": "zoo",
        "website": "https://zoolagos.com/",
        "wikidata": "Q220114",
        "wikimedia_commons": "Category:Lagos Zoo",
        "wikipedia": "pt:Zoo de Lagos",
        "zoo": "enclosure",
        "@geometry": "center"
      },
      "geometry": {
        "type": "Point",
        "coordinates": [
          -8.765481,
          37.1446442
        ]
      },
      "id": "way/229478429"
    },
    {
      "type": "Feature",
      "properties": {
        "@id": "way/233089724",
        "access": "private",
        "bridge": "yes",
        "highway": "footway",
        "layer": "1",
        "name": "Ponte do Antigo Forte do Pinhão",
        "note": "private area - no public access",
        "tourism": "attraction",
        "@geometry": "center"
      },
      "geometry": {
        "type": "Point",
        "coordinates": [
          -8.6669968,
          37.0957785
        ]
      },
      "id": "way/233089724"
    },
    {
      "type": "Feature",
      "properties": {
        "@id": "way/238533675",
        "addr:city": "Praia da Luz, Lagos",
        "addr:housenumber": "66",
        "addr:postcode": "8600-119",
        "addr:street": "Ponta da Gaivota",
        "building": "yes",
        "name": "Hotel Villa Luz",
        "phone": "+351 282 771 110",
        "tourism": "hotel",
        "website": "https://www.vila-luz.com/",
        "@geometry": "center"
      },
      "geometry": {
        "type": "Point",
        "coordinates": [
          -8.7390508,
          37.0835887
        ]
      },
      "id": "way/238533675"
    },
    {
      "type": "Feature",
      "properties": {
        "@id": "way/254848740",
        "building": "yes",
        "email": "info@algarveholiday.net",
        "internet_access": "wlan",
        "internet_access:fee": "no",
        "name": "Quinta das Achadas",
        "phone": "+351 282 798425",
        "source": "Bing;survey",
        "tourism": "guest_house",
        "website": "https://www.algarveholiday.net/",
        "@geometry": "center"
      },
      "geometry": {
        "type": "Point",
        "coordinates": [
          -8.6689299,
          37.159705
        ]
      },
      "id": "way/254848740"
    },
    {
      "type": "Feature",
      "properties": {
        "@id": "way/269784406",
        "building": "yes",
        "name": "Luz Surfvillage",
        "tourism": "hostel",
        "website": "https://www.luzsurfvillage.com/",
        "@geometry": "center"
      },
      "geometry": {
        "type": "Point",
        "coordinates": [
          -8.7452221,
          37.0853027
        ]
      },
      "id": "way/269784406"
    },
    {
      "type": "Feature",
      "properties": {
        "@id": "way/269784492",
        "access": "customers",
        "amenity": "parking",
        "operator": "Luz Surfvillage",
        "parking": "surface",
        "tourism": "hostel",
        "@geometry": "center"
      },
      "geometry": {
        "type": "Point",
        "coordinates": [
          -8.7450813,
          37.0854183
        ]
      },
      "id": "way/269784492"
    },
    {
      "type": "Feature",
      "properties": {
        "@id": "way/302921208",
        "barrier": "city_wall",
        "historic": "citywalls",
        "@geometry": "center"
      },
      "geometry": {
        "type": "Point",
        "coordinates": [
          -8.6754073,
          37.1026607
        ]
      },
      "id": "way/302921208"
    },
    {
      "type": "Feature",
      "properties": {
        "@id": "way/304931116",
        "building": "yes",
        "height": "15",
        "name": "Marco Polo Hotel",
        "tourism": "hotel",
        "@geometry": "center"
      },
      "geometry": {
        "type": "Point",
        "coordinates": [
          3.5300315,
          6.4429206
        ]
      },
      "id": "way/304931116"
    },
    {
      "type": "Feature",
      "properties": {
        "@id": "way/329433990",
        "addr:city": "Praia da Luz",
        "addr:housenumber": "8600",
        "addr:street": "Sitio Cama da Vaca",
        "email": "info@quintadomardaluz.com",
        "internet_access": "wlan",
        "internet_access:fee": "no",
        "landuse": "residential",
        "name": "Quinta do Mar da Luz",
        "phone": "+351 282 697323",
        "stars": "3",
        "tourism": "guest_house",
        "website": "https://www.quintadomardaluz.com/",
        "@geometry": "center"
      },
      "geometry": {
        "type": "Point",
        "coordinates": [
          -8.7571269,
          37.0769837
        ]
      },
      "id": "way/329433990"
    },
    {
      "type": "Feature",
      "properties": {
        "@id": "node/339159720",
        "check_date:internet_access": "2026-03-31",
        "email": "geral@luzbayhotel.pt",
        "internet_access": "wlan",
        "internet_access:fee": "yes",
        "name": "Luz Bay Club",
        "phone": "+351 282789640",
        "rooms": "73",
        "stars": "4",
        "tourism": "hotel",
        "website": "http://www.luzbayhotel.pt/"
      },
      "geometry": {
        "type": "Point",
        "coordinates": [
          -8.7250328,
          37.0896065
        ]
      },
      "id": "node/339159720"
    },
    {
      "type": "Feature",
      "properties": {
        "@id": "way/363752678",
        "building": "yes",
        "height": "20",
        "name": "Nike Art Gallery",
        "opening_hours": "Mo-Sa 10:00-18:00; Su 13:00-18:00",
        "tourism": "gallery",
        "website": "https://nikeartfoundation.com/about-us/",
        "wikidata": "Q25044062",
        "wikipedia": "en:Nike Art Gallery",
        "@geometry": "center"
      },
      "geometry": {
        "type": "Point",
        "coordinates": [
          3.48189,
          6.4315209
        ]
      },
      "id": "way/363752678"
    },
    {
      "type": "Feature",
      "properties": {
        "@id": "way/373743348",
        "geological": "karst",
        "geological:site": "geosite",
        "name": "Carso Litoral da Ponta da Piedade",
        "natural": "bare_rock",
        "official_name": "Carso litoral da Ponta da Piedade, Ponta de João Arens e Carvoeiro",
        "place": "locality",
        "tourism": "attraction",
        "website": "https://geossitios.progeo.pt/geosites/carso-litoral-da-ponta-da-piedade-ponta-de-joao-arens-e-carvoeiro",
        "wikidata": "Q2103673",
        "wikimedia_commons": "Category:Ponta da Piedade",
        "wikipedia": "en:Ponta da Piedade",
        "@geometry": "center"
      },
      "geometry": {
        "type": "Point",
        "coordinates": [
          -8.6711892,
          37.0831221
        ]
      },
      "id": "way/373743348"
    },
    {
      "type": "Feature",
      "properties": {
        "@id": "way/373791254",
        "barrier": "city_wall",
        "historic": "citywalls",
        "@geometry": "center"
      },
      "geometry": {
        "type": "Point",
        "coordinates": [
          -8.6697739,
          37.09927
        ]
      },
      "id": "way/373791254"
    },
    {
      "type": "Feature",
      "properties": {
        "@id": "way/374921961",
        "addr:city": "Lagos",
        "addr:housenumber": "47",
        "addr:postcode": "8600-685",
        "addr:street": "Rua da Amêndoeira",
        "building": "yes",
        "name": "Bowen Luxury Suites",
        "phone": "+351 282 185 723",
        "tourism": "hotel",
        "@geometry": "center"
      },
      "geometry": {
        "type": "Point",
        "coordinates": [
          -8.6743109,
          37.1012856
        ]
      },
      "id": "way/374921961"
    },
    {
      "type": "Feature",
      "properties": {
        "@id": "way/374956413",
        "addr:city": "Lagos",
        "addr:housenumber": "9",
        "addr:postcode": "8600-518",
        "addr:street": "Largo Santa Maria da Graça",
        "breakfast": "no",
        "building": "yes",
        "check_date": "2026-04-16",
        "internet_access": "wlan",
        "internet_access:fee": "no",
        "name": "Baluarte da Vila Apartments",
        "phone": "+351 911 873 540",
        "rooms": "20",
        "swimming_pool": "yes",
        "tourism": "hotel",
        "website": "http://www.baluartedavila.com/",
        "@geometry": "center"
      },
      "geometry": {
        "type": "Point",
        "coordinates": [
          -8.6709138,
          37.0976937
        ]
      },
      "id": "way/374956413"
    },
    {
      "type": "Feature",
      "properties": {
        "@id": "way/379367676",
        "name": "Epe Resort and Spa",
        "tourism": "hotel",
        "@geometry": "center"
      },
      "geometry": {
        "type": "Point",
        "coordinates": [
          3.9471611,
          6.5875672
        ]
      },
      "id": "way/379367676"
    },
    {
      "type": "Feature",
      "properties": {
        "@id": "node/418719768",
        "check_date": "2023-10-19",
        "name": "Marina de São Roque",
        "tourism": "hotel"
      },
      "geometry": {
        "type": "Point",
        "coordinates": [
          -8.6733822,
          37.1125291
        ]
      },
      "id": "node/418719768"
    },
    {
      "type": "Feature",
      "properties": {
        "@id": "node/418723899",
        "addr:city": "Lagos",
        "addr:housenumber": "83",
        "addr:street": "Rua Cândido dos Reis",
        "check_date": "2026-04-14",
        "name": "Riomar",
        "stars": "3",
        "tourism": "hotel"
      },
      "geometry": {
        "type": "Point",
        "coordinates": [
          -8.6729166,
          37.1008127
        ]
      },
      "id": "node/418723899"
    },
    {
      "type": "Feature",
      "properties": {
        "@id": "node/418723900",
        "name": "Casa de São Gonçalo",
        "stars": "5",
        "tourism": "hotel"
      },
      "geometry": {
        "type": "Point",
        "coordinates": [
          -8.6730488,
          37.1010738
        ]
      },
      "id": "node/418723900"
    },
    {
      "type": "Feature",
      "properties": {
        "@id": "way/453483418",
        "tourism": "chalet",
        "@geometry": "center"
      },
      "geometry": {
        "type": "Point",
        "coordinates": [
          -8.7581914,
          37.0760671
        ]
      },
      "id": "way/453483418"
    },
    {
      "type": "Feature",
      "properties": {
        "@id": "way/463093299",
        "amenity": "place_of_worship",
        "building": "church",
        "denomination": "roman_catholic",
        "historic": "yes",
        "name": "Igreja da Nossa Senhora da Luz",
        "religion": "christian",
        "wikidata": "Q10300250",
        "@geometry": "center"
      },
      "geometry": {
        "type": "Point",
        "coordinates": [
          -8.7302128,
          37.0857073
        ]
      },
      "id": "way/463093299"
    },
    {
      "type": "Feature",
      "properties": {
        "@id": "way/463096221",
        "alt_name": "Castelo da Senhora da Luz",
        "barrier": "city_wall",
        "building": "yes",
        "heritage": "2",
        "heritage:operator": "pc",
        "heritage:website": "https://servicos.dgpc.gov.pt/pesquisapatrimonioimovel/detalhes.php?code=74225",
        "heritage:website:sipa": "http://monumentos.pt/Site/APP_PagesUser/SIPA.aspx?id=1280",
        "historic": "castle",
        "name": "Fortaleza de Nossa senhora da Luz",
        "protection_title": "Imóvel de Interesse Público",
        "ref:dgpc": "74225",
        "ref:ipa": "1280",
        "related_law": "https://dre.pt/pdf1sdip/1977/09/22600/23902396.pdf",
        "short_protection_title": "IIP",
        "wikidata": "Q48797168",
        "@geometry": "center"
      },
      "geometry": {
        "type": "Point",
        "coordinates": [
          -8.7304659,
          37.0851328
        ]
      },
      "id": "way/463096221"
    },
    {
      "type": "Feature",
      "properties": {
        "@id": "way/463218353",
        "addr:city": "Lagos",
        "addr:postcode": "8600-209",
        "addr:street": "Estrada da Praia da Luz",
        "contact:website": "http://www.vilavalverde.com/",
        "internet_access": "wlan",
        "landuse": "commercial",
        "name": "Vila Valverde - Design & Country-Hotel",
        "tourism": "hotel",
        "@geometry": "center"
      },
      "geometry": {
        "type": "Point",
        "coordinates": [
          -8.7201287,
          37.0997964
        ]
      },
      "id": "way/463218353"
    },
    {
      "type": "Feature",
      "properties": {
        "@id": "way/475254983",
        "name": "Clube Porto Mós",
        "tourism": "hotel",
        "@geometry": "center"
      },
      "geometry": {
        "type": "Point",
        "coordinates": [
          -8.684754,
          37.0864732
        ]
      },
      "id": "way/475254983"
    },
    {
      "type": "Feature",
      "properties": {
        "@id": "way/502455175",
        "building": "yes",
        "building:part": "yes",
        "height": "80",
        "name": "Eko Signature",
        "tourism": "hotel",
        "@geometry": "center"
      },
      "geometry": {
        "type": "Point",
        "coordinates": [
          3.430669,
          6.426987
        ]
      },
      "id": "way/502455175"
    },
    {
      "type": "Feature",
      "properties": {
        "@id": "way/525377040",
        "addr:city": "Lagos",
        "addr:housenumber": "20-24",
        "addr:street": "Ozumba Mbadiwe Rd",
        "building": "yes",
        "height": "30",
        "name": "Maroko Bayshore Suites",
        "tourism": "hotel",
        "@geometry": "center"
      },
      "geometry": {
        "type": "Point",
        "coordinates": [
          3.4375251,
          6.4392353
        ]
      },
      "id": "way/525377040"
    },
    {
      "type": "Feature",
      "properties": {
        "@id": "way/534108655",
        "building": "yes",
        "height": "40",
        "name": "Eko Suites",
        "tourism": "hotel",
        "@geometry": "center"
      },
      "geometry": {
        "type": "Point",
        "coordinates": [
          3.4303155,
          6.429213
        ]
      },
      "id": "way/534108655"
    },
    {
      "type": "Feature",
      "properties": {
        "@id": "way/551252555",
        "source": "Orthophotos Littoral DGT 2014-2015",
        "tourism": "picnic_site",
        "@geometry": "center"
      },
      "geometry": {
        "type": "Point",
        "coordinates": [
          -8.6874675,
          37.0865311
        ]
      },
      "id": "way/551252555"
    },
    {
      "type": "Feature",
      "properties": {
        "@id": "way/556872678",
        "addr:city": "Lagos",
        "addr:housenumber": "13A",
        "addr:street": "Chief Yesufu Abiodun Way",
        "building": "yes",
        "name": "The Art Hotel",
        "phone": "+234 916 610 5381",
        "tourism": "hotel",
        "website": "https://arthotelng.com/",
        "@geometry": "center"
      },
      "geometry": {
        "type": "Point",
        "coordinates": [
          3.4436777,
          6.431022
        ]
      },
      "id": "way/556872678"
    },
    {
      "type": "Feature",
      "properties": {
        "@id": "way/560564784",
        "addr:city": "Lagos",
        "addr:housenumber": "42/44",
        "addr:street": "International Airport Road",
        "building": "yes",
        "height": "32",
        "name": "Golden Tulip Essential Airport Hotel Lagos",
        "tourism": "hotel",
        "@geometry": "center"
      },
      "geometry": {
        "type": "Point",
        "coordinates": [
          3.3300808,
          6.5523152
        ]
      },
      "id": "way/560564784"
    },
    {
      "type": "Feature",
      "properties": {
        "@id": "way/560564785",
        "building": "yes",
        "name": "Max Royal Hotel & Suites",
        "tourism": "hotel",
        "@geometry": "center"
      },
      "geometry": {
        "type": "Point",
        "coordinates": [
          3.3295879,
          6.5524776
        ]
      },
      "id": "way/560564785"
    },
    {
      "type": "Feature",
      "properties": {
        "@id": "way/560577489",
        "addr:city": "Lagos",
        "addr:housenumber": "7/8",
        "addr:street": "Agbeke Rotinwa Street",
        "building": "yes",
        "height": "15",
        "name": "Elion House Hotel",
        "tourism": "hotel",
        "@geometry": "center"
      },
      "geometry": {
        "type": "Point",
        "coordinates": [
          3.4180743,
          6.4565832
        ]
      },
      "id": "way/560577489"
    },
    {
      "type": "Feature",
      "properties": {
        "@id": "way/560577506",
        "addr:city": "Lagos",
        "addr:housenumber": "200C",
        "addr:street": "Etim Iyang Crescent",
        "building": "yes",
        "height": "15",
        "name": "Morning Side Suites and Spa Victoria Island",
        "tourism": "hotel",
        "@geometry": "center"
      },
      "geometry": {
        "type": "Point",
        "coordinates": [
          3.434137,
          6.4328774
        ]
      },
      "id": "way/560577506"
    },
    {
      "type": "Feature",
      "properties": {
        "@id": "way/567150382",
        "addr:city": "Lagos",
        "addr:housenumber": "4",
        "addr:street": "Lawrence Road",
        "alt_name": "Wheatbaker Hotel",
        "landuse": "commercial",
        "name": "The Wheatbaker Hotel",
        "phone": "+234 1277 3560",
        "tourism": "hotel",
        "website": "https://thewheatbakerlagos.com/",
        "@geometry": "center"
      },
      "geometry": {
        "type": "Point",
        "coordinates": [
          3.445678,
          6.4536276
        ]
      },
      "id": "way/567150382"
    },
    {
      "type": "Feature",
      "properties": {
        "@id": "way/567150388",
        "addr:city": "Lagos",
        "addr:housenumber": "3",
        "addr:street": "Femi Okunnu Road",
        "landuse": "commercial",
        "name": "La Cour Boutique Hotel",
        "tourism": "hotel",
        "@geometry": "center"
      },
      "geometry": {
        "type": "Point",
        "coordinates": [
          3.4392898,
          6.4503492
        ]
      },
      "id": "way/567150388"
    },
    {
      "type": "Feature",
      "properties": {
        "@id": "way/567150407",
        "addr:city": "Lagos",
        "addr:housenumber": "30",
        "addr:street": "Lugard Avenue",
        "landuse": "commercial",
        "name": "The George Hotel",
        "tourism": "hotel",
        "@geometry": "center"
      },
      "geometry": {
        "type": "Point",
        "coordinates": [
          3.4363936,
          6.4547165
        ]
      },
      "id": "way/567150407"
    },
    {
      "type": "Feature",
      "properties": {
        "@id": "way/567150424",
        "addr:city": "Lagos",
        "addr:housenumber": "47",
        "addr:street": "Alfred Rewane Road",
        "landuse": "commercial",
        "name": "Southern Sun Ikoyi",
        "operator": "Sun International",
        "tourism": "hotel",
        "@geometry": "center"
      },
      "geometry": {
        "type": "Point",
        "coordinates": [
          3.4300825,
          6.4540372
        ]
      },
      "id": "way/567150424"
    },
    {
      "type": "Feature",
      "properties": {
        "@id": "way/567150429",
        "addr:street": "Alfred Rewane Road",
        "landuse": "commercial",
        "name:en": "Golden Gate Hotel",
        "name:zh": "金門大酒樓",
        "tourism": "hotel",
        "@geometry": "center"
      },
      "geometry": {
        "type": "Point",
        "coordinates": [
          3.4305218,
          6.454602
        ]
      },
      "id": "way/567150429"
    },
    {
      "type": "Feature",
      "properties": {
        "@id": "way/567150448",
        "addr:city": "Lagos",
        "addr:housenumber": "1",
        "addr:street": "Bankole Oki Street",
        "landuse": "commercial",
        "name": "The Moorhouse Hotel",
        "tourism": "hotel",
        "@geometry": "center"
      },
      "geometry": {
        "type": "Point",
        "coordinates": [
          3.4243341,
          6.4543301
        ]
      },
      "id": "way/567150448"
    },
    {
      "type": "Feature",
      "properties": {
        "@id": "way/567150458",
        "addr:city": "Lagos",
        "addr:housenumber": "19",
        "addr:street": "Glover Road",
        "landuse": "commercial",
        "name": "Casa Lydia",
        "tourism": "hotel",
        "@geometry": "center"
      },
      "geometry": {
        "type": "Point",
        "coordinates": [
          3.4291224,
          6.455127
        ]
      },
      "id": "way/567150458"
    },
    {
      "type": "Feature",
      "properties": {
        "@id": "way/567150461",
        "addr:city": "Lagos",
        "addr:street": "Foreshore Road",
        "alt_name": "Lekki Oriental Hotel",
        "landuse": "commercial",
        "name": "Lagos Oriental Hotel",
        "phone": "+234 702 696 00 65",
        "tourism": "hotel",
        "website": "http://www.lagosoriental.com/",
        "wikidata": "Q132673407",
        "@geometry": "center"
      },
      "geometry": {
        "type": "Point",
        "coordinates": [
          3.4446252,
          6.436269
        ]
      },
      "id": "way/567150461"
    },
    {
      "type": "Feature",
      "properties": {
        "@id": "way/567150463",
        "addr:city": "Lagos",
        "addr:housenumber": "52",
        "addr:street": "Kofo Abayomi Road",
        "landuse": "commercial",
        "name": "The Lagos Continental Hotel",
        "tourism": "hotel",
        "wikidata": "Q111408940",
        "@geometry": "center"
      },
      "geometry": {
        "type": "Point",
        "coordinates": [
          3.4228473,
          6.4348921
        ]
      },
      "id": "way/567150463"
    },
    {
      "type": "Feature",
      "properties": {
        "@id": "way/567150464",
        "addr:city": "Lagos",
        "addr:housenumber": "9/10",
        "addr:street": "Prince Alabe Abiodun Oniru Road",
        "landuse": "commercial",
        "name": "Four Points by Sheraton Lagos",
        "phone": "+234 1 448 9444",
        "tourism": "hotel",
        "@geometry": "center"
      },
      "geometry": {
        "type": "Point",
        "coordinates": [
          3.4431444,
          6.4334735
        ]
      },
      "id": "way/567150464"
    },
    {
      "type": "Feature",
      "properties": {
        "@id": "way/567150465",
        "addr:city": "Lagos",
        "addr:housenumber": "292B",
        "addr:street": "Ajose Adeogun Street",
        "alt_name": "VCP Hotel",
        "landuse": "commercial",
        "name": "Victoria Crown Plaza Hotel",
        "phone": "+234 703 188 1523",
        "tourism": "hotel",
        "website": "https://vcphotels.com/",
        "@geometry": "center"
      },
      "geometry": {
        "type": "Point",
        "coordinates": [
          3.4388345,
          6.4310225
        ]
      },
      "id": "way/567150465"
    },
    {
      "type": "Feature",
      "properties": {
        "@id": "way/567150466",
        "addr:city": "Lagos",
        "addr:housenumber": "17",
        "addr:street": "Oju Olobun Close",
        "landuse": "commercial",
        "name": "The Blowfish Hotel",
        "tourism": "hotel",
        "website": "https://theblowfishgroup.com/hotel/",
        "wikidata": "Q111871548",
        "@geometry": "center"
      },
      "geometry": {
        "type": "Point",
        "coordinates": [
          3.4154307,
          6.4264138
        ]
      },
      "id": "way/567150466"
    },
    {
      "type": "Feature",
      "properties": {
        "@id": "way/567150467",
        "addr:street": "Kuramo Waters Close",
        "brand": "Protea Hotel",
        "brand:wikidata": "Q17092570",
        "landuse": "commercial",
        "name": "Protea Hotel Lagos Kuramo Waters",
        "tourism": "hotel",
        "@geometry": "center"
      },
      "geometry": {
        "type": "Point",
        "coordinates": [
          3.4386772,
          6.4247673
        ]
      },
      "id": "way/567150467"
    },
    {
      "type": "Feature",
      "properties": {
        "@id": "way/567150468",
        "addr:city": "Lagos",
        "addr:housenumber": "2",
        "addr:street": "T.F. Kuboye Road",
        "landuse": "commercial",
        "name": "Arirang Hotel",
        "tourism": "hotel",
        "@geometry": "center"
      },
      "geometry": {
        "type": "Point",
        "coordinates": [
          3.4586808,
          6.428603
        ]
      },
      "id": "way/567150468"
    },
    {
      "type": "Feature",
      "properties": {
        "@id": "way/567150469",
        "addr:city": "Lagos",
        "addr:housenumber": "1A",
        "addr:street": "Ozumba Mbadiwe Road",
        "brand": "Radisson Blu",
        "brand:wikidata": "Q7281341",
        "brand:wikipedia": "en:Radisson Blu",
        "landuse": "commercial",
        "name": "Radisson Blu Anchorage Hotel Lagos",
        "operator": "Carlson Hotels",
        "tourism": "hotel",
        "wikidata": "Q108908687",
        "@geometry": "center"
      },
      "geometry": {
        "type": "Point",
        "coordinates": [
          3.4169192,
          6.4368072
        ]
      },
      "id": "way/567150469"
    },
    {
      "type": "Feature",
      "properties": {
        "@id": "way/567150474",
        "addr:city": "Lagos",
        "addr:housenumber": "22",
        "addr:street": "Awolowo Road",
        "landuse": "commercial",
        "name": "Westwood Hotel Ikoyi",
        "tourism": "hotel",
        "@geometry": "center"
      },
      "geometry": {
        "type": "Point",
        "coordinates": [
          3.4087859,
          6.4434338
        ]
      },
      "id": "way/567150474"
    },
    {
      "type": "Feature",
      "properties": {
        "@id": "way/567150477",
        "addr:city": "Lagos",
        "addr:housenumber": "6-8",
        "addr:street": "Ahmadu Bello Way",
        "alt_name": "Federal Palace Hotel",
        "email": "reservations@suninternational.com",
        "image": "https://commons.wikimedia.org/wiki/File:Federal_palace_hotel,Victoria_island,Lagos.jpg",
        "landuse": "commercial",
        "name": "Federal Palace & Casino",
        "phone": "+23412779000",
        "start_date": "1960",
        "tourism": "hotel",
        "website": "http://www.suninternational.com/federal-palace",
        "wikidata": "Q5440324",
        "wikipedia": "en:Federal Palace Hotel",
        "@geometry": "center"
      },
      "geometry": {
        "type": "Point",
        "coordinates": [
          3.4072574,
          6.4307931
        ]
      },
      "id": "way/567150477"
    },
    {
      "type": "Feature",
      "properties": {
        "@id": "way/567964434",
        "addr:street": "Adetokunbo Ademola Street",
        "landuse": "commercial",
        "name": "Eko Hotel",
        "tourism": "hotel",
        "@geometry": "center"
      },
      "geometry": {
        "type": "Point",
        "coordinates": [
          3.4301126,
          6.4270023
        ]
      },
      "id": "way/567964434"
    },
    {
      "type": "Feature",
      "properties": {
        "@id": "way/567964435",
        "landuse": "commercial",
        "name": "Atlantic Hotel & Suites",
        "tourism": "hotel",
        "@geometry": "center"
      },
      "geometry": {
        "type": "Point",
        "coordinates": [
          3.4168622,
          6.4330558
        ]
      },
      "id": "way/567964435"
    },
    {
      "type": "Feature",
      "properties": {
        "@id": "way/568364469",
        "addr:city": "Lagos",
        "addr:housenumber": "16",
        "addr:street": "Olubunmi Owa Street",
        "alt_name": "Dover Hotel Lekki",
        "landuse": "commercial",
        "name": "Dover Hotel",
        "phone": "+234 8036289680",
        "tourism": "hotel",
        "website": "https://thedoverhotels.com/",
        "@geometry": "center"
      },
      "geometry": {
        "type": "Point",
        "coordinates": [
          3.4714018,
          6.4468877
        ]
      },
      "id": "way/568364469"
    },
    {
      "type": "Feature",
      "properties": {
        "@id": "way/568364472",
        "addr:city": "Lagos",
        "addr:housenumber": "2",
        "addr:street": "Olubunmi Owa Street",
        "alt_name": "Lilygate Hotel Lekki",
        "contact:phone": "+234 190 49000",
        "email": "info@lilygatelagos.com",
        "landuse": "commercial",
        "name": "Lilygate Hotel",
        "tourism": "hotel",
        "website": "https://www.lilygatelagos.com/",
        "@geometry": "center"
      },
      "geometry": {
        "type": "Point",
        "coordinates": [
          3.4701759,
          6.4459028
        ]
      },
      "id": "way/568364472"
    },
    {
      "type": "Feature",
      "properties": {
        "@id": "way/568367622",
        "addr:housenumber": "38/40",
        "addr:street": "Isaac John Street",
        "brand": "Radisson Blu",
        "brand:wikidata": "Q7281341",
        "landuse": "commercial",
        "name": "Radisson Blu Hotel Lagos Ikeja",
        "tourism": "hotel",
        "website": "https://www.radissonblu.com/en/hotel-lagos-ikeja",
        "@geometry": "center"
      },
      "geometry": {
        "type": "Point",
        "coordinates": [
          3.3586881,
          6.5818978
        ]
      },
      "id": "way/568367622"
    },
    {
      "type": "Feature",
      "properties": {
        "@id": "way/568367623",
        "addr:city": "Ikeja",
        "addr:housenumber": "42/44",
        "addr:street": "Isaac John Street",
        "brand": "Radisson",
        "brand:wikidata": "Q1751979",
        "landuse": "commercial",
        "name": "Radisson Hotel Lagos Ikeja",
        "tourism": "hotel",
        "website": "https://www.radisson.com/ikeja-lagos-hotel-ng/loszb",
        "@geometry": "center"
      },
      "geometry": {
        "type": "Point",
        "coordinates": [
          3.3583232,
          6.5826913
        ]
      },
      "id": "way/568367623"
    },
    {
      "type": "Feature",
      "properties": {
        "@id": "way/568367625",
        "addr:city": "Ikeja",
        "addr:housenumber": "46",
        "addr:street": "Isaac John Street",
        "landuse": "commercial",
        "name": "Primal Hotel",
        "tourism": "hotel",
        "@geometry": "center"
      },
      "geometry": {
        "type": "Point",
        "coordinates": [
          3.3578121,
          6.5836272
        ]
      },
      "id": "way/568367625"
    },
    {
      "type": "Feature",
      "properties": {
        "@id": "way/568367630",
        "addr:city": "Ikeja",
        "addr:housenumber": "30",
        "addr:street": "Mobolaji Bank-Anthony Way",
        "brand": "Sheraton",
        "brand:wikidata": "Q634831",
        "landuse": "commercial",
        "name": "Sheraton Lagos Hotel",
        "tourism": "hotel",
        "@geometry": "center"
      },
      "geometry": {
        "type": "Point",
        "coordinates": [
          3.360298,
          6.5835338
        ]
      },
      "id": "way/568367630"
    },
    {
      "type": "Feature",
      "properties": {
        "@id": "way/568367633",
        "addr:city": "Ikeja",
        "addr:housenumber": "172",
        "addr:street": "Obafemi Awolowo Way",
        "landuse": "commercial",
        "name": "De Renaissance Hotel",
        "tourism": "hotel",
        "@geometry": "center"
      },
      "geometry": {
        "type": "Point",
        "coordinates": [
          3.3560327,
          6.6140127
        ]
      },
      "id": "way/568367633"
    },
    {
      "type": "Feature",
      "properties": {
        "@id": "way/568367639",
        "addr:city": "Ikeja",
        "addr:housenumber": "2",
        "addr:street": "Assibifi Road",
        "landuse": "commercial",
        "name": "Protea Hotel Ikeja Select",
        "tourism": "hotel",
        "@geometry": "center"
      },
      "geometry": {
        "type": "Point",
        "coordinates": [
          3.3570053,
          6.6166622
        ]
      },
      "id": "way/568367639"
    },
    {
      "type": "Feature",
      "properties": {
        "@id": "way/568367647",
        "addr:city": "Ikeja",
        "addr:housenumber": "10/12",
        "addr:street": "Kolawole Shonibare Street",
        "landuse": "commercial",
        "name": "Swiss International D' Palms Airport Hotel",
        "tourism": "hotel",
        "@geometry": "center"
      },
      "geometry": {
        "type": "Point",
        "coordinates": [
          3.3268589,
          6.5424715
        ]
      },
      "id": "way/568367647"
    },
    {
      "type": "Feature",
      "properties": {
        "@id": "way/568367648",
        "landuse": "commercial",
        "name": "Ibis Hotel Lagos Airport",
        "tourism": "hotel",
        "@geometry": "center"
      },
      "geometry": {
        "type": "Point",
        "coordinates": [
          3.3297213,
          6.5509674
        ]
      },
      "id": "way/568367648"
    },
    {
      "type": "Feature",
      "properties": {
        "@id": "way/568367652",
        "addr:city": "Lagos",
        "addr:housenumber": "70",
        "addr:street": "International Airport Road",
        "landuse": "commercial",
        "name": "Welcome Centre Hotels",
        "tourism": "hotel",
        "@geometry": "center"
      },
      "geometry": {
        "type": "Point",
        "coordinates": [
          3.3273775,
          6.5540533
        ]
      },
      "id": "way/568367652"
    },
    {
      "type": "Feature",
      "properties": {
        "@id": "way/568367653",
        "addr:city": "Lagos",
        "addr:housenumber": "5/7",
        "addr:street": "Adeola Ajayi Crescent",
        "landuse": "commercial",
        "name": "Royal View Hotel and Suites",
        "tourism": "hotel",
        "@geometry": "center"
      },
      "geometry": {
        "type": "Point",
        "coordinates": [
          3.3278014,
          6.5544894
        ]
      },
      "id": "way/568367653"
    },
    {
      "type": "Feature",
      "properties": {
        "@id": "way/570559522",
        "addr:city": "Lagos",
        "addr:housenumber": "37",
        "addr:street": "Glover Court",
        "landuse": "commercial",
        "name": "The Executive Spot & Hotel",
        "tourism": "hotel",
        "@geometry": "center"
      },
      "geometry": {
        "type": "Point",
        "coordinates": [
          3.4360133,
          6.4518974
        ]
      },
      "id": "way/570559522"
    },
    {
      "type": "Feature",
      "properties": {
        "@id": "way/591805690",
        "addr:street": "Danmole Street",
        "landuse": "commercial",
        "name": "Hotel Victoria Palace",
        "tourism": "hotel",
        "@geometry": "center"
      },
      "geometry": {
        "type": "Point",
        "coordinates": [
          3.4135596,
          6.428767
        ]
      },
      "id": "way/591805690"
    },
    {
      "type": "Feature",
      "properties": {
        "@id": "way/592191596",
        "addr:city": "Lagos",
        "addr:housenumber": "2/3",
        "addr:street": "Olokun Street",
        "landuse": "commercial",
        "name": "Tivoli Garden Ikoyi Waterfront",
        "tourism": "hotel",
        "@geometry": "center"
      },
      "geometry": {
        "type": "Point",
        "coordinates": [
          3.4149762,
          6.4407297
        ]
      },
      "id": "way/592191596"
    },
    {
      "type": "Feature",
      "properties": {
        "@id": "way/592201412",
        "landuse": "commercial",
        "name": "Sphinx Suites",
        "tourism": "hotel",
        "@geometry": "center"
      },
      "geometry": {
        "type": "Point",
        "coordinates": [
          3.4374461,
          6.4306435
        ]
      },
      "id": "way/592201412"
    },
    {
      "type": "Feature",
      "properties": {
        "@id": "way/593494025",
        "addr:city": "Lagos",
        "addr:housenumber": "18",
        "addr:street": "Adeleke Adedoyin Street",
        "landuse": "commercial",
        "name": "Béni Gold",
        "tourism": "hotel",
        "@geometry": "center"
      },
      "geometry": {
        "type": "Point",
        "coordinates": [
          3.4189042,
          6.434235
        ]
      },
      "id": "way/593494025"
    },
    {
      "type": "Feature",
      "properties": {
        "@id": "way/597498797",
        "addr:city": "Victoria Island",
        "addr:housenumber": "Suite 418",
        "addr:street": "Block B10 Crescent B",
        "building": "apartments",
        "height": "50",
        "name": "TCA Gallery",
        "opening_hours": "Tu-Su 11-5",
        "operator": "The Children's Art Company",
        "tourism": "gallery",
        "@geometry": "center"
      },
      "geometry": {
        "type": "Point",
        "coordinates": [
          3.4346205,
          6.4401791
        ]
      },
      "id": "way/597498797"
    },
    {
      "type": "Feature",
      "properties": {
        "@id": "way/597498804",
        "addr:city": "Lagos",
        "addr:housenumber": "40",
        "addr:street": "Bourdillon Road",
        "building": "yes",
        "name": "The Belmonte Privé",
        "phone": "+2349070002006",
        "tourism": "hotel",
        "website": "https://www.belmontenigeria.com/",
        "@geometry": "center"
      },
      "geometry": {
        "type": "Point",
        "coordinates": [
          3.4449572,
          6.4468866
        ]
      },
      "id": "way/597498804"
    },
    {
      "type": "Feature",
      "properties": {
        "@id": "way/599458877",
        "addr:city": "Lagos",
        "addr:housenumber": "11B",
        "addr:street": "Taslim Eliat Close",
        "landuse": "commercial",
        "name": "Morning Sides Suites",
        "tourism": "hotel",
        "wikidata": "Q112011650",
        "@geometry": "center"
      },
      "geometry": {
        "type": "Point",
        "coordinates": [
          3.4106564,
          6.427435
        ]
      },
      "id": "way/599458877"
    },
    {
      "type": "Feature",
      "properties": {
        "@id": "way/604051558",
        "addr:street": "Tiyamu Savage Street",
        "landuse": "commercial",
        "name": "The Avenue Suites",
        "tourism": "hotel",
        "@geometry": "center"
      },
      "geometry": {
        "type": "Point",
        "coordinates": [
          3.4265257,
          6.4231843
        ]
      },
      "id": "way/604051558"
    },
    {
      "type": "Feature",
      "properties": {
        "@id": "way/604715756",
        "addr:city": "Lagos",
        "addr:housenumber": "3",
        "addr:street": "Dreamworld-Africana Way",
        "landuse": "commercial",
        "name": "Orchid Hotel",
        "tourism": "hotel",
        "@geometry": "center"
      },
      "geometry": {
        "type": "Point",
        "coordinates": [
          3.54343,
          6.4434287
        ]
      },
      "id": "way/604715756"
    },
    {
      "type": "Feature",
      "properties": {
        "@id": "way/604715761",
        "addr:city": "Lagos",
        "addr:housenumber": "3",
        "addr:street": "Dreamworld-Africana Way",
        "landuse": "commercial",
        "name": "Eastgate Hotel Lagos",
        "tourism": "hotel",
        "@geometry": "center"
      },
      "geometry": {
        "type": "Point",
        "coordinates": [
          3.5420773,
          6.4443978
        ]
      },
      "id": "way/604715761"
    },
    {
      "type": "Feature",
      "properties": {
        "@id": "way/604715767",
        "landuse": "commercial",
        "name": "Diamond View Hotel",
        "tourism": "hotel",
        "@geometry": "center"
      },
      "geometry": {
        "type": "Point",
        "coordinates": [
          3.540443,
          6.4438737
        ]
      },
      "id": "way/604715767"
    },
    {
      "type": "Feature",
      "properties": {
        "@id": "way/610011072",
        "addr:city": "Ikeja",
        "addr:housenumber": "111",
        "addr:street": "Obafemi Awolowo Way",
        "landuse": "commercial",
        "name": "Lagos Airport Hotel",
        "tourism": "hotel",
        "@geometry": "center"
      },
      "geometry": {
        "type": "Point",
        "coordinates": [
          3.346702,
          6.606916
        ]
      },
      "id": "way/610011072"
    },
    {
      "type": "Feature",
      "properties": {
        "@id": "way/610011158",
        "amenity": "nightclub",
        "name": "New Afrika Shrine",
        "tourism": "attraction",
        "wikidata": "Q25045334",
        "wikipedia": "en:New Afrika Shrine",
        "@geometry": "center"
      },
      "geometry": {
        "type": "Point",
        "coordinates": [
          3.3568854,
          6.6228654
        ]
      },
      "id": "way/610011158"
    },
    {
      "type": "Feature",
      "properties": {
        "@id": "way/610029919",
        "addr:city": "Lagos",
        "addr:housenumber": "2",
        "addr:street": "T.Y. Danjuma Street",
        "landuse": "commercial",
        "name": "Solitude Hotel",
        "tourism": "hotel",
        "@geometry": "center"
      },
      "geometry": {
        "type": "Point",
        "coordinates": [
          3.4418682,
          6.4251924
        ]
      },
      "id": "way/610029919"
    },
    {
      "type": "Feature",
      "properties": {
        "@id": "way/618466620",
        "addr:city": "Luz",
        "addr:postcode": "8600-160",
        "addr:street": "Rua José Pedro das Lages",
        "building": "apartments",
        "building:levels": "3",
        "elevator": "yes",
        "internet_access": "wlan",
        "internet_access:fee": "customers",
        "tourism": "apartment",
        "@geometry": "center"
      },
      "geometry": {
        "type": "Point",
        "coordinates": [
          -8.7256794,
          37.0919424
        ]
      },
      "id": "way/618466620"
    },
    {
      "type": "Feature",
      "properties": {
        "@id": "way/620981440",
        "access": "customers",
        "addr:city": "Lagos",
        "addr:housenumber": "80",
        "addr:street": "Adetokunbo Ademola Street",
        "leisure": "swimming_pool",
        "operator": "fahrenheit hospitality",
        "tourism": "hotel",
        "@geometry": "center"
      },
      "geometry": {
        "type": "Point",
        "coordinates": [
          3.4286044,
          6.4258425
        ]
      },
      "id": "way/620981440"
    },
    {
      "type": "Feature",
      "properties": {
        "@id": "way/620982914",
        "access": "customers",
        "amenity": "parking",
        "park_ride": "no",
        "parking": "surface",
        "supervised": "yes",
        "surface": "paved",
        "tourism": "hotel",
        "@geometry": "center"
      },
      "geometry": {
        "type": "Point",
        "coordinates": [
          3.4286529,
          6.4258906
        ]
      },
      "id": "way/620982914"
    },
    {
      "type": "Feature",
      "properties": {
        "@id": "way/622382843",
        "addr:city": "Ikeja",
        "addr:country": "NG",
        "addr:housenumber": "9",
        "addr:postcode": "100282",
        "addr:street": "Alade Avenue",
        "building": "yes",
        "internet_access": "wlan",
        "internet_access:fee": "no",
        "name": "Haute Aparthotel",
        "phone": "+234 703 373 5868",
        "tourism": "hotel",
        "@geometry": "center"
      },
      "geometry": {
        "type": "Point",
        "coordinates": [
          3.3478755,
          6.6043639
        ]
      },
      "id": "way/622382843"
    },
    {
      "type": "Feature",
      "properties": {
        "@id": "way/625093257",
        "brand": "Best Western Plus",
        "brand:wikidata": "Q830334",
        "building": "hotel",
        "building:levels": "6",
        "name": "Best Western Plus Lagos Ikeja Hotel",
        "operator": "Best Western",
        "tourism": "hotel",
        "@geometry": "center"
      },
      "geometry": {
        "type": "Point",
        "coordinates": [
          3.3547842,
          6.5973861
        ]
      },
      "id": "way/625093257"
    },
    {
      "type": "Feature",
      "properties": {
        "@id": "way/625093266",
        "addr:city": "Ikeja",
        "addr:country": "NG",
        "addr:housenumber": "4",
        "addr:postcode": "100281",
        "addr:state": "Lagos",
        "addr:street": "Allen Avenue",
        "building": "hotel",
        "building:levels": "2",
        "name": "Zaaz",
        "tourism": "hotel",
        "website": "http://zaazhotels.com/",
        "@geometry": "center"
      },
      "geometry": {
        "type": "Point",
        "coordinates": [
          3.3551621,
          6.596602
        ]
      },
      "id": "way/625093266"
    },
    {
      "type": "Feature",
      "properties": {
        "@id": "way/625645028",
        "addr:city": "Lagos",
        "addr:street": "Elegba Festival Drive",
        "alt_name": "Golden Tulip Oniru Suites Hotel",
        "contact:phone": "+234 8 175545555",
        "landuse": "commercial",
        "name": "Golden Tulip Suites",
        "tourism": "hotel",
        "website": "https://www.goldentulip.com/en-us/?sr=OTHER",
        "@geometry": "center"
      },
      "geometry": {
        "type": "Point",
        "coordinates": [
          3.4482338,
          6.4319839
        ]
      },
      "id": "way/625645028"
    },
    {
      "type": "Feature",
      "properties": {
        "@id": "way/625645030",
        "addr:city": "Lagos",
        "addr:housenumber": "80",
        "addr:street": "Adetokunbo Ademola Street",
        "alt_name": "Maison Fahrenheit Hotel Victoria Island",
        "description": "With an unparalleled and stunning design, this “Hip” Luxury Boutique Hotel in the heart of Victoria Island, Lagos offers an encounter like no other.",
        "email": "info@maisonfahrenheit.com",
        "landuse": "commercial",
        "name": "Maison Fahrenheit",
        "phone": "+234 1 905 4800",
        "tourism": "hotel",
        "website": "https://www.maisonfahrenheit.com/",
        "@geometry": "center"
      },
      "geometry": {
        "type": "Point",
        "coordinates": [
          3.4285686,
          6.4259631
        ]
      },
      "id": "way/625645030"
    },
    {
      "type": "Feature",
      "properties": {
        "@id": "way/629564865",
        "landuse": "commercial",
        "name": "CVilla",
        "tourism": "hotel",
        "@geometry": "center"
      },
      "geometry": {
        "type": "Point",
        "coordinates": [
          3.5791571,
          6.4540219
        ]
      },
      "id": "way/629564865"
    },
    {
      "type": "Feature",
      "properties": {
        "@id": "way/629564941",
        "addr:city": "Lagos",
        "addr:street": "Quits Aviation Free Trade Zone",
        "brand": "Curio Collection by Hilton",
        "brand:wikidata": "Q19903229",
        "email": "legendhotel.reservations@hilton.com",
        "internet_access": "wlan",
        "internet_access:fee": "no",
        "landuse": "commercial",
        "name": "Legend Hotel Lagos Airport, Curio Collection by Hilton",
        "operator": "Hilton",
        "payment:american_express": "yes",
        "payment:cash": "yes",
        "payment:cheque": "yes",
        "payment:mastercard": "yes",
        "payment:visa": "yes",
        "phone": "+234 201 460 8200",
        "rooms": "54",
        "smoking": "no",
        "stars": "5",
        "tourism": "hotel",
        "website": "https://www.hilton.com/en/hotels/loslhqq-legend-hotel-lagos-airport/",
        "wheelchair": "yes",
        "wikidata": "Q111871544",
        "@geometry": "center"
      },
      "geometry": {
        "type": "Point",
        "coordinates": [
          3.3247517,
          6.5730785
        ]
      },
      "id": "way/629564941"
    },
    {
      "type": "Feature",
      "properties": {
        "@id": "way/630934711",
        "addr:housenumber": "29",
        "addr:street": "Estrada do Porto de Mós",
        "building": "yes",
        "name": "Good Vibes Holidays",
        "tourism": "guest_house",
        "@geometry": "center"
      },
      "geometry": {
        "type": "Point",
        "coordinates": [
          -8.6755292,
          37.0923578
        ]
      },
      "id": "way/630934711"
    },
    {
      "type": "Feature",
      "properties": {
        "@id": "node/639043270",
        "amenity": "police",
        "historic": "Police Station",
        "name": "Bode Thomas Police Station",
        "operator": "Nigerian Police Force",
        "shop": "doityourself"
      },
      "geometry": {
        "type": "Point",
        "coordinates": [
          3.3572033,
          6.4894158
        ]
      },
      "id": "node/639043270"
    },
    {
      "type": "Feature",
      "properties": {
        "@id": "way/653040824",
        "addr:city": "Ikoyi Lagos",
        "addr:housenumber": "13",
        "addr:street": "Alexander Avenue",
        "building": "yes",
        "email": "reservations@clearessencecaliforniaspa.com",
        "internet_access": "wlan",
        "name": "Clear essence california spa & wellness resort",
        "phone": "+2348085867565",
        "tourism": "hotel",
        "website": "https://www.clearessencecaliforniaspa.com",
        "@geometry": "center"
      },
      "geometry": {
        "type": "Point",
        "coordinates": [
          3.4484942,
          6.4504211
        ]
      },
      "id": "way/653040824"
    },
    {
      "type": "Feature",
      "properties": {
        "@id": "way/653186159",
        "addr:city": "Lagos",
        "addr:street": "Otunba Payne Street",
        "alt_name": "UNILAG Guest Houses and Conference Center",
        "building": "yes",
        "name": "Guest House",
        "phone": "+234 9099930754",
        "tourism": "hotel",
        "@geometry": "center"
      },
      "geometry": {
        "type": "Point",
        "coordinates": [
          3.3989302,
          6.5218256
        ]
      },
      "id": "way/653186159"
    },
    {
      "type": "Feature",
      "properties": {
        "@id": "way/657977417",
        "addr:city": "Badagry",
        "addr:country": "NG",
        "addr:street": "Ahovikoh Quarters",
        "building": "yes",
        "castle_type": "palace",
        "historic": "castle",
        "name": "Wawu Palace",
        "@geometry": "center"
      },
      "geometry": {
        "type": "Point",
        "coordinates": [
          2.883958,
          6.4143918
        ]
      },
      "id": "way/657977417"
    },
    {
      "type": "Feature",
      "properties": {
        "@id": "node/668090637",
        "fireplace": "yes",
        "name": "Parque de Merendas",
        "tourism": "picnic_site"
      },
      "geometry": {
        "type": "Point",
        "coordinates": [
          -8.7907609,
          37.1432936
        ]
      },
      "id": "node/668090637"
    },
    {
      "type": "Feature",
      "properties": {
        "@id": "node/668090808",
        "tourism": "viewpoint"
      },
      "geometry": {
        "type": "Point",
        "coordinates": [
          -8.7909515,
          37.1486737
        ]
      },
      "id": "node/668090808"
    },
    {
      "type": "Feature",
      "properties": {
        "@id": "node/668093208",
        "information": "map",
        "map_size": "site",
        "name": "Perimitro Florestal do Barão de São João",
        "tourism": "information"
      },
      "geometry": {
        "type": "Point",
        "coordinates": [
          -8.7800694,
          37.140117
        ]
      },
      "id": "node/668093208"
    },
    {
      "type": "Feature",
      "properties": {
        "@id": "node/668093403",
        "information": "map",
        "tourism": "information"
      },
      "geometry": {
        "type": "Point",
        "coordinates": [
          -8.7783746,
          37.1405028
        ]
      },
      "id": "node/668093403"
    },
    {
      "type": "Feature",
      "properties": {
        "@id": "way/671991295",
        "addr:city": "Lagos",
        "name": "National Museum",
        "tourism": "museum",
        "wikidata": "Q1311732",
        "wikipedia": "en:Nigerian National Museum",
        "@geometry": "center"
      },
      "geometry": {
        "type": "Point",
        "coordinates": [
          3.403518,
          6.4444185
        ]
      },
      "id": "way/671991295"
    },
    {
      "type": "Feature",
      "properties": {
        "@id": "way/676329682",
        "addr:city": "São Gonçalo de Lagos",
        "addr:housenumber": "42",
        "addr:postcode": "8600-593",
        "addr:street": "Estrada do Porto de Mós",
        "addr:unit": "Lote",
        "building": "yes",
        "internet_access": "wlan",
        "name": "Lagos Guests B&B",
        "tourism": "guest_house",
        "@geometry": "center"
      },
      "geometry": {
        "type": "Point",
        "coordinates": [
          -8.6740619,
          37.0930989
        ]
      },
      "id": "way/676329682"
    },
    {
      "type": "Feature",
      "properties": {
        "@id": "node/697130760",
        "addr:city": "Praia da Luz",
        "addr:postcode": "8600",
        "addr:street": "Rua do Poco",
        "check_date": "2026-04-01",
        "check_date:internet_access": "2026-04-01",
        "internet_access": "wlan",
        "name": "Luz Beach Apartments",
        "tourism": "apartment",
        "website": "https://www.luzbeachapartments.com/"
      },
      "geometry": {
        "type": "Point",
        "coordinates": [
          -8.7279613,
          37.0869446
        ]
      },
      "id": "node/697130760"
    },
    {
      "type": "Feature",
      "properties": {
        "@id": "way/738904732",
        "addr:city": "Lagos",
        "addr:housenumber": "11",
        "addr:street": "Randle Avenue",
        "email": "apapa.park@gmail.com",
        "name": "Apapa Amusement Park",
        "opening_hours": "Mo-Su 09:00-20:00",
        "operator": "cccltd",
        "phone": "+2348099901118",
        "tourism": "theme_park",
        "website": "http://www.apapapark.com",
        "wikidata": "Q24886996",
        "wikipedia": "en:Apapa Amusement Park",
        "@geometry": "center"
      },
      "geometry": {
        "type": "Point",
        "coordinates": [
          3.3660759,
          6.443809
        ]
      },
      "id": "way/738904732"
    },
    {
      "type": "Feature",
      "properties": {
        "@id": "way/740626967",
        "building": "yes",
        "name": "LOBIM-D hotel",
        "tourism": "hotel",
        "@geometry": "center"
      },
      "geometry": {
        "type": "Point",
        "coordinates": [
          3.3998473,
          6.4507061
        ]
      },
      "id": "way/740626967"
    },
    {
      "type": "Feature",
      "properties": {
        "@id": "way/742039109",
        "building": "yes",
        "castle_type": "palace",
        "historic": "castle",
        "name": "Ikorodu Oba's Palace",
        "@geometry": "center"
      },
      "geometry": {
        "type": "Point",
        "coordinates": [
          3.5016671,
          6.6156945
        ]
      },
      "id": "way/742039109"
    },
    {
      "type": "Feature",
      "properties": {
        "@id": "way/745484000",
        "name": "Ikorodu fun Park",
        "tourism": "theme_park",
        "@geometry": "center"
      },
      "geometry": {
        "type": "Point",
        "coordinates": [
          3.5360407,
          6.6333803
        ]
      },
      "id": "way/745484000"
    },
    {
      "type": "Feature",
      "properties": {
        "@id": "way/746433964",
        "building": "yes",
        "name": "Yemisi Shyllon Museum of Art",
        "tourism": "museum",
        "@geometry": "center"
      },
      "geometry": {
        "type": "Point",
        "coordinates": [
          3.8550216,
          6.4881977
        ]
      },
      "id": "way/746433964"
    },
    {
      "type": "Feature",
      "properties": {
        "@id": "way/746433967",
        "building": "yes",
        "name": "Trinity Hostel",
        "tourism": "hostel",
        "@geometry": "center"
      },
      "geometry": {
        "type": "Point",
        "coordinates": [
          3.8574228,
          6.4867744
        ]
      },
      "id": "way/746433967"
    },
    {
      "type": "Feature",
      "properties": {
        "@id": "node/752069534",
        "addr:city": "Lagos",
        "addr:housenumber": "lote n 1",
        "addr:postcode": "8600-281",
        "addr:street": "Estrada da Atalaia",
        "contact:email": "atalaiasol.lagos@gmail.com",
        "contact:fax": "+351282788780",
        "contact:mobile": "+351911501411",
        "contact:phone": "+351282782260",
        "contact:website": "http://www.atalaiasol.com/",
        "internet_access": "wlan",
        "name": "Atalaia Sol",
        "opening_hours": "09:30-18:00",
        "tourism": "hotel"
      },
      "geometry": {
        "type": "Point",
        "coordinates": [
          -8.6965479,
          37.0956416
        ]
      },
      "id": "node/752069534"
    },
    {
      "type": "Feature",
      "properties": {
        "@id": "way/752272001",
        "building": "yes",
        "building:levels": "8",
        "name": "Villa Doris Suites",
        "stars": "4",
        "tourism": "guest_house",
        "@geometry": "center"
      },
      "geometry": {
        "type": "Point",
        "coordinates": [
          -8.671448,
          37.0917436
        ]
      },
      "id": "way/752272001"
    },
    {
      "type": "Feature",
      "properties": {
        "@id": "way/760459327",
        "building": "yes",
        "name": "Quaters",
        "tourism": "hostel",
        "@geometry": "center"
      },
      "geometry": {
        "type": "Point",
        "coordinates": [
          3.3721697,
          6.5194587
        ]
      },
      "id": "way/760459327"
    },
    {
      "type": "Feature",
      "properties": {
        "@id": "way/760459336",
        "building": "yes",
        "name": "Girls hostel",
        "tourism": "hostel",
        "@geometry": "center"
      },
      "geometry": {
        "type": "Point",
        "coordinates": [
          3.3748214,
          6.5196144
        ]
      },
      "id": "way/760459336"
    },
    {
      "type": "Feature",
      "properties": {
        "@id": "way/763183436",
        "archaeological_site": "fish_salting_factory",
        "building": "yes",
        "historic": "archaeological_site",
        "historic:civilization": "ancient_roman",
        "historic:period": "late_antiquity",
        "ruins": "yes",
        "@geometry": "center"
      },
      "geometry": {
        "type": "Point",
        "coordinates": [
          -8.7288363,
          37.0860761
        ]
      },
      "id": "way/763183436"
    },
    {
      "type": "Feature",
      "properties": {
        "@id": "way/763183437",
        "alt_name": "Estação arqueológica da Praia da Luz",
        "archaeological_site": "roman_villa",
        "heritage": "2",
        "heritage:ref": "IIP",
        "heritage:since": "1992",
        "heritage:website": "https://servicos.dgpc.gov.pt/pesquisapatrimonioimovel/detalhes.php?code=69668",
        "heritage:website:arqueologia": "http://arqueologia.patrimoniocultural.pt/index.php?sid=sitios&subsid=49998",
        "heritage:website:sipa": "http://www.monumentos.gov.pt/Site/APP_PagesUser/SIPA.aspx?id=1281",
        "historic": "archaeological_site",
        "historic:civilization": "ancient_roman",
        "historic:period": "late_antiquity",
        "name": "Estação Arqueológica Romana da Praia da Luz",
        "protection_title": "Imóvel de Interesse Público",
        "ref:cns": "4499",
        "ref:ipa": "1281",
        "wikidata": "Q1013287",
        "wikipedia": "pt:Luz (Lagos)",
        "@geometry": "center"
      },
      "geometry": {
        "type": "Point",
        "coordinates": [
          -8.7288174,
          37.0860636
        ]
      },
      "id": "way/763183437"
    },
    {
      "type": "Feature",
      "properties": {
        "@id": "way/766531698",
        "building": "yes",
        "historic": "tower",
        "man_made": "tower",
        "tower:type": "defensive",
        "@geometry": "center"
      },
      "geometry": {
        "type": "Point",
        "coordinates": [
          -8.6693145,
          37.0992005
        ]
      },
      "id": "way/766531698"
    },
    {
      "type": "Feature",
      "properties": {
        "@id": "node/769313739",
        "addr:street": "Rua António Crisógono dos Santos",
        "alt_name": "Tivoli Lagos Algarve Resort",
        "check_date": "2026-04-13",
        "name": "nh Lagos Algarve",
        "operator": "Tivoli",
        "tourism": "hotel"
      },
      "geometry": {
        "type": "Point",
        "coordinates": [
          -8.6763185,
          37.1057626
        ]
      },
      "id": "node/769313739"
    },
    {
      "type": "Feature",
      "properties": {
        "@id": "way/776523033",
        "name": "Abvic Executive Hotel",
        "tourism": "hotel",
        "@geometry": "center"
      },
      "geometry": {
        "type": "Point",
        "coordinates": [
          3.5910092,
          6.6071729
        ]
      },
      "id": "way/776523033"
    },
    {
      "type": "Feature",
      "properties": {
        "@id": "node/779440729",
        "artist_name": "João Cutileiro",
        "artwork_type": "sculpture",
        "image": "https://commons.wikimedia.org/wiki/File:Monumento_ao_Rei_Dom_Sebasti%C3%A3o_-_Lagos_-_Portugal_(6292604129).jpg",
        "name": "El Rei D. Sebastião",
        "start_date": "1973",
        "tourism": "artwork",
        "wikidata": "Q136372909",
        "wikimedia_commons": "Category:Statue of Sebastian of Portugal in Lagos"
      },
      "geometry": {
        "type": "Point",
        "coordinates": [
          -8.6729685,
          37.1027232
        ]
      },
      "id": "node/779440729"
    },
    {
      "type": "Feature",
      "properties": {
        "@id": "node/779444448",
        "direction": "21",
        "name": "Vista â Marina",
        "tourism": "viewpoint"
      },
      "geometry": {
        "type": "Point",
        "coordinates": [
          -8.674337,
          37.1046297
        ]
      },
      "id": "node/779444448"
    },
    {
      "type": "Feature",
      "properties": {
        "@id": "way/783301343",
        "historic": "monument",
        "name": "Agiya Tree Monument",
        "wikidata": "Q22116560",
        "wikipedia": "en:Agiya Tree Monument",
        "@geometry": "center"
      },
      "geometry": {
        "type": "Point",
        "coordinates": [
          2.8822163,
          6.4137982
        ]
      },
      "id": "way/783301343"
    },
    {
      "type": "Feature",
      "properties": {
        "@id": "way/785409189",
        "fee": "yes",
        "landuse": "recreation_ground",
        "name": "Lufasi Nature Park",
        "tourism": "zoo",
        "website": "https://lufasi.org",
        "@geometry": "center"
      },
      "geometry": {
        "type": "Point",
        "coordinates": [
          3.6547294,
          6.4638976
        ]
      },
      "id": "way/785409189"
    },
    {
      "type": "Feature",
      "properties": {
        "@id": "node/790970296",
        "name": "Ponta da Piedade",
        "name:pt": "Ponta da Piedade",
        "name:zh": "佩達德角",
        "tourism": "viewpoint",
        "wheelchair": "limited"
      },
      "geometry": {
        "type": "Point",
        "coordinates": [
          -8.6686133,
          37.0795769
        ]
      },
      "id": "node/790970296"
    },
    {
      "type": "Feature",
      "properties": {
        "@id": "way/793732387",
        "addr:city": "Lagos",
        "addr:housenumber": "2",
        "addr:street": "Kayode Animashaun Street",
        "alt_name": "Parktonian Hotel Lekki",
        "landuse": "commercial",
        "name": "Parktonian Hotel",
        "tourism": "hotel",
        "website": "https://parktonianhotels.com/lekki/",
        "@geometry": "center"
      },
      "geometry": {
        "type": "Point",
        "coordinates": [
          3.4693732,
          6.4473166
        ]
      },
      "id": "way/793732387"
    },
    {
      "type": "Feature",
      "properties": {
        "@id": "way/795977403",
        "building": "yes",
        "castle_type": "palace",
        "historic": "castle",
        "name": "Baale House",
        "@geometry": "center"
      },
      "geometry": {
        "type": "Point",
        "coordinates": [
          3.2479873,
          6.4990302
        ]
      },
      "id": "way/795977403"
    },
    {
      "type": "Feature",
      "properties": {
        "@id": "way/796421501",
        "addr:city": "Lagos",
        "addr:street": "Lekki-Epe Expressway",
        "landuse": "commercial",
        "name": "Parktonian Hotel Ikate",
        "tourism": "hotel",
        "@geometry": "center"
      },
      "geometry": {
        "type": "Point",
        "coordinates": [
          3.4926037,
          6.4351197
        ]
      },
      "id": "way/796421501"
    },
    {
      "type": "Feature",
      "properties": {
        "@id": "way/796421517",
        "addr:city": "Lagos",
        "addr:street": "Lekki-Epe Expressway",
        "landuse": "commercial",
        "name": "Sabitex Hotel Lekki",
        "tourism": "hotel",
        "@geometry": "center"
      },
      "geometry": {
        "type": "Point",
        "coordinates": [
          3.4928498,
          6.4351567
        ]
      },
      "id": "way/796421517"
    },
    {
      "type": "Feature",
      "properties": {
        "@id": "way/803099287",
        "addr:city": "São Gonçalo de Lagos",
        "addr:housenumber": "6",
        "addr:postcode": "8600-315",
        "addr:street": "Rua Andorinha-do-Mar",
        "air_conditioning": "yes",
        "building": "residential",
        "building:levels": "2",
        "description": "Olá families! This magnificent and quiet Villa, private pool & garden, barbecue and parking is for you. Big beach: 7-minute walk. In a very quiet place, in the Algarve landscape, next to a big Golf Course, with magnificent beach views. For 10 persons.",
        "email": "comebacktolagos@gmail.com",
        "internet_access": "wlan",
        "internet_access:fee": "no",
        "name": "Vivenda Sol Nascente",
        "operator": "Come Back to Lagos",
        "reservation": "yes",
        "smoking": "outside",
        "source": "local knowledge",
        "tourism": "chalet",
        "website": "https://www.airbnb.ie/rooms/396891",
        "@geometry": "center"
      },
      "geometry": {
        "type": "Point",
        "coordinates": [
          -8.6464532,
          37.1226755
        ]
      },
      "id": "way/803099287"
    },
    {
      "type": "Feature",
      "properties": {
        "@id": "node/851554094",
        "addr:city": "Lagos",
        "addr:housenumber": "13",
        "addr:street": "Rua Doutor Faria e Silva",
        "air_conditioning": "yes",
        "check_date": "2026-05-03",
        "internet_access": "wlan",
        "internet_access:fee": "no",
        "name": "Lagosmar",
        "phone": "+351 282 763 523",
        "stars": "2",
        "tourism": "hotel",
        "website": "https://lagosmar.com/"
      },
      "geometry": {
        "type": "Point",
        "coordinates": [
          -8.6732679,
          37.1034697
        ]
      },
      "id": "node/851554094"
    },
    {
      "type": "Feature",
      "properties": {
        "@id": "node/851554517",
        "barrier": "sally_port",
        "historic": "city_gate",
        "name": "Arco/Porta de São Gonçalo",
        "name:en": "São Gonçalo Door",
        "name:pt": "Arco/Porta de São Gonçalo",
        "url": "https://www.allaboutportugal.pt/pt/lagos/monumentos/arco-porta-de-sao-goncalo",
        "wikimedia_commons": "Category:Porta e Arco de São Gonçalo"
      },
      "geometry": {
        "type": "Point",
        "coordinates": [
          -8.6694017,
          37.0992144
        ]
      },
      "id": "node/851554517"
    },
    {
      "type": "Feature",
      "properties": {
        "@id": "way/876579062",
        "barrier": "city_wall",
        "historic": "citywalls",
        "@geometry": "center"
      },
      "geometry": {
        "type": "Point",
        "coordinates": [
          -8.6758257,
          37.1006419
        ]
      },
      "id": "way/876579062"
    },
    {
      "type": "Feature",
      "properties": {
        "@id": "node/889227741",
        "name": "Lasu Museum",
        "tourism": "museum"
      },
      "geometry": {
        "type": "Point",
        "coordinates": [
          3.330284,
          6.62895
        ]
      },
      "id": "node/889227741"
    },
    {
      "type": "Feature",
      "properties": {
        "@id": "node/889344012",
        "name": "Former Slave Market",
        "tourism": "museum"
      },
      "geometry": {
        "type": "Point",
        "coordinates": [
          2.8812027,
          6.4172577
        ]
      },
      "id": "node/889344012"
    },
    {
      "type": "Feature",
      "properties": {
        "@id": "node/909216639",
        "name": "Quinta das Barradas",
        "tourism": "hotel"
      },
      "geometry": {
        "type": "Point",
        "coordinates": [
          -8.6649049,
          37.1578424
        ]
      },
      "id": "node/909216639"
    },
    {
      "type": "Feature",
      "properties": {
        "@id": "way/922935426",
        "addr:city": "Lagos",
        "addr:housenumber": "18/19",
        "addr:postcode": "101233",
        "addr:street": "Prince Tayo Adesanya Street",
        "air_conditioning": "yes",
        "bar": "yes",
        "building": "yes",
        "email": "info@parkviewastoriahotels.com",
        "internet_access": "wlan",
        "internet_access:fee": "customers",
        "name": "Parkview Astoria",
        "phone": "+2348164969009",
        "stars": "4",
        "tourism": "hotel",
        "website": "https://parkviewastoriahotels.com/",
        "@geometry": "center"
      },
      "geometry": {
        "type": "Point",
        "coordinates": [
          3.4421617,
          6.4639035
        ]
      },
      "id": "way/922935426"
    },
    {
      "type": "Feature",
      "properties": {
        "@id": "way/922935438",
        "building": "yes",
        "tourism": "gallery",
        "@geometry": "center"
      },
      "geometry": {
        "type": "Point",
        "coordinates": [
          3.4268344,
          6.4251885
        ]
      },
      "id": "way/922935438"
    },
    {
      "type": "Feature",
      "properties": {
        "@id": "way/928316788",
        "building": "yes",
        "layer": "1",
        "name": "Obalenaro hotel",
        "tourism": "hotel",
        "@geometry": "center"
      },
      "geometry": {
        "type": "Point",
        "coordinates": [
          3.3847106,
          6.5413325
        ]
      },
      "id": "way/928316788"
    },
    {
      "type": "Feature",
      "properties": {
        "@id": "way/928464400",
        "building": "yes",
        "name": "Lisa Court",
        "tourism": "motel",
        "@geometry": "center"
      },
      "geometry": {
        "type": "Point",
        "coordinates": [
          3.3628067,
          6.5563329
        ]
      },
      "id": "way/928464400"
    },
    {
      "type": "Feature",
      "properties": {
        "@id": "way/930433197",
        "addr:housenumber": "21",
        "addr:street": "Chris Madueke Drive",
        "building": "yes",
        "email": "info@h21apartments.com",
        "internet_access": "yes",
        "internet_access:fee": "customers",
        "internet_access:ssid": "H21 Apartment",
        "name": "H21 Apartments and Lounge",
        "phone": "+2348176741896",
        "tourism": "apartment",
        "website": "https://www.h21apartments.com",
        "@geometry": "center"
      },
      "geometry": {
        "type": "Point",
        "coordinates": [
          3.4635892,
          6.4408714
        ]
      },
      "id": "way/930433197"
    },
    {
      "type": "Feature",
      "properties": {
        "@id": "way/945136424",
        "building": "yes",
        "guest_house": "guest_house",
        "name": "Waterfront guest house",
        "source": "Nigerian Red Cross Society",
        "tourism": "guest_house",
        "@geometry": "center"
      },
      "geometry": {
        "type": "Point",
        "coordinates": [
          3.4094897,
          6.5796542
        ]
      },
      "id": "way/945136424"
    },
    {
      "type": "Feature",
      "properties": {
        "@id": "way/987876822",
        "building": "hotel",
        "name": "Cascade Wellness Resort",
        "tourism": "hotel",
        "@geometry": "center"
      },
      "geometry": {
        "type": "Point",
        "coordinates": [
          -8.6772735,
          37.0856902
        ]
      },
      "id": "way/987876822"
    },
    {
      "type": "Feature",
      "properties": {
        "@id": "way/987876825",
        "addr:housenumber": "A24",
        "addr:street": "Rua do Canavial",
        "building": "yes",
        "building:levels": "2",
        "internet_access": "wlan",
        "name": "Canavial I",
        "tourism": "apartment",
        "@geometry": "center"
      },
      "geometry": {
        "type": "Point",
        "coordinates": [
          -8.6799716,
          37.0866958
        ]
      },
      "id": "way/987876825"
    },
    {
      "type": "Feature",
      "properties": {
        "@id": "way/990070683",
        "addr:housenumber": "A11",
        "addr:street": "Rua do Canavial",
        "building": "yes",
        "building:levels": "2",
        "name": "Canavial II",
        "tourism": "apartment",
        "@geometry": "center"
      },
      "geometry": {
        "type": "Point",
        "coordinates": [
          -8.680606,
          37.0869063
        ]
      },
      "id": "way/990070683"
    },
    {
      "type": "Feature",
      "properties": {
        "@id": "way/1042362236",
        "addr:city": "Lagos",
        "addr:housenumber": "2/7",
        "addr:postcode": "101233",
        "addr:street": "Okunola Martins Close",
        "air_conditioning": "yes",
        "bar": "yes",
        "building": "yes",
        "email": "booking@villaangeliahotels.com",
        "internet_access": "wlan",
        "name": "Villa Angelia",
        "phone": "+233302790448",
        "stars": "4",
        "tourism": "hotel",
        "website": "https://villaangeliahotels.com/",
        "@geometry": "center"
      },
      "geometry": {
        "type": "Point",
        "coordinates": [
          3.4245808,
          6.445675
        ]
      },
      "id": "way/1042362236"
    },
    {
      "type": "Feature",
      "properties": {
        "@id": "node/1077856394",
        "tourism": "viewpoint"
      },
      "geometry": {
        "type": "Point",
        "coordinates": [
          -8.6771455,
          37.096029
        ]
      },
      "id": "node/1077856394"
    },
    {
      "type": "Feature",
      "properties": {
        "@id": "node/1079276214",
        "artist:wikidata": "Q59483662",
        "artist_name": "Tolentino Abegoaria",
        "historic": "memorial",
        "image": "https://commons.wikimedia.org/wiki/File:Cidade_e_concelho_de_Lagos,_Portugal_MG_9268_(15273982282).jpg",
        "material": "bronze",
        "memorial": "statue",
        "name": "São Gonçalo de Lagos",
        "subject:wikidata": "Q10290629",
        "wikidata": "Q136369369",
        "wikimedia_commons": "Category:Statue of Saint Gonçalo in Lagos"
      },
      "geometry": {
        "type": "Point",
        "coordinates": [
          -8.668457,
          37.098066
        ]
      },
      "id": "node/1079276214"
    },
    {
      "type": "Feature",
      "properties": {
        "@id": "node/1079434778",
        "tourism": "information"
      },
      "geometry": {
        "type": "Point",
        "coordinates": [
          -8.6806234,
          37.1111405
        ]
      },
      "id": "node/1079434778"
    },
    {
      "type": "Feature",
      "properties": {
        "@id": "way/1124312444",
        "building": "yes",
        "name": "Hotel Madiba",
        "tourism": "hotel",
        "@geometry": "center"
      },
      "geometry": {
        "type": "Point",
        "coordinates": [
          3.4906726,
          6.4414994
        ]
      },
      "id": "way/1124312444"
    },
    {
      "type": "Feature",
      "properties": {
        "@id": "way/1191372255",
        "addr:city": "Odiáxere",
        "area": "yes",
        "name": "Algarve Kite Center",
        "operator": "https://algarvekitecenter.com/",
        "tourism": "attraction",
        "@geometry": "center"
      },
      "geometry": {
        "type": "Point",
        "coordinates": [
          -8.6196422,
          37.1303822
        ]
      },
      "id": "way/1191372255"
    },
    {
      "type": "Feature",
      "properties": {
        "@id": "way/1219296384",
        "building": "yes",
        "heritage": "yes",
        "historic": "building",
        "name": "Casa da Dízima",
        "name:en": "Tithe House",
        "name:pt": "Casa da Dízima",
        "wikidata": "Q66813858",
        "wikimedia_commons": "Category:Antigo edifício da Portagem",
        "wikipedia": "pt:Quartel dos Remadores da Alfândega",
        "@geometry": "center"
      },
      "geometry": {
        "type": "Point",
        "coordinates": [
          -8.6703217,
          37.10003
        ]
      },
      "id": "way/1219296384"
    },
    {
      "type": "Feature",
      "properties": {
        "@id": "way/1225394821",
        "building": "yes",
        "historic": "building",
        "ruins": "yes",
        "@geometry": "center"
      },
      "geometry": {
        "type": "Point",
        "coordinates": [
          -8.6752531,
          37.1145125
        ]
      },
      "id": "way/1225394821"
    },
    {
      "type": "Feature",
      "properties": {
        "@id": "way/1225394822",
        "building": "yes",
        "historic": "building",
        "ruins": "yes",
        "@geometry": "center"
      },
      "geometry": {
        "type": "Point",
        "coordinates": [
          -8.6740095,
          37.1149322
        ]
      },
      "id": "way/1225394822"
    },
    {
      "type": "Feature",
      "properties": {
        "@id": "way/1253343337",
        "archaeological_site": "fortification",
        "fortification_type": "hill_fort",
        "historic": "archaeological_site",
        "historic:civilization": "castro_culture",
        "name": "Castro de Santalla",
        "@geometry": "center"
      },
      "geometry": {
        "type": "Point",
        "coordinates": [
          -7.2975129,
          42.8075529
        ]
      },
      "id": "way/1253343337"
    },
    {
      "type": "Feature",
      "properties": {
        "@id": "way/1265782412",
        "building": "school",
        "historic": "yes",
        "@geometry": "center"
      },
      "geometry": {
        "type": "Point",
        "coordinates": [
          -8.6695707,
          37.1309879
        ]
      },
      "id": "way/1265782412"
    },
    {
      "type": "Feature",
      "properties": {
        "@id": "way/1265782414",
        "building": "school",
        "historic": "yes",
        "@geometry": "center"
      },
      "geometry": {
        "type": "Point",
        "coordinates": [
          -8.6766315,
          37.1017661
        ]
      },
      "id": "way/1265782414"
    },
    {
      "type": "Feature",
      "properties": {
        "@id": "way/1265782415",
        "building": "school",
        "historic": "yes",
        "@geometry": "center"
      },
      "geometry": {
        "type": "Point",
        "coordinates": [
          -8.67664,
          37.1013554
        ]
      },
      "id": "way/1265782415"
    },
    {
      "type": "Feature",
      "properties": {
        "@id": "way/1294872619",
        "building": "yes",
        "name": "Trezadel Hostel",
        "tourism": "hostel",
        "@geometry": "center"
      },
      "geometry": {
        "type": "Point",
        "coordinates": [
          3.8582614,
          6.4867203
        ]
      },
      "id": "way/1294872619"
    },
    {
      "type": "Feature",
      "properties": {
        "@id": "way/1294872628",
        "building": "yes",
        "name": "Cooperative Kings",
        "tourism": "hostel",
        "@geometry": "center"
      },
      "geometry": {
        "type": "Point",
        "coordinates": [
          3.8584801,
          6.4853935
        ]
      },
      "id": "way/1294872628"
    },
    {
      "type": "Feature",
      "properties": {
        "@id": "way/1294872632",
        "building": "yes",
        "name": "Emerald Hostel",
        "tourism": "hostel",
        "@geometry": "center"
      },
      "geometry": {
        "type": "Point",
        "coordinates": [
          3.8568879,
          6.4854991
        ]
      },
      "id": "way/1294872632"
    },
    {
      "type": "Feature",
      "properties": {
        "@id": "way/1294872634",
        "building": "yes",
        "name": "EDC Hostel",
        "tourism": "hostel",
        "@geometry": "center"
      },
      "geometry": {
        "type": "Point",
        "coordinates": [
          3.8563547,
          6.4855145
        ]
      },
      "id": "way/1294872634"
    },
    {
      "type": "Feature",
      "properties": {
        "@id": "way/1294872641",
        "building": "yes",
        "name": "Cedar House",
        "tourism": "hostel",
        "@geometry": "center"
      },
      "geometry": {
        "type": "Point",
        "coordinates": [
          3.8587001,
          6.4868528
        ]
      },
      "id": "way/1294872641"
    },
    {
      "type": "Feature",
      "properties": {
        "@id": "way/1294872648",
        "building": "yes",
        "name": "Redwood House",
        "tourism": "hostel",
        "@geometry": "center"
      },
      "geometry": {
        "type": "Point",
        "coordinates": [
          3.8563757,
          6.4868456
        ]
      },
      "id": "way/1294872648"
    },
    {
      "type": "Feature",
      "properties": {
        "@id": "way/1294872654",
        "building": "yes",
        "name": "Pearl Hostel",
        "tourism": "hostel",
        "@geometry": "center"
      },
      "geometry": {
        "type": "Point",
        "coordinates": [
          3.8567335,
          6.4868556
        ]
      },
      "id": "way/1294872654"
    },
    {
      "type": "Feature",
      "properties": {
        "@id": "way/1296362862",
        "building": "yes",
        "name": "Cooperative Queens",
        "tourism": "hostel",
        "@geometry": "center"
      },
      "geometry": {
        "type": "Point",
        "coordinates": [
          3.855971,
          6.4868477
        ]
      },
      "id": "way/1296362862"
    },
    {
      "type": "Feature",
      "properties": {
        "@id": "way/1313780616",
        "brand": "Radisson",
        "building": "yes",
        "name": "Park Inn by Radisson Serviced Apartments Lagos Victoria Island",
        "tourism": "hotel",
        "@geometry": "center"
      },
      "geometry": {
        "type": "Point",
        "coordinates": [
          3.4293046,
          6.4304604
        ]
      },
      "id": "way/1313780616"
    },
    {
      "type": "Feature",
      "properties": {
        "@id": "way/1322744989",
        "tourism": "picnic_site",
        "@geometry": "center"
      },
      "geometry": {
        "type": "Point",
        "coordinates": [
          -8.765045,
          37.1450488
        ]
      },
      "id": "way/1322744989"
    },
    {
      "type": "Feature",
      "properties": {
        "@id": "way/1361491295",
        "area": "yes",
        "historic": "yes",
        "@geometry": "center"
      },
      "geometry": {
        "type": "Point",
        "coordinates": [
          2.8794186,
          6.3941628
        ]
      },
      "id": "way/1361491295"
    },
    {
      "type": "Feature",
      "properties": {
        "@id": "way/1361491297",
        "highway": "path",
        "historic": "path",
        "name": "Slave Route",
        "surface": "paving_stones",
        "@geometry": "center"
      },
      "geometry": {
        "type": "Point",
        "coordinates": [
          2.8794056,
          6.3944859
        ]
      },
      "id": "way/1361491297"
    },
    {
      "type": "Feature",
      "properties": {
        "@id": "way/1361491298",
        "highway": "path",
        "historic": "path",
        "name": "Slave Route",
        "surface": "paving_stones",
        "@geometry": "center"
      },
      "geometry": {
        "type": "Point",
        "coordinates": [
          2.8820103,
          6.4001116
        ]
      },
      "id": "way/1361491298"
    },
    {
      "type": "Feature",
      "properties": {
        "@id": "node/1370111709",
        "name": "Villa Mar Azul",
        "tourism": "hotel"
      },
      "geometry": {
        "type": "Point",
        "coordinates": [
          -8.6864924,
          37.088268
        ]
      },
      "id": "node/1370111709"
    },
    {
      "type": "Feature",
      "properties": {
        "@id": "way/1376664956",
        "geological": "volcanic_lava_tube",
        "geological:site": "geosite",
        "name": "Rocha Negra",
        "natural": "bare_rock",
        "place": "locality",
        "source": "https://www.researchgate.net/publication/279441866_Luz_beach_magmatism_a_geosite_regarded_as_a_local_and_regional_factor_in_the_heritage_economic_and_touristic_development",
        "tourism": "attraction",
        "@geometry": "center"
      },
      "geometry": {
        "type": "Point",
        "coordinates": [
          -8.7164095,
          37.0852864
        ]
      },
      "id": "way/1376664956"
    },
    {
      "type": "Feature",
      "properties": {
        "@id": "way/1442292737",
        "addr:city": "Lagos",
        "addr:housenumber": "17",
        "addr:street": "Ladoke Akintola Street",
        "air_conditioning": "yes",
        "bar": "yes",
        "brand": "Hyatt",
        "building": "yes",
        "description": "5-star hotel in Lagos.",
        "internet_access": "yes",
        "internet_access:fee": "customers",
        "name": "Hyatt Regency Lagos Ikeja",
        "opening_hours": "24/7",
        "operator": "Hyatt hotels Corporation",
        "payment:american_express": "yes",
        "payment:credit_cards": "yes",
        "payment:debit_cards": "yes",
        "payment:diners_club": "yes",
        "payment:discover_card": "yes",
        "payment:maestro": "yes",
        "payment:mastercard": "yes",
        "payment:visa": "yes",
        "payment:visa_electron": "yes",
        "phone": "+234 201 700 1234",
        "reservation": "yes",
        "rooms": "142",
        "stars": "5",
        "tourism": "hotel",
        "website": "https://www.hyatt.com/hyatt-regency/en-US/losrl-hyatt-regency-lagos-ikeja",
        "wikidata": "Q136504463",
        "@geometry": "center"
      },
      "geometry": {
        "type": "Point",
        "coordinates": [
          3.3533647,
          6.5841091
        ]
      },
      "id": "way/1442292737"
    },
    {
      "type": "Feature",
      "properties": {
        "@id": "way/1442420119",
        "building": "yes",
        "layer": "1",
        "tourism": "hotel",
        "@geometry": "center"
      },
      "geometry": {
        "type": "Point",
        "coordinates": [
          -99.5195842,
          27.4497455
        ]
      },
      "id": "way/1442420119"
    },
    {
      "type": "Feature",
      "properties": {
        "@id": "way/1521332940",
        "building": "yes",
        "tourism": "hotel",
        "@geometry": "center"
      },
      "geometry": {
        "type": "Point",
        "coordinates": [
          3.357183,
          6.5927608
        ]
      },
      "id": "way/1521332940"
    },
    {
      "type": "Feature",
      "properties": {
        "@id": "way/1521332941",
        "building": "yes",
        "tourism": "hotel",
        "@geometry": "center"
      },
      "geometry": {
        "type": "Point",
        "coordinates": [
          3.3574893,
          6.5928475
        ]
      },
      "id": "way/1521332941"
    },
    {
      "type": "Feature",
      "properties": {
        "@id": "way/1530842307",
        "building": "yes",
        "name": "VirginRose Resorts",
        "tourism": "hotel",
        "wikidata": "Q109289655",
        "@geometry": "center"
      },
      "geometry": {
        "type": "Point",
        "coordinates": [
          3.4210881,
          6.4234275
        ]
      },
      "id": "way/1530842307"
    },
    {
      "type": "Feature",
      "properties": {
        "@id": "way/1530842309",
        "name": "Manuela Residence",
        "tourism": "hotel",
        "wikidata": "Q112011652",
        "@geometry": "center"
      },
      "geometry": {
        "type": "Point",
        "coordinates": [
          3.4107649,
          6.4268284
        ]
      },
      "id": "way/1530842309"
    },
    {
      "type": "Feature",
      "properties": {
        "@id": "way/1530941549",
        "addr:city": "Lagos",
        "addr:housenumber": "37",
        "addr:postcode": "106104",
        "addr:street": "Saka Tinubu Street",
        "name": "Chesney Hotel",
        "tourism": "hotel",
        "wikidata": "Q112011649",
        "@geometry": "center"
      },
      "geometry": {
        "type": "Point",
        "coordinates": [
          3.4224033,
          6.4273988
        ]
      },
      "id": "way/1530941549"
    },
    {
      "type": "Feature",
      "properties": {
        "@id": "way/1540194426",
        "name": "Miradouro da Ponta da Calheta",
        "tourism": "viewpoint",
        "@geometry": "center"
      },
      "geometry": {
        "type": "Point",
        "coordinates": [
          -8.7301927,
          37.0849527
        ]
      },
      "id": "way/1540194426"
    },
    {
      "type": "Feature",
      "properties": {
        "@id": "node/1707514023",
        "highway": "street_lamp",
        "tourism": "caravan_site"
      },
      "geometry": {
        "type": "Point",
        "coordinates": [
          -8.6789956,
          37.1153648
        ]
      },
      "id": "node/1707514023"
    },
    {
      "type": "Feature",
      "properties": {
        "@id": "node/1708912053",
        "historic": "memorial",
        "inscription": "Lagos glorifica a memória de seus filhos mortos na Grande Guerra",
        "memorial": "war_memorial"
      },
      "geometry": {
        "type": "Point",
        "coordinates": [
          -8.673786,
          37.1024699
        ]
      },
      "id": "node/1708912053"
    },
    {
      "type": "Feature",
      "properties": {
        "@id": "node/1904336139",
        "name": "Praia Dona Ana",
        "name:pt": "Praia Dona Ana",
        "tourism": "viewpoint"
      },
      "geometry": {
        "type": "Point",
        "coordinates": [
          -8.6694993,
          37.0913283
        ]
      },
      "id": "node/1904336139"
    },
    {
      "type": "Feature",
      "properties": {
        "@id": "node/1904362627",
        "addr:street": "Rua Professor Correia Abreu",
        "name": "IBERLAGOS",
        "tourism": "hotel"
      },
      "geometry": {
        "type": "Point",
        "coordinates": [
          -8.6701476,
          37.0930693
        ]
      },
      "id": "node/1904362627"
    },
    {
      "type": "Feature",
      "properties": {
        "@id": "node/1969844480",
        "tourism": "theme_park"
      },
      "geometry": {
        "type": "Point",
        "coordinates": [
          3.4276118,
          6.4227198
        ]
      },
      "id": "node/1969844480"
    },
    {
      "type": "Feature",
      "properties": {
        "@id": "node/2163360241",
        "bicycle": "yes",
        "description": "Map with informations about the locality, hospitals, camp sites and beaches",
        "information": "map",
        "map_size": "site",
        "map_type": "scheme",
        "name": "EcoVia",
        "network": "rcn",
        "tourism": "information"
      },
      "geometry": {
        "type": "Point",
        "coordinates": [
          -8.7737402,
          37.0741089
        ]
      },
      "id": "node/2163360241"
    },
    {
      "type": "Feature",
      "properties": {
        "@id": "node/2163621604",
        "addr:city": "Lagos",
        "addr:postcode": "8600-668",
        "addr:street": "Praça Gil Eanes",
        "check_date": "2026-05-13",
        "contact:phone": "+351 282 763 031",
        "information": "office",
        "name": "Oficina de Turismo de Lagos",
        "tourism": "information"
      },
      "geometry": {
        "type": "Point",
        "coordinates": [
          -8.6727118,
          37.1027777
        ]
      },
      "id": "node/2163621604"
    },
    {
      "type": "Feature",
      "properties": {
        "@id": "node/2213300811",
        "historic": "boundary_stone",
        "name": "Sèmè-Kraké",
        "source": "GPS;survey"
      },
      "geometry": {
        "type": "Point",
        "coordinates": [
          2.706724,
          6.3796171
        ]
      },
      "id": "node/2213300811"
    },
    {
      "type": "Feature",
      "properties": {
        "@id": "node/2247300101",
        "historic": "wreck",
        "wreck": "ship:cargo"
      },
      "geometry": {
        "type": "Point",
        "coordinates": [
          3.3942564,
          6.3933332
        ]
      },
      "id": "node/2247300101"
    },
    {
      "type": "Feature",
      "properties": {
        "@id": "node/2247300103",
        "historic": "wreck",
        "wreck": "ship:cargo"
      },
      "geometry": {
        "type": "Point",
        "coordinates": [
          3.3947672,
          6.3939378
        ]
      },
      "id": "node/2247300103"
    },
    {
      "type": "Feature",
      "properties": {
        "@id": "node/2247300106",
        "historic": "wreck",
        "wreck": "ship:cargo"
      },
      "geometry": {
        "type": "Point",
        "coordinates": [
          3.3842093,
          6.3951968
        ]
      },
      "id": "node/2247300106"
    },
    {
      "type": "Feature",
      "properties": {
        "@id": "node/2247300109",
        "historic": "wreck",
        "seamark:type": "wreck",
        "wreck": "ship:cargo"
      },
      "geometry": {
        "type": "Point",
        "coordinates": [
          3.378129,
          6.3954122
        ]
      },
      "id": "node/2247300109"
    },
    {
      "type": "Feature",
      "properties": {
        "@id": "node/2247300110",
        "historic": "wreck",
        "wreck": "ship:cargo"
      },
      "geometry": {
        "type": "Point",
        "coordinates": [
          3.3736218,
          6.3970123
        ]
      },
      "id": "node/2247300110"
    },
    {
      "type": "Feature",
      "properties": {
        "@id": "node/2247300111",
        "historic": "wreck",
        "wreck": "ship:cargo"
      },
      "geometry": {
        "type": "Point",
        "coordinates": [
          3.3715084,
          6.3971191
        ]
      },
      "id": "node/2247300111"
    },
    {
      "type": "Feature",
      "properties": {
        "@id": "node/2247300112",
        "historic": "wreck",
        "wreck": "ship:cargo"
      },
      "geometry": {
        "type": "Point",
        "coordinates": [
          3.3702583,
          6.3975029
        ]
      },
      "id": "node/2247300112"
    },
    {
      "type": "Feature",
      "properties": {
        "@id": "node/2247300113",
        "historic": "wreck",
        "wreck": "ship:cargo"
      },
      "geometry": {
        "type": "Point",
        "coordinates": [
          3.3706325,
          6.3975148
        ]
      },
      "id": "node/2247300113"
    },
    {
      "type": "Feature",
      "properties": {
        "@id": "node/2247300114",
        "historic": "wreck",
        "seamark:type": "wreck",
        "wreck": "ship:cargo"
      },
      "geometry": {
        "type": "Point",
        "coordinates": [
          3.3600122,
          6.3976675
        ]
      },
      "id": "node/2247300114"
    },
    {
      "type": "Feature",
      "properties": {
        "@id": "node/2247300115",
        "historic": "wreck",
        "seamark:type": "wreck",
        "wreck": "ship:cargo"
      },
      "geometry": {
        "type": "Point",
        "coordinates": [
          3.367766,
          6.397673
        ]
      },
      "id": "node/2247300115"
    },
    {
      "type": "Feature",
      "properties": {
        "@id": "node/2247300116",
        "historic": "wreck",
        "seamark:type": "wreck",
        "wreck": "ship:cargo"
      },
      "geometry": {
        "type": "Point",
        "coordinates": [
          3.3593422,
          6.397771
        ]
      },
      "id": "node/2247300116"
    },
    {
      "type": "Feature",
      "properties": {
        "@id": "node/2247300117",
        "historic": "wreck",
        "wreck": "ship:cargo"
      },
      "geometry": {
        "type": "Point",
        "coordinates": [
          3.3546143,
          6.3992426
        ]
      },
      "id": "node/2247300117"
    },
    {
      "type": "Feature",
      "properties": {
        "@id": "node/2247300119",
        "historic": "wreck",
        "wreck": "ship:cargo"
      },
      "geometry": {
        "type": "Point",
        "coordinates": [
          3.1377584,
          6.4005948
        ]
      },
      "id": "node/2247300119"
    },
    {
      "type": "Feature",
      "properties": {
        "@id": "node/2247300123",
        "historic": "wreck",
        "wreck": "ship:cargo"
      },
      "geometry": {
        "type": "Point",
        "coordinates": [
          3.2875155,
          6.4057845
        ]
      },
      "id": "node/2247300123"
    },
    {
      "type": "Feature",
      "properties": {
        "@id": "node/2247300142",
        "historic": "wreck",
        "seamark:type": "wreck",
        "wreck": "ship:cargo"
      },
      "geometry": {
        "type": "Point",
        "coordinates": [
          3.5107693,
          6.4211472
        ]
      },
      "id": "node/2247300142"
    },
    {
      "type": "Feature",
      "properties": {
        "@id": "node/2247300143",
        "historic": "wreck",
        "seamark:type": "wreck",
        "wreck": "ship:cargo"
      },
      "geometry": {
        "type": "Point",
        "coordinates": [
          3.4523555,
          6.4217756
        ]
      },
      "id": "node/2247300143"
    },
    {
      "type": "Feature",
      "properties": {
        "@id": "node/2247300144",
        "historic": "wreck",
        "wreck": "ship:cargo"
      },
      "geometry": {
        "type": "Point",
        "coordinates": [
          3.5547122,
          6.4224358
        ]
      },
      "id": "node/2247300144"
    },
    {
      "type": "Feature",
      "properties": {
        "@id": "node/2247300146",
        "historic": "wreck",
        "wreck": "ship:cargo"
      },
      "geometry": {
        "type": "Point",
        "coordinates": [
          3.8342324,
          6.4384519
        ]
      },
      "id": "node/2247300146"
    },
    {
      "type": "Feature",
      "properties": {
        "@id": "node/2319755267",
        "historic": "memorial",
        "image": "https://commons.wikimedia.org/wiki/File:Statue_of_Henry_the_Navigator_in_Lagos.jpg",
        "inscription": "Infante D. Henrique v. Centenario da sua Morte 1460-1960",
        "memorial": "statue",
        "name": "D. Henrique",
        "start_date": "1960",
        "wikidata": "Q136372942",
        "wikimedia_commons": "Category:Statue of Henry the Navigator in Lagos"
      },
      "geometry": {
        "type": "Point",
        "coordinates": [
          -8.6707574,
          37.1005389
        ]
      },
      "id": "node/2319755267"
    },
    {
      "type": "Feature",
      "properties": {
        "@id": "node/2331523841",
        "artwork_type": "statue",
        "source": "survey",
        "tourism": "artwork"
      },
      "geometry": {
        "type": "Point",
        "coordinates": [
          3.3637193,
          6.6271034
        ]
      },
      "id": "node/2331523841"
    },
    {
      "type": "Feature",
      "properties": {
        "@id": "node/2405817731",
        "name": "Vila Mos",
        "tourism": "hotel"
      },
      "geometry": {
        "type": "Point",
        "coordinates": [
          -8.6867577,
          37.089238
        ]
      },
      "id": "node/2405817731"
    },
    {
      "type": "Feature",
      "properties": {
        "@id": "node/2418074557",
        "tourism": "viewpoint"
      },
      "geometry": {
        "type": "Point",
        "coordinates": [
          -8.6655459,
          37.0993233
        ]
      },
      "id": "node/2418074557"
    },
    {
      "type": "Feature",
      "properties": {
        "@id": "node/2463658243",
        "building": "yes",
        "name": "The Surf Experience",
        "sport": "surfing",
        "tourism": "guest_house",
        "website": "https://thesurfexperience.eu/"
      },
      "geometry": {
        "type": "Point",
        "coordinates": [
          -8.7035,
          37.1135981
        ]
      },
      "id": "node/2463658243"
    },
    {
      "type": "Feature",
      "properties": {
        "@id": "node/2558962994",
        "alt_name": "Hotel Burgau Turismo de Natureza",
        "name": "Hotel Praia do Burgau",
        "tourism": "hotel"
      },
      "geometry": {
        "type": "Point",
        "coordinates": [
          -8.7725201,
          37.07279
        ]
      },
      "id": "node/2558962994"
    },
    {
      "type": "Feature",
      "properties": {
        "@id": "node/2744187194",
        "guidepost": "post",
        "hiking": "yes",
        "information": "guidepost",
        "marker_type": "confidence",
        "name": "GR13 Via Algarviana",
        "ref": "GR13",
        "tourism": "information"
      },
      "geometry": {
        "type": "Point",
        "coordinates": [
          -8.817404,
          37.1424408
        ]
      },
      "id": "node/2744187194"
    },
    {
      "type": "Feature",
      "properties": {
        "@id": "node/2889701465",
        "historic": "wayside_cross"
      },
      "geometry": {
        "type": "Point",
        "coordinates": [
          -0.2264412,
          43.2089292
        ]
      },
      "id": "node/2889701465"
    },
    {
      "type": "Feature",
      "properties": {
        "@id": "node/2923640624",
        "name": "Villas D. Dinis",
        "tourism": "hotel"
      },
      "geometry": {
        "type": "Point",
        "coordinates": [
          -8.6719073,
          37.0898034
        ]
      },
      "id": "node/2923640624"
    },
    {
      "type": "Feature",
      "properties": {
        "@id": "node/2937040813",
        "addr:city": "Luz",
        "addr:housenumber": "106",
        "addr:postcode": "8600-160",
        "addr:street": "Rua Direita",
        "name": "Luz Serviços",
        "note": "Self Catering Vacation Rental and Property Management",
        "phone": "+351 282788522",
        "tourism": "hotel",
        "website": "https://www.luzholidays.com/"
      },
      "geometry": {
        "type": "Point",
        "coordinates": [
          -8.7272447,
          37.0908418
        ]
      },
      "id": "node/2937040813"
    },
    {
      "type": "Feature",
      "properties": {
        "@id": "node/2987173862",
        "alt_name": "Golden Tulip Festac",
        "name": "Golden Tulip",
        "tourism": "hotel"
      },
      "geometry": {
        "type": "Point",
        "coordinates": [
          3.3030774,
          6.4653626
        ]
      },
      "id": "node/2987173862"
    },
    {
      "type": "Feature",
      "properties": {
        "@id": "node/2987186862",
        "name": "EUC Demordern Hotel & Suites",
        "tourism": "hotel"
      },
      "geometry": {
        "type": "Point",
        "coordinates": [
          3.3051173,
          6.4838242
        ]
      },
      "id": "node/2987186862"
    },
    {
      "type": "Feature",
      "properties": {
        "@id": "node/2987186864",
        "name": "Chelsea Suit",
        "tourism": "hotel"
      },
      "geometry": {
        "type": "Point",
        "coordinates": [
          3.2950581,
          6.4661583
        ]
      },
      "id": "node/2987186864"
    },
    {
      "type": "Feature",
      "properties": {
        "@id": "node/2991754021",
        "name": "Cosmila Hotel & Suites",
        "tourism": "hotel"
      },
      "geometry": {
        "type": "Point",
        "coordinates": [
          3.3033226,
          6.4811452
        ]
      },
      "id": "node/2991754021"
    },
    {
      "type": "Feature",
      "properties": {
        "@id": "node/2991767888",
        "name": "Benny Hotel",
        "tourism": "hotel"
      },
      "geometry": {
        "type": "Point",
        "coordinates": [
          3.2921088,
          6.4763575
        ]
      },
      "id": "node/2991767888"
    },
    {
      "type": "Feature",
      "properties": {
        "@id": "node/3011773362",
        "name": "Vila Park",
        "tourism": "hotel"
      },
      "geometry": {
        "type": "Point",
        "coordinates": [
          3.3181813,
          6.4722717
        ]
      },
      "id": "node/3011773362"
    },
    {
      "type": "Feature",
      "properties": {
        "@id": "node/3042446589",
        "tourism": "viewpoint",
        "wheelchair": "yes"
      },
      "geometry": {
        "type": "Point",
        "coordinates": [
          -8.6711312,
          37.0811442
        ]
      },
      "id": "node/3042446589"
    },
    {
      "type": "Feature",
      "properties": {
        "@id": "node/3057461330",
        "addr:country": "PT",
        "addr:housename": "Costa D´Oiro Ambiance Village",
        "addr:place": "Lagos",
        "addr:postcode": "8600-544",
        "addr:street": "Rua da Costa D'Oiro",
        "email": "info@sonelhotels.com",
        "internet_access": "wlan",
        "internet_access:fee": "no",
        "name": "Costa d'Oiro Ambiance Village",
        "tourism": "hotel",
        "website": "https://www.sonelhotels.com/de/index.php",
        "wheelchair": "yes"
      },
      "geometry": {
        "type": "Point",
        "coordinates": [
          -8.6732498,
          37.0891522
        ]
      },
      "id": "node/3057461330"
    },
    {
      "type": "Feature",
      "properties": {
        "@id": "node/3087567321",
        "direction": "E",
        "layer": "2",
        "name": "Mercado Municipal",
        "tourism": "viewpoint"
      },
      "geometry": {
        "type": "Point",
        "coordinates": [
          -8.6730309,
          37.1040518
        ]
      },
      "id": "node/3087567321"
    },
    {
      "type": "Feature",
      "properties": {
        "@id": "node/3197899626",
        "addr:city": "Lagos",
        "addr:postcode": "8600-136",
        "addr:street": "Rua Manuel Augusto Alves Catarino",
        "email": "info@estreladaluz.com",
        "fax": "+351 282 771 201",
        "internet_access": "wlan",
        "name": "Estrela da Luz",
        "phone": "+351 282 771 200",
        "tourism": "guest_house",
        "website": "https://www.estreladaluz.com/"
      },
      "geometry": {
        "type": "Point",
        "coordinates": [
          -8.7338914,
          37.0876291
        ]
      },
      "id": "node/3197899626"
    },
    {
      "type": "Feature",
      "properties": {
        "@id": "node/3202396809",
        "addr:city": "Lagos",
        "addr:housenumber": "Lt 35",
        "addr:postcode": "8600-160",
        "addr:street": "Rua Alfredo Nascimento Batista",
        "internet_access": "wlan",
        "name": "Baia da Luz",
        "phone": "+351 282 790 882",
        "tourism": "hotel",
        "website": "https://www.baiadaluz.com/"
      },
      "geometry": {
        "type": "Point",
        "coordinates": [
          -8.7254813,
          37.0900715
        ]
      },
      "id": "node/3202396809"
    },
    {
      "type": "Feature",
      "properties": {
        "@id": "node/3411088337",
        "hiking": "yes",
        "information": "guidepost",
        "name": "GR13 Via Algarviana",
        "ref": "GR13",
        "route_marker": "direction",
        "tourism": "information"
      },
      "geometry": {
        "type": "Point",
        "coordinates": [
          -8.777373,
          37.1393693
        ]
      },
      "id": "node/3411088337"
    },
    {
      "type": "Feature",
      "properties": {
        "@id": "node/3411088338",
        "attached_to": "mast",
        "hiking": "yes",
        "information": "guidepost",
        "material": "plastic",
        "name": "GR13 Via Algarviana",
        "ref": "GR13",
        "route_marker": "confidence",
        "tourism": "information"
      },
      "geometry": {
        "type": "Point",
        "coordinates": [
          -8.7778484,
          37.1394044
        ]
      },
      "id": "node/3411088338"
    },
    {
      "type": "Feature",
      "properties": {
        "@id": "node/3411088339",
        "attached_to": "mast",
        "hiking": "yes",
        "information": "guidepost",
        "material": "plastic",
        "name": "GR13 Via Algarviana",
        "ref": "GR13",
        "route_marker": "confidence",
        "tourism": "information"
      },
      "geometry": {
        "type": "Point",
        "coordinates": [
          -8.776513,
          37.1394455
        ]
      },
      "id": "node/3411088339"
    },
    {
      "type": "Feature",
      "properties": {
        "@id": "node/3411088340",
        "attached_to": "mast",
        "hiking": "yes",
        "information": "guidepost",
        "material": "plastic",
        "name": "GR13 Via Algarviana",
        "ref": "GR13",
        "route_marker": "confidence",
        "tourism": "information"
      },
      "geometry": {
        "type": "Point",
        "coordinates": [
          -8.7761983,
          37.1395868
        ]
      },
      "id": "node/3411088340"
    },
    {
      "type": "Feature",
      "properties": {
        "@id": "node/3411088341",
        "attached_to": "trafic_sign",
        "hiking": "yes",
        "information": "guidepost",
        "material": "plastic",
        "name": "GR13 Via Algarviana",
        "ref": "GR13",
        "route_marker": "direction",
        "tourism": "information"
      },
      "geometry": {
        "type": "Point",
        "coordinates": [
          -8.7778083,
          37.1396143
        ]
      },
      "id": "node/3411088341"
    },
    {
      "type": "Feature",
      "properties": {
        "@id": "node/3411088342",
        "attached_to": "mast",
        "hiking": "yes",
        "information": "guidepost",
        "material": "plastic",
        "name": "GR13 Via Algarviana",
        "ref": "GR13",
        "route_marker": "confidence",
        "tourism": "information"
      },
      "geometry": {
        "type": "Point",
        "coordinates": [
          -8.7780675,
          37.1396241
        ]
      },
      "id": "node/3411088342"
    },
    {
      "type": "Feature",
      "properties": {
        "@id": "node/3411088343",
        "attached_to": "mast",
        "hiking": "yes",
        "information": "guidepost",
        "material": "plastic",
        "name": "GR13 Via Algarviana",
        "ref": "GR13",
        "route_marker": "confidence",
        "tourism": "information"
      },
      "geometry": {
        "type": "Point",
        "coordinates": [
          -8.7758297,
          37.139769
        ]
      },
      "id": "node/3411088343"
    },
    {
      "type": "Feature",
      "properties": {
        "@id": "node/3411088344",
        "attached_to": "mast",
        "hiking": "yes",
        "information": "guidepost",
        "material": "plastic",
        "name": "GR13 Via Algarviana",
        "ref": "GR13",
        "route_marker": "confidence",
        "tourism": "information"
      },
      "geometry": {
        "type": "Point",
        "coordinates": [
          -8.7781776,
          37.1398063
        ]
      },
      "id": "node/3411088344"
    },
    {
      "type": "Feature",
      "properties": {
        "@id": "node/3411088345",
        "attached_to": "lamppost",
        "hiking": "yes",
        "information": "guidepost",
        "material": "plastic",
        "name": "GR13 Via Algarviana",
        "ref": "GR13",
        "route_marker": "confidence",
        "tourism": "information"
      },
      "geometry": {
        "type": "Point",
        "coordinates": [
          -8.7754504,
          37.1399883
        ]
      },
      "id": "node/3411088345"
    },
    {
      "type": "Feature",
      "properties": {
        "@id": "node/3411088348",
        "guidepost": "post",
        "hiking": "yes",
        "information": "guidepost",
        "name": "GR13 Via Algarviana",
        "ref": "GR13",
        "route_marker": "direction",
        "tourism": "information"
      },
      "geometry": {
        "type": "Point",
        "coordinates": [
          -8.7766673,
          37.1409588
        ]
      },
      "id": "node/3411088348"
    },
    {
      "type": "Feature",
      "properties": {
        "@id": "node/3411088349",
        "hiking": "yes",
        "information": "guidepost",
        "name": "GR13 Via Algarviana",
        "ref": "GR13",
        "route_marker": "confidence",
        "tourism": "information"
      },
      "geometry": {
        "type": "Point",
        "coordinates": [
          -8.7682296,
          37.1413282
        ]
      },
      "id": "node/3411088349"
    },
    {
      "type": "Feature",
      "properties": {
        "@id": "node/3411088350",
        "hiking": "yes",
        "information": "guidepost",
        "name": "GR13 Via Algarviana",
        "ref": "GR13",
        "route_marker": "confidence",
        "tourism": "information"
      },
      "geometry": {
        "type": "Point",
        "coordinates": [
          -8.7711652,
          37.1413643
        ]
      },
      "id": "node/3411088350"
    },
    {
      "type": "Feature",
      "properties": {
        "@id": "node/3411088351",
        "attached_to": "mast",
        "hiking": "yes",
        "information": "guidepost",
        "name": "GR13 Via Algarviana",
        "ref": "GR13",
        "route_marker": "direction",
        "tourism": "information"
      },
      "geometry": {
        "type": "Point",
        "coordinates": [
          -8.7713234,
          37.1414112
        ]
      },
      "id": "node/3411088351"
    },
    {
      "type": "Feature",
      "properties": {
        "@id": "node/3411088352",
        "attached_to": "mast",
        "hiking": "yes",
        "information": "guidepost",
        "name": "GR13 Via Algarviana",
        "ref": "GR13",
        "route_marker": "direction",
        "tourism": "information"
      },
      "geometry": {
        "type": "Point",
        "coordinates": [
          -8.7688137,
          37.1414154
        ]
      },
      "id": "node/3411088352"
    },
    {
      "type": "Feature",
      "properties": {
        "@id": "node/3411088353",
        "attached_to": "mast",
        "hiking": "yes",
        "information": "guidepost",
        "name": "GR13 Via Algarviana",
        "ref": "GR13",
        "route_marker": "direction",
        "tourism": "information"
      },
      "geometry": {
        "type": "Point",
        "coordinates": [
          -8.7714834,
          37.1414902
        ]
      },
      "id": "node/3411088353"
    },
    {
      "type": "Feature",
      "properties": {
        "@id": "node/3411088354",
        "attached_to": "mast",
        "hiking": "yes",
        "information": "guidepost",
        "name": "GR13 Via Algarviana",
        "ref": "GR13",
        "route_marker": "direction",
        "tourism": "information"
      },
      "geometry": {
        "type": "Point",
        "coordinates": [
          -8.7718496,
          37.1415818
        ]
      },
      "id": "node/3411088354"
    },
    {
      "type": "Feature",
      "properties": {
        "@id": "node/3411088355",
        "attached_to": "mast",
        "hiking": "yes",
        "information": "guidepost",
        "name": "GR13 Via Algarviana",
        "ref": "GR13",
        "route_marker": "direction",
        "tourism": "information"
      },
      "geometry": {
        "type": "Point",
        "coordinates": [
          -8.7680501,
          37.1415898
        ]
      },
      "id": "node/3411088355"
    },
    {
      "type": "Feature",
      "properties": {
        "@id": "node/3411088356",
        "attached_to": "pole",
        "hiking": "yes",
        "information": "guidepost",
        "name": "GR13 Via Algarviana",
        "ref": "GR13",
        "route_marker": "direction",
        "tourism": "information"
      },
      "geometry": {
        "type": "Point",
        "coordinates": [
          -8.7624191,
          37.1416994
        ]
      },
      "id": "node/3411088356"
    },
    {
      "type": "Feature",
      "properties": {
        "@id": "node/3411088357",
        "hiking": "yes",
        "information": "guidepost",
        "name": "GR13 Via Algarviana",
        "ref": "GR13",
        "route_marker": "direction",
        "tourism": "information"
      },
      "geometry": {
        "type": "Point",
        "coordinates": [
          -8.7626725,
          37.1419928
        ]
      },
      "id": "node/3411088357"
    },
    {
      "type": "Feature",
      "properties": {
        "@id": "node/3411088358",
        "attached_to": "pole",
        "hiking": "yes",
        "information": "guidepost",
        "name": "GR13 Via Algarviana",
        "ref": "GR13",
        "route_marker": "confidence",
        "tourism": "information"
      },
      "geometry": {
        "type": "Point",
        "coordinates": [
          -8.7594085,
          37.1422756
        ]
      },
      "id": "node/3411088358"
    },
    {
      "type": "Feature",
      "properties": {
        "@id": "node/3411088359",
        "hiking": "yes",
        "information": "guidepost",
        "name": "GR13 Via Algarviana",
        "ref": "GR13",
        "route_marker": "confidence",
        "tourism": "information"
      },
      "geometry": {
        "type": "Point",
        "coordinates": [
          -8.7662457,
          37.1426316
        ]
      },
      "id": "node/3411088359"
    },
    {
      "type": "Feature",
      "properties": {
        "@id": "node/3411088360",
        "hiking": "yes",
        "information": "guidepost",
        "name": "GR13 Via Algarviana",
        "ref": "GR13",
        "route_marker": "confidence",
        "tourism": "information"
      },
      "geometry": {
        "type": "Point",
        "coordinates": [
          -8.758158,
          37.1427175
        ]
      },
      "id": "node/3411088360"
    },
    {
      "type": "Feature",
      "properties": {
        "@id": "node/3411088361",
        "attached_to": "wall",
        "hiking": "yes",
        "information": "guidepost",
        "name": "GR13 Via Algarviana",
        "ref": "GR13",
        "route_marker": "confidence",
        "tourism": "information"
      },
      "geometry": {
        "type": "Point",
        "coordinates": [
          -8.7572031,
          37.1429368
        ]
      },
      "id": "node/3411088361"
    },
    {
      "type": "Feature",
      "properties": {
        "@id": "node/3411088362",
        "hiking": "yes",
        "information": "guidepost",
        "name": "GR13 Via Algarviana",
        "ref": "GR13",
        "route_marker": "direction",
        "tourism": "information"
      },
      "geometry": {
        "type": "Point",
        "coordinates": [
          -8.7550608,
          37.1429571
        ]
      },
      "id": "node/3411088362"
    },
    {
      "type": "Feature",
      "properties": {
        "@id": "node/3411088363",
        "hiking": "yes",
        "information": "guidepost",
        "name": "GR13 Via Algarviana",
        "ref": "GR13",
        "route_marker": "direction",
        "tourism": "information"
      },
      "geometry": {
        "type": "Point",
        "coordinates": [
          -8.7641858,
          37.1437266
        ]
      },
      "id": "node/3411088363"
    },
    {
      "type": "Feature",
      "properties": {
        "@id": "node/3411088364",
        "hiking": "yes",
        "information": "guidepost",
        "name": "GR13 Via Algarviana",
        "ref": "GR13",
        "route_marker": "direction",
        "tourism": "information"
      },
      "geometry": {
        "type": "Point",
        "coordinates": [
          -8.7645202,
          37.1438694
        ]
      },
      "id": "node/3411088364"
    },
    {
      "type": "Feature",
      "properties": {
        "@id": "node/3411088365",
        "hiking": "yes",
        "information": "guidepost",
        "name": "GR13 Via Algarviana",
        "ref": "GR13",
        "route_marker": "direction",
        "tourism": "information"
      },
      "geometry": {
        "type": "Point",
        "coordinates": [
          -8.7536551,
          37.1440004
        ]
      },
      "id": "node/3411088365"
    },
    {
      "type": "Feature",
      "properties": {
        "@id": "node/3411088366",
        "hiking": "yes",
        "information": "guidepost",
        "name": "GR13 Via Algarviana",
        "ref": "GR13",
        "route_marker": "direction",
        "tourism": "information"
      },
      "geometry": {
        "type": "Point",
        "coordinates": [
          -8.7546589,
          37.145074
        ]
      },
      "id": "node/3411088366"
    },
    {
      "type": "Feature",
      "properties": {
        "@id": "node/3411088367",
        "hiking": "yes",
        "information": "guidepost",
        "name": "GR13 Via Algarviana",
        "ref": "GR13",
        "route_marker": "direction",
        "tourism": "information"
      },
      "geometry": {
        "type": "Point",
        "coordinates": [
          -8.7546828,
          37.1454378
        ]
      },
      "id": "node/3411088367"
    },
    {
      "type": "Feature",
      "properties": {
        "@id": "node/3411088368",
        "hiking": "yes",
        "information": "guidepost",
        "name": "GR13 Via Algarviana",
        "ref": "GR13",
        "route_marker": "confidence",
        "tourism": "information"
      },
      "geometry": {
        "type": "Point",
        "coordinates": [
          -8.7527567,
          37.1469776
        ]
      },
      "id": "node/3411088368"
    },
    {
      "type": "Feature",
      "properties": {
        "@id": "node/3411088369",
        "hiking": "yes",
        "information": "guidepost",
        "name": "GR13 Via Algarviana",
        "ref": "GR13",
        "route_marker": "direction",
        "tourism": "information"
      },
      "geometry": {
        "type": "Point",
        "coordinates": [
          -8.7523634,
          37.1474104
        ]
      },
      "id": "node/3411088369"
    },
    {
      "type": "Feature",
      "properties": {
        "@id": "node/3411088845",
        "attached_to": "pole",
        "guide_type": "intermediary",
        "height": "0.5",
        "hiking": "yes",
        "information": "guidepost",
        "location": "pole",
        "name": "GR13 Wrong way",
        "ref": "GR13",
        "route_marker": "direction_no",
        "tourism": "information"
      },
      "geometry": {
        "type": "Point",
        "coordinates": [
          -8.7714097,
          37.141252
        ]
      },
      "id": "node/3411088845"
    },
    {
      "type": "Feature",
      "properties": {
        "@id": "node/3411088846",
        "attached_to": "pole",
        "guide_type": "intermediary",
        "height": "0.5",
        "hiking": "yes",
        "information": "guidepost",
        "location": "pole",
        "name": "GR13 Wrong way",
        "ref": "GR13",
        "route_marker": "direction_no",
        "tourism": "information"
      },
      "geometry": {
        "type": "Point",
        "coordinates": [
          -8.7716652,
          37.1417246
        ]
      },
      "id": "node/3411088846"
    },
    {
      "type": "Feature",
      "properties": {
        "@id": "node/3411088847",
        "attached_to": "pole",
        "guide_type": "intermediary",
        "height": "0.5",
        "hiking": "yes",
        "information": "guidepost",
        "location": "pole",
        "name": "GR13 Wrong way",
        "ref": "GR13",
        "route_marker": "direction_no",
        "tourism": "information"
      },
      "geometry": {
        "type": "Point",
        "coordinates": [
          -8.7600451,
          37.1422747
        ]
      },
      "id": "node/3411088847"
    },
    {
      "type": "Feature",
      "properties": {
        "@id": "node/3411088848",
        "attached_to": "pole",
        "guide_type": "intermediary",
        "height": "0.5",
        "hiking": "yes",
        "information": "guidepost",
        "location": "pole",
        "name": "GR13 Wrong way",
        "ref": "GR13",
        "route_marker": "direction_no",
        "tourism": "information"
      },
      "geometry": {
        "type": "Point",
        "coordinates": [
          -8.7577671,
          37.1430507
        ]
      },
      "id": "node/3411088848"
    },
    {
      "type": "Feature",
      "properties": {
        "@id": "node/3411088849",
        "attached_to": "pole",
        "guide_type": "intermediary",
        "height": "0.5",
        "hiking": "yes",
        "information": "guidepost",
        "location": "pole",
        "name": "GR13 Wrong way",
        "ref": "GR13",
        "route_marker": "direction_no",
        "tourism": "information"
      },
      "geometry": {
        "type": "Point",
        "coordinates": [
          -8.764469,
          37.1440497
        ]
      },
      "id": "node/3411088849"
    },
    {
      "type": "Feature",
      "properties": {
        "@id": "node/3411088850",
        "attached_to": "pole",
        "guide_type": "intermediary",
        "height": "0.5",
        "hiking": "yes",
        "information": "guidepost",
        "location": "pole",
        "name": "GR13 Wrong way",
        "ref": "GR13",
        "route_marker": "direction_no",
        "tourism": "information"
      },
      "geometry": {
        "type": "Point",
        "coordinates": [
          -8.7545856,
          37.1453368
        ]
      },
      "id": "node/3411088850"
    },
    {
      "type": "Feature",
      "properties": {
        "@id": "node/3411088851",
        "attached_to": "pole",
        "guide_type": "intermediary",
        "height": "0.5",
        "hiking": "yes",
        "information": "guidepost",
        "location": "pole",
        "name": "GR13 Wrong way",
        "ref": "GR13",
        "route_marker": "direction_no",
        "tourism": "information"
      },
      "geometry": {
        "type": "Point",
        "coordinates": [
          -8.7549552,
          37.1453476
        ]
      },
      "id": "node/3411088851"
    },
    {
      "type": "Feature",
      "properties": {
        "@id": "node/3411088852",
        "attached_to": "pole",
        "guide_type": "intermediary",
        "height": "0.5",
        "hiking": "yes",
        "information": "guidepost",
        "location": "pole",
        "name": "GR13 Wrong way",
        "ref": "GR13",
        "route_marker": "direction_no",
        "tourism": "information"
      },
      "geometry": {
        "type": "Point",
        "coordinates": [
          -8.754913,
          37.1454435
        ]
      },
      "id": "node/3411088852"
    },
    {
      "type": "Feature",
      "properties": {
        "@id": "node/3411289610",
        "hiking": "yes",
        "information": "guidepost",
        "name": "GR13 Via Algarviana",
        "ref": "GR13",
        "route_marker": "direction",
        "tourism": "information"
      },
      "geometry": {
        "type": "Point",
        "coordinates": [
          -8.7480875,
          37.1428281
        ]
      },
      "id": "node/3411289610"
    },
    {
      "type": "Feature",
      "properties": {
        "@id": "node/3411289611",
        "hiking": "yes",
        "information": "guidepost",
        "name": "GR13 Via Algarviana",
        "ref": "GR13",
        "route_marker": "direction",
        "tourism": "information"
      },
      "geometry": {
        "type": "Point",
        "coordinates": [
          -8.7476862,
          37.1428522
        ]
      },
      "id": "node/3411289611"
    },
    {
      "type": "Feature",
      "properties": {
        "@id": "node/3411289612",
        "hiking": "yes",
        "information": "guidepost",
        "name": "GR13 Via Algarviana",
        "ref": "GR13",
        "route_marker": "confidence",
        "tourism": "information"
      },
      "geometry": {
        "type": "Point",
        "coordinates": [
          -8.7469357,
          37.1437049
        ]
      },
      "id": "node/3411289612"
    },
    {
      "type": "Feature",
      "properties": {
        "@id": "node/3411289613",
        "hiking": "yes",
        "information": "guidepost",
        "name": "GR13 Via Algarviana",
        "ref": "GR13",
        "route_marker": "confidence",
        "tourism": "information"
      },
      "geometry": {
        "type": "Point",
        "coordinates": [
          -8.7498874,
          37.1448013
        ]
      },
      "id": "node/3411289613"
    },
    {
      "type": "Feature",
      "properties": {
        "@id": "node/3411289614",
        "hiking": "yes",
        "information": "guidepost",
        "name": "GR13 Via Algarviana",
        "ref": "GR13",
        "route_marker": "confidence",
        "tourism": "information"
      },
      "geometry": {
        "type": "Point",
        "coordinates": [
          -8.745709,
          37.1451312
        ]
      },
      "id": "node/3411289614"
    },
    {
      "type": "Feature",
      "properties": {
        "@id": "node/3411289615",
        "hiking": "yes",
        "information": "guidepost",
        "name": "GR13 Via Algarviana",
        "ref": "GR13",
        "route_marker": "confidence",
        "tourism": "information"
      },
      "geometry": {
        "type": "Point",
        "coordinates": [
          -8.7517819,
          37.1468361
        ]
      },
      "id": "node/3411289615"
    },
    {
      "type": "Feature",
      "properties": {
        "@id": "node/3411289616",
        "attached_to": "pole",
        "hiking": "yes",
        "information": "guidepost",
        "name": "GR13 Via Algarviana",
        "ref": "GR13",
        "route_marker": "confidence",
        "tourism": "information"
      },
      "geometry": {
        "type": "Point",
        "coordinates": [
          -8.7448422,
          37.1470322
        ]
      },
      "id": "node/3411289616"
    },
    {
      "type": "Feature",
      "properties": {
        "@id": "node/3411289617",
        "attached_to": "boulder",
        "hiking": "yes",
        "information": "guidepost",
        "material": "plastic",
        "name": "GR13 Via Algarviana",
        "ref": "GR13",
        "route_marker": "confidence",
        "tourism": "information"
      },
      "geometry": {
        "type": "Point",
        "coordinates": [
          -8.7447384,
          37.1471937
        ]
      },
      "id": "node/3411289617"
    },
    {
      "type": "Feature",
      "properties": {
        "@id": "node/3411289618",
        "hiking": "yes",
        "information": "guidepost",
        "name": "GR13 Via Algarviana",
        "ref": "GR13",
        "route_marker": "confidence",
        "tourism": "information"
      },
      "geometry": {
        "type": "Point",
        "coordinates": [
          -8.7525199,
          37.1474648
        ]
      },
      "id": "node/3411289618"
    },
    {
      "type": "Feature",
      "properties": {
        "@id": "node/3411289619",
        "attached_to": "boulder",
        "hiking": "yes",
        "information": "guidepost",
        "material": "plastic",
        "name": "GR13 Via Algarviana",
        "ref": "GR13",
        "route_marker": "confidence",
        "tourism": "information"
      },
      "geometry": {
        "type": "Point",
        "coordinates": [
          -8.7443402,
          37.1482959
        ]
      },
      "id": "node/3411289619"
    },
    {
      "type": "Feature",
      "properties": {
        "@id": "node/3411289620",
        "hiking": "yes",
        "information": "guidepost",
        "name": "GR13 Via Algarviana",
        "ref": "GR13",
        "route_marker": "direction",
        "tourism": "information"
      },
      "geometry": {
        "type": "Point",
        "coordinates": [
          -8.7423993,
          37.1495936
        ]
      },
      "id": "node/3411289620"
    },
    {
      "type": "Feature",
      "properties": {
        "@id": "node/3411289621",
        "attached_to": "pole",
        "hiking": "yes",
        "information": "guidepost",
        "name": "GR13 Via Algarviana",
        "ref": "GR13",
        "route_marker": "direction",
        "tourism": "information"
      },
      "geometry": {
        "type": "Point",
        "coordinates": [
          -8.741756,
          37.1499259
        ]
      },
      "id": "node/3411289621"
    },
    {
      "type": "Feature",
      "properties": {
        "@id": "node/3411289622",
        "attached_to": "pole",
        "hiking": "yes",
        "information": "guidepost",
        "material": "paint",
        "name": "GR13 Via Algarviana",
        "ref": "GR13",
        "route_marker": "direction",
        "tourism": "information"
      },
      "geometry": {
        "type": "Point",
        "coordinates": [
          -8.741401,
          37.1502229
        ]
      },
      "id": "node/3411289622"
    },
    {
      "type": "Feature",
      "properties": {
        "@id": "node/3411289623",
        "attached_to": "rock",
        "hiking": "yes",
        "information": "guidepost",
        "name": "GR13 Via Algarviana",
        "ref": "GR13",
        "route_marker": "confidence",
        "tourism": "information"
      },
      "geometry": {
        "type": "Point",
        "coordinates": [
          -8.7405387,
          37.150684
        ]
      },
      "id": "node/3411289623"
    },
    {
      "type": "Feature",
      "properties": {
        "@id": "node/3411289624",
        "attached_to": "mast",
        "hiking": "yes",
        "information": "guidepost",
        "name": "GR13 Via Algarviana",
        "ref": "GR13",
        "route_marker": "confidence",
        "tourism": "information"
      },
      "geometry": {
        "type": "Point",
        "coordinates": [
          -8.7399718,
          37.1509214
        ]
      },
      "id": "node/3411289624"
    },
    {
      "type": "Feature",
      "properties": {
        "@id": "node/3411289625",
        "hiking": "yes",
        "information": "guidepost",
        "name": "GR13 Via Algarviana",
        "ref": "GR13",
        "route_marker": "direction",
        "tourism": "information"
      },
      "geometry": {
        "type": "Point",
        "coordinates": [
          -8.7390741,
          37.1511701
        ]
      },
      "id": "node/3411289625"
    },
    {
      "type": "Feature",
      "properties": {
        "@id": "node/3411289626",
        "hiking": "yes",
        "information": "guidepost",
        "name": "GR13 Via Algarviana",
        "ref": "GR13",
        "route_marker": "direction",
        "tourism": "information"
      },
      "geometry": {
        "type": "Point",
        "coordinates": [
          -8.7387964,
          37.1512423
        ]
      },
      "id": "node/3411289626"
    },
    {
      "type": "Feature",
      "properties": {
        "@id": "node/3411289632",
        "attached_to": "pole",
        "guide_type": "intermediary",
        "height": "0.5",
        "hiking": "yes",
        "information": "guidepost",
        "location": "pole",
        "name": "GR13 Wrong way",
        "ref": "GR13",
        "route_marker": "direction_no",
        "tourism": "information"
      },
      "geometry": {
        "type": "Point",
        "coordinates": [
          -8.7479501,
          37.1426264
        ]
      },
      "id": "node/3411289632"
    },
    {
      "type": "Feature",
      "properties": {
        "@id": "node/3411289633",
        "attached_to": "pole",
        "guide_type": "intermediary",
        "height": "0.5",
        "hiking": "yes",
        "information": "guidepost",
        "location": "pole",
        "name": "GR13 Wrong way",
        "ref": "GR13",
        "route_marker": "direction_no",
        "tourism": "information"
      },
      "geometry": {
        "type": "Point",
        "coordinates": [
          -8.7449205,
          37.1470528
        ]
      },
      "id": "node/3411289633"
    },
    {
      "type": "Feature",
      "properties": {
        "@id": "node/3411289634",
        "attached_to": "pole",
        "guide_type": "intermediary",
        "height": "0.5",
        "hiking": "yes",
        "information": "guidepost",
        "location": "pole",
        "name": "GR13 Wrong way",
        "ref": "GR13",
        "route_marker": "direction_no",
        "tourism": "information"
      },
      "geometry": {
        "type": "Point",
        "coordinates": [
          -8.7406672,
          37.1505009
        ]
      },
      "id": "node/3411289634"
    },
    {
      "type": "Feature",
      "properties": {
        "@id": "node/3414776502",
        "hiking": "yes",
        "information": "map",
        "name": "GR13 Via Algarviana Bensafrim to Vila do Bispo",
        "tourism": "information"
      },
      "geometry": {
        "type": "Point",
        "coordinates": [
          -8.7369968,
          37.1558823
        ]
      },
      "id": "node/3414776502"
    },
    {
      "type": "Feature",
      "properties": {
        "@id": "node/3414776503",
        "hiking": "yes",
        "information": "guidepost",
        "name": "GR13 Via Algarviana",
        "ref": "GR13",
        "route_marker": "direction",
        "tourism": "information"
      },
      "geometry": {
        "type": "Point",
        "coordinates": [
          -8.7325995,
          37.153673
        ]
      },
      "id": "node/3414776503"
    },
    {
      "type": "Feature",
      "properties": {
        "@id": "node/3414776504",
        "hiking": "yes",
        "information": "guidepost",
        "name": "GR13 Via Algarviana",
        "ref": "GR13",
        "route_marker": "direction",
        "tourism": "information"
      },
      "geometry": {
        "type": "Point",
        "coordinates": [
          -8.7324102,
          37.1538859
        ]
      },
      "id": "node/3414776504"
    },
    {
      "type": "Feature",
      "properties": {
        "@id": "node/3414776505",
        "hiking": "yes",
        "information": "guidepost",
        "name": "GR13 Via Algarviana",
        "ref": "GR13",
        "route_marker": "direction",
        "tourism": "information"
      },
      "geometry": {
        "type": "Point",
        "coordinates": [
          -8.732326,
          37.1539625
        ]
      },
      "id": "node/3414776505"
    },
    {
      "type": "Feature",
      "properties": {
        "@id": "node/3414776506",
        "attached_to": "streetlamp",
        "hiking": "yes",
        "information": "guidepost",
        "name": "GR13 Via Algarviana",
        "ref": "GR13",
        "route_marker": "direction",
        "tourism": "information"
      },
      "geometry": {
        "type": "Point",
        "coordinates": [
          -8.7325449,
          37.1542077
        ]
      },
      "id": "node/3414776506"
    },
    {
      "type": "Feature",
      "properties": {
        "@id": "node/3414776507",
        "attached_to": "streetlamp",
        "hiking": "yes",
        "information": "guidepost",
        "name": "GR13 Via Algarviana",
        "ref": "GR13",
        "route_marker": "confidence",
        "tourism": "information"
      },
      "geometry": {
        "type": "Point",
        "coordinates": [
          -8.7334343,
          37.1551183
        ]
      },
      "id": "node/3414776507"
    },
    {
      "type": "Feature",
      "properties": {
        "@id": "node/3414776508",
        "hiking": "yes",
        "information": "guidepost",
        "name": "GR13 Via Algarviana",
        "ref": "GR13",
        "route_marker": "direction",
        "tourism": "information"
      },
      "geometry": {
        "type": "Point",
        "coordinates": [
          -8.7335915,
          37.15532
        ]
      },
      "id": "node/3414776508"
    },
    {
      "type": "Feature",
      "properties": {
        "@id": "node/3414776509",
        "attached_to": "wall",
        "hiking": "yes",
        "information": "guidepost",
        "material": "paint",
        "name": "GR13 Via Algarviana",
        "ref": "GR13",
        "route_marker": "confidence",
        "tourism": "information"
      },
      "geometry": {
        "type": "Point",
        "coordinates": [
          -8.7354777,
          37.1554663
        ]
      },
      "id": "node/3414776509"
    },
    {
      "type": "Feature",
      "properties": {
        "@id": "node/3414776510",
        "attached_to": "streetlamp",
        "highway": "street_lamp",
        "hiking": "yes",
        "information": "guidepost",
        "material": "paint",
        "name": "GR13 Via Algarviana",
        "ref": "GR13",
        "route_marker": "direction",
        "tourism": "information"
      },
      "geometry": {
        "type": "Point",
        "coordinates": [
          -8.7357365,
          37.1557146
        ]
      },
      "id": "node/3414776510"
    },
    {
      "type": "Feature",
      "properties": {
        "@id": "node/3414776511",
        "hiking": "yes",
        "information": "guidepost",
        "name": "GR13 Via Algarviana",
        "ref": "GR13",
        "route_marker": "direction",
        "tourism": "information"
      },
      "geometry": {
        "type": "Point",
        "coordinates": [
          -8.7341323,
          37.1557202
        ]
      },
      "id": "node/3414776511"
    },
    {
      "type": "Feature",
      "properties": {
        "@id": "node/3414776512",
        "attached_to": "mast",
        "hiking": "yes",
        "information": "guidepost",
        "material": "paint",
        "name": "GR13 Via Algarviana",
        "ref": "GR13",
        "route_marker": "confidence",
        "tourism": "information"
      },
      "geometry": {
        "type": "Point",
        "coordinates": [
          -8.7360107,
          37.1557475
        ]
      },
      "id": "node/3414776512"
    },
    {
      "type": "Feature",
      "properties": {
        "@id": "node/3414776513",
        "attached_to": "streetlamp",
        "highway": "street_lamp",
        "hiking": "yes",
        "information": "guidepost",
        "material": "paint",
        "name": "GR13 Via Algarviana",
        "ref": "GR13",
        "route_marker": "confidence",
        "tourism": "information"
      },
      "geometry": {
        "type": "Point",
        "coordinates": [
          -8.7364256,
          37.1557686
        ]
      },
      "id": "node/3414776513"
    },
    {
      "type": "Feature",
      "properties": {
        "@id": "node/3414776514",
        "attached_to": "mast",
        "hiking": "yes",
        "information": "guidepost",
        "material": "paint",
        "name": "GR13 Via Algarviana",
        "ref": "GR13",
        "route_marker": "confidence",
        "tourism": "information"
      },
      "geometry": {
        "type": "Point",
        "coordinates": [
          -8.7314351,
          37.1557956
        ]
      },
      "id": "node/3414776514"
    },
    {
      "type": "Feature",
      "properties": {
        "@id": "node/3414776515",
        "attached_to": "mast",
        "hiking": "yes",
        "information": "guidepost",
        "material": "paint",
        "name": "GR13 Via Algarviana",
        "ref": "GR13",
        "route_marker": "confidence",
        "tourism": "information"
      },
      "geometry": {
        "type": "Point",
        "coordinates": [
          -8.7320743,
          37.1558071
        ]
      },
      "id": "node/3414776515"
    },
    {
      "type": "Feature",
      "properties": {
        "@id": "node/3414776516",
        "hiking": "yes",
        "information": "guidepost",
        "name": "GR13 Via Algarviana",
        "ref": "GR13",
        "route_marker": "direction",
        "tourism": "information"
      },
      "geometry": {
        "type": "Point",
        "coordinates": [
          -8.7369962,
          37.1558951
        ]
      },
      "id": "node/3414776516"
    },
    {
      "type": "Feature",
      "properties": {
        "@id": "node/3414776517",
        "hiking": "yes",
        "information": "guidepost",
        "name": "GR13 Via Algarviana",
        "ref": "GR13",
        "route_marker": "confidence",
        "tourism": "information"
      },
      "geometry": {
        "type": "Point",
        "coordinates": [
          -8.7308512,
          37.1559041
        ]
      },
      "id": "node/3414776517"
    },
    {
      "type": "Feature",
      "properties": {
        "@id": "node/3414776518",
        "attached_to": "mast",
        "hiking": "yes",
        "information": "guidepost",
        "material": "paint",
        "name": "GR13 Via Algarviana",
        "ref": "GR13",
        "route_marker": "direction",
        "tourism": "information"
      },
      "geometry": {
        "type": "Point",
        "coordinates": [
          -8.7332922,
          37.155941
        ]
      },
      "id": "node/3414776518"
    },
    {
      "type": "Feature",
      "properties": {
        "@id": "node/3414776519",
        "attached_to": "mast",
        "hiking": "yes",
        "information": "guidepost",
        "material": "paint",
        "name": "GR13 Via Algarviana",
        "ref": "GR13",
        "route_marker": "direction",
        "tourism": "information"
      },
      "geometry": {
        "type": "Point",
        "coordinates": [
          -8.7335523,
          37.1559421
        ]
      },
      "id": "node/3414776519"
    },
    {
      "type": "Feature",
      "properties": {
        "@id": "node/3414776520",
        "attached_to": "streetlamp",
        "highway": "street_lamp",
        "hiking": "yes",
        "information": "guidepost",
        "material": "paint",
        "name": "GR13 Via Algarviana",
        "ref": "GR13",
        "route_marker": "confidence",
        "tourism": "information"
      },
      "geometry": {
        "type": "Point",
        "coordinates": [
          -8.7358183,
          37.1559489
        ]
      },
      "id": "node/3414776520"
    },
    {
      "type": "Feature",
      "properties": {
        "@id": "node/3414776521",
        "attached_to": "mast",
        "hiking": "yes",
        "information": "guidepost",
        "material": "paint",
        "name": "GR13 Via Algarviana",
        "ref": "GR13",
        "route_marker": "confidence",
        "tourism": "information"
      },
      "geometry": {
        "type": "Point",
        "coordinates": [
          -8.7350553,
          37.1559676
        ]
      },
      "id": "node/3414776521"
    },
    {
      "type": "Feature",
      "properties": {
        "@id": "node/3414776522",
        "attached_to": "streetlamp",
        "highway": "street_lamp",
        "hiking": "yes",
        "information": "guidepost",
        "material": "paint",
        "name": "GR13 Via Algarviana",
        "ref": "GR13",
        "route_marker": "confidence",
        "tourism": "information"
      },
      "geometry": {
        "type": "Point",
        "coordinates": [
          -8.736746,
          37.1559714
        ]
      },
      "id": "node/3414776522"
    },
    {
      "type": "Feature",
      "properties": {
        "@id": "node/3414776523",
        "attached_to": "mast",
        "hiking": "yes",
        "information": "guidepost",
        "material": "paint",
        "name": "GR13 Via Algarviana",
        "ref": "GR13",
        "route_marker": "confidence",
        "tourism": "information"
      },
      "geometry": {
        "type": "Point",
        "coordinates": [
          -8.7326356,
          37.1559764
        ]
      },
      "id": "node/3414776523"
    },
    {
      "type": "Feature",
      "properties": {
        "@id": "node/3414776524",
        "attached_to": "house",
        "hiking": "yes",
        "information": "guidepost",
        "material": "paint",
        "name": "GR13 Via Algarviana",
        "ref": "GR13",
        "route_marker": "confidence",
        "tourism": "information"
      },
      "geometry": {
        "type": "Point",
        "coordinates": [
          -8.7347091,
          37.1559977
        ]
      },
      "id": "node/3414776524"
    },
    {
      "type": "Feature",
      "properties": {
        "@id": "node/3414776525",
        "attached_to": "mast",
        "hiking": "yes",
        "information": "guidepost",
        "material": "plastic",
        "name": "GR13 Via Algarviana",
        "ref": "GR13",
        "route_marker": "direction",
        "tourism": "information"
      },
      "geometry": {
        "type": "Point",
        "coordinates": [
          -8.7327959,
          37.1560226
        ]
      },
      "id": "node/3414776525"
    },
    {
      "type": "Feature",
      "properties": {
        "@id": "node/3414776526",
        "hiking": "yes",
        "information": "guidepost",
        "name": "GR13 Via Algarviana",
        "ref": "GR13",
        "route_marker": "confidence",
        "tourism": "information"
      },
      "geometry": {
        "type": "Point",
        "coordinates": [
          -8.7278334,
          37.1570862
        ]
      },
      "id": "node/3414776526"
    },
    {
      "type": "Feature",
      "properties": {
        "@id": "node/3414776527",
        "hiking": "yes",
        "information": "guidepost",
        "name": "GR13 Via Algarviana",
        "ref": "GR13",
        "route_marker": "confidence",
        "tourism": "information"
      },
      "geometry": {
        "type": "Point",
        "coordinates": [
          -8.7248246,
          37.1573173
        ]
      },
      "id": "node/3414776527"
    },
    {
      "type": "Feature",
      "properties": {
        "@id": "node/3414776528",
        "hiking": "yes",
        "information": "guidepost",
        "name": "GR13 Via Algarviana",
        "ref": "GR13",
        "route_marker": "direction",
        "tourism": "information"
      },
      "geometry": {
        "type": "Point",
        "coordinates": [
          -8.7213614,
          37.157597
        ]
      },
      "id": "node/3414776528"
    },
    {
      "type": "Feature",
      "properties": {
        "@id": "node/3414776529",
        "hiking": "yes",
        "information": "guidepost",
        "name": "GR13 Via Algarviana",
        "ref": "GR13",
        "route_marker": "confidence",
        "tourism": "information"
      },
      "geometry": {
        "type": "Point",
        "coordinates": [
          -8.7157662,
          37.1595386
        ]
      },
      "id": "node/3414776529"
    },
    {
      "type": "Feature",
      "properties": {
        "@id": "node/3414776530",
        "hiking": "yes",
        "information": "guidepost",
        "name": "GR13 Via Algarviana",
        "ref": "GR13",
        "route_marker": "confidence",
        "tourism": "information"
      },
      "geometry": {
        "type": "Point",
        "coordinates": [
          -8.7143649,
          37.1600448
        ]
      },
      "id": "node/3414776530"
    },
    {
      "type": "Feature",
      "properties": {
        "@id": "node/3414776531",
        "hiking": "yes",
        "information": "guidepost",
        "name": "GR13 Via Algarviana",
        "ref": "GR13",
        "route_marker": "confidence",
        "tourism": "information"
      },
      "geometry": {
        "type": "Point",
        "coordinates": [
          -8.7139383,
          37.1608748
        ]
      },
      "id": "node/3414776531"
    },
    {
      "type": "Feature",
      "properties": {
        "@id": "node/3414776532",
        "hiking": "yes",
        "information": "guidepost",
        "name": "GR13 Via Algarviana",
        "ref": "GR13",
        "route_marker": "confidence",
        "tourism": "information"
      },
      "geometry": {
        "type": "Point",
        "coordinates": [
          -8.7142265,
          37.1618351
        ]
      },
      "id": "node/3414776532"
    },
    {
      "type": "Feature",
      "properties": {
        "@id": "node/3414776533",
        "hiking": "yes",
        "information": "guidepost",
        "name": "GR13 Via Algarviana",
        "ref": "GR13",
        "route_marker": "confidence",
        "tourism": "information"
      },
      "geometry": {
        "type": "Point",
        "coordinates": [
          -8.7141183,
          37.162621
        ]
      },
      "id": "node/3414776533"
    },
    {
      "type": "Feature",
      "properties": {
        "@id": "node/3414776534",
        "hiking": "yes",
        "information": "guidepost",
        "name": "GR13 Via Algarviana",
        "ref": "GR13",
        "route_marker": "confidence",
        "tourism": "information"
      },
      "geometry": {
        "type": "Point",
        "coordinates": [
          -8.7139226,
          37.16345
        ]
      },
      "id": "node/3414776534"
    },
    {
      "type": "Feature",
      "properties": {
        "@id": "node/3414776535",
        "hiking": "yes",
        "information": "guidepost",
        "name": "GR13 Via Algarviana",
        "ref": "GR13",
        "route_marker": "confidence",
        "tourism": "information"
      },
      "geometry": {
        "type": "Point",
        "coordinates": [
          -8.7134711,
          37.1662569
        ]
      },
      "id": "node/3414776535"
    },
    {
      "type": "Feature",
      "properties": {
        "@id": "node/3414776536",
        "hiking": "yes",
        "information": "guidepost",
        "name": "GR13 Via Algarviana",
        "ref": "GR13",
        "route_marker": "confidence",
        "tourism": "information"
      },
      "geometry": {
        "type": "Point",
        "coordinates": [
          -8.7140602,
          37.1675999
        ]
      },
      "id": "node/3414776536"
    },
    {
      "type": "Feature",
      "properties": {
        "@id": "node/3414776537",
        "hiking": "yes",
        "information": "guidepost",
        "name": "GR13 Via Algarviana",
        "ref": "GR13",
        "route_marker": "confidence",
        "tourism": "information"
      },
      "geometry": {
        "type": "Point",
        "coordinates": [
          -8.7150227,
          37.1688488
        ]
      },
      "id": "node/3414776537"
    },
    {
      "type": "Feature",
      "properties": {
        "@id": "node/3414776538",
        "hiking": "yes",
        "information": "guidepost",
        "name": "GR13 Via Algarviana",
        "ref": "GR13",
        "route_marker": "confidence",
        "tourism": "information"
      },
      "geometry": {
        "type": "Point",
        "coordinates": [
          -8.7152826,
          37.1691049
        ]
      },
      "id": "node/3414776538"
    },
    {
      "type": "Feature",
      "properties": {
        "@id": "node/3414776539",
        "hiking": "yes",
        "information": "guidepost",
        "name": "GR13 Via Algarviana",
        "ref": "GR13",
        "route_marker": "confidence",
        "tourism": "information"
      },
      "geometry": {
        "type": "Point",
        "coordinates": [
          -8.7170246,
          37.1702786
        ]
      },
      "id": "node/3414776539"
    },
    {
      "type": "Feature",
      "properties": {
        "@id": "node/3414776540",
        "hiking": "yes",
        "information": "guidepost",
        "name": "GR13 Via Algarviana",
        "ref": "GR13",
        "route_marker": "confidence",
        "tourism": "information"
      },
      "geometry": {
        "type": "Point",
        "coordinates": [
          -8.7176269,
          37.1705456
        ]
      },
      "id": "node/3414776540"
    },
    {
      "type": "Feature",
      "properties": {
        "@id": "node/3414776541",
        "hiking": "yes",
        "information": "guidepost",
        "name": "GR13 Via Algarviana",
        "ref": "GR13",
        "route_marker": "confidence",
        "tourism": "information"
      },
      "geometry": {
        "type": "Point",
        "coordinates": [
          -8.7192222,
          37.1721191
        ]
      },
      "id": "node/3414776541"
    },
    {
      "type": "Feature",
      "properties": {
        "@id": "node/3414776542",
        "hiking": "yes",
        "information": "guidepost",
        "name": "GR13 Via Algarviana",
        "ref": "GR13",
        "route_marker": "confidence",
        "tourism": "information"
      },
      "geometry": {
        "type": "Point",
        "coordinates": [
          -8.7197448,
          37.172756
        ]
      },
      "id": "node/3414776542"
    },
    {
      "type": "Feature",
      "properties": {
        "@id": "node/3414776543",
        "hiking": "yes",
        "information": "guidepost",
        "name": "GR13 Via Algarviana",
        "ref": "GR13",
        "route_marker": "confidence",
        "tourism": "information"
      },
      "geometry": {
        "type": "Point",
        "coordinates": [
          -8.7232868,
          37.1751303
        ]
      },
      "id": "node/3414776543"
    },
    {
      "type": "Feature",
      "properties": {
        "@id": "node/3414776544",
        "hiking": "yes",
        "information": "guidepost",
        "name": "GR13 Via Algarviana",
        "ref": "GR13",
        "route_marker": "confidence",
        "tourism": "information"
      },
      "geometry": {
        "type": "Point",
        "coordinates": [
          -8.7237785,
          37.1760013
        ]
      },
      "id": "node/3414776544"
    },
    {
      "type": "Feature",
      "properties": {
        "@id": "node/3414776545",
        "hiking": "yes",
        "information": "guidepost",
        "name": "GR13 Via Algarviana",
        "ref": "GR13",
        "route_marker": "confidence",
        "tourism": "information"
      },
      "geometry": {
        "type": "Point",
        "coordinates": [
          -8.7247003,
          37.176902
        ]
      },
      "id": "node/3414776545"
    },
    {
      "type": "Feature",
      "properties": {
        "@id": "node/3414776755",
        "attached_to": "pole",
        "guide_type": "intermediary",
        "height": "0.5",
        "hiking": "yes",
        "information": "guidepost",
        "location": "pole",
        "name": "GR13 Wrong way",
        "ref": "GR13",
        "route_marker": "direction_no",
        "tourism": "information"
      },
      "geometry": {
        "type": "Point",
        "coordinates": [
          -8.7141359,
          37.160207
        ]
      },
      "id": "node/3414776755"
    },
    {
      "type": "Feature",
      "properties": {
        "@id": "node/3414776756",
        "attached_to": "pole",
        "guide_type": "intermediary",
        "height": "0.5",
        "hiking": "yes",
        "information": "guidepost",
        "location": "pole",
        "name": "GR13 Wrong way",
        "ref": "GR13",
        "route_marker": "direction_no",
        "tourism": "information"
      },
      "geometry": {
        "type": "Point",
        "coordinates": [
          -8.7139375,
          37.1605567
        ]
      },
      "id": "node/3414776756"
    },
    {
      "type": "Feature",
      "properties": {
        "@id": "node/3414776757",
        "attached_to": "pole",
        "guide_type": "intermediary",
        "height": "0.5",
        "hiking": "yes",
        "information": "guidepost",
        "location": "pole",
        "name": "GR13 Wrong way",
        "ref": "GR13",
        "route_marker": "direction_no",
        "tourism": "information"
      },
      "geometry": {
        "type": "Point",
        "coordinates": [
          -8.7144891,
          37.1619468
        ]
      },
      "id": "node/3414776757"
    },
    {
      "type": "Feature",
      "properties": {
        "@id": "node/3414776758",
        "attached_to": "pole",
        "guide_type": "intermediary",
        "height": "0.5",
        "hiking": "yes",
        "information": "guidepost",
        "location": "pole",
        "name": "GR13 Wrong way",
        "ref": "GR13",
        "route_marker": "direction_no",
        "tourism": "information"
      },
      "geometry": {
        "type": "Point",
        "coordinates": [
          -8.7145947,
          37.1623214
        ]
      },
      "id": "node/3414776758"
    },
    {
      "type": "Feature",
      "properties": {
        "@id": "node/3414776759",
        "attached_to": "pole",
        "guide_type": "intermediary",
        "height": "0.5",
        "hiking": "yes",
        "information": "guidepost",
        "location": "pole",
        "name": "GR13 Wrong way",
        "ref": "GR13",
        "route_marker": "direction_no",
        "tourism": "information"
      },
      "geometry": {
        "type": "Point",
        "coordinates": [
          -8.7136298,
          37.1671473
        ]
      },
      "id": "node/3414776759"
    },
    {
      "type": "Feature",
      "properties": {
        "@id": "node/3414776760",
        "attached_to": "pole",
        "guide_type": "intermediary",
        "height": "0.5",
        "hiking": "yes",
        "information": "guidepost",
        "location": "pole",
        "name": "GR13 Wrong way",
        "ref": "GR13",
        "route_marker": "direction_no",
        "tourism": "information"
      },
      "geometry": {
        "type": "Point",
        "coordinates": [
          -8.7152317,
          37.1688719
        ]
      },
      "id": "node/3414776760"
    },
    {
      "type": "Feature",
      "properties": {
        "@id": "node/3414776761",
        "attached_to": "pole",
        "guide_type": "intermediary",
        "height": "0.5",
        "hiking": "yes",
        "information": "guidepost",
        "location": "pole",
        "name": "GR13 Wrong way",
        "ref": "GR13",
        "route_marker": "direction_no",
        "tourism": "information"
      },
      "geometry": {
        "type": "Point",
        "coordinates": [
          -8.7150599,
          37.1690341
        ]
      },
      "id": "node/3414776761"
    },
    {
      "type": "Feature",
      "properties": {
        "@id": "node/3414776762",
        "attached_to": "pole",
        "guide_type": "intermediary",
        "height": "0.5",
        "hiking": "yes",
        "information": "guidepost",
        "location": "pole",
        "name": "GR13 Wrong way",
        "ref": "GR13",
        "route_marker": "direction_no",
        "tourism": "information"
      },
      "geometry": {
        "type": "Point",
        "coordinates": [
          -8.7175471,
          37.170325
        ]
      },
      "id": "node/3414776762"
    },
    {
      "type": "Feature",
      "properties": {
        "@id": "node/3421899697",
        "attached_to": "mast",
        "hiking": "yes",
        "information": "guidepost",
        "material": "paint",
        "name": "GR13 Via Algarviana",
        "ref": "GR13",
        "route_marker": "direction",
        "tourism": "information"
      },
      "geometry": {
        "type": "Point",
        "coordinates": [
          -8.7783694,
          37.1405236
        ]
      },
      "id": "node/3421899697"
    },
    {
      "type": "Feature",
      "properties": {
        "@id": "node/3421899698",
        "hiking": "yes",
        "information": "guidepost",
        "name": "GR13 Via Algarviana",
        "ref": "GR13",
        "tourism": "information"
      },
      "geometry": {
        "type": "Point",
        "coordinates": [
          -8.7783207,
          37.140699
        ]
      },
      "id": "node/3421899698"
    },
    {
      "type": "Feature",
      "properties": {
        "@id": "node/3421899699",
        "attached_to": "pole",
        "hiking": "yes",
        "information": "guidepost",
        "name": "GR13 Via Algarviana",
        "ref": "GR13",
        "route_marker": "confidence",
        "tourism": "information"
      },
      "geometry": {
        "type": "Point",
        "coordinates": [
          -8.8033988,
          37.1409077
        ]
      },
      "id": "node/3421899699"
    },
    {
      "type": "Feature",
      "properties": {
        "@id": "node/3421899700",
        "attached_to": "mast",
        "hiking": "yes",
        "information": "guidepost",
        "name": "GR13 Via Algarviana",
        "ref": "GR13",
        "route_marker": "confidence",
        "tourism": "information"
      },
      "geometry": {
        "type": "Point",
        "coordinates": [
          -8.8022159,
          37.1419585
        ]
      },
      "id": "node/3421899700"
    },
    {
      "type": "Feature",
      "properties": {
        "@id": "node/3421899701",
        "attached_to": "mast",
        "hiking": "yes",
        "information": "guidepost",
        "name": "GR13 Via Algarviana",
        "ref": "GR13",
        "route_marker": "confidence",
        "tourism": "information"
      },
      "geometry": {
        "type": "Point",
        "coordinates": [
          -8.8013409,
          37.1427419
        ]
      },
      "id": "node/3421899701"
    },
    {
      "type": "Feature",
      "properties": {
        "@id": "node/3421899702",
        "attached_to": "post",
        "hiking": "yes",
        "information": "guidepost",
        "name": "GR13 Via Algarviana",
        "ref": "GR13",
        "route_marker": "confidence",
        "tourism": "information"
      },
      "geometry": {
        "type": "Point",
        "coordinates": [
          -8.7970642,
          37.1446158
        ]
      },
      "id": "node/3421899702"
    },
    {
      "type": "Feature",
      "properties": {
        "@id": "node/3421899703",
        "attached_to": "post",
        "hiking": "yes",
        "information": "guidepost",
        "name": "GR13 Via Algarviana",
        "ref": "GR13",
        "route_marker": "confidence",
        "tourism": "information"
      },
      "geometry": {
        "type": "Point",
        "coordinates": [
          -8.7982791,
          37.144672
        ]
      },
      "id": "node/3421899703"
    },
    {
      "type": "Feature",
      "properties": {
        "@id": "node/3421899704",
        "hiking": "yes",
        "information": "guidepost",
        "name": "GR13 Via Algarviana",
        "ref": "GR13",
        "route_marker": "confidence",
        "tourism": "information"
      },
      "geometry": {
        "type": "Point",
        "coordinates": [
          -8.7960888,
          37.1450685
        ]
      },
      "id": "node/3421899704"
    },
    {
      "type": "Feature",
      "properties": {
        "@id": "node/3421899705",
        "attached_to": "pole",
        "hiking": "yes",
        "information": "guidepost",
        "name": "GR13 Via Algarviana",
        "ref": "GR13",
        "route_marker": "direction",
        "tourism": "information"
      },
      "geometry": {
        "type": "Point",
        "coordinates": [
          -8.7926489,
          37.1453273
        ]
      },
      "id": "node/3421899705"
    },
    {
      "type": "Feature",
      "properties": {
        "@id": "node/3421899706",
        "hiking": "yes",
        "information": "guidepost",
        "name": "GR13 Via Algarviana",
        "ref": "GR13",
        "tourism": "information"
      },
      "geometry": {
        "type": "Point",
        "coordinates": [
          -8.7924717,
          37.1454263
        ]
      },
      "id": "node/3421899706"
    },
    {
      "type": "Feature",
      "properties": {
        "@id": "node/3421899707",
        "attached_to": "post",
        "hiking": "yes",
        "information": "guidepost",
        "name": "GR13 Via Algarviana",
        "ref": "GR13",
        "route_marker": "confidence",
        "tourism": "information"
      },
      "geometry": {
        "type": "Point",
        "coordinates": [
          -8.7921464,
          37.1456668
        ]
      },
      "id": "node/3421899707"
    },
    {
      "type": "Feature",
      "properties": {
        "@id": "node/3421899708",
        "attached_to": "pole",
        "hiking": "yes",
        "information": "guidepost",
        "name": "GR13 Via Algarviana",
        "ref": "GR13",
        "route_marker": "confidence",
        "tourism": "information"
      },
      "geometry": {
        "type": "Point",
        "coordinates": [
          -8.792046,
          37.1458017
        ]
      },
      "id": "node/3421899708"
    },
    {
      "type": "Feature",
      "properties": {
        "@id": "node/3421899709",
        "attached_to": "pole",
        "hiking": "yes",
        "information": "guidepost",
        "name": "GR13 Via Algarviana",
        "ref": "GR13",
        "route_marker": "confidence",
        "tourism": "information"
      },
      "geometry": {
        "type": "Point",
        "coordinates": [
          -8.7864434,
          37.1468212
        ]
      },
      "id": "node/3421899709"
    },
    {
      "type": "Feature",
      "properties": {
        "@id": "node/3421899710",
        "attached_to": "boulder",
        "hiking": "yes",
        "information": "guidepost",
        "name": "GR13 Via Algarviana",
        "ref": "GR13",
        "route_marker": "confidence",
        "tourism": "information"
      },
      "geometry": {
        "type": "Point",
        "coordinates": [
          -8.7881083,
          37.1473625
        ]
      },
      "id": "node/3421899710"
    },
    {
      "type": "Feature",
      "properties": {
        "@id": "node/3421899711",
        "attached_to": "pole",
        "hiking": "yes",
        "information": "guidepost",
        "name": "GR13 Via Algarviana",
        "ref": "GR13",
        "route_marker": "confidence",
        "tourism": "information"
      },
      "geometry": {
        "type": "Point",
        "coordinates": [
          -8.7910986,
          37.1476911
        ]
      },
      "id": "node/3421899711"
    },
    {
      "type": "Feature",
      "properties": {
        "@id": "node/3421899712",
        "hiking": "yes",
        "information": "guidepost",
        "name": "GR13 Via Algarviana",
        "ref": "GR13",
        "tourism": "information"
      },
      "geometry": {
        "type": "Point",
        "coordinates": [
          -8.7910416,
          37.1481026
        ]
      },
      "id": "node/3421899712"
    },
    {
      "type": "Feature",
      "properties": {
        "@id": "node/3421899713",
        "attached_to": "post",
        "hiking": "yes",
        "information": "guidepost",
        "name": "GR13 Via Algarviana",
        "ref": "GR13",
        "route_marker": "direction",
        "tourism": "information"
      },
      "geometry": {
        "type": "Point",
        "coordinates": [
          -8.7891646,
          37.1481129
        ]
      },
      "id": "node/3421899713"
    },
    {
      "type": "Feature",
      "properties": {
        "@id": "node/3421899714",
        "attached_to": "post",
        "hiking": "yes",
        "information": "guidepost",
        "name": "GR13 Via Algarviana",
        "ref": "GR13",
        "route_marker": "direction",
        "tourism": "information"
      },
      "geometry": {
        "type": "Point",
        "coordinates": [
          -8.7909845,
          37.1483078
        ]
      },
      "id": "node/3421899714"
    },
    {
      "type": "Feature",
      "properties": {
        "@id": "node/3421899715",
        "attached_to": "boulder",
        "hiking": "yes",
        "information": "guidepost",
        "name": "GR13 Via Algarviana",
        "ref": "GR13",
        "route_marker": "direction",
        "tourism": "information"
      },
      "geometry": {
        "type": "Point",
        "coordinates": [
          -8.7906804,
          37.1483721
        ]
      },
      "id": "node/3421899715"
    },
    {
      "type": "Feature",
      "properties": {
        "@id": "node/3421899716",
        "attached_to": "pole",
        "hiking": "yes",
        "information": "guidepost",
        "name": "GR13 Via Algarviana",
        "ref": "GR13",
        "route_marker": "confidence",
        "tourism": "information"
      },
      "geometry": {
        "type": "Point",
        "coordinates": [
          -8.78951,
          37.1483999
        ]
      },
      "id": "node/3421899716"
    },
    {
      "type": "Feature",
      "properties": {
        "@id": "node/3421899740",
        "attached_to": "pole",
        "guide_type": "intermediary",
        "height": "0.5",
        "hiking": "yes",
        "information": "guidepost",
        "location": "pole",
        "name": "GR13 Wrong way",
        "ref": "GR13",
        "route_marker": "direction_no",
        "tourism": "information"
      },
      "geometry": {
        "type": "Point",
        "coordinates": [
          -8.8018434,
          37.1418141
        ]
      },
      "id": "node/3421899740"
    },
    {
      "type": "Feature",
      "properties": {
        "@id": "node/3421899741",
        "attached_to": "pole",
        "guide_type": "intermediary",
        "height": "0.5",
        "hiking": "yes",
        "information": "guidepost",
        "location": "pole",
        "name": "GR13 Wrong way",
        "ref": "GR13",
        "route_marker": "direction_no",
        "tourism": "information"
      },
      "geometry": {
        "type": "Point",
        "coordinates": [
          -8.8021834,
          37.1422439
        ]
      },
      "id": "node/3421899741"
    },
    {
      "type": "Feature",
      "properties": {
        "@id": "node/3421899742",
        "attached_to": "pole",
        "guide_type": "intermediary",
        "height": "0.5",
        "hiking": "yes",
        "information": "guidepost",
        "location": "pole",
        "name": "GR13 Wrong way",
        "ref": "GR13",
        "route_marker": "direction_no",
        "tourism": "information"
      },
      "geometry": {
        "type": "Point",
        "coordinates": [
          -8.7976528,
          37.1443537
        ]
      },
      "id": "node/3421899742"
    },
    {
      "type": "Feature",
      "properties": {
        "@id": "node/3421899743",
        "attached_to": "pole",
        "guide_type": "intermediary",
        "height": "0.5",
        "hiking": "yes",
        "information": "guidepost",
        "location": "pole",
        "name": "GR13 Wrong way",
        "ref": "GR13",
        "route_marker": "direction_no",
        "tourism": "information"
      },
      "geometry": {
        "type": "Point",
        "coordinates": [
          -8.7918527,
          37.1457881
        ]
      },
      "id": "node/3421899743"
    },
    {
      "type": "Feature",
      "properties": {
        "@id": "node/3421899744",
        "attached_to": "pole",
        "guide_type": "intermediary",
        "height": "0.5",
        "hiking": "yes",
        "information": "guidepost",
        "location": "pole",
        "name": "GR13 Wrong way",
        "ref": "GR13",
        "route_marker": "direction_no",
        "tourism": "information"
      },
      "geometry": {
        "type": "Point",
        "coordinates": [
          -8.7884881,
          37.1475063
        ]
      },
      "id": "node/3421899744"
    },
    {
      "type": "Feature",
      "properties": {
        "@id": "node/3421899745",
        "attached_to": "pole",
        "guide_type": "intermediary",
        "height": "0.5",
        "hiking": "yes",
        "information": "guidepost",
        "location": "pole",
        "name": "GR13 Wrong way",
        "ref": "GR13",
        "route_marker": "direction_no",
        "tourism": "information"
      },
      "geometry": {
        "type": "Point",
        "coordinates": [
          -8.7883825,
          37.1475781
        ]
      },
      "id": "node/3421899745"
    },
    {
      "type": "Feature",
      "properties": {
        "@id": "node/3421899746",
        "attached_to": "pole",
        "guide_type": "intermediary",
        "height": "0.5",
        "hiking": "yes",
        "information": "guidepost",
        "location": "pole",
        "name": "GR13 Wrong way",
        "ref": "GR13",
        "route_marker": "direction_no",
        "tourism": "information"
      },
      "geometry": {
        "type": "Point",
        "coordinates": [
          -8.7909682,
          37.1481182
        ]
      },
      "id": "node/3421899746"
    },
    {
      "type": "Feature",
      "properties": {
        "@id": "node/3421899747",
        "attached_to": "pole",
        "guide_type": "intermediary",
        "height": "0.5",
        "hiking": "yes",
        "information": "guidepost",
        "location": "pole",
        "name": "GR13 Wrong way",
        "ref": "GR13",
        "route_marker": "direction_no",
        "tourism": "information"
      },
      "geometry": {
        "type": "Point",
        "coordinates": [
          -8.7892673,
          37.1483488
        ]
      },
      "id": "node/3421899747"
    },
    {
      "type": "Feature",
      "properties": {
        "@id": "node/3421899748",
        "attached_to": "pole",
        "guide_type": "intermediary",
        "height": "0.5",
        "hiking": "yes",
        "information": "guidepost",
        "location": "pole",
        "name": "GR13 Wrong way",
        "ref": "GR13",
        "route_marker": "direction_no",
        "tourism": "information"
      },
      "geometry": {
        "type": "Point",
        "coordinates": [
          -8.791007,
          37.1485423
        ]
      },
      "id": "node/3421899748"
    },
    {
      "type": "Feature",
      "properties": {
        "@id": "node/3421960458",
        "attached_to": "pole",
        "hiking": "yes",
        "information": "guidepost",
        "name": "GR13 Via Algarviana",
        "ref": "GR13",
        "route_marker": "direction",
        "tourism": "information"
      },
      "geometry": {
        "type": "Point",
        "coordinates": [
          -8.805619,
          37.1389198
        ]
      },
      "id": "node/3421960458"
    },
    {
      "type": "Feature",
      "properties": {
        "@id": "node/3421960459",
        "attached_to": "pole",
        "hiking": "yes",
        "information": "guidepost",
        "name": "GR13 Via Algarviana",
        "ref": "GR13",
        "route_marker": "direction",
        "tourism": "information"
      },
      "geometry": {
        "type": "Point",
        "coordinates": [
          -8.8052728,
          37.1390312
        ]
      },
      "id": "node/3421960459"
    },
    {
      "type": "Feature",
      "properties": {
        "@id": "node/3421960460",
        "attached_to": "pole",
        "hiking": "yes",
        "information": "guidepost",
        "name": "GR13 Via Algarviana",
        "ref": "GR13",
        "route_marker": "direction",
        "tourism": "information"
      },
      "geometry": {
        "type": "Point",
        "coordinates": [
          -8.8069087,
          37.1393825
        ]
      },
      "id": "node/3421960460"
    },
    {
      "type": "Feature",
      "properties": {
        "@id": "node/3421960461",
        "attached_to": "pole",
        "hiking": "yes",
        "information": "guidepost",
        "name": "GR13 Via Algarviana",
        "ref": "GR13",
        "route_marker": "confidence",
        "tourism": "information"
      },
      "geometry": {
        "type": "Point",
        "coordinates": [
          -8.8074335,
          37.1395819
        ]
      },
      "id": "node/3421960461"
    },
    {
      "type": "Feature",
      "properties": {
        "@id": "node/3421960462",
        "attached_to": "boulder",
        "hiking": "yes",
        "information": "guidepost",
        "material": "plastic",
        "name": "GR13 Via Algarviana",
        "ref": "GR13",
        "route_marker": "confidence",
        "tourism": "information"
      },
      "geometry": {
        "type": "Point",
        "coordinates": [
          -8.8031449,
          37.1410858
        ]
      },
      "id": "node/3421960462"
    },
    {
      "type": "Feature",
      "properties": {
        "@id": "node/3421960463",
        "attached_to": "post",
        "hiking": "yes",
        "information": "guidepost",
        "name": "GR13 Via Algarviana",
        "ref": "GR13",
        "route_marker": "confidence",
        "tourism": "information"
      },
      "geometry": {
        "type": "Point",
        "coordinates": [
          -8.8086277,
          37.1414946
        ]
      },
      "id": "node/3421960463"
    },
    {
      "type": "Feature",
      "properties": {
        "@id": "node/3421963298",
        "information": "map",
        "tourism": "information"
      },
      "geometry": {
        "type": "Point",
        "coordinates": [
          -8.7797625,
          37.1397265
        ]
      },
      "id": "node/3421963298"
    },
    {
      "type": "Feature",
      "properties": {
        "@id": "node/3421963336",
        "attached_to": "pole",
        "guide_type": "intermediary",
        "height": "0.5",
        "hiking": "yes",
        "information": "guidepost",
        "location": "pole",
        "name": "GR13 Wrong way",
        "ref": "GR13",
        "route_marker": "direction_no",
        "tourism": "information"
      },
      "geometry": {
        "type": "Point",
        "coordinates": [
          -8.8054618,
          37.1386714
        ]
      },
      "id": "node/3421963336"
    },
    {
      "type": "Feature",
      "properties": {
        "@id": "node/3421963337",
        "attached_to": "pole",
        "guide_type": "intermediary",
        "height": "0.5",
        "hiking": "yes",
        "information": "guidepost",
        "location": "pole",
        "name": "GR13 Wrong way",
        "ref": "GR13",
        "route_marker": "direction_no",
        "tourism": "information"
      },
      "geometry": {
        "type": "Point",
        "coordinates": [
          -8.8066524,
          37.1391317
        ]
      },
      "id": "node/3421963337"
    },
    {
      "type": "Feature",
      "properties": {
        "@id": "node/3421963338",
        "attached_to": "pole",
        "guide_type": "intermediary",
        "height": "0.5",
        "hiking": "yes",
        "information": "guidepost",
        "location": "pole",
        "name": "GR13 Wrong way",
        "ref": "GR13",
        "route_marker": "direction_no",
        "tourism": "information"
      },
      "geometry": {
        "type": "Point",
        "coordinates": [
          -8.8072066,
          37.1393525
        ]
      },
      "id": "node/3421963338"
    },
    {
      "type": "Feature",
      "properties": {
        "@id": "node/3423890086",
        "attached_to": "mast",
        "hiking": "yes",
        "information": "guidepost",
        "material": "plastic",
        "name": "GR13 Via Algarviana",
        "ref": "GR13",
        "route_marker": "direction",
        "tourism": "information"
      },
      "geometry": {
        "type": "Point",
        "coordinates": [
          -8.7255269,
          37.2254312
        ]
      },
      "id": "node/3423890086"
    },
    {
      "type": "Feature",
      "properties": {
        "@id": "node/3423890087",
        "hiking": "yes",
        "information": "guidepost",
        "name": "GR13 Via Algarviana",
        "ref": "GR13",
        "tourism": "information"
      },
      "geometry": {
        "type": "Point",
        "coordinates": [
          -8.7256495,
          37.2254862
        ]
      },
      "id": "node/3423890087"
    },
    {
      "type": "Feature",
      "properties": {
        "@id": "node/3423890088",
        "attached_to": "pole",
        "hiking": "yes",
        "information": "guidepost",
        "name": "GR13 Via Algarviana",
        "ref": "GR13",
        "route_marker": "direction",
        "tourism": "information"
      },
      "geometry": {
        "type": "Point",
        "coordinates": [
          -8.7257816,
          37.2255388
        ]
      },
      "id": "node/3423890088"
    },
    {
      "type": "Feature",
      "properties": {
        "@id": "node/3423890089",
        "attached_to": "mast",
        "hiking": "yes",
        "information": "guidepost",
        "name": "GR13 Via Algarviana",
        "ref": "GR13",
        "route_marker": "direction",
        "tourism": "information"
      },
      "geometry": {
        "type": "Point",
        "coordinates": [
          -8.7205758,
          37.2266965
        ]
      },
      "id": "node/3423890089"
    },
    {
      "type": "Feature",
      "properties": {
        "@id": "node/3423890090",
        "attached_to": "pole",
        "hiking": "yes",
        "information": "guidepost",
        "name": "GR13 Via Algarviana",
        "ref": "GR13",
        "route_marker": "direction",
        "tourism": "information"
      },
      "geometry": {
        "type": "Point",
        "coordinates": [
          -8.7204563,
          37.2268529
        ]
      },
      "id": "node/3423890090"
    },
    {
      "type": "Feature",
      "properties": {
        "@id": "node/3423890091",
        "attached_to": "pole",
        "hiking": "yes",
        "information": "guidepost",
        "name": "GR13 Via Algarviana",
        "ref": "GR13",
        "route_marker": "confidence",
        "tourism": "information"
      },
      "geometry": {
        "type": "Point",
        "coordinates": [
          -8.7207691,
          37.2280306
        ]
      },
      "id": "node/3423890091"
    },
    {
      "type": "Feature",
      "properties": {
        "@id": "node/3423891096",
        "attached_to": "pole",
        "hiking": "yes",
        "information": "guidepost",
        "name": "GR13 Via Algarviana",
        "ref": "GR13",
        "route_marker": "confidence",
        "tourism": "information"
      },
      "geometry": {
        "type": "Point",
        "coordinates": [
          -8.7167975,
          37.2327148
        ]
      },
      "id": "node/3423891096"
    },
    {
      "type": "Feature",
      "properties": {
        "@id": "node/3682874172",
        "addr:city": "Lagos",
        "check_date": "2024-09-07",
        "name": "Palm Villa Estudios",
        "tourism": "guest_house"
      },
      "geometry": {
        "type": "Point",
        "coordinates": [
          -8.6769615,
          37.0906909
        ]
      },
      "id": "node/3682874172"
    },
    {
      "type": "Feature",
      "properties": {
        "@id": "node/3995964162",
        "disused": "yes",
        "historic": "pillory",
        "name": "Pelourinho de Lagos",
        "start_date": "C16",
        "tourism": "attraction",
        "wikidata": "Q10348121",
        "wikipedia": "pt:Pelourinho de Lagos"
      },
      "geometry": {
        "type": "Point",
        "coordinates": [
          -8.6711081,
          37.0995187
        ]
      },
      "id": "node/3995964162"
    },
    {
      "type": "Feature",
      "properties": {
        "@id": "node/4078687842",
        "addr:city": "Lagos",
        "addr:housenumber": "73",
        "addr:street": "Rua Candido Dos Reis",
        "check_date": "2024-12-12",
        "internet_access": "wlan",
        "internet_access:fee": "no",
        "name": "White Butterfly Hostel",
        "phone": "+351 282 083 887",
        "tourism": "hostel"
      },
      "geometry": {
        "type": "Point",
        "coordinates": [
          -8.673132,
          37.1011135
        ]
      },
      "id": "node/4078687842"
    },
    {
      "type": "Feature",
      "properties": {
        "@id": "node/4137084345",
        "name": "Quinta Paraiso da Mia Appartments",
        "tourism": "guest_house",
        "website": "https://www.quintaparaisodamia.com/"
      },
      "geometry": {
        "type": "Point",
        "coordinates": [
          -8.7259271,
          37.0883713
        ]
      },
      "id": "node/4137084345"
    },
    {
      "type": "Feature",
      "properties": {
        "@id": "node/4230513320",
        "charge": "3 EUR",
        "check_date": "2026-04-07",
        "fee": "yes",
        "name": "Museu de Lagos Doutor José Formosinho",
        "opening_hours": "Tu-Su 10:00-13:00,14:00-18:00",
        "toilets": "yes",
        "tourism": "museum",
        "website": "https://museu.cm-lagos.pt/polos/dr-jose-formosinho/",
        "wheelchair": "yes"
      },
      "geometry": {
        "type": "Point",
        "coordinates": [
          -8.6713129,
          37.0994932
        ]
      },
      "id": "node/4230513320"
    },
    {
      "type": "Feature",
      "properties": {
        "@id": "node/4232285686",
        "denomination": "catholic",
        "historic": "wayside_cross",
        "name": "I",
        "religion": "christian"
      },
      "geometry": {
        "type": "Point",
        "coordinates": [
          -8.6733865,
          37.0980293
        ]
      },
      "id": "node/4232285686"
    },
    {
      "type": "Feature",
      "properties": {
        "@id": "node/4232301290",
        "denomination": "catholic",
        "historic": "wayside_cross",
        "name": "II",
        "religion": "christian"
      },
      "geometry": {
        "type": "Point",
        "coordinates": [
          -8.6738017,
          37.0972138
        ]
      },
      "id": "node/4232301290"
    },
    {
      "type": "Feature",
      "properties": {
        "@id": "node/4234249144",
        "denomination": "catholic",
        "historic": "wayside_cross",
        "name": "IV",
        "religion": "christian"
      },
      "geometry": {
        "type": "Point",
        "coordinates": [
          -8.6722115,
          37.0950692
        ]
      },
      "id": "node/4234249144"
    },
    {
      "type": "Feature",
      "properties": {
        "@id": "node/4234292808",
        "denomination": "catholic",
        "historic": "wayside_cross",
        "name": "IX",
        "religion": "christian"
      },
      "geometry": {
        "type": "Point",
        "coordinates": [
          -8.6715019,
          37.0880445
        ]
      },
      "id": "node/4234292808"
    },
    {
      "type": "Feature",
      "properties": {
        "@id": "node/4234292810",
        "denomination": "catholic",
        "historic": "wayside_cross",
        "name": "VIII",
        "religion": "christian"
      },
      "geometry": {
        "type": "Point",
        "coordinates": [
          -8.6715333,
          37.0892308
        ]
      },
      "id": "node/4234292810"
    },
    {
      "type": "Feature",
      "properties": {
        "@id": "node/4234306669",
        "denomination": "catholic",
        "historic": "wayside_cross",
        "religion": "christian"
      },
      "geometry": {
        "type": "Point",
        "coordinates": [
          -8.6706075,
          37.0838807
        ]
      },
      "id": "node/4234306669"
    },
    {
      "type": "Feature",
      "properties": {
        "@id": "node/4234306670",
        "denomination": "catholic",
        "historic": "wayside_cross",
        "religion": "christian"
      },
      "geometry": {
        "type": "Point",
        "coordinates": [
          -8.6708721,
          37.0852815
        ]
      },
      "id": "node/4234306670"
    },
    {
      "type": "Feature",
      "properties": {
        "@id": "node/4234306671",
        "denomination": "catholic",
        "historic": "wayside_cross",
        "name": "X",
        "religion": "christian"
      },
      "geometry": {
        "type": "Point",
        "coordinates": [
          -8.6712141,
          37.0866628
        ]
      },
      "id": "node/4234306671"
    },
    {
      "type": "Feature",
      "properties": {
        "@id": "node/4234314089",
        "denomination": "catholic",
        "historic": "wayside_cross",
        "religion": "christian"
      },
      "geometry": {
        "type": "Point",
        "coordinates": [
          -8.6693788,
          37.0807981
        ]
      },
      "id": "node/4234314089"
    },
    {
      "type": "Feature",
      "properties": {
        "@id": "node/4234314090",
        "denomination": "catholic",
        "historic": "wayside_cross",
        "name": "XIII",
        "religion": "christian"
      },
      "geometry": {
        "type": "Point",
        "coordinates": [
          -8.6702149,
          37.0826149
        ]
      },
      "id": "node/4234314090"
    },
    {
      "type": "Feature",
      "properties": {
        "@id": "node/4234314091",
        "denomination": "catholic",
        "historic": "wayside_cross",
        "name": "XIV",
        "religion": "christian"
      },
      "geometry": {
        "type": "Point",
        "coordinates": [
          -8.6697606,
          37.0812352
        ]
      },
      "id": "node/4234314091"
    },
    {
      "type": "Feature",
      "properties": {
        "@id": "node/4234314092",
        "tourism": "viewpoint",
        "wheelchair": "yes"
      },
      "geometry": {
        "type": "Point",
        "coordinates": [
          -8.6685105,
          37.082175
        ]
      },
      "id": "node/4234314092"
    },
    {
      "type": "Feature",
      "properties": {
        "@id": "node/4234314093",
        "name": "Miradouro do Abismo",
        "tourism": "viewpoint",
        "wheelchair": "yes"
      },
      "geometry": {
        "type": "Point",
        "coordinates": [
          -8.6675736,
          37.0834058
        ]
      },
      "id": "node/4234314093"
    },
    {
      "type": "Feature",
      "properties": {
        "@id": "node/4234314094",
        "tourism": "viewpoint",
        "wheelchair": "yes"
      },
      "geometry": {
        "type": "Point",
        "coordinates": [
          -8.6675026,
          37.0850511
        ]
      },
      "id": "node/4234314094"
    },
    {
      "type": "Feature",
      "properties": {
        "@id": "node/4234314563",
        "tourism": "viewpoint",
        "wheelchair": "yes"
      },
      "geometry": {
        "type": "Point",
        "coordinates": [
          -8.6672336,
          37.0857867
        ]
      },
      "id": "node/4234314563"
    },
    {
      "type": "Feature",
      "properties": {
        "@id": "node/4238855897",
        "addr:housenumber": "7",
        "addr:street": "Rua Doutor Joaquim Tello",
        "name": "Cidade Velha",
        "phone": "+351 282 762041",
        "tourism": "hotel"
      },
      "geometry": {
        "type": "Point",
        "coordinates": [
          -8.6723852,
          37.1011551
        ]
      },
      "id": "node/4238855897"
    },
    {
      "type": "Feature",
      "properties": {
        "@id": "node/4239386731",
        "tourism": "viewpoint"
      },
      "geometry": {
        "type": "Point",
        "coordinates": [
          -8.7163238,
          37.0858208
        ]
      },
      "id": "node/4239386731"
    },
    {
      "type": "Feature",
      "properties": {
        "@id": "node/4239438687",
        "direction": "240",
        "tourism": "viewpoint"
      },
      "geometry": {
        "type": "Point",
        "coordinates": [
          -8.7564901,
          37.0743004
        ]
      },
      "id": "node/4239438687"
    },
    {
      "type": "Feature",
      "properties": {
        "@id": "node/4239453405",
        "tourism": "viewpoint"
      },
      "geometry": {
        "type": "Point",
        "coordinates": [
          -8.7586798,
          37.0725656
        ]
      },
      "id": "node/4239453405"
    },
    {
      "type": "Feature",
      "properties": {
        "@id": "node/4241645906",
        "tourism": "viewpoint"
      },
      "geometry": {
        "type": "Point",
        "coordinates": [
          -8.6677675,
          37.0865184
        ]
      },
      "id": "node/4241645906"
    },
    {
      "type": "Feature",
      "properties": {
        "@id": "node/4241657812",
        "tourism": "viewpoint",
        "wheelchair": "yes"
      },
      "geometry": {
        "type": "Point",
        "coordinates": [
          -8.6678337,
          37.0834361
        ]
      },
      "id": "node/4241657812"
    },
    {
      "type": "Feature",
      "properties": {
        "@id": "node/4241673040",
        "tourism": "viewpoint",
        "wheelchair": "yes"
      },
      "geometry": {
        "type": "Point",
        "coordinates": [
          -8.6687596,
          37.0809804
        ]
      },
      "id": "node/4241673040"
    },
    {
      "type": "Feature",
      "properties": {
        "@id": "node/4245511989",
        "check_date": "2023-10-14",
        "name": "Inn Seventies",
        "tourism": "hostel"
      },
      "geometry": {
        "type": "Point",
        "coordinates": [
          -8.6638313,
          37.1155275
        ]
      },
      "id": "node/4245511989"
    },
    {
      "type": "Feature",
      "properties": {
        "@id": "node/4262823191",
        "name": "Montemar",
        "stars": "3",
        "tourism": "hotel"
      },
      "geometry": {
        "type": "Point",
        "coordinates": [
          -8.6745036,
          37.0950656
        ]
      },
      "id": "node/4262823191"
    },
    {
      "type": "Feature",
      "properties": {
        "@id": "node/4265679589",
        "addr:housenumber": "b1",
        "addr:street": "Rua Conde Lippe",
        "check_date": "2023-10-14",
        "email": "lagoscasadani@gmail.com",
        "fixme": "Verify POI position.",
        "internet_access": "wlan",
        "name": "casa Dani",
        "tourism": "guest_house"
      },
      "geometry": {
        "type": "Point",
        "coordinates": [
          -8.6693033,
          37.1130559
        ]
      },
      "id": "node/4265679589"
    },
    {
      "type": "Feature",
      "properties": {
        "@id": "node/4287262589",
        "addr:city": "Lagos",
        "addr:housenumber": "70",
        "addr:postcode": "8600-700",
        "addr:street": "Rua da Oliveira",
        "check_date": "2026-04-15",
        "email": "hello@oldtownlagoshostel.com",
        "guest_house": "hostel",
        "internet_access": "wlan",
        "internet_access:fee": "no",
        "name": "Old Town Hostel",
        "name:pt": "Old Town Lagos Hostel",
        "opening_hours": "24/7",
        "operator": "José Barros",
        "phone": "+351 282 087 025",
        "tourism": "hostel",
        "website": "https://oldtownlagoshostel.com/"
      },
      "geometry": {
        "type": "Point",
        "coordinates": [
          -8.6737424,
          37.1004952
        ]
      },
      "id": "node/4287262589"
    },
    {
      "type": "Feature",
      "properties": {
        "@id": "node/4324762995",
        "name": "Patrick en hetty",
        "tourism": "guest_house"
      },
      "geometry": {
        "type": "Point",
        "coordinates": [
          -8.7228401,
          37.118896
        ]
      },
      "id": "node/4324762995"
    },
    {
      "type": "Feature",
      "properties": {
        "@id": "node/4358204362",
        "addr:city": "Lagos",
        "addr:postcode": "8600",
        "addr:street": "Estrada do Porto de Mós",
        "internet_access": "wlan",
        "name": "Terraço do Solar",
        "operator": "Solar do Mós",
        "tourism": "guest_house"
      },
      "geometry": {
        "type": "Point",
        "coordinates": [
          -8.6813297,
          37.0911187
        ]
      },
      "id": "node/4358204362"
    },
    {
      "type": "Feature",
      "properties": {
        "@id": "node/4369769334",
        "name": "Vila Branca Apartments",
        "operator": "MyTours",
        "tourism": "hotel"
      },
      "geometry": {
        "type": "Point",
        "coordinates": [
          -8.6786501,
          37.0916298
        ]
      },
      "id": "node/4369769334"
    },
    {
      "type": "Feature",
      "properties": {
        "@id": "node/4377148223",
        "name": "Casa Brybeg",
        "name:nl": "Casa Brybeg",
        "name:pt": "Casa Brybeg",
        "tourism": "hotel"
      },
      "geometry": {
        "type": "Point",
        "coordinates": [
          -8.7702994,
          37.0930551
        ]
      },
      "id": "node/4377148223"
    },
    {
      "type": "Feature",
      "properties": {
        "@id": "node/4394496092",
        "name": "Carliza",
        "tourism": "hotel"
      },
      "geometry": {
        "type": "Point",
        "coordinates": [
          3.3601255,
          6.4395095
        ]
      },
      "id": "node/4394496092"
    },
    {
      "type": "Feature",
      "properties": {
        "@id": "node/4504193445",
        "artwork_type": "sculpture",
        "tourism": "artwork"
      },
      "geometry": {
        "type": "Point",
        "coordinates": [
          -8.7581007,
          37.077647
        ]
      },
      "id": "node/4504193445"
    },
    {
      "type": "Feature",
      "properties": {
        "@id": "node/4561327945",
        "tourism": "viewpoint"
      },
      "geometry": {
        "type": "Point",
        "coordinates": [
          -8.6666531,
          37.0958889
        ]
      },
      "id": "node/4561327945"
    },
    {
      "type": "Feature",
      "properties": {
        "@id": "node/4579125791",
        "addr:housenumber": "23",
        "addr:postcode": "23401",
        "addr:street": "Young Bashorun Street",
        "internet_access": "wlan",
        "name": "Signature suites",
        "name:en": "Signature suites",
        "opening_hours": "24/7",
        "operator": "mrs kash",
        "phone": "01 454 1407",
        "tourism": "hotel"
      },
      "geometry": {
        "type": "Point",
        "coordinates": [
          3.4368574,
          6.4269148
        ]
      },
      "id": "node/4579125791"
    },
    {
      "type": "Feature",
      "properties": {
        "@id": "node/4583557389",
        "tourism": "guest_house"
      },
      "geometry": {
        "type": "Point",
        "coordinates": [
          3.3331894,
          6.6010048
        ]
      },
      "id": "node/4583557389"
    },
    {
      "type": "Feature",
      "properties": {
        "@id": "node/4659945630",
        "addr:housenumber": "12",
        "addr:street": "Travessa Gil Vicente",
        "check_date": "2026-04-16",
        "name": "Buddha Bee",
        "operator": "Hutch Hostel",
        "tourism": "hostel"
      },
      "geometry": {
        "type": "Point",
        "coordinates": [
          -8.6737207,
          37.0989391
        ]
      },
      "id": "node/4659945630"
    },
    {
      "type": "Feature",
      "properties": {
        "@id": "node/4701822802",
        "tourism": "hotel"
      },
      "geometry": {
        "type": "Point",
        "coordinates": [
          3.9470229,
          6.5880209
        ]
      },
      "id": "node/4701822802"
    },
    {
      "type": "Feature",
      "properties": {
        "@id": "node/4726580597",
        "attached_to": "mast",
        "hiking": "yes",
        "information": "guidepost",
        "name": "GR13 Via Algarviana",
        "ref": "GR13",
        "route_marker": "confidence",
        "tourism": "information"
      },
      "geometry": {
        "type": "Point",
        "coordinates": [
          -8.7292606,
          37.1960604
        ]
      },
      "id": "node/4726580597"
    },
    {
      "type": "Feature",
      "properties": {
        "@id": "node/4726580598",
        "attached_to": "pole",
        "hiking": "yes",
        "information": "guidepost",
        "name": "GR13 Via Algarviana",
        "ref": "GR13",
        "route_marker": "confidence",
        "tourism": "information"
      },
      "geometry": {
        "type": "Point",
        "coordinates": [
          -8.7311628,
          37.1976577
        ]
      },
      "id": "node/4726580598"
    },
    {
      "type": "Feature",
      "properties": {
        "@id": "node/4726580599",
        "attached_to": "pole",
        "hiking": "yes",
        "information": "guidepost",
        "name": "GR13 Via Algarviana",
        "ref": "GR13",
        "route_marker": "confidence",
        "tourism": "information"
      },
      "geometry": {
        "type": "Point",
        "coordinates": [
          -8.7335971,
          37.1990765
        ]
      },
      "id": "node/4726580599"
    },
    {
      "type": "Feature",
      "properties": {
        "@id": "node/4726580600",
        "attached_to": "pole",
        "hiking": "yes",
        "information": "guidepost",
        "name": "GR13 Via Algarviana",
        "ref": "GR13",
        "route_marker": "confidence",
        "tourism": "information"
      },
      "geometry": {
        "type": "Point",
        "coordinates": [
          -8.7347717,
          37.2005365
        ]
      },
      "id": "node/4726580600"
    },
    {
      "type": "Feature",
      "properties": {
        "@id": "node/4726580601",
        "attached_to": "pole",
        "hiking": "yes",
        "information": "guidepost",
        "name": "GR13 Via Algarviana",
        "ref": "GR13",
        "route_marker": "confidence",
        "tourism": "information"
      },
      "geometry": {
        "type": "Point",
        "coordinates": [
          -8.7373983,
          37.2037096
        ]
      },
      "id": "node/4726580601"
    },
    {
      "type": "Feature",
      "properties": {
        "@id": "node/4726580602",
        "attached_to": "mast",
        "hiking": "yes",
        "information": "guidepost",
        "name": "GR13 Via Algarviana",
        "ref": "GR13",
        "route_marker": "direction",
        "tourism": "information"
      },
      "geometry": {
        "type": "Point",
        "coordinates": [
          -8.7385875,
          37.2051489
        ]
      },
      "id": "node/4726580602"
    },
    {
      "type": "Feature",
      "properties": {
        "@id": "node/4726580603",
        "attached_to": "mast",
        "hiking": "yes",
        "information": "guidepost",
        "name": "GR13 Via Algarviana",
        "ref": "GR13",
        "route_marker": "confidence",
        "tourism": "information"
      },
      "geometry": {
        "type": "Point",
        "coordinates": [
          -8.7385089,
          37.205236
        ]
      },
      "id": "node/4726580603"
    },
    {
      "type": "Feature",
      "properties": {
        "@id": "node/4726580604",
        "attached_to": "wall",
        "hiking": "yes",
        "information": "guidepost",
        "name": "GR13 Via Algarviana",
        "ref": "GR13",
        "route_marker": "confidence",
        "tourism": "information"
      },
      "geometry": {
        "type": "Point",
        "coordinates": [
          -8.7381232,
          37.2066986
        ]
      },
      "id": "node/4726580604"
    },
    {
      "type": "Feature",
      "properties": {
        "@id": "node/4726580605",
        "attached_to": "mast",
        "hiking": "yes",
        "information": "guidepost",
        "name": "GR13 Via Algarviana",
        "ref": "GR13",
        "route_marker": "confidence",
        "tourism": "information"
      },
      "geometry": {
        "type": "Point",
        "coordinates": [
          -8.7387447,
          37.208035
        ]
      },
      "id": "node/4726580605"
    },
    {
      "type": "Feature",
      "properties": {
        "@id": "node/4726580606",
        "attached_to": "pole",
        "guide_type": "intermediary",
        "height": "0.5",
        "hiking": "yes",
        "information": "guidepost",
        "location": "pole",
        "name": "GR13 Wrong way",
        "ref": "GR13",
        "route_marker": "direction_no",
        "tourism": "information"
      },
      "geometry": {
        "type": "Point",
        "coordinates": [
          -8.7382732,
          37.207602
        ]
      },
      "id": "node/4726580606"
    },
    {
      "type": "Feature",
      "properties": {
        "@id": "node/4726580614",
        "attached_to": "pole",
        "hiking": "yes",
        "information": "guidepost",
        "name": "GR13 Via Algarviana",
        "ref": "GR13",
        "route_marker": "confidence",
        "tourism": "information"
      },
      "geometry": {
        "type": "Point",
        "coordinates": [
          -8.7389112,
          37.2085732
        ]
      },
      "id": "node/4726580614"
    },
    {
      "type": "Feature",
      "properties": {
        "@id": "node/4726580619",
        "attached_to": "pole",
        "hiking": "yes",
        "information": "guidepost",
        "name": "GR13 Via Algarviana",
        "ref": "GR13",
        "route_marker": "confidence",
        "tourism": "information"
      },
      "geometry": {
        "type": "Point",
        "coordinates": [
          -8.739203,
          37.2140616
        ]
      },
      "id": "node/4726580619"
    },
    {
      "type": "Feature",
      "properties": {
        "@id": "node/4726580620",
        "attached_to": "pole",
        "hiking": "yes",
        "information": "guidepost",
        "name": "GR13 Via Algarviana",
        "ref": "GR13",
        "route_marker": "confidence",
        "tourism": "information"
      },
      "geometry": {
        "type": "Point",
        "coordinates": [
          -8.7394701,
          37.2150044
        ]
      },
      "id": "node/4726580620"
    },
    {
      "type": "Feature",
      "properties": {
        "@id": "node/4726580638",
        "attached_to": "mast",
        "hiking": "yes",
        "information": "guidepost",
        "name": "GR13 Via Algarviana",
        "ref": "GR13",
        "route_marker": "confidence",
        "tourism": "information"
      },
      "geometry": {
        "type": "Point",
        "coordinates": [
          -8.7405745,
          37.217669
        ]
      },
      "id": "node/4726580638"
    },
    {
      "type": "Feature",
      "properties": {
        "@id": "node/4726580639",
        "attached_to": "pole",
        "guide_type": "intermediary",
        "height": "0.5",
        "hiking": "yes",
        "information": "guidepost",
        "location": "pole",
        "name": "GR13 Wrong way",
        "ref": "GR13",
        "route_marker": "direction_no",
        "tourism": "information"
      },
      "geometry": {
        "type": "Point",
        "coordinates": [
          -8.741031,
          37.2177829
        ]
      },
      "id": "node/4726580639"
    },
    {
      "type": "Feature",
      "properties": {
        "@id": "node/4726580643",
        "attached_to": "mast",
        "hiking": "yes",
        "information": "guidepost",
        "name": "GR13 Via Algarviana",
        "ref": "GR13",
        "route_marker": "confidence",
        "tourism": "information"
      },
      "geometry": {
        "type": "Point",
        "coordinates": [
          -8.7425693,
          37.2191564
        ]
      },
      "id": "node/4726580643"
    },
    {
      "type": "Feature",
      "properties": {
        "@id": "node/4726580644",
        "attached_to": "mast",
        "hiking": "yes",
        "information": "guidepost",
        "name": "GR13 Via Algarviana",
        "ref": "GR13",
        "route_marker": "confidence",
        "tourism": "information"
      },
      "geometry": {
        "type": "Point",
        "coordinates": [
          -8.7427057,
          37.2196002
        ]
      },
      "id": "node/4726580644"
    },
    {
      "type": "Feature",
      "properties": {
        "@id": "node/4726580645",
        "attached_to": "pole",
        "hiking": "yes",
        "information": "guidepost",
        "name": "GR13 Via Algarviana",
        "ref": "GR13",
        "route_marker": "confidence",
        "tourism": "information"
      },
      "geometry": {
        "type": "Point",
        "coordinates": [
          -8.7426753,
          37.2217205
        ]
      },
      "id": "node/4726580645"
    },
    {
      "type": "Feature",
      "properties": {
        "@id": "node/4726580650",
        "attached_to": "mast",
        "hiking": "yes",
        "information": "guidepost",
        "name": "GR13 Via Algarviana",
        "ref": "GR13",
        "route_marker": "confidence",
        "tourism": "information"
      },
      "geometry": {
        "type": "Point",
        "coordinates": [
          -8.741726,
          37.2238237
        ]
      },
      "id": "node/4726580650"
    },
    {
      "type": "Feature",
      "properties": {
        "@id": "node/4726580651",
        "attached_to": "pole",
        "guide_type": "intermediary",
        "height": "0.5",
        "hiking": "yes",
        "information": "guidepost",
        "location": "pole",
        "name": "GR13 Wrong way",
        "ref": "GR13",
        "route_marker": "direction_no",
        "tourism": "information"
      },
      "geometry": {
        "type": "Point",
        "coordinates": [
          -8.7419187,
          37.2240649
        ]
      },
      "id": "node/4726580651"
    },
    {
      "type": "Feature",
      "properties": {
        "@id": "node/4726580669",
        "attached_to": "mast",
        "hiking": "yes",
        "information": "guidepost",
        "name": "GR13 Via Algarviana",
        "ref": "GR13",
        "route_marker": "confidence",
        "tourism": "information"
      },
      "geometry": {
        "type": "Point",
        "coordinates": [
          -8.726185,
          37.2259948
        ]
      },
      "id": "node/4726580669"
    },
    {
      "type": "Feature",
      "properties": {
        "@id": "node/4755886706",
        "name": "Lighthouse Beach",
        "name:en": "Lighthouse Beach",
        "tourism": "attraction"
      },
      "geometry": {
        "type": "Point",
        "coordinates": [
          3.3918804,
          6.3942453
        ]
      },
      "id": "node/4755886706"
    },
    {
      "type": "Feature",
      "properties": {
        "@id": "node/4755897331",
        "addr:housenumber": "6",
        "addr:street": "Akin-Olugbade Street",
        "internet_access": "wlan",
        "name": "B.B.Q. 'R' US Hotel (aka Moonways Hotel Ltd.)",
        "name:en": "B.B.Q. 'R' US Hotel (aka Moonways Hotel Ltd.)",
        "tourism": "hotel"
      },
      "geometry": {
        "type": "Point",
        "coordinates": [
          3.420588,
          6.4309878
        ]
      },
      "id": "node/4755897331"
    },
    {
      "type": "Feature",
      "properties": {
        "@id": "node/4761132821",
        "addr:housenumber": "7",
        "addr:postcode": "8600-588",
        "addr:street": "Rua Eça de Queiroz",
        "name": "The Shelter Lagos",
        "tourism": "hostel"
      },
      "geometry": {
        "type": "Point",
        "coordinates": [
          -8.6754855,
          37.0948787
        ]
      },
      "id": "node/4761132821"
    },
    {
      "type": "Feature",
      "properties": {
        "@id": "node/4804502086",
        "board_type": "history",
        "information": "board",
        "name": "Estela da Fonte Velha",
        "tourism": "information",
        "website": "https://www.cm-lagos.pt/descobrir-lagos/visitar/patrimonio-e-monumentos#241-estela-da-fonte-velha"
      },
      "geometry": {
        "type": "Point",
        "coordinates": [
          -8.736861,
          37.155779
        ]
      },
      "id": "node/4804502086"
    },
    {
      "type": "Feature",
      "properties": {
        "@id": "node/4862128994",
        "addr:city": "Lagos",
        "addr:housenumber": "14",
        "addr:postcode": "8600-315",
        "addr:street": "Rua Ilha de São Miguel",
        "check_date": "2026-03-31",
        "internet_access": "wlan",
        "internet_access:fee": "no",
        "name": "Uptown",
        "rooms": "9",
        "smoking": "outside",
        "tourism": "guest_house"
      },
      "geometry": {
        "type": "Point",
        "coordinates": [
          -8.6777826,
          37.1028244
        ]
      },
      "id": "node/4862128994"
    },
    {
      "type": "Feature",
      "properties": {
        "@id": "node/4878308121",
        "internet_access": "wlan",
        "name": "Vivenda Os Santas",
        "name:pt": "Vivenda os santas",
        "tourism": "guest_house"
      },
      "geometry": {
        "type": "Point",
        "coordinates": [
          -8.6544479,
          37.143718
        ]
      },
      "id": "node/4878308121"
    },
    {
      "type": "Feature",
      "properties": {
        "@id": "node/4882134391",
        "name": "Aircraft",
        "tourism": "museum"
      },
      "geometry": {
        "type": "Point",
        "coordinates": [
          3.3338054,
          6.5891273
        ]
      },
      "id": "node/4882134391"
    },
    {
      "type": "Feature",
      "properties": {
        "@id": "node/4910915126",
        "name": "Condomínio Montinhos do Burgal",
        "name:pt": "Condomínio montinhos do burgal",
        "tourism": "hostel"
      },
      "geometry": {
        "type": "Point",
        "coordinates": [
          -8.7732247,
          37.0744237
        ]
      },
      "id": "node/4910915126"
    },
    {
      "type": "Feature",
      "properties": {
        "@id": "node/4917613299",
        "addr:street": "Mabinuori Street",
        "name": "Emota Hotel",
        "tourism": "hotel"
      },
      "geometry": {
        "type": "Point",
        "coordinates": [
          3.3279946,
          6.5157556
        ]
      },
      "id": "node/4917613299"
    },
    {
      "type": "Feature",
      "properties": {
        "@id": "node/4938572421",
        "addr:street": "Rua Sophia de Mello Breyner Andresen",
        "email": "lagos@parqueaventura.net",
        "leisure": "sports_centre",
        "name": "Parque Aventura Lagos",
        "phone": "+351911020042",
        "sport": "climbing_adventure",
        "tourism": "theme_park",
        "website": "https://www.parqueaventura.net"
      },
      "geometry": {
        "type": "Point",
        "coordinates": [
          -8.6580236,
          37.1170104
        ]
      },
      "id": "node/4938572421"
    },
    {
      "type": "Feature",
      "properties": {
        "@id": "node/4976976122",
        "tourism": "guest_house"
      },
      "geometry": {
        "type": "Point",
        "coordinates": [
          3.3313755,
          6.5543292
        ]
      },
      "id": "node/4976976122"
    },
    {
      "type": "Feature",
      "properties": {
        "@id": "node/4979309360",
        "check_date": "2026-04-21",
        "name": "White Sun Hostel",
        "tourism": "hostel"
      },
      "geometry": {
        "type": "Point",
        "coordinates": [
          -8.6788076,
          37.1026867
        ]
      },
      "id": "node/4979309360"
    },
    {
      "type": "Feature",
      "properties": {
        "@id": "node/5006740623",
        "check_date": "2026-04-16",
        "name": "Racing Mackerel",
        "tourism": "hostel"
      },
      "geometry": {
        "type": "Point",
        "coordinates": [
          -8.6726791,
          37.098583
        ]
      },
      "id": "node/5006740623"
    },
    {
      "type": "Feature",
      "properties": {
        "@id": "node/5078817614",
        "historic": "monument",
        "inscription": "Land Mark",
        "name": "Ado Roundabout"
      },
      "geometry": {
        "type": "Point",
        "coordinates": [
          3.5854625,
          6.4978111
        ]
      },
      "id": "node/5078817614"
    },
    {
      "type": "Feature",
      "properties": {
        "@id": "node/5206471425",
        "addr:postcode": "100263",
        "addr:street": "International Airport Road",
        "name": "Stop over motel",
        "tourism": "motel"
      },
      "geometry": {
        "type": "Point",
        "coordinates": [
          3.3255542,
          6.5536857
        ]
      },
      "id": "node/5206471425"
    },
    {
      "type": "Feature",
      "properties": {
        "@id": "node/5206471428",
        "addr:postcode": "100263",
        "addr:street": "Stella Osholanke street",
        "name": "West view hotel",
        "tourism": "hotel"
      },
      "geometry": {
        "type": "Point",
        "coordinates": [
          3.3251125,
          6.553904
        ]
      },
      "id": "node/5206471428"
    },
    {
      "type": "Feature",
      "properties": {
        "@id": "node/5206471623",
        "addr:housenumber": "1",
        "addr:postcode": "100263",
        "addr:street": "Stella Osholanke street",
        "name": "West view hotel",
        "tourism": "hotel"
      },
      "geometry": {
        "type": "Point",
        "coordinates": [
          3.3251595,
          6.5539262
        ]
      },
      "id": "node/5206471623"
    },
    {
      "type": "Feature",
      "properties": {
        "@id": "node/5239376030",
        "information": "map",
        "tourism": "information"
      },
      "geometry": {
        "type": "Point",
        "coordinates": [
          -8.6697511,
          37.1006418
        ]
      },
      "id": "node/5239376030"
    },
    {
      "type": "Feature",
      "properties": {
        "@id": "node/5323669400",
        "tourism": "viewpoint"
      },
      "geometry": {
        "type": "Point",
        "coordinates": [
          -8.6868989,
          37.0865583
        ]
      },
      "id": "node/5323669400"
    },
    {
      "type": "Feature",
      "properties": {
        "@id": "node/5323669407",
        "tourism": "viewpoint"
      },
      "geometry": {
        "type": "Point",
        "coordinates": [
          -8.687202,
          37.08755
        ]
      },
      "id": "node/5323669407"
    },
    {
      "type": "Feature",
      "properties": {
        "@id": "node/5365523925",
        "addr:housenumber": "13",
        "addr:postcode": "234",
        "addr:street": "412 Road C Close Blk 13 Flt 4 Gowon Estate Ipaja",
        "email": "igwe.tony@gmail.com",
        "name": "Home",
        "operator": "Igwe",
        "tourism": "apartment"
      },
      "geometry": {
        "type": "Point",
        "coordinates": [
          3.2918256,
          6.6071278
        ]
      },
      "id": "node/5365523925"
    },
    {
      "type": "Feature",
      "properties": {
        "@id": "node/5391973421",
        "addr:housenumber": "24",
        "addr:postcode": "234",
        "addr:street": "Olalere oludunjoye off Liasu road, Ikotun.",
        "email": "richardsseyimark@gmail.com",
        "name": "Liasu Road, Ikotun.",
        "opening_hours": "24/7",
        "operator": "richards",
        "phone": "08022775515",
        "tourism": "apartment",
        "website": "https://www.macdas.com/"
      },
      "geometry": {
        "type": "Point",
        "coordinates": [
          3.2915308,
          6.5438468
        ]
      },
      "id": "node/5391973421"
    },
    {
      "type": "Feature",
      "properties": {
        "@id": "node/5405967680",
        "addr:city": "Lagos",
        "addr:housenumber": "32",
        "addr:street": "Rua Gil Vicente",
        "check_date": "2026-04-16",
        "internet_access": "yes",
        "name": "9ninelives",
        "tourism": "hostel"
      },
      "geometry": {
        "type": "Point",
        "coordinates": [
          -8.6734496,
          37.0996441
        ]
      },
      "id": "node/5405967680"
    },
    {
      "type": "Feature",
      "properties": {
        "@id": "node/5474104475",
        "addr:housenumber": "55",
        "addr:street": "Rua Doutor Faria e Silva",
        "check_date": "2026-05-03",
        "name": "Orange3",
        "tourism": "hostel",
        "website": "https://www.facebook.com/Orange3Hostel/",
        "wheelchair": "no"
      },
      "geometry": {
        "type": "Point",
        "coordinates": [
          -8.6734345,
          37.1037495
        ]
      },
      "id": "node/5474104475"
    },
    {
      "type": "Feature",
      "properties": {
        "@id": "node/5506806121",
        "addr:housenumber": "8",
        "addr:street": "Rua Pintor Falcão Trigoso",
        "phone": "+351918674079",
        "tourism": "apartment"
      },
      "geometry": {
        "type": "Point",
        "coordinates": [
          -8.6755448,
          37.0929048
        ]
      },
      "id": "node/5506806121"
    },
    {
      "type": "Feature",
      "properties": {
        "@id": "node/5538723221",
        "name": "Agaja beach",
        "tourism": "attraction"
      },
      "geometry": {
        "type": "Point",
        "coordinates": [
          3.1668099,
          6.4034252
        ]
      },
      "id": "node/5538723221"
    },
    {
      "type": "Feature",
      "properties": {
        "@id": "node/5566338129",
        "name": "Wake Salinas",
        "tourism": "attraction"
      },
      "geometry": {
        "type": "Point",
        "coordinates": [
          -8.6756376,
          37.1215917
        ]
      },
      "id": "node/5566338129"
    },
    {
      "type": "Feature",
      "properties": {
        "@id": "node/5576763223",
        "addr:housenumber": "15",
        "addr:postcode": "8600-546",
        "addr:street": "rua da pedra alcada",
        "email": "surfhouselagos@buratravel.com",
        "internet_access": "wlan",
        "name": "Bura Surfhouse",
        "opening_hours": "24/7",
        "phone": "+351 282 046448",
        "tourism": "hostel",
        "website": "https://www.burasurfhouse.com/"
      },
      "geometry": {
        "type": "Point",
        "coordinates": [
          -8.687467,
          37.1005468
        ]
      },
      "id": "node/5576763223"
    },
    {
      "type": "Feature",
      "properties": {
        "@id": "node/5590537421",
        "name:nl": "Slaapplek",
        "tourism": "apartment"
      },
      "geometry": {
        "type": "Point",
        "coordinates": [
          -8.683431,
          37.1032828
        ]
      },
      "id": "node/5590537421"
    },
    {
      "type": "Feature",
      "properties": {
        "@id": "node/5665154721",
        "name": "RMC Guest House",
        "tourism": "guest_house"
      },
      "geometry": {
        "type": "Point",
        "coordinates": [
          3.3686735,
          6.6208118
        ]
      },
      "id": "node/5665154721"
    },
    {
      "type": "Feature",
      "properties": {
        "@id": "node/5665683282",
        "name": "Five Star",
        "tourism": "hotel"
      },
      "geometry": {
        "type": "Point",
        "coordinates": [
          3.2779087,
          6.5446364
        ]
      },
      "id": "node/5665683282"
    },
    {
      "type": "Feature",
      "properties": {
        "@id": "node/5665683330",
        "name": "Ibis Royale",
        "tourism": "hotel"
      },
      "geometry": {
        "type": "Point",
        "coordinates": [
          3.3288811,
          6.5517342
        ]
      },
      "id": "node/5665683330"
    },
    {
      "type": "Feature",
      "properties": {
        "@id": "node/5665683331",
        "name": "Feligold",
        "tourism": "hotel"
      },
      "geometry": {
        "type": "Point",
        "coordinates": [
          3.3257688,
          6.5459064
        ]
      },
      "id": "node/5665683331"
    },
    {
      "type": "Feature",
      "properties": {
        "@id": "node/5745169005",
        "name": "Real Inn Hotel",
        "phone": "+52 867 711 0300",
        "tourism": "hotel"
      },
      "geometry": {
        "type": "Point",
        "coordinates": [
          -99.5195514,
          27.4495095
        ]
      },
      "id": "node/5745169005"
    },
    {
      "type": "Feature",
      "properties": {
        "@id": "node/5781084453",
        "name": "Quinta da liberdade",
        "tourism": "apartment"
      },
      "geometry": {
        "type": "Point",
        "coordinates": [
          -8.7591543,
          37.0804425
        ]
      },
      "id": "node/5781084453"
    },
    {
      "type": "Feature",
      "properties": {
        "@id": "node/5807150853",
        "name": "Kitesurfing Spot",
        "tourism": "attraction"
      },
      "geometry": {
        "type": "Point",
        "coordinates": [
          -8.6308565,
          37.1258632
        ]
      },
      "id": "node/5807150853"
    },
    {
      "type": "Feature",
      "properties": {
        "@id": "node/5839946985",
        "name": "Fazenda casa Papoilas",
        "tourism": "apartment"
      },
      "geometry": {
        "type": "Point",
        "coordinates": [
          -8.7562865,
          37.0973715
        ]
      },
      "id": "node/5839946985"
    },
    {
      "type": "Feature",
      "properties": {
        "@id": "node/5890346885",
        "name:nl": "A cabana bed & breakfast",
        "tourism": "guest_house"
      },
      "geometry": {
        "type": "Point",
        "coordinates": [
          -8.7441745,
          37.092809
        ]
      },
      "id": "node/5890346885"
    },
    {
      "type": "Feature",
      "properties": {
        "@id": "node/5895129169",
        "artwork_type": "statue",
        "tourism": "artwork"
      },
      "geometry": {
        "type": "Point",
        "coordinates": [
          3.3491946,
          6.6071454
        ]
      },
      "id": "node/5895129169"
    },
    {
      "type": "Feature",
      "properties": {
        "@id": "node/5902077813",
        "historic": "memorial",
        "memorial": "stone",
        "name": "Fela Kuti Memorial"
      },
      "geometry": {
        "type": "Point",
        "coordinates": [
          3.348465,
          6.6028442
        ]
      },
      "id": "node/5902077813"
    },
    {
      "type": "Feature",
      "properties": {
        "@id": "node/6015590970",
        "archaeological_site": "megalith",
        "heritage": "no",
        "heritage:website": "https://servicos.dgpc.gov.pt/pesquisapatrimonioimovel/detalhes.php?code=156492",
        "heritage:website:arqueologia": "http://arqueologia.patrimoniocultural.pt/index.php?sid=sitios&subsid=2233604",
        "heritage:website:sipa": "http://www.monumentos.gov.pt/Site/APP_PagesUser/SIPA.aspx?id=1202",
        "historic": "archaeological_site",
        "historic:civilization": "prehistoric",
        "historic:era": "neolithic",
        "historic:period": "stone-age",
        "megalith_type": "menhir",
        "name": "Menir da Cabeça do Rochedo",
        "ref:cns": "19324",
        "ref:ipa": "1202"
      },
      "geometry": {
        "type": "Point",
        "coordinates": [
          -8.701521,
          37.1332093
        ]
      },
      "id": "node/6015590970"
    },
    {
      "type": "Feature",
      "properties": {
        "@id": "node/6047624185",
        "name": "Réplica da Caravela Boa Esperança",
        "tourism": "attraction"
      },
      "geometry": {
        "type": "Point",
        "coordinates": [
          -8.6730095,
          37.1060281
        ]
      },
      "id": "node/6047624185"
    },
    {
      "type": "Feature",
      "properties": {
        "@id": "node/6104938229",
        "name": "Moremi Hall",
        "tourism": "hostel"
      },
      "geometry": {
        "type": "Point",
        "coordinates": [
          3.3967698,
          6.5175094
        ]
      },
      "id": "node/6104938229"
    },
    {
      "type": "Feature",
      "properties": {
        "@id": "node/6121178177",
        "ele": "3",
        "name": "King Jaja Hall",
        "opening_hours": "Mo-Sa 05:00-00:00; Su 05:00-24:00",
        "survey:date": "2021-12-09",
        "tourism": "hostel",
        "wheelchair": "yes"
      },
      "geometry": {
        "type": "Point",
        "coordinates": [
          3.3980373,
          6.5162371
        ]
      },
      "id": "node/6121178177"
    },
    {
      "type": "Feature",
      "properties": {
        "@id": "node/6121187825",
        "ele": "3",
        "name": "Mariere Hall",
        "opening_hours": "Mo-Sa 05:00-00:00; Su 05:00-24:00",
        "survey:date": "2021-12-09",
        "tourism": "hostel",
        "wheelchair": "yes"
      },
      "geometry": {
        "type": "Point",
        "coordinates": [
          3.3980559,
          6.5180142
        ]
      },
      "id": "node/6121187825"
    },
    {
      "type": "Feature",
      "properties": {
        "@id": "node/6122566938",
        "name": "Saburi Biobaku Hall",
        "tourism": "hostel"
      },
      "geometry": {
        "type": "Point",
        "coordinates": [
          3.3872293,
          6.5151956
        ]
      },
      "id": "node/6122566938"
    },
    {
      "type": "Feature",
      "properties": {
        "@id": "node/6122566939",
        "name": "Queen Amina Hall",
        "tourism": "hostel"
      },
      "geometry": {
        "type": "Point",
        "coordinates": [
          3.3856983,
          6.5152633
        ]
      },
      "id": "node/6122566939"
    },
    {
      "type": "Feature",
      "properties": {
        "@id": "node/6122566940",
        "name": "Kofoworola Hall",
        "tourism": "hostel"
      },
      "geometry": {
        "type": "Point",
        "coordinates": [
          3.3868446,
          6.5155838
        ]
      },
      "id": "node/6122566940"
    },
    {
      "type": "Feature",
      "properties": {
        "@id": "node/6123480172",
        "name": "Finishing Touches Guest House",
        "tourism": "guest_house"
      },
      "geometry": {
        "type": "Point",
        "coordinates": [
          3.6111267,
          6.4756418
        ]
      },
      "id": "node/6123480172"
    },
    {
      "type": "Feature",
      "properties": {
        "@id": "node/6174514885",
        "check_date": "2026-04-16",
        "name": "Casinha D’Avó Guesthouse",
        "tourism": "hostel"
      },
      "geometry": {
        "type": "Point",
        "coordinates": [
          -8.6735468,
          37.0986217
        ]
      },
      "id": "node/6174514885"
    },
    {
      "type": "Feature",
      "properties": {
        "@id": "node/6210053686",
        "tourism": "viewpoint"
      },
      "geometry": {
        "type": "Point",
        "coordinates": [
          -8.7380576,
          37.0823649
        ]
      },
      "id": "node/6210053686"
    },
    {
      "type": "Feature",
      "properties": {
        "@id": "node/6289031202",
        "artist_name": "Chinedu Ogakwu",
        "artwork_type": "sculpture",
        "material": "metal",
        "name": "The Drummer",
        "tourism": "artwork"
      },
      "geometry": {
        "type": "Point",
        "coordinates": [
          3.4861846,
          6.6032532
        ]
      },
      "id": "node/6289031202"
    },
    {
      "type": "Feature",
      "properties": {
        "@id": "node/6294975385",
        "internet_access": "wlan",
        "name": "Caravel Suites",
        "tourism": "hotel"
      },
      "geometry": {
        "type": "Point",
        "coordinates": [
          3.4352505,
          6.4324851
        ]
      },
      "id": "node/6294975385"
    },
    {
      "type": "Feature",
      "properties": {
        "@id": "node/6400283759",
        "name": "Ehi Guest House",
        "tourism": "hotel"
      },
      "geometry": {
        "type": "Point",
        "coordinates": [
          3.3324411,
          6.5681149
        ]
      },
      "id": "node/6400283759"
    },
    {
      "type": "Feature",
      "properties": {
        "@id": "node/6419620226",
        "name": "Boutique Hotel Vivenda Miranda",
        "tourism": "hotel"
      },
      "geometry": {
        "type": "Point",
        "coordinates": [
          -8.6822529,
          37.0851395
        ]
      },
      "id": "node/6419620226"
    },
    {
      "type": "Feature",
      "properties": {
        "@id": "node/6441525285",
        "addr:housenumber": "18",
        "addr:postcode": "8600-682",
        "addr:street": "Rua Conselheiro Joaquin Machado",
        "check_date": "2024-09-08",
        "name": "Bora Dormir",
        "tourism": "hostel"
      },
      "geometry": {
        "type": "Point",
        "coordinates": [
          -8.6737824,
          37.1029154
        ]
      },
      "id": "node/6441525285"
    },
    {
      "type": "Feature",
      "properties": {
        "@id": "node/6444192396",
        "addr:city": "Luz",
        "addr:housenumber": "S/N",
        "addr:postcode": "8600-101",
        "addr:street": "Sítio das Alagoas",
        "email": "info@rosamontes.com",
        "guest_house": "bed_and_breakfast",
        "internet_access": "wlan",
        "internet_access:fee": "customers",
        "name": "Casa Rosa Montes",
        "phone": "+351 282697323",
        "rooms": "16",
        "tourism": "guest_house",
        "website": "https://www.casarosamontes.com"
      },
      "geometry": {
        "type": "Point",
        "coordinates": [
          -8.7594795,
          37.0845662
        ]
      },
      "id": "node/6444192396"
    },
    {
      "type": "Feature",
      "properties": {
        "@id": "node/6499851875",
        "addr:city": "Lagos",
        "addr:housenumber": "22",
        "addr:postcode": "8600-605",
        "addr:street": "Rua Lançarote Freitas",
        "check_date": "2026-04-15",
        "email": "hello@solasolhostel.com",
        "guest_house": "hostel",
        "internet_access": "yes",
        "internet_access:fee": "no",
        "name": "Sol a Sol Hostel",
        "operator": "José Barros",
        "phone": "+351 282 769 533",
        "tourism": "hostel",
        "website": "https://www.solasolhostel.com/"
      },
      "geometry": {
        "type": "Point",
        "coordinates": [
          -8.6723775,
          37.0997359
        ]
      },
      "id": "node/6499851875"
    },
    {
      "type": "Feature",
      "properties": {
        "@id": "node/6550182654",
        "name": "Sol Nascente",
        "tourism": "apartment"
      },
      "geometry": {
        "type": "Point",
        "coordinates": [
          -8.69395,
          37.1146579
        ]
      },
      "id": "node/6550182654"
    },
    {
      "type": "Feature",
      "properties": {
        "@id": "node/6624507786",
        "check_date": "2026-04-07",
        "name": "Casa Luma",
        "outdoor_seating": "no",
        "tourism": "guest_house"
      },
      "geometry": {
        "type": "Point",
        "coordinates": [
          -8.674167,
          37.100275
        ]
      },
      "id": "node/6624507786"
    },
    {
      "type": "Feature",
      "properties": {
        "@id": "node/6641717465",
        "contact:facebook": "https://www.facebook.com/DeSantiagoMilanHotelAndSuites/",
        "email": "info@desantiagomilanhotel.com",
        "name": "De Santiago Milan Hotel & Suites",
        "phone": "+234 814 369 0381, +234 813 940 7462, +234 818 397 1577",
        "tourism": "hotel",
        "website": "https://desantiagomilanhotel.com/"
      },
      "geometry": {
        "type": "Point",
        "coordinates": [
          3.3156485,
          6.4712371
        ]
      },
      "id": "node/6641717465"
    },
    {
      "type": "Feature",
      "properties": {
        "@id": "node/6687550177",
        "addr:housenumber": "7",
        "addr:street": "Amore Street",
        "description": "\nCatholic Guest House",
        "name": "Domus Fidei",
        "phone": "+2348033925502",
        "tourism": "guest_house",
        "website": "https://ehjsisters.com/domus-fidei/"
      },
      "geometry": {
        "type": "Point",
        "coordinates": [
          3.3498348,
          6.5975601
        ]
      },
      "id": "node/6687550177"
    },
    {
      "type": "Feature",
      "properties": {
        "@id": "node/6711030886",
        "addr:postcode": "8600-302",
        "addr:street": "Estrada da Albadeira",
        "email": "info@algarvewatersport.com",
        "name": "Algarve Watersport",
        "phone": "+351 960 460 800",
        "tourism": "attraction",
        "website": "https://www.algarvewatersport.com/"
      },
      "geometry": {
        "type": "Point",
        "coordinates": [
          -8.6684186,
          37.1164073
        ]
      },
      "id": "node/6711030886"
    },
    {
      "type": "Feature",
      "properties": {
        "@id": "node/6744163085",
        "name": "Bridge",
        "name:hu": "Híd",
        "tourism": "information"
      },
      "geometry": {
        "type": "Point",
        "coordinates": [
          -25.0717505,
          37.0021072
        ]
      },
      "id": "node/6744163085"
    },
    {
      "type": "Feature",
      "properties": {
        "@id": "node/6848253286",
        "internet_access": "wlan",
        "name": "Rockview",
        "tourism": "hotel"
      },
      "geometry": {
        "type": "Point",
        "coordinates": [
          3.3608795,
          6.4480362
        ]
      },
      "id": "node/6848253286"
    },
    {
      "type": "Feature",
      "properties": {
        "@id": "node/6992566379",
        "name": "Glonik Hotels",
        "tourism": "hotel"
      },
      "geometry": {
        "type": "Point",
        "coordinates": [
          3.3445304,
          6.6202264
        ]
      },
      "id": "node/6992566379"
    },
    {
      "type": "Feature",
      "properties": {
        "@id": "node/7031087648",
        "guest_house": "bed_and_breakfast",
        "name": "Villa Monte D'Oiro",
        "tourism": "guest_house"
      },
      "geometry": {
        "type": "Point",
        "coordinates": [
          -8.7001714,
          37.1163615
        ]
      },
      "id": "node/7031087648"
    },
    {
      "type": "Feature",
      "properties": {
        "@id": "node/7124561743",
        "name": "Passeio às grutas",
        "tourism": "attraction"
      },
      "geometry": {
        "type": "Point",
        "coordinates": [
          -8.6696062,
          37.0913289
        ]
      },
      "id": "node/7124561743"
    },
    {
      "type": "Feature",
      "properties": {
        "@id": "node/7124784478",
        "addr:city": "Lagos",
        "addr:housenumber": "9",
        "addr:postcode": "8600-315",
        "addr:street": "Estrada de São Roque",
        "addr:unit": "Doca Pesca",
        "designation": "Seascape Dolphin and Whale watching boat trips, Benagil Cave and Grotto trips direct from Lagos Marina in Algarve, Portugal",
        "information": "yes",
        "name": "Seascape",
        "operator": "Seascape",
        "phone": "+351 282 098 187",
        "source": "http://www.seascape.com",
        "tourism": "information"
      },
      "geometry": {
        "type": "Point",
        "coordinates": [
          -8.6727112,
          37.1078161
        ]
      },
      "id": "node/7124784478"
    },
    {
      "type": "Feature",
      "properties": {
        "@id": "node/7126726481",
        "tourism": "viewpoint",
        "wheelchair": "yes"
      },
      "geometry": {
        "type": "Point",
        "coordinates": [
          -8.6737243,
          37.0824716
        ]
      },
      "id": "node/7126726481"
    },
    {
      "type": "Feature",
      "properties": {
        "@id": "node/7213675629",
        "archaeological_site": "necropolis",
        "field": "yes",
        "fixme": "location tbc",
        "heritage:website:arqueologia": "http://arqueologia.patrimoniocultural.pt/index.php?sid=sitios&subsid=48429",
        "historic": "archaeological_site",
        "name": "Necrópole romana de Fonte Velha",
        "ref:cns": "812",
        "wikidata": "Q85875903",
        "wikimedia_commons": "Category:Necrópole romana de Fonte Velha",
        "wikipedia": "pt:Necrópole romana de Fonte Velha"
      },
      "geometry": {
        "type": "Point",
        "coordinates": [
          -8.7497639,
          37.1593111
        ]
      },
      "id": "node/7213675629"
    },
    {
      "type": "Feature",
      "properties": {
        "@id": "node/7363048877",
        "historic": "memorial",
        "memorial": "stele"
      },
      "geometry": {
        "type": "Point",
        "coordinates": [
          3.7941487,
          6.654356
        ]
      },
      "id": "node/7363048877"
    },
    {
      "type": "Feature",
      "properties": {
        "@id": "node/7363093000",
        "historic": "memorial",
        "memorial": "stele"
      },
      "geometry": {
        "type": "Point",
        "coordinates": [
          3.3159677,
          6.5300825
        ]
      },
      "id": "node/7363093000"
    },
    {
      "type": "Feature",
      "properties": {
        "@id": "node/7453565177",
        "addr:city": "Lagos",
        "addr:housenumber": "68",
        "addr:postcode": "8600-682",
        "addr:street": "Rua Conselheiro Joaquin Machado, 68",
        "air_conditioning": "yes",
        "check_date": "2026-04-15",
        "email": "casaflordomar.lagos@gmail.com",
        "guest_house": "bed_and_breakfast",
        "internet_access": "yes",
        "name": "Casa Flor do Mar Lagos Guest House",
        "rooms": "5",
        "tourism": "guest_house",
        "website": "https://casaflordomarlagos.wixsite.com/guesthouse"
      },
      "geometry": {
        "type": "Point",
        "coordinates": [
          -8.6741083,
          37.1045887
        ]
      },
      "id": "node/7453565177"
    },
    {
      "type": "Feature",
      "properties": {
        "@id": "node/7794562085",
        "addr:housenumber": "15",
        "addr:street": "Travessa Gil Vicente",
        "check_date": "2026-04-16",
        "internet_access": "wlan",
        "name": "The Macarena Beach Hostel",
        "tourism": "hostel"
      },
      "geometry": {
        "type": "Point",
        "coordinates": [
          -8.6735476,
          37.0989179
        ]
      },
      "id": "node/7794562085"
    },
    {
      "type": "Feature",
      "properties": {
        "@id": "node/7923028085",
        "tourism": "apartment"
      },
      "geometry": {
        "type": "Point",
        "coordinates": [
          -8.672231,
          37.096333
        ]
      },
      "id": "node/7923028085"
    },
    {
      "type": "Feature",
      "properties": {
        "@id": "node/7947756785",
        "addr:housenumber": "7",
        "addr:postcode": "8600",
        "addr:street": "Rua da Atalaia",
        "internet_access": "wlan",
        "name": "Casa da Muralha",
        "tourism": "guest_house"
      },
      "geometry": {
        "type": "Point",
        "coordinates": [
          -8.6754563,
          37.1004845
        ]
      },
      "id": "node/7947756785"
    },
    {
      "type": "Feature",
      "properties": {
        "@id": "node/8010904702",
        "attraction": "train",
        "name": "6 Meia Praia Vila Galé - Comboio Turistico",
        "public_transport": "platform",
        "tourism": "attraction",
        "website": "http://touristtrainlagos.com/"
      },
      "geometry": {
        "type": "Point",
        "coordinates": [
          -8.6618279,
          37.111549
        ]
      },
      "id": "node/8010904702"
    },
    {
      "type": "Feature",
      "properties": {
        "@id": "node/8010904703",
        "attraction": "train",
        "name": "7 Meia Praia Dom Pedro - Comboio Turistico",
        "public_transport": "platform",
        "tourism": "attraction",
        "website": "http://touristtrainlagos.com/"
      },
      "geometry": {
        "type": "Point",
        "coordinates": [
          -8.6593104,
          37.1129197
        ]
      },
      "id": "node/8010904703"
    },
    {
      "type": "Feature",
      "properties": {
        "@id": "node/8010904704",
        "attraction": "train",
        "name": "8 Meia Praia Iberostar Hotel - Comboio Turistico",
        "public_transport": "platform",
        "tourism": "attraction",
        "website": "http://touristtrainlagos.com/"
      },
      "geometry": {
        "type": "Point",
        "coordinates": [
          -8.6523478,
          37.1168065
        ]
      },
      "id": "node/8010904704"
    },
    {
      "type": "Feature",
      "properties": {
        "@id": "node/8024456285",
        "tourism": "viewpoint",
        "wheelchair": "no"
      },
      "geometry": {
        "type": "Point",
        "coordinates": [
          -8.6713561,
          37.0805756
        ]
      },
      "id": "node/8024456285"
    },
    {
      "type": "Feature",
      "properties": {
        "@id": "node/8111902147",
        "addr:city": "Egbe",
        "addr:housenumber": "7",
        "addr:postcode": "100263",
        "addr:street": "Nik Chuks Street",
        "brand": "Lodging & Accomodation",
        "description": "A single floor Unit with Twin Shops as a frontal display.",
        "internet_access": "wlan",
        "internet_access:fee": "yes",
        "internet_access:ssid": "Nik Chuks Lodge Wifi",
        "name": "Nik Chuks Lodge",
        "rooms": "11",
        "tourism": "hotel"
      },
      "geometry": {
        "type": "Point",
        "coordinates": [
          3.2705806,
          6.5457512
        ]
      },
      "id": "node/8111902147"
    },
    {
      "type": "Feature",
      "properties": {
        "@id": "node/8165668531",
        "tourism": "viewpoint",
        "wheelchair": "no"
      },
      "geometry": {
        "type": "Point",
        "coordinates": [
          -8.6685458,
          37.0802134
        ]
      },
      "id": "node/8165668531"
    },
    {
      "type": "Feature",
      "properties": {
        "@id": "node/8264231018",
        "addr:housenumber": "23",
        "addr:postcode": "100124",
        "addr:street": "Kazeem street, off community road",
        "name": "Lagos safehouse",
        "tourism": "apartment"
      },
      "geometry": {
        "type": "Point",
        "coordinates": [
          3.438496,
          6.6147986
        ]
      },
      "id": "node/8264231018"
    },
    {
      "type": "Feature",
      "properties": {
        "@id": "node/8264270617",
        "name": "Temp Residence",
        "tourism": "apartment"
      },
      "geometry": {
        "type": "Point",
        "coordinates": [
          3.5707378,
          6.6397418
        ]
      },
      "id": "node/8264270617"
    },
    {
      "type": "Feature",
      "properties": {
        "@id": "node/8313406490",
        "addr:city": "São Gonçalo de Lagos",
        "addr:housenumber": "15",
        "addr:postcode": "8600-544",
        "addr:street": "Rua Eusébio da Silva Ferreira",
        "guest_house": "house",
        "name": "Casa Papa",
        "tourism": "guest_house"
      },
      "geometry": {
        "type": "Point",
        "coordinates": [
          -8.6724391,
          37.087846
        ]
      },
      "id": "node/8313406490"
    },
    {
      "type": "Feature",
      "properties": {
        "@id": "node/8543505259",
        "board_type": "wildlife",
        "information": "board",
        "name": "P1 EBIO da Barragem da Bravura",
        "ref": "EBIO",
        "tourism": "information"
      },
      "geometry": {
        "type": "Point",
        "coordinates": [
          -8.6928381,
          37.1877833
        ]
      },
      "id": "node/8543505259"
    },
    {
      "type": "Feature",
      "properties": {
        "@id": "node/8543505260",
        "board_type": "wildlife",
        "information": "board",
        "name": "P7 EBIO da Barragem da Bravura",
        "ref": "EBIO",
        "tourism": "information"
      },
      "geometry": {
        "type": "Point",
        "coordinates": [
          -8.6919198,
          37.1921108
        ]
      },
      "id": "node/8543505260"
    },
    {
      "type": "Feature",
      "properties": {
        "@id": "node/8543505261",
        "board_type": "wildlife",
        "information": "board",
        "name": "P3 EBIO da Barragem da Bravura",
        "ref": "EBIO",
        "tourism": "information"
      },
      "geometry": {
        "type": "Point",
        "coordinates": [
          -8.6935694,
          37.1893556
        ]
      },
      "id": "node/8543505261"
    },
    {
      "type": "Feature",
      "properties": {
        "@id": "node/8543505262",
        "board_type": "wildlife",
        "information": "board",
        "name": "P5 EBIO da Barragem da Bravura",
        "ref": "EBIO",
        "tourism": "information"
      },
      "geometry": {
        "type": "Point",
        "coordinates": [
          -8.6924056,
          37.190675
        ]
      },
      "id": "node/8543505262"
    },
    {
      "type": "Feature",
      "properties": {
        "@id": "node/8543505263",
        "board_type": "wildlife",
        "information": "board",
        "name": "P6 EBIO da Barragem da Bravura",
        "ref": "EBIO",
        "tourism": "information"
      },
      "geometry": {
        "type": "Point",
        "coordinates": [
          -8.6919361,
          37.1913361
        ]
      },
      "id": "node/8543505263"
    },
    {
      "type": "Feature",
      "properties": {
        "@id": "node/8543505264",
        "board_type": "wildlife",
        "information": "board",
        "name": "P2 EBIO da Barragem da Bravura",
        "ref": "EBIO",
        "tourism": "information"
      },
      "geometry": {
        "type": "Point",
        "coordinates": [
          -8.6929222,
          37.1886278
        ]
      },
      "id": "node/8543505264"
    },
    {
      "type": "Feature",
      "properties": {
        "@id": "node/8543505265",
        "board_type": "wildlife",
        "information": "board",
        "name": "P8 EBIO da Barragem da Bravura",
        "ref": "EBIO",
        "tourism": "information"
      },
      "geometry": {
        "type": "Point",
        "coordinates": [
          -8.691625,
          37.1925778
        ]
      },
      "id": "node/8543505265"
    },
    {
      "type": "Feature",
      "properties": {
        "@id": "node/8543505266",
        "board_type": "wildlife",
        "information": "board",
        "name": "P4 EBIO da Barragem da Bravura",
        "ref": "EBIO",
        "tourism": "information"
      },
      "geometry": {
        "type": "Point",
        "coordinates": [
          -8.6934917,
          37.1902528
        ]
      },
      "id": "node/8543505266"
    },
    {
      "type": "Feature",
      "properties": {
        "@id": "node/8543505267",
        "board_type": "wildlife",
        "highway": "trailhead",
        "information": "board",
        "name": "Painel inicial EBIO da Barragem da Bravura",
        "official_name": "Estação da Biodiversidade da Barragem da Bravura",
        "ref": "EBIO",
        "tourism": "information"
      },
      "geometry": {
        "type": "Point",
        "coordinates": [
          -8.6928667,
          37.1866778
        ]
      },
      "id": "node/8543505267"
    },
    {
      "type": "Feature",
      "properties": {
        "@id": "node/8556973217",
        "historic": "monument",
        "name": "Water House"
      },
      "geometry": {
        "type": "Point",
        "coordinates": [
          3.3909899,
          6.4525957
        ]
      },
      "id": "node/8556973217"
    },
    {
      "type": "Feature",
      "properties": {
        "@id": "node/8567630851",
        "museum": "art",
        "name": "Didi Museum",
        "opening_hours": "Mo-Sa 09:00-18:00",
        "tourism": "museum",
        "website": "http://didimuseum.org/"
      },
      "geometry": {
        "type": "Point",
        "coordinates": [
          3.4235679,
          6.4326191
        ]
      },
      "id": "node/8567630851"
    },
    {
      "type": "Feature",
      "properties": {
        "@id": "node/8567630874",
        "name": "Terra Kulture Gallery",
        "tourism": "gallery",
        "website": "https://terrakulturegallery.com/"
      },
      "geometry": {
        "type": "Point",
        "coordinates": [
          3.426812,
          6.425189
        ]
      },
      "id": "node/8567630874"
    },
    {
      "type": "Feature",
      "properties": {
        "@id": "node/8599425950",
        "artwork_type": "bust",
        "tourism": "artwork"
      },
      "geometry": {
        "type": "Point",
        "coordinates": [
          3.3695308,
          6.5436658
        ]
      },
      "id": "node/8599425950"
    },
    {
      "type": "Feature",
      "properties": {
        "@id": "node/8648905821",
        "name": "Quinta do Sol",
        "tourism": "apartment"
      },
      "geometry": {
        "type": "Point",
        "coordinates": [
          -8.6601732,
          37.1258364
        ]
      },
      "id": "node/8648905821"
    },
    {
      "type": "Feature",
      "properties": {
        "@id": "node/8685942127",
        "tourism": "viewpoint"
      },
      "geometry": {
        "type": "Point",
        "coordinates": [
          -8.7186044,
          37.0867269
        ]
      },
      "id": "node/8685942127"
    },
    {
      "type": "Feature",
      "properties": {
        "@id": "node/8773581317",
        "name": "H. Alexandre",
        "tourism": "guest_house"
      },
      "geometry": {
        "type": "Point",
        "coordinates": [
          2.717283,
          6.4249902
        ]
      },
      "id": "node/8773581317"
    },
    {
      "type": "Feature",
      "properties": {
        "@id": "node/8813109568",
        "name": "The Patron Hôtel",
        "tourism": "hotel"
      },
      "geometry": {
        "type": "Point",
        "coordinates": [
          3.6253604,
          6.4732944
        ]
      },
      "id": "node/8813109568"
    },
    {
      "type": "Feature",
      "properties": {
        "@id": "node/8813127787",
        "name": "Barracuda Garden",
        "tourism": "hotel"
      },
      "geometry": {
        "type": "Point",
        "coordinates": [
          3.6111436,
          6.4276485
        ]
      },
      "id": "node/8813127787"
    },
    {
      "type": "Feature",
      "properties": {
        "@id": "node/9125922843",
        "description": "Hotel, Office and Restaurant",
        "name": "Landmark Towers",
        "tourism": "hotel"
      },
      "geometry": {
        "type": "Point",
        "coordinates": [
          3.4478166,
          6.4236201
        ]
      },
      "id": "node/9125922843"
    },
    {
      "type": "Feature",
      "properties": {
        "@id": "node/9198020290",
        "historic": "wayside_shrine",
        "name": "Oju Aale",
        "source": "Nigerian Red Cross Society"
      },
      "geometry": {
        "type": "Point",
        "coordinates": [
          3.408874,
          6.5806143
        ]
      },
      "id": "node/9198020290"
    },
    {
      "type": "Feature",
      "properties": {
        "@id": "node/9199279233",
        "historic": "wayside_shrine",
        "name": "Shrine for Water Gods",
        "source": "Nigerian Red Cross"
      },
      "geometry": {
        "type": "Point",
        "coordinates": [
          3.4094123,
          6.5810432
        ]
      },
      "id": "node/9199279233"
    },
    {
      "type": "Feature",
      "properties": {
        "@id": "node/9225563047",
        "historic": "monument",
        "name": "1947"
      },
      "geometry": {
        "type": "Point",
        "coordinates": [
          -8.7269219,
          37.0873238
        ]
      },
      "id": "node/9225563047"
    },
    {
      "type": "Feature",
      "properties": {
        "@id": "node/9233181617",
        "check_date": "2026-04-15",
        "name:en": "City Center Lagos Guest House",
        "tourism": "hotel"
      },
      "geometry": {
        "type": "Point",
        "coordinates": [
          -8.6730196,
          37.0988025
        ]
      },
      "id": "node/9233181617"
    },
    {
      "type": "Feature",
      "properties": {
        "@id": "node/9237468717",
        "artwork_type": "mural",
        "name": "Street Art Graffiti",
        "name:en": "Street Art Graffiti",
        "tourism": "artwork"
      },
      "geometry": {
        "type": "Point",
        "coordinates": [
          -8.6716598,
          37.0999312
        ]
      },
      "id": "node/9237468717"
    },
    {
      "type": "Feature",
      "properties": {
        "@id": "node/9257862702",
        "addr:housenumber": "30",
        "addr:street": "Rua da Barreira",
        "check_date": "2026-04-04",
        "name": "Lagos Downtown Guesthouse",
        "tourism": "guest_house"
      },
      "geometry": {
        "type": "Point",
        "coordinates": [
          -8.6767276,
          37.1050751
        ]
      },
      "id": "node/9257862702"
    },
    {
      "type": "Feature",
      "properties": {
        "@id": "node/9295340187",
        "information": "board",
        "tourism": "information"
      },
      "geometry": {
        "type": "Point",
        "coordinates": [
          -0.2229556,
          43.2098846
        ]
      },
      "id": "node/9295340187"
    },
    {
      "type": "Feature",
      "properties": {
        "@id": "node/9496497292",
        "artist_name": "Chinedu Oganwu",
        "artwork_type": "statue",
        "description": "A statue that shows the fishing prowess of the Badagry people. The statue was curated by Terra Kulture, Lagos",
        "material": "concrete",
        "name": "Lasisi Eleja Statue",
        "tourism": "artwork"
      },
      "geometry": {
        "type": "Point",
        "coordinates": [
          2.8832375,
          6.4137376
        ]
      },
      "id": "node/9496497292"
    },
    {
      "type": "Feature",
      "properties": {
        "@id": "node/9497607026",
        "access": "permissive",
        "castle_type": "palace",
        "historic": "castle",
        "name": "Mobee Royal Palace"
      },
      "geometry": {
        "type": "Point",
        "coordinates": [
          2.8843683,
          6.4119484
        ]
      },
      "id": "node/9497607026"
    },
    {
      "type": "Feature",
      "properties": {
        "@id": "node/9579079748",
        "information": "map",
        "name": "Rota Vicentina",
        "tourism": "information",
        "wheelchair": "yes"
      },
      "geometry": {
        "type": "Point",
        "coordinates": [
          -8.6700407,
          37.080666
        ]
      },
      "id": "node/9579079748"
    },
    {
      "type": "Feature",
      "properties": {
        "@id": "node/9586058634",
        "artwork_type": "mural",
        "tourism": "artwork"
      },
      "geometry": {
        "type": "Point",
        "coordinates": [
          -8.6726287,
          37.1033329
        ]
      },
      "id": "node/9586058634"
    },
    {
      "type": "Feature",
      "properties": {
        "@id": "node/9586058636",
        "board_type": "history",
        "information": "board",
        "name": "Forte da Ponta da Bandeira / Ponta da Bandeira Fort",
        "name:en": "Ponta da Bandeira Fort",
        "name:pt": "Forte da Ponta da Bandeira",
        "ref": "18",
        "tourism": "information"
      },
      "geometry": {
        "type": "Point",
        "coordinates": [
          -8.6685071,
          37.0989995
        ]
      },
      "id": "node/9586058636"
    },
    {
      "type": "Feature",
      "properties": {
        "@id": "node/9586058640",
        "check_date": "2026-04-04",
        "name": "Guest House Vasco Da Gama",
        "tourism": "hostel"
      },
      "geometry": {
        "type": "Point",
        "coordinates": [
          -8.6739192,
          37.1050702
        ]
      },
      "id": "node/9586058640"
    },
    {
      "type": "Feature",
      "properties": {
        "@id": "node/9697958465",
        "amenity": "place_of_worship",
        "denomination": "roman_catholic",
        "historic": "chapel",
        "name": "Capela dos Ossos de Lagos",
        "religion": "christian"
      },
      "geometry": {
        "type": "Point",
        "coordinates": [
          -8.6735418,
          37.103929
        ]
      },
      "id": "node/9697958465"
    },
    {
      "type": "Feature",
      "properties": {
        "@id": "node/9703726801",
        "name": "Hotel Seanbels",
        "tourism": "hotel"
      },
      "geometry": {
        "type": "Point",
        "coordinates": [
          3.4569646,
          6.4481194
        ]
      },
      "id": "node/9703726801"
    },
    {
      "type": "Feature",
      "properties": {
        "@id": "node/9741683672",
        "tourism": "viewpoint"
      },
      "geometry": {
        "type": "Point",
        "coordinates": [
          -8.7186407,
          37.0880281
        ]
      },
      "id": "node/9741683672"
    },
    {
      "type": "Feature",
      "properties": {
        "@id": "node/9779005073",
        "addr:street": "Rua Principal",
        "name": "Casa Grande",
        "tourism": "guest_house",
        "website": "https://www.casagrandeportugal.com/"
      },
      "geometry": {
        "type": "Point",
        "coordinates": [
          -8.7736664,
          37.0743002
        ]
      },
      "id": "node/9779005073"
    },
    {
      "type": "Feature",
      "properties": {
        "@id": "node/9833183756",
        "amenity": "bar",
        "location": "roof",
        "payment:credit_cards": "yes",
        "payment:debit_cards": "yes",
        "tourism": "viewpoint"
      },
      "geometry": {
        "type": "Point",
        "coordinates": [
          -8.6716418,
          37.0999836
        ]
      },
      "id": "node/9833183756"
    },
    {
      "type": "Feature",
      "properties": {
        "@id": "node/9882750632",
        "name": "Logos Suite",
        "tourism": "chalet"
      },
      "geometry": {
        "type": "Point",
        "coordinates": [
          -8.6859052,
          37.1006185
        ]
      },
      "id": "node/9882750632"
    },
    {
      "type": "Feature",
      "properties": {
        "@id": "node/9884547689",
        "contact:phone": "+351 965 417 951",
        "name": "Quinta do Maranhão",
        "tourism": "apartment"
      },
      "geometry": {
        "type": "Point",
        "coordinates": [
          -8.7410791,
          37.1455862
        ]
      },
      "id": "node/9884547689"
    },
    {
      "type": "Feature",
      "properties": {
        "@id": "node/10072570045",
        "artist_name": "João Duarte",
        "artwork_type": "installation",
        "description": "Monumento comemorativo do centenário da chegada do comboio a Lagos",
        "material": "steel",
        "name": "Centenário Da Chegada do Comboio",
        "tourism": "artwork",
        "wheelchair": "yes"
      },
      "geometry": {
        "type": "Point",
        "coordinates": [
          -8.672352,
          37.1090731
        ]
      },
      "id": "node/10072570045"
    },
    {
      "type": "Feature",
      "properties": {
        "@id": "node/10072570050",
        "information": "map",
        "name": "Rota Vicentina",
        "tourism": "information"
      },
      "geometry": {
        "type": "Point",
        "coordinates": [
          -8.6722875,
          37.1089182
        ]
      },
      "id": "node/10072570050"
    },
    {
      "type": "Feature",
      "properties": {
        "@id": "node/10074663370",
        "attraction": "train",
        "name": "9 Meia Praia Forte São Roque - Comboio Turistico",
        "public_transport": "platform",
        "tourism": "attraction",
        "website": "http://touristtrainlagos.com/"
      },
      "geometry": {
        "type": "Point",
        "coordinates": [
          -8.6487511,
          37.1184416
        ]
      },
      "id": "node/10074663370"
    },
    {
      "type": "Feature",
      "properties": {
        "@id": "node/10074691259",
        "attraction": "train",
        "bench": "no",
        "bin": "no",
        "lit": "yes",
        "name": "1 Marina - Comboio Turistico",
        "public_transport": "platform",
        "shelter": "no",
        "tactile_paving": "no",
        "tourism": "attraction",
        "website": "http://touristtrainlagos.com/"
      },
      "geometry": {
        "type": "Point",
        "coordinates": [
          -8.6736846,
          37.1080978
        ]
      },
      "id": "node/10074691259"
    },
    {
      "type": "Feature",
      "properties": {
        "@id": "node/10074709982",
        "attraction": "train",
        "name": "2 Avenida dos Descobrimentos - Comboio Turistico",
        "public_transport": "platform",
        "shelter": "no",
        "tourism": "attraction",
        "website": "http://touristtrainlagos.com/"
      },
      "geometry": {
        "type": "Point",
        "coordinates": [
          -8.6718655,
          37.1027689
        ]
      },
      "id": "node/10074709982"
    },
    {
      "type": "Feature",
      "properties": {
        "@id": "node/10074709983",
        "attraction": "train",
        "bench": "yes",
        "bin": "yes",
        "name": "5 Avenida dos Descobrimentos - Comboio Turistico",
        "public_transport": "platform",
        "shelter": "yes",
        "tactile_paving": "no",
        "tourism": "attraction",
        "website": "http://touristtrainlagos.com/"
      },
      "geometry": {
        "type": "Point",
        "coordinates": [
          -8.6720752,
          37.1033391
        ]
      },
      "id": "node/10074709983"
    },
    {
      "type": "Feature",
      "properties": {
        "@id": "node/10074774152",
        "attraction": "train",
        "bench": "no",
        "name": "4 Praia Dona Ana - Comboio Turistico",
        "public_transport": "platform",
        "shelter": "no",
        "tourism": "attraction",
        "website": "http://touristtrainlagos.com/"
      },
      "geometry": {
        "type": "Point",
        "coordinates": [
          -8.6700044,
          37.0914429
        ]
      },
      "id": "node/10074774152"
    },
    {
      "type": "Feature",
      "properties": {
        "@id": "node/10074790254",
        "attraction": "train",
        "bench": "no",
        "bin": "no",
        "lit": "no",
        "name": "3 Ponta da Piedade - Comboio Turistico",
        "public_transport": "platform",
        "shelter": "no",
        "tactile_paving": "no",
        "tourism": "attraction",
        "website": "http://touristtrainlagos.com/"
      },
      "geometry": {
        "type": "Point",
        "coordinates": [
          -8.669437,
          37.0811197
        ]
      },
      "id": "node/10074790254"
    },
    {
      "type": "Feature",
      "properties": {
        "@id": "node/10075028917",
        "addr:housenumber": "Block 3 flat 1",
        "addr:postcode": "234",
        "addr:street": "22 Road",
        "email": "uz_ismail@yahoo.com",
        "opening_hours": "24/7",
        "phone": "08035968148",
        "tourism": "apartment"
      },
      "geometry": {
        "type": "Point",
        "coordinates": [
          3.2822523,
          6.4650333
        ]
      },
      "id": "node/10075028917"
    },
    {
      "type": "Feature",
      "properties": {
        "@id": "node/10169729937",
        "tourism": "camp_pitch"
      },
      "geometry": {
        "type": "Point",
        "coordinates": [
          -8.7531515,
          37.1655207
        ]
      },
      "id": "node/10169729937"
    },
    {
      "type": "Feature",
      "properties": {
        "@id": "node/10215220421",
        "name": "Divine Fountain Hotel VI",
        "tourism": "hotel"
      },
      "geometry": {
        "type": "Point",
        "coordinates": [
          3.4375262,
          6.4270855
        ]
      },
      "id": "node/10215220421"
    },
    {
      "type": "Feature",
      "properties": {
        "@id": "node/10215240522",
        "name": "Citilane Royal Hotel",
        "tourism": "hotel"
      },
      "geometry": {
        "type": "Point",
        "coordinates": [
          3.3529185,
          6.6024309
        ]
      },
      "id": "node/10215240522"
    },
    {
      "type": "Feature",
      "properties": {
        "@id": "node/10215240523",
        "name": "Hotel Hunwaji",
        "tourism": "hotel"
      },
      "geometry": {
        "type": "Point",
        "coordinates": [
          2.8883892,
          6.4156997
        ]
      },
      "id": "node/10215240523"
    },
    {
      "type": "Feature",
      "properties": {
        "@id": "node/10274252509",
        "name": "Meia Praia",
        "tourism": "caravan_site"
      },
      "geometry": {
        "type": "Point",
        "coordinates": [
          -8.6315923,
          37.1255524
        ]
      },
      "id": "node/10274252509"
    },
    {
      "type": "Feature",
      "properties": {
        "@id": "node/10292011107",
        "historic": "railway_station",
        "name": "Railway Roundhouse"
      },
      "geometry": {
        "type": "Point",
        "coordinates": [
          -8.6710791,
          37.1088583
        ]
      },
      "id": "node/10292011107"
    },
    {
      "type": "Feature",
      "properties": {
        "@id": "node/10699579067",
        "addr:housenumber": "13",
        "addr:street": "Rua 25 de Abril 1974",
        "check_date": "2026-05-12",
        "name": "Mar Azul",
        "tourism": "hotel"
      },
      "geometry": {
        "type": "Point",
        "coordinates": [
          -8.6721754,
          37.1020691
        ]
      },
      "id": "node/10699579067"
    },
    {
      "type": "Feature",
      "properties": {
        "@id": "node/10759790605",
        "name": "Kappo Hotel",
        "tourism": "hotel"
      },
      "geometry": {
        "type": "Point",
        "coordinates": [
          2.8850847,
          6.415818
        ]
      },
      "id": "node/10759790605"
    },
    {
      "type": "Feature",
      "properties": {
        "@id": "node/10816552405",
        "name:en": "Home in Portugal",
        "tourism": "guest_house"
      },
      "geometry": {
        "type": "Point",
        "coordinates": [
          -8.6706087,
          37.114993
        ]
      },
      "id": "node/10816552405"
    },
    {
      "type": "Feature",
      "properties": {
        "@id": "node/10852696105",
        "name": "moinhos velhos",
        "tourism": "guest_house"
      },
      "geometry": {
        "type": "Point",
        "coordinates": [
          -8.6978959,
          37.1978246
        ]
      },
      "id": "node/10852696105"
    },
    {
      "type": "Feature",
      "properties": {
        "@id": "node/10889781242",
        "name": "Rua Maria José Rijo, Quinta Pedagógica Santo Anjo-Luz",
        "tourism": "caravan_site"
      },
      "geometry": {
        "type": "Point",
        "coordinates": [
          -8.7716097,
          37.0790128
        ]
      },
      "id": "node/10889781242"
    },
    {
      "type": "Feature",
      "properties": {
        "@id": "node/10945840924",
        "check_date": "2023-06-02",
        "name": "Ocean Villas",
        "tourism": "apartment"
      },
      "geometry": {
        "type": "Point",
        "coordinates": [
          -8.7332111,
          37.0848694
        ]
      },
      "id": "node/10945840924"
    },
    {
      "type": "Feature",
      "properties": {
        "@id": "node/10960354427",
        "name": "Cassa D'Ouro Veggie Landhaus",
        "tourism": "guest_house"
      },
      "geometry": {
        "type": "Point",
        "coordinates": [
          -8.7514134,
          37.0972023
        ]
      },
      "id": "node/10960354427"
    },
    {
      "type": "Feature",
      "properties": {
        "@id": "node/11055746805",
        "name": "Eco Gardens",
        "tourism": "hotel"
      },
      "geometry": {
        "type": "Point",
        "coordinates": [
          3.430344,
          6.4282745
        ]
      },
      "id": "node/11055746805"
    },
    {
      "type": "Feature",
      "properties": {
        "@id": "node/11085414005",
        "brand": "Radisson",
        "brand:wikidata": "Q1751979",
        "name": "Radisson ikeja",
        "tourism": "hotel"
      },
      "geometry": {
        "type": "Point",
        "coordinates": [
          3.3576827,
          6.5834674
        ]
      },
      "id": "node/11085414005"
    },
    {
      "type": "Feature",
      "properties": {
        "@id": "node/11140784815",
        "addr:housenumber": "9",
        "addr:street": "Rua Soeiro da Costa",
        "name": "Cloud 9",
        "tourism": "hostel"
      },
      "geometry": {
        "type": "Point",
        "coordinates": [
          -8.6718262,
          37.1007782
        ]
      },
      "id": "node/11140784815"
    },
    {
      "type": "Feature",
      "properties": {
        "@id": "node/11163507350",
        "tourism": "viewpoint",
        "wheelchair": "yes"
      },
      "geometry": {
        "type": "Point",
        "coordinates": [
          -8.6694154,
          37.0885572
        ]
      },
      "id": "node/11163507350"
    },
    {
      "type": "Feature",
      "properties": {
        "@id": "node/11163507358",
        "tourism": "viewpoint",
        "wheelchair": "yes"
      },
      "geometry": {
        "type": "Point",
        "coordinates": [
          -8.6683274,
          37.0846854
        ]
      },
      "id": "node/11163507358"
    },
    {
      "type": "Feature",
      "properties": {
        "@id": "node/11249527438",
        "addr:postcode": "8600-623",
        "addr:street": "Rua Silva Lopes",
        "check_date": "2026-04-08",
        "name": "The Salty Lodge",
        "phone": "+351 928 024 920",
        "tourism": "hotel",
        "website": "https://www.saltylodge.com/"
      },
      "geometry": {
        "type": "Point",
        "coordinates": [
          -8.6715803,
          37.1002505
        ]
      },
      "id": "node/11249527438"
    },
    {
      "type": "Feature",
      "properties": {
        "@id": "node/11262817488",
        "check_date": "2026-04-03",
        "name": "Lagos Marina Guest House",
        "tourism": "guest_house"
      },
      "geometry": {
        "type": "Point",
        "coordinates": [
          -8.6691949,
          37.1136929
        ]
      },
      "id": "node/11262817488"
    },
    {
      "type": "Feature",
      "properties": {
        "@id": "node/11264695419",
        "contact:email": "nicoleguerra11@yahoo.fr",
        "contact:phone": "+351 916 879 318",
        "contact:website": "https://www.quinta-seca.com/",
        "name": "Altinho da Quinta Seca",
        "tourism": "apartment"
      },
      "geometry": {
        "type": "Point",
        "coordinates": [
          -8.632403,
          37.1498016
        ]
      },
      "id": "node/11264695419"
    },
    {
      "type": "Feature",
      "properties": {
        "@id": "node/11265020854",
        "check_date": "2023-10-15",
        "name": "Dom Pedro",
        "tourism": "hotel"
      },
      "geometry": {
        "type": "Point",
        "coordinates": [
          -8.6597606,
          37.113344
        ]
      },
      "id": "node/11265020854"
    },
    {
      "type": "Feature",
      "properties": {
        "@id": "node/11275642611",
        "artwork_type": "mural",
        "name": "Don't Take The Bait",
        "tourism": "artwork"
      },
      "geometry": {
        "type": "Point",
        "coordinates": [
          -8.6792332,
          37.1003513
        ]
      },
      "id": "node/11275642611"
    },
    {
      "type": "Feature",
      "properties": {
        "@id": "node/11297491077",
        "artwork_type": "graffiti",
        "tourism": "artwork"
      },
      "geometry": {
        "type": "Point",
        "coordinates": [
          -8.6815313,
          37.1093715
        ]
      },
      "id": "node/11297491077"
    },
    {
      "type": "Feature",
      "properties": {
        "@id": "node/11297707934",
        "historic": "memorial",
        "memorial": "statue",
        "name": "Gil Eannes",
        "subject:name": "Gil Eannes",
        "subject:wikidata": "Q360391",
        "subject:wikipedia": "pt:Gil Eanes",
        "support": "pedestal",
        "wikimedia_commons": "File:GilEannes-Lagos.jpg"
      },
      "geometry": {
        "type": "Point",
        "coordinates": [
          -8.6694369,
          37.0994701
        ]
      },
      "id": "node/11297707934"
    },
    {
      "type": "Feature",
      "properties": {
        "@id": "node/11297707935",
        "check_date": "2026-04-16",
        "name": "indigo",
        "tourism": "guest_house"
      },
      "geometry": {
        "type": "Point",
        "coordinates": [
          -8.6735855,
          37.0995469
        ]
      },
      "id": "node/11297707935"
    },
    {
      "type": "Feature",
      "properties": {
        "@id": "node/11305982869",
        "name": "cluster",
        "tourism": "viewpoint"
      },
      "geometry": {
        "type": "Point",
        "coordinates": [
          3.3580131,
          6.4017849
        ]
      },
      "id": "node/11305982869"
    },
    {
      "type": "Feature",
      "properties": {
        "@id": "node/11375079247",
        "check_date": "2026-04-07",
        "name": "Casa Mãe",
        "tourism": "hotel"
      },
      "geometry": {
        "type": "Point",
        "coordinates": [
          -8.6752732,
          37.1030117
        ]
      },
      "id": "node/11375079247"
    },
    {
      "type": "Feature",
      "properties": {
        "@id": "node/11386213392",
        "addr:housenumber": "17",
        "addr:street": "Rua Do Jardim",
        "name": "Casa do Farol Guesthouse",
        "tourism": "apartment"
      },
      "geometry": {
        "type": "Point",
        "coordinates": [
          -8.6705078,
          37.0991357
        ]
      },
      "id": "node/11386213392"
    },
    {
      "type": "Feature",
      "properties": {
        "@id": "node/11386230269",
        "addr:housenumber": "24",
        "addr:street": "Rua Doutor Júlio Dantas",
        "name": "Henri's",
        "tourism": "apartment",
        "website": "https://www.henris.pt/"
      },
      "geometry": {
        "type": "Point",
        "coordinates": [
          -8.6705285,
          37.0989795
        ]
      },
      "id": "node/11386230269"
    },
    {
      "type": "Feature",
      "properties": {
        "@id": "node/11386280969",
        "name": "Casa da Coroa",
        "tourism": "apartment"
      },
      "geometry": {
        "type": "Point",
        "coordinates": [
          -8.6702236,
          37.0988991
        ]
      },
      "id": "node/11386280969"
    },
    {
      "type": "Feature",
      "properties": {
        "@id": "node/11386282369",
        "addr:housenumber": "23",
        "addr:street": "Rua Miguel Bombarda",
        "check_date": "2026-04-07",
        "name": "Casa Paula Apartments",
        "tourism": "hotel",
        "website": "https://www.hoteisdirect.com/casa-paula-apartments/"
      },
      "geometry": {
        "type": "Point",
        "coordinates": [
          -8.6703898,
          37.0984824
        ]
      },
      "id": "node/11386282369"
    },
    {
      "type": "Feature",
      "properties": {
        "@id": "node/11408650551",
        "check_date": "2023-12-11",
        "internet_access": "no",
        "internet_access:fee": "customers",
        "name": "Goldlux Hotel",
        "payment:cash": "yes",
        "payment:mastercard": "yes",
        "payment:visa": "yes",
        "source": "local knowledge",
        "stars": "2",
        "tourism": "hotel",
        "wheelchair": "yes"
      },
      "geometry": {
        "type": "Point",
        "coordinates": [
          3.3038188,
          6.6237919
        ]
      },
      "id": "node/11408650551"
    },
    {
      "type": "Feature",
      "properties": {
        "@id": "node/11449512596",
        "information": "map",
        "map_size": "site",
        "name": "Marina Park",
        "tourism": "information"
      },
      "geometry": {
        "type": "Point",
        "coordinates": [
          -8.6702107,
          37.1155386
        ]
      },
      "id": "node/11449512596"
    },
    {
      "type": "Feature",
      "properties": {
        "@id": "node/11452073126",
        "artwork_type": "mural",
        "tourism": "artwork"
      },
      "geometry": {
        "type": "Point",
        "coordinates": [
          -8.67713,
          37.0960434
        ]
      },
      "id": "node/11452073126"
    },
    {
      "type": "Feature",
      "properties": {
        "@id": "node/11482681210",
        "name": "Ocean'7",
        "tourism": "hostel"
      },
      "geometry": {
        "type": "Point",
        "coordinates": [
          -8.6847731,
          37.1060644
        ]
      },
      "id": "node/11482681210"
    },
    {
      "type": "Feature",
      "properties": {
        "@id": "node/11519613533",
        "name": "Briso do Mar",
        "tourism": "chalet",
        "website": "https://www.brisadomar.pt/"
      },
      "geometry": {
        "type": "Point",
        "coordinates": [
          -8.6930727,
          37.0872355
        ]
      },
      "id": "node/11519613533"
    },
    {
      "type": "Feature",
      "properties": {
        "@id": "node/11536341928",
        "artwork_type": "graffiti",
        "name": "Street Art",
        "tourism": "artwork"
      },
      "geometry": {
        "type": "Point",
        "coordinates": [
          -8.6737773,
          37.104546
        ]
      },
      "id": "node/11536341928"
    },
    {
      "type": "Feature",
      "properties": {
        "@id": "node/11731208108",
        "check_date": "2026-04-04",
        "name": "Aloha Burgau Guesthouse",
        "tourism": "hostel"
      },
      "geometry": {
        "type": "Point",
        "coordinates": [
          -8.770173,
          37.0754032
        ]
      },
      "id": "node/11731208108"
    },
    {
      "type": "Feature",
      "properties": {
        "@id": "node/11748450556",
        "name": "Monte Rosa",
        "tourism": "guest_house"
      },
      "geometry": {
        "type": "Point",
        "coordinates": [
          -8.7564497,
          37.1371751
        ]
      },
      "id": "node/11748450556"
    },
    {
      "type": "Feature",
      "properties": {
        "@id": "node/11751311633",
        "addr:city": "Lagos",
        "addr:housenumber": "56",
        "addr:postcode": "8600-361",
        "addr:street": "Rua José d'Abreu Pimenta",
        "air_conditioning": "yes",
        "email": "dreamlagos@gmail.com",
        "guest_house": "guest_house",
        "internet_access": "wlan",
        "internet_access:fee": "no",
        "name": "Dream Lagos B&B",
        "rooms": "6",
        "tourism": "guest_house"
      },
      "geometry": {
        "type": "Point",
        "coordinates": [
          -8.6857789,
          37.1065033
        ]
      },
      "id": "node/11751311633"
    },
    {
      "type": "Feature",
      "properties": {
        "@id": "node/11993373489",
        "addr:city": "Ikoyi",
        "addr:postcode": "101233",
        "addr:street": "Onikoyi Lane",
        "air_conditioning": "yes",
        "brand": "Sun Heaven Hotels & Resort",
        "email": "info.ikoyi@sun-heavens.com",
        "internet_access": "wlan",
        "internet_access:fee": "no",
        "name": "Sun Heaven Hotel Ikoyi",
        "phone": "+2349035628306",
        "rooms": "72",
        "tourism": "hotel",
        "website": "https://www.sun-heavens.com"
      },
      "geometry": {
        "type": "Point",
        "coordinates": [
          3.4455867,
          6.457807
        ]
      },
      "id": "node/11993373489"
    },
    {
      "type": "Feature",
      "properties": {
        "@id": "node/12038032490",
        "addr:city": "lekki",
        "addr:housenumber": "1B",
        "addr:postcode": "105102",
        "addr:street": "Collins Uchidiuno St",
        "air_conditioning": "yes",
        "email": "truewishhospotality@gmail.com",
        "guest_house": "lounge",
        "internet_access": "yes",
        "internet_access:fee": "customers",
        "name": "House One Lekki",
        "opening_hours": "Mo-Su 09:00-02:00",
        "operator": "Jada-Baruch",
        "phone": "+2349010978617",
        "tourism": "guest_house"
      },
      "geometry": {
        "type": "Point",
        "coordinates": [
          3.4756966,
          6.4419285
        ]
      },
      "id": "node/12038032490"
    },
    {
      "type": "Feature",
      "properties": {
        "@id": "node/12135260542",
        "name": "Vila Palmeira",
        "tourism": "hotel"
      },
      "geometry": {
        "type": "Point",
        "coordinates": [
          -8.6532971,
          37.1165898
        ]
      },
      "id": "node/12135260542"
    },
    {
      "type": "Feature",
      "properties": {
        "@id": "node/12146245013",
        "name": "Sun Place Guest House",
        "tourism": "guest_house"
      },
      "geometry": {
        "type": "Point",
        "coordinates": [
          -8.6850531,
          37.1045136
        ]
      },
      "id": "node/12146245013"
    },
    {
      "type": "Feature",
      "properties": {
        "@id": "node/12149492031",
        "board_type": "map",
        "information": "board",
        "name": "Ecovia Algarve",
        "tourism": "information"
      },
      "geometry": {
        "type": "Point",
        "coordinates": [
          -8.6366214,
          37.1227006
        ]
      },
      "id": "node/12149492031"
    },
    {
      "type": "Feature",
      "properties": {
        "@id": "node/12149499143",
        "board_type": "map",
        "information": "board",
        "name": "Ecovia Algarve",
        "tourism": "information"
      },
      "geometry": {
        "type": "Point",
        "coordinates": [
          -8.6651824,
          37.1103376
        ]
      },
      "id": "node/12149499143"
    },
    {
      "type": "Feature",
      "properties": {
        "@id": "node/12157993080",
        "artwork_type": "sculpture",
        "tourism": "artwork"
      },
      "geometry": {
        "type": "Point",
        "coordinates": [
          -8.6726535,
          37.1038652
        ]
      },
      "id": "node/12157993080"
    },
    {
      "type": "Feature",
      "properties": {
        "@id": "node/12281519657",
        "facility_manager": "private/individual",
        "name": "Edaneh hotel and lodge events center",
        "operator": "private/individual",
        "source:position": "gps",
        "status": "functional",
        "tourism": "hotel"
      },
      "geometry": {
        "type": "Point",
        "coordinates": [
          3.427575,
          6.608955
        ]
      },
      "id": "node/12281519657"
    },
    {
      "type": "Feature",
      "properties": {
        "@id": "node/12281519658",
        "facility_manager": "private/individual",
        "name": "E74 hotel garden and suites",
        "operator": "private/individual",
        "source:position": "gps",
        "status": "functional",
        "tourism": "hotel"
      },
      "geometry": {
        "type": "Point",
        "coordinates": [
          3.414418,
          6.609014
        ]
      },
      "id": "node/12281519658"
    },
    {
      "type": "Feature",
      "properties": {
        "@id": "node/12281519659",
        "facility_manager": "private/individual",
        "name": "Dehinbo hotel and suites",
        "operator": "private/individual",
        "source:position": "gps",
        "status": "functional",
        "tourism": "hotel"
      },
      "geometry": {
        "type": "Point",
        "coordinates": [
          3.421345,
          6.606808
        ]
      },
      "id": "node/12281519659"
    },
    {
      "type": "Feature",
      "properties": {
        "@id": "node/12287951312",
        "facility_use": "bar and lodging",
        "name": "doorstep guest house",
        "operator": "private/ individual",
        "source": "survey",
        "status": "functional",
        "tourism": "guest_house",
        "users_PLWD": "no",
        "users_boy": "yes",
        "users_elderly": "yes",
        "users_female": "yes",
        "users_girl": "yes",
        "users_men": "yes"
      },
      "geometry": {
        "type": "Point",
        "coordinates": [
          3.230768,
          6.52342
        ]
      },
      "id": "node/12287951312"
    },
    {
      "type": "Feature",
      "properties": {
        "@id": "node/12287951313",
        "facility_use": "fun and relaxation",
        "name": "Desakin",
        "operator": "private/ individual",
        "source": "survey",
        "status": "functional",
        "tourism": "hotel",
        "users_PLWD": "yes",
        "users_boy": "yes",
        "users_elderly": "yes",
        "users_female": "yes",
        "users_girl": "yes",
        "users_men": "yes"
      },
      "geometry": {
        "type": "Point",
        "coordinates": [
          3.2373164,
          6.526959
        ]
      },
      "id": "node/12287951313"
    },
    {
      "type": "Feature",
      "properties": {
        "@id": "node/12287951314",
        "facility_use": "still under construction",
        "name": "Hotel under construction",
        "operator": "private/ individual",
        "source": "survey",
        "status": "non-functional",
        "tourism": "hotel",
        "users_PLWD": "no",
        "users_boy": "yes",
        "users_elderly": "no",
        "users_female": "yes",
        "users_girl": "yes",
        "users_men": "yes"
      },
      "geometry": {
        "type": "Point",
        "coordinates": [
          3.2380968,
          6.5284094
        ]
      },
      "id": "node/12287951314"
    },
    {
      "type": "Feature",
      "properties": {
        "@id": "node/12287951315",
        "facility_use": "hotel purposes",
        "name": "Cleanheart Hotel",
        "operator": "private/ individual",
        "source": "survey",
        "status": "functional",
        "tourism": "hotel",
        "users_PLWD": "no",
        "users_boy": "yes",
        "users_elderly": "yes",
        "users_female": "yes",
        "users_girl": "yes",
        "users_men": "yes"
      },
      "geometry": {
        "type": "Point",
        "coordinates": [
          3.2363592,
          6.5244875
        ]
      },
      "id": "node/12287951315"
    },
    {
      "type": "Feature",
      "properties": {
        "@id": "node/12287951316",
        "facility_use": "lodging and accomodations",
        "name": "Angel Hotel Phase 2",
        "operator": "private/ individual",
        "source": "survey",
        "status": "functional",
        "tourism": "hotel",
        "users_PLWD": "yes",
        "users_boy": "yes",
        "users_elderly": "yes",
        "users_female": "yes",
        "users_girl": "yes",
        "users_men": "yes"
      },
      "geometry": {
        "type": "Point",
        "coordinates": [
          3.2342553,
          6.526174
        ]
      },
      "id": "node/12287951316"
    },
    {
      "type": "Feature",
      "properties": {
        "@id": "node/12357956574",
        "name": "Work and Play place",
        "tourism": "hotel"
      },
      "geometry": {
        "type": "Point",
        "coordinates": [
          3.3578333,
          6.5999393
        ]
      },
      "id": "node/12357956574"
    },
    {
      "type": "Feature",
      "properties": {
        "@id": "node/12431665615",
        "amenity": "place_of_worship",
        "denomination": "catholic",
        "historic": "wayside_shrine",
        "name": "VI",
        "religion": "christian"
      },
      "geometry": {
        "type": "Point",
        "coordinates": [
          -8.6723757,
          37.0927184
        ]
      },
      "id": "node/12431665615"
    },
    {
      "type": "Feature",
      "properties": {
        "@id": "node/12431665616",
        "amenity": "place_of_worship",
        "denomination": "catholic",
        "historic": "wayside_shrine",
        "name": "V",
        "religion": "christian"
      },
      "geometry": {
        "type": "Point",
        "coordinates": [
          -8.6721356,
          37.0934865
        ]
      },
      "id": "node/12431665616"
    },
    {
      "type": "Feature",
      "properties": {
        "@id": "node/12431668803",
        "historic": "memorial",
        "memorial": "bust"
      },
      "geometry": {
        "type": "Point",
        "coordinates": [
          -8.6707181,
          37.1001346
        ]
      },
      "id": "node/12431668803"
    },
    {
      "type": "Feature",
      "properties": {
        "@id": "node/12433830619",
        "artwork_type": "sculpture",
        "tourism": "artwork"
      },
      "geometry": {
        "type": "Point",
        "coordinates": [
          -8.6728665,
          37.103259
        ]
      },
      "id": "node/12433830619"
    },
    {
      "type": "Feature",
      "properties": {
        "@id": "node/12433830620",
        "artwork_type": "sculpture",
        "tourism": "artwork"
      },
      "geometry": {
        "type": "Point",
        "coordinates": [
          -8.6728404,
          37.1030649
        ]
      },
      "id": "node/12433830620"
    },
    {
      "type": "Feature",
      "properties": {
        "@id": "node/12433830622",
        "artwork_type": "mural",
        "tourism": "artwork"
      },
      "geometry": {
        "type": "Point",
        "coordinates": [
          -8.6723304,
          37.0994928
        ]
      },
      "id": "node/12433830622"
    },
    {
      "type": "Feature",
      "properties": {
        "@id": "node/12433830623",
        "artwork_type": "mural",
        "tourism": "artwork"
      },
      "geometry": {
        "type": "Point",
        "coordinates": [
          -8.6721422,
          37.0997281
        ]
      },
      "id": "node/12433830623"
    },
    {
      "type": "Feature",
      "properties": {
        "@id": "node/12433836932",
        "artist_name": "Fedor",
        "artwork_type": "mural",
        "tourism": "artwork"
      },
      "geometry": {
        "type": "Point",
        "coordinates": [
          -8.6746562,
          37.0997587
        ]
      },
      "id": "node/12433836932"
    },
    {
      "type": "Feature",
      "properties": {
        "@id": "node/12433836934",
        "artwork_type": "sculpture",
        "material": "concrete",
        "tourism": "artwork"
      },
      "geometry": {
        "type": "Point",
        "coordinates": [
          -8.6753878,
          37.1009743
        ]
      },
      "id": "node/12433836934"
    },
    {
      "type": "Feature",
      "properties": {
        "@id": "node/12435541416",
        "addr:housenumber": "85",
        "addr:street": "Rua Convento da Trindade, 85 - Bloco D, 8600-540 Lagos, Portugal",
        "email": "carlasoarescarvalho@gmail.com",
        "image": "https://cf.bstatic.com/xdata/images/hotel/max1280x900/370858782.jpg?k=4e8512ee74df0849bfafebcc230216688eb459bf46019de2965222b7633c22e7&o=&hp=1",
        "internet_access": "yes",
        "internet_access:fee": "no",
        "name": "Apartment Mar Azul",
        "note": "Featuring air-conditioned accommodation with a pool with a view, Apartamento Mar Azul is set in Lagos. This beachfront property offers access to a balcony, free private parking and free WiFi.",
        "operator": "SunnyStayAlgarve.com",
        "phone": "+351913425501",
        "rooms": "2",
        "tourism": "apartment"
      },
      "geometry": {
        "type": "Point",
        "coordinates": [
          -8.66985,
          37.0935189
        ]
      },
      "id": "node/12435541416"
    },
    {
      "type": "Feature",
      "properties": {
        "@id": "node/12507507893",
        "archaeological_site": "megalith",
        "fixme": "location tbc",
        "historic": "archaeological_site",
        "megalith_type": "menhir",
        "name": "Pedra do Galo"
      },
      "geometry": {
        "type": "Point",
        "coordinates": [
          -8.7916644,
          37.149384
        ]
      },
      "id": "node/12507507893"
    },
    {
      "type": "Feature",
      "properties": {
        "@id": "node/12564120825",
        "addr:city": "Barão de São João",
        "camp_site": "standard",
        "caravans": "yes",
        "check_date": "2025-09-30",
        "check_date:currency:XBT": "2025-09-30",
        "contact:email": "contact@stateofbeing.nl",
        "contact:instagram": "stateofbeing.sanctuary",
        "contact:website": "https://stateofbeing.nl/",
        "currency:XBT": "yes",
        "dog": "leashed",
        "drinking_water": "yes",
        "fee": "yes",
        "name": "State Of Being",
        "payment:cash": "yes",
        "payment:lightning": "yes",
        "payment:lightning_contactless": "no",
        "payment:onchain": "yes",
        "picnic_table": "yes",
        "static_caravans": "yes",
        "tents": "yes",
        "tourism": "camp_site"
      },
      "geometry": {
        "type": "Point",
        "coordinates": [
          -8.7851289,
          37.1298309
        ]
      },
      "id": "node/12564120825"
    },
    {
      "type": "Feature",
      "properties": {
        "@id": "node/12568499660",
        "artwork_type": "installation",
        "tourism": "artwork"
      },
      "geometry": {
        "type": "Point",
        "coordinates": [
          -8.6774796,
          37.1103214
        ]
      },
      "id": "node/12568499660"
    },
    {
      "type": "Feature",
      "properties": {
        "@id": "node/12568499795",
        "historic": "wayside_shrine",
        "religion": "christian"
      },
      "geometry": {
        "type": "Point",
        "coordinates": [
          -8.680632,
          37.1112401
        ]
      },
      "id": "node/12568499795"
    },
    {
      "type": "Feature",
      "properties": {
        "@id": "node/12568529052",
        "artwork_type": "mural",
        "tourism": "artwork"
      },
      "geometry": {
        "type": "Point",
        "coordinates": [
          -8.6764824,
          37.1090096
        ]
      },
      "id": "node/12568529052"
    },
    {
      "type": "Feature",
      "properties": {
        "@id": "node/12568533410",
        "artwork_type": "installation",
        "tourism": "artwork"
      },
      "geometry": {
        "type": "Point",
        "coordinates": [
          -8.6690532,
          37.0999617
        ]
      },
      "id": "node/12568533410"
    },
    {
      "type": "Feature",
      "properties": {
        "@id": "node/12568754621",
        "information": "map",
        "tourism": "information"
      },
      "geometry": {
        "type": "Point",
        "coordinates": [
          -8.6953272,
          37.1262559
        ]
      },
      "id": "node/12568754621"
    },
    {
      "type": "Feature",
      "properties": {
        "@id": "node/12568792822",
        "tourism": "hotel"
      },
      "geometry": {
        "type": "Point",
        "coordinates": [
          -8.7377862,
          37.1555216
        ]
      },
      "id": "node/12568792822"
    },
    {
      "type": "Feature",
      "properties": {
        "@id": "node/12605103394",
        "board_type": "Kokoontumispaikka",
        "direction": "325",
        "information": "board",
        "operator": "Lagos Boat Tours",
        "tourism": "information"
      },
      "geometry": {
        "type": "Point",
        "coordinates": [
          -8.6731428,
          37.1085587
        ]
      },
      "id": "node/12605103394"
    },
    {
      "type": "Feature",
      "properties": {
        "@id": "node/12785621435",
        "email": "hello@mayhillhotel.com.ng",
        "name": "Mayhill Hotel",
        "tourism": "hotel",
        "website": "https://mayhillhotel.com"
      },
      "geometry": {
        "type": "Point",
        "coordinates": [
          3.5130915,
          6.4398216
        ]
      },
      "id": "node/12785621435"
    },
    {
      "type": "Feature",
      "properties": {
        "@id": "node/12849360145",
        "hiking": "yes",
        "information": "guidepost",
        "tourism": "information"
      },
      "geometry": {
        "type": "Point",
        "coordinates": [
          -0.1963223,
          43.218229
        ]
      },
      "id": "node/12849360145"
    },
    {
      "type": "Feature",
      "properties": {
        "@id": "node/13031519774",
        "addr:street": "Anibaba street opposite Oluwalogbon school, ketu",
        "name": "Paulson Hotel",
        "tourism": "hotel"
      },
      "geometry": {
        "type": "Point",
        "coordinates": [
          3.3891462,
          6.6061732
        ]
      },
      "id": "node/13031519774"
    },
    {
      "type": "Feature",
      "properties": {
        "@id": "node/13111316584",
        "addr:city": "Lagos",
        "addr:street": "Tafawa Balewa Way",
        "guest_house": "hostel",
        "internet_access": "yes",
        "internet_access:fee": "customers",
        "name": "Mariere Hall",
        "rooms": "124",
        "smoking": "no",
        "tourism": "hostel"
      },
      "geometry": {
        "type": "Point",
        "coordinates": [
          3.3980444,
          6.5179456
        ]
      },
      "id": "node/13111316584"
    },
    {
      "type": "Feature",
      "properties": {
        "@id": "node/13111316585",
        "addr:city": "Lagos",
        "addr:street": "Tafawa Balewa Way",
        "guest_house": "hostel",
        "internet_access": "yes",
        "internet_access:fee": "customers",
        "name": "Moremi extension",
        "not:name": "moiremi",
        "tourism": "hostel"
      },
      "geometry": {
        "type": "Point",
        "coordinates": [
          3.396667,
          6.5177063
        ]
      },
      "id": "node/13111316585"
    },
    {
      "type": "Feature",
      "properties": {
        "@id": "node/13111316586",
        "addr:city": "Lagos",
        "addr:street": "Tafawa Balewa Way",
        "guest_house": "hostel",
        "internet_access": "yes",
        "internet_access:fee": "no",
        "name": "Moremi hall",
        "tourism": "hostel"
      },
      "geometry": {
        "type": "Point",
        "coordinates": [
          3.3967576,
          6.5175159
        ]
      },
      "id": "node/13111316586"
    },
    {
      "type": "Feature",
      "properties": {
        "@id": "node/13111316589",
        "addr:street": "DLI Road",
        "guest_house": "hostel",
        "internet_access": "yes",
        "internet_access:fee": "customers",
        "name": "Women Society Hall",
        "opening_hours": "Mo-Su 08:00-23:00",
        "short_name": "women society",
        "tourism": "hostel"
      },
      "geometry": {
        "type": "Point",
        "coordinates": [
          3.3931886,
          6.5109994
        ]
      },
      "id": "node/13111316589"
    },
    {
      "type": "Feature",
      "properties": {
        "@id": "node/13111316590",
        "addr:city": "Lagos",
        "addr:street": "DLI Road",
        "guest_house": "hostel",
        "internet_access": "yes",
        "internet_access:fee": "no",
        "name": "Honors Hall",
        "reservation": "yes",
        "tourism": "hostel"
      },
      "geometry": {
        "type": "Point",
        "coordinates": [
          3.3931463,
          6.5106482
        ]
      },
      "id": "node/13111316590"
    },
    {
      "type": "Feature",
      "properties": {
        "@id": "node/13139974601",
        "addr:street": "Alh. Nene Muniru close, Ogombo",
        "historic": "castle",
        "name": "Alh. Muniru House in Muniru Estate"
      },
      "geometry": {
        "type": "Point",
        "coordinates": [
          3.611869,
          6.4552989
        ]
      },
      "id": "node/13139974601"
    },
    {
      "type": "Feature",
      "properties": {
        "@id": "node/13152540131",
        "board_type": "notice",
        "information": "board",
        "name": "Cais de embarque Maritimo-Turisticas",
        "name:en": "Boarding Pier Maritime Tourism",
        "tourism": "information"
      },
      "geometry": {
        "type": "Point",
        "coordinates": [
          -8.6725675,
          37.1056388
        ]
      },
      "id": "node/13152540131"
    },
    {
      "type": "Feature",
      "properties": {
        "@id": "node/13154840009",
        "contact:phone": "+351 282 119 260",
        "contact:website": "https://www.editoryhotels.com/by-the-sea-lagos/",
        "name": "The Editory by the Sea Lagos",
        "tourism": "hotel"
      },
      "geometry": {
        "type": "Point",
        "coordinates": [
          -8.6742058,
          37.0885137
        ]
      },
      "id": "node/13154840009"
    },
    {
      "type": "Feature",
      "properties": {
        "@id": "node/13430877201",
        "tourism": "apartment"
      },
      "geometry": {
        "type": "Point",
        "coordinates": [
          3.3751318,
          6.5162143
        ]
      },
      "id": "node/13430877201"
    },
    {
      "type": "Feature",
      "properties": {
        "@id": "node/13432448481",
        "historic": "memorial",
        "material": "metal",
        "memorial": "bust",
        "name": "Capitão De Abril Salgueiro Maia"
      },
      "geometry": {
        "type": "Point",
        "coordinates": [
          -8.676289,
          37.096139
        ]
      },
      "id": "node/13432448481"
    },
    {
      "type": "Feature",
      "properties": {
        "@id": "node/13479192076",
        "brand": "Casa Monte Cristo Collection",
        "email": "theteam@casamontecristo.com",
        "name": "Casa Monte Cristo Apartments",
        "operator": "Casa Monte Cristo Limited",
        "phone": "+351 934 633 856",
        "tourism": "hotel",
        "website": "https://casamontecristo.com/",
        "wikidata": "Q137858751"
      },
      "geometry": {
        "type": "Point",
        "coordinates": [
          -8.7031074,
          37.1144499
        ]
      },
      "id": "node/13479192076"
    },
    {
      "type": "Feature",
      "properties": {
        "@id": "node/13479192077",
        "brand": "Casa Monte Cristo Collection",
        "email": "theteam@casamontecristo.com",
        "name": "Casa Monte Cristo Too",
        "phone": "+351 934 633 856",
        "tourism": "hotel",
        "website": "https://casamontecristo.com/"
      },
      "geometry": {
        "type": "Point",
        "coordinates": [
          -8.7024208,
          37.1143879
        ]
      },
      "id": "node/13479192077"
    },
    {
      "type": "Feature",
      "properties": {
        "@id": "node/13479192078",
        "brand": "Casa Monte Cristo Tres",
        "email": "theteam@casamontecristo.com",
        "name": "Casa Monte Cristo Tres",
        "phone": "+351 934 633 856",
        "tourism": "hotel",
        "website": "https://casamontecristo.com/"
      },
      "geometry": {
        "type": "Point",
        "coordinates": [
          -8.7019679,
          37.1135232
        ]
      },
      "id": "node/13479192078"
    },
    {
      "type": "Feature",
      "properties": {
        "@id": "node/13479197250",
        "brand": "Casa Monte Cristo Collection",
        "email": "theteam@casamontecristo.com",
        "name": "Casa Monte Cristo IV",
        "phone": "+351 934 633 856",
        "tourism": "hotel",
        "website": "https://casamontecristo.com/"
      },
      "geometry": {
        "type": "Point",
        "coordinates": [
          -8.7046972,
          37.1145198
        ]
      },
      "id": "node/13479197250"
    },
    {
      "type": "Feature",
      "properties": {
        "@id": "node/13479197251",
        "accommodation": "villa",
        "brand": "Casa Monte Cristo Collection",
        "email": "theteam@casamontecristo.com",
        "name": "Casa Monte Cristo Cinco",
        "phone": "+351 934 633 856",
        "tourism": "hotel",
        "website": "https://casamontecristo.com/"
      },
      "geometry": {
        "type": "Point",
        "coordinates": [
          -8.7044056,
          37.1150085
        ]
      },
      "id": "node/13479197251"
    },
    {
      "type": "Feature",
      "properties": {
        "@id": "node/13479197252",
        "brand": "Casa Monte Cristo Collection",
        "email": "theteam@casamontecristo.com",
        "name": "Casa Monte Cristo Seis",
        "phone": "+351 934 633 856",
        "tourism": "hotel",
        "website": "https://casamontecristo.com/"
      },
      "geometry": {
        "type": "Point",
        "coordinates": [
          -8.7038953,
          37.115793
        ]
      },
      "id": "node/13479197252"
    },
    {
      "type": "Feature",
      "properties": {
        "@id": "node/13536246694",
        "addr:housenumber": "27",
        "addr:street": "Boyle Street",
        "air_conditioning": "yes",
        "building:levels": "234",
        "email": "info@padalagos.com",
        "guest_house": "bed_and_breakfast",
        "internet_access": "yes",
        "internet_access:fee": "customers",
        "name": "Pada Lagos",
        "operator": "Folayemi Brown and Jacob Todd Folio",
        "rooms": "5",
        "start_date": "2024",
        "tourism": "guest_house",
        "website": "https://www.padalagos.com/"
      },
      "geometry": {
        "type": "Point",
        "coordinates": [
          3.4053621,
          6.4459312
        ]
      },
      "id": "node/13536246694"
    },
    {
      "type": "Feature",
      "properties": {
        "@id": "node/13565047301",
        "name": "Lagos Central Rock School Hostel",
        "tourism": "hostel"
      },
      "geometry": {
        "type": "Point",
        "coordinates": [
          -8.6757159,
          37.1068959
        ]
      },
      "id": "node/13565047301"
    },
    {
      "type": "Feature",
      "properties": {
        "@id": "node/13630080502",
        "addr:postcode": "8600-160",
        "addr:street": "Rua Doutor Francisco Gentil Martins",
        "name": "Luz Ocean Club Apartment",
        "tourism": "apartment"
      },
      "geometry": {
        "type": "Point",
        "coordinates": [
          -8.7307917,
          37.0886839
        ]
      },
      "id": "node/13630080502"
    },
    {
      "type": "Feature",
      "properties": {
        "@id": "node/13650356440",
        "description": "ancien canal (travaux en 1860 - fin d'exploitation 1885) entre Coarraze et Sendets sur 34km de trajet et 13m de dénivelé. Plusieurs acqueducs sur son parcours pour asser des ruisseaux.",
        "information": "board",
        "name": "ancien canal des coteaux",
        "tourism": "information"
      },
      "geometry": {
        "type": "Point",
        "coordinates": [
          -0.2077201,
          43.2189518
        ]
      },
      "id": "node/13650356440"
    },
    {
      "type": "Feature",
      "properties": {
        "@id": "node/13700857582",
        "name": "Mayer Luz Beach Apartments",
        "tourism": "apartment"
      },
      "geometry": {
        "type": "Point",
        "coordinates": [
          -8.7262708,
          37.0879618
        ]
      },
      "id": "node/13700857582"
    },
    {
      "type": "Feature",
      "properties": {
        "@id": "node/13704994444",
        "artwork_type": "graffiti",
        "tourism": "artwork"
      },
      "geometry": {
        "type": "Point",
        "coordinates": [
          -8.6742345,
          37.1053466
        ]
      },
      "id": "node/13704994444"
    },
    {
      "type": "Feature",
      "properties": {
        "@id": "node/13713329736",
        "artwork_type": "graffiti",
        "name": "Sardinas",
        "note": "I guessed the name, please correct it.",
        "tourism": "artwork"
      },
      "geometry": {
        "type": "Point",
        "coordinates": [
          -8.672032,
          37.1000644
        ]
      },
      "id": "node/13713329736"
    },
    {
      "type": "Feature",
      "properties": {
        "@id": "node/13713329737",
        "check_date": "2026-04-07",
        "fee": "no",
        "name": "Casa Museu José Manuel da Graça Rosado Amôres",
        "opening_hours": "Mo-Fr 09:30-12:30,14:00-17:00; Sa-Su off",
        "tourism": "museum"
      },
      "geometry": {
        "type": "Point",
        "coordinates": [
          -8.6748885,
          37.1044383
        ]
      },
      "id": "node/13713329737"
    },
    {
      "type": "Feature",
      "properties": {
        "@id": "node/13718148890",
        "artwork_type": "graffiti",
        "name": "Man With Hat",
        "note": "I guessed the name, please correct it.",
        "tourism": "artwork"
      },
      "geometry": {
        "type": "Point",
        "coordinates": [
          -8.6755004,
          37.1019905
        ]
      },
      "id": "node/13718148890"
    },
    {
      "type": "Feature",
      "properties": {
        "@id": "node/13718148893",
        "check_date": "2026-04-09",
        "name": "The Island",
        "tourism": "hostel"
      },
      "geometry": {
        "type": "Point",
        "coordinates": [
          -8.6735738,
          37.1010194
        ]
      },
      "id": "node/13718148893"
    },
    {
      "type": "Feature",
      "properties": {
        "@id": "node/13728056333",
        "information": "guidepost",
        "name": "ecovia Algarve",
        "tourism": "information"
      },
      "geometry": {
        "type": "Point",
        "coordinates": [
          -8.6677722,
          37.1104611
        ]
      },
      "id": "node/13728056333"
    },
    {
      "type": "Feature",
      "properties": {
        "@id": "node/13732306832",
        "check_date": "2026-04-15",
        "name": "17 Hostel",
        "tourism": "hostel"
      },
      "geometry": {
        "type": "Point",
        "coordinates": [
          -8.6726735,
          37.099526
        ]
      },
      "id": "node/13732306832"
    },
    {
      "type": "Feature",
      "properties": {
        "@id": "node/13734249055",
        "check_date": "2026-04-16",
        "name": "Rising Cock",
        "tourism": "hostel"
      },
      "geometry": {
        "type": "Point",
        "coordinates": [
          -8.6725485,
          37.0988231
        ]
      },
      "id": "node/13734249055"
    },
    {
      "type": "Feature",
      "properties": {
        "@id": "node/13734256480",
        "direction": "43",
        "short_name": "Beach View",
        "tourism": "viewpoint"
      },
      "geometry": {
        "type": "Point",
        "coordinates": [
          -8.6712004,
          37.0979287
        ]
      },
      "id": "node/13734256480"
    },
    {
      "type": "Feature",
      "properties": {
        "@id": "node/13739713898",
        "artist_name": "Fabio Pais",
        "artwork_type": "sculpture",
        "name": "S.r. Colvo",
        "tourism": "artwork"
      },
      "geometry": {
        "type": "Point",
        "coordinates": [
          -8.674185,
          37.1078038
        ]
      },
      "id": "node/13739713898"
    },
    {
      "type": "Feature",
      "properties": {
        "@id": "node/13740542978",
        "name": "Magnolia Mar",
        "tourism": "apartment"
      },
      "geometry": {
        "type": "Point",
        "coordinates": [
          -8.6868756,
          37.0880386
        ]
      },
      "id": "node/13740542978"
    },
    {
      "type": "Feature",
      "properties": {
        "@id": "node/13742108204",
        "check_date": "2026-04-19",
        "name": "LC's Guest House",
        "tourism": "guest_house"
      },
      "geometry": {
        "type": "Point",
        "coordinates": [
          -8.6771227,
          37.1050633
        ]
      },
      "id": "node/13742108204"
    },
    {
      "type": "Feature",
      "properties": {
        "@id": "node/13742108206",
        "check_date": "2026-04-19",
        "name": "Lacus Ocean",
        "tourism": "guest_house"
      },
      "geometry": {
        "type": "Point",
        "coordinates": [
          -8.6780076,
          37.1036518
        ]
      },
      "id": "node/13742108206"
    },
    {
      "type": "Feature",
      "properties": {
        "@id": "node/13749308733",
        "artwork_type": "mural",
        "tourism": "artwork"
      },
      "geometry": {
        "type": "Point",
        "coordinates": [
          -8.6795383,
          37.101488
        ]
      },
      "id": "node/13749308733"
    },
    {
      "type": "Feature",
      "properties": {
        "@id": "node/13749308740",
        "artwork_type": "mural",
        "tourism": "artwork"
      },
      "geometry": {
        "type": "Point",
        "coordinates": [
          -8.6785922,
          37.1027269
        ]
      },
      "id": "node/13749308740"
    },
    {
      "type": "Feature",
      "properties": {
        "@id": "node/13749308749",
        "artwork_type": "mural",
        "tourism": "artwork"
      },
      "geometry": {
        "type": "Point",
        "coordinates": [
          -8.6790865,
          37.1008572
        ]
      },
      "id": "node/13749308749"
    },
    {
      "type": "Feature",
      "properties": {
        "@id": "node/13749308753",
        "artwork_type": "mural",
        "tourism": "artwork"
      },
      "geometry": {
        "type": "Point",
        "coordinates": [
          -8.6789778,
          37.1008554
        ]
      },
      "id": "node/13749308753"
    },
    {
      "type": "Feature",
      "properties": {
        "@id": "node/13754455094",
        "artwork_type": "mural",
        "name": "Long Dalmatian",
        "note": "I guessed the name, please correct it.",
        "tourism": "artwork"
      },
      "geometry": {
        "type": "Point",
        "coordinates": [
          -8.6790898,
          37.106368
        ]
      },
      "id": "node/13754455094"
    },
    {
      "type": "Feature",
      "properties": {
        "@id": "node/13754475589",
        "artist_name": "Ester Andrés",
        "artwork_type": "mural",
        "name": "Roofs",
        "note": "I guessed the name, please correct it",
        "tourism": "artwork"
      },
      "geometry": {
        "type": "Point",
        "coordinates": [
          -8.6780618,
          37.107835
        ]
      },
      "id": "node/13754475589"
    },
    {
      "type": "Feature",
      "properties": {
        "@id": "node/13760440784",
        "addr:housenumber": "8",
        "addr:street": "Rua do Jogo da Bola",
        "check_date": "2026-05-09",
        "name": "3 Marias",
        "tourism": "guest_house"
      },
      "geometry": {
        "type": "Point",
        "coordinates": [
          -8.6753504,
          37.1023081
        ]
      },
      "id": "node/13760440784"
    },
    {
      "type": "Feature",
      "properties": {
        "@id": "node/13760440785",
        "addr:housenumber": "8A",
        "addr:street": "Beco do Paiol",
        "check_date": "2026-05-10",
        "name": "Central Hostel Lagos",
        "tourism": "hostel"
      },
      "geometry": {
        "type": "Point",
        "coordinates": [
          -8.6749221,
          37.1022139
        ]
      },
      "id": "node/13760440785"
    },
    {
      "type": "Feature",
      "properties": {
        "@id": "node/13760440786",
        "addr:housenumber": "4",
        "addr:street": "Rua dos Peixeiros",
        "check_date": "2026-05-10",
        "name": "Residence Lagos",
        "tourism": "guest_house"
      },
      "geometry": {
        "type": "Point",
        "coordinates": [
          -8.674526,
          37.1022868
        ]
      },
      "id": "node/13760440786"
    },
    {
      "type": "Feature",
      "properties": {
        "@id": "node/13760683094",
        "artwork_type": "graffiti",
        "tourism": "artwork"
      },
      "geometry": {
        "type": "Point",
        "coordinates": [
          -8.6744732,
          37.1055099
        ]
      },
      "id": "node/13760683094"
    },
    {
      "type": "Feature",
      "properties": {
        "@id": "node/13763128227",
        "artwork_type": "mural",
        "fixme": "Please merge me into a nearby wall",
        "tourism": "artwork"
      },
      "geometry": {
        "type": "Point",
        "coordinates": [
          -8.6784301,
          37.1072774
        ]
      },
      "id": "node/13763128227"
    },
    {
      "type": "Feature",
      "properties": {
        "@id": "node/13763143097",
        "addr:city": "Lagos",
        "addr:country": "PT",
        "addr:housenumber": "32",
        "addr:postcode": "8600-998",
        "addr:street": "Rua Doutor Faria e Silva",
        "email": "booking@taghostel.com",
        "internet_access": "wlan",
        "name": "Boutique Taghostel",
        "phone": "+351918780198",
        "tourism": "hostel",
        "website": "https://www.taghostel.com",
        "wheelchair": "no"
      },
      "geometry": {
        "type": "Point",
        "coordinates": [
          -8.6730921,
          37.1038015
        ]
      },
      "id": "node/13763143097"
    },
    {
      "type": "Feature",
      "properties": {
        "@id": "node/13811686544",
        "addr:housenumber": "18",
        "addr:street": "Rua do Jogo da Bola",
        "check_date": "2026-05-09",
        "name": "Sol & Mar",
        "tourism": "guest_house"
      },
      "geometry": {
        "type": "Point",
        "coordinates": [
          -8.6753336,
          37.1024884
        ]
      },
      "id": "node/13811686544"
    },
    {
      "type": "Feature",
      "properties": {
        "@id": "node/13828223401",
        "addr:housenumber": "10",
        "addr:postcode": "8600-537",
        "addr:street": "Rua Cardeal Neto",
        "name": "Casa de Moura",
        "tourism": "hostel"
      },
      "geometry": {
        "type": "Point",
        "coordinates": [
          -8.6744139,
          37.0990435
        ]
      },
      "id": "node/13828223401"
    },
    {
      "type": "Feature",
      "properties": {
        "@id": "node/13839330124",
        "artwork_type": "mural",
        "tourism": "artwork"
      },
      "geometry": {
        "type": "Point",
        "coordinates": [
          -8.6718365,
          37.1007028
        ]
      },
      "id": "node/13839330124"
    },
    {
      "type": "Feature",
      "properties": {
        "@id": "node/13891635200",
        "addr:housenumber": "10",
        "addr:street": "Rua de Marquez de Pombal",
        "check_date": "2026-05-28",
        "name": "Sun Trap",
        "tourism": "hostel"
      },
      "geometry": {
        "type": "Point",
        "coordinates": [
          -8.6732216,
          37.1022639
        ]
      },
      "id": "node/13891635200"
    },
    {
      "type": "Feature",
      "properties": {
        "@id": "node/13917299866",
        "addr:city": "Lagos",
        "addr:housenumber": "10",
        "addr:postcode": "023401",
        "addr:street": "Iron Bar Road, Lekki Phase 1",
        "email": "zeeresidenceng@gmail.com",
        "internet_access": "yes",
        "internet_access:fee": "customers",
        "name": "ZEE RESIDENCE",
        "opening_hours": "24/7",
        "phone": "+2347083979976",
        "tourism": "apartment"
      },
      "geometry": {
        "type": "Point",
        "coordinates": [
          3.4594484,
          6.4336785
        ]
      },
      "id": "node/13917299866"
    },
    {
      "type": "Feature",
      "properties": {
        "@id": "node/13931427656",
        "addr:housenumber": "39",
        "addr:street": "Rua 25 de Abril 1974",
        "check_date": "2026-06-12",
        "name": "Agua Hotels Lagos Bay",
        "tourism": "hotel"
      },
      "geometry": {
        "type": "Point",
        "coordinates": [
          -8.6720092,
          37.1017359
        ]
      },
      "id": "node/13931427656"
    },
    {
      "type": "Feature",
      "properties": {
        "@id": "node/13931476874",
        "addr:housenumber": "8",
        "addr:street": "Rua 25 de Abril 1974",
        "check_date": "2026-06-12",
        "name": "Caravela",
        "tourism": "guest_house"
      },
      "geometry": {
        "type": "Point",
        "coordinates": [
          -8.6724559,
          37.1020496
        ]
      },
      "id": "node/13931476874"
    },
    {
      "type": "Feature",
      "properties": {
        "@id": "node/13950768470",
        "artwork_type": "statue",
        "name": "Freedom Statue at Badagry Heritage Museum",
        "tourism": "artwork",
        "wikidata": "Q110819888"
      },
      "geometry": {
        "type": "Point",
        "coordinates": [
          2.8892515,
          6.4121078
        ]
      },
      "id": "node/13950768470"
    },
    {
      "type": "Feature",
      "properties": {
        "@id": "node/13950768471",
        "museum": "history",
        "name": "Badagry Heritage Museum",
        "tourism": "museum",
        "wikidata": "Q111008534",
        "wikipedia": "en:Badagry Heritage Museum"
      },
      "geometry": {
        "type": "Point",
        "coordinates": [
          2.8890746,
          6.4117482
        ]
      },
      "id": "node/13950768471"
    },
    {
      "type": "Feature",
      "properties": {
        "@id": "node/13950768473",
        "museum": "history",
        "name": "Mobee Royal Family Original Slave Tade Relics Museum",
        "tourism": "museum",
        "wikidata": "Q110819447"
      },
      "geometry": {
        "type": "Point",
        "coordinates": [
          2.8844565,
          6.4123233
        ]
      },
      "id": "node/13950768473"
    },
    {
      "type": "Feature",
      "properties": {
        "@id": "node/13950768474",
        "museum": "history",
        "name": "Seriki William Abass Slave Museum",
        "tourism": "museum",
        "wikidata": "Q132730791",
        "wikipedia": "en:Seriki Williams Abass Slave Museum"
      },
      "geometry": {
        "type": "Point",
        "coordinates": [
          2.8841028,
          6.4119284
        ]
      },
      "id": "node/13950768474"
    },
    {
      "type": "Feature",
      "properties": {
        "@id": "node/13950768475",
        "historic": "monument",
        "name": "Nigeria First Storey building sign post",
        "wikidata": "Q110819889"
      },
      "geometry": {
        "type": "Point",
        "coordinates": [
          2.886639,
          6.411816
        ]
      },
      "id": "node/13950768475"
    },
    {
      "type": "Feature",
      "properties": {
        "@id": "node/13952152340",
        "historic": "monument",
        "wikidata": "Q111913708",
        "wikipedia": "en:Remembrance Arcade (Lagos)"
      },
      "geometry": {
        "type": "Point",
        "coordinates": [
          3.39947,
          6.4484131
        ]
      },
      "id": "node/13952152340"
    },
    {
      "type": "Feature",
      "properties": {
        "@id": "node/13953171064",
        "addr:city": "Lagos",
        "addr:housenumber": "251A",
        "addr:street": "Sapara Williams Close",
        "name": "Lala's Boutique Hotel",
        "tourism": "hotel",
        "wikidata": "Q113171237"
      },
      "geometry": {
        "type": "Point",
        "coordinates": [
          3.4211279,
          6.4346018
        ]
      },
      "id": "node/13953171064"
    },
    {
      "type": "Feature",
      "properties": {
        "@id": "node/13954520359",
        "historic": "monument",
        "image": "https://commons.wikimedia.org/wiki/File:Side_view_of_the_monument_in_honour_of_Oshodi_Tapa.jpg",
        "name": "Monument in honour of Oshodi Tapa",
        "wikimedia_commons": "File:Side_view_of_the_monument_in_honour_of_Oshodi_Tapa.jpg"
      },
      "geometry": {
        "type": "Point",
        "coordinates": [
          3.3983412,
          6.4548745
        ]
      },
      "id": "node/13954520359"
    },
    {
      "type": "Feature",
      "properties": {
        "@id": "node/13961919236",
        "artwork_type": "mural",
        "tourism": "artwork"
      },
      "geometry": {
        "type": "Point",
        "coordinates": [
          -8.681906,
          37.1114367
        ]
      },
      "id": "node/13961919236"
    }
  ]
}