geom_type,lon,lat,@id,barrier,historic,@geometry,building,man_made,tower:type,alt_name,amenity,denomination,heritage,heritage:operator,heritage:ref,heritage:website,heritage:website:sipa,name,protection_title,ref:dgpc,ref:ipa,religion,site_status,source:ref,wikidata,wikimedia_commons,wikipedia,addr:housenumber,addr:street,check_date,contact:facebook,contact:instagram,contact:twitter,fee,opening_hours,phone,tourism,website,stars,addr:housename,name:en,addr:city,addr:postcode,air_conditioning,description,guest_house,internet_access,operator,reservation,rooms,disused:railway,note,contact:phone,contact:website,landuse,name:de,bar,brand,brand:wikidata,email,image,internet_access:fee,payment:credit_cards,payment:debit_cards,smoking,source,wheelchair,tents,caravans,drinking_water,power_supply,sanitary_dump_station,shower,toilets,access,leisure,zoo,bridge,highway,layer,parking,height,check_date:internet_access,geological,geological:site,natural,official_name,place,breakfast,swimming_pool,related_law,short_protection_title,building:part,name:zh,brand:wikipedia,start_date,building:levels,elevator,park_ride,supervised,surface,addr:country,addr:state,payment:american_express,payment:cash,payment:cheque,payment:mastercard,payment:visa,shop,castle_type,fireplace,information,map_size,addr:unit,contact:email,contact:fax,contact:mobile,archaeological_site,historic:civilization,historic:period,ruins,heritage:since,heritage:website:arqueologia,ref:cns,artist_name,artwork_type,direction,name:pt,url,internet_access:ssid,artist:wikidata,material,memorial,subject:wikidata,area,fortification_type,payment:diners_club,payment:discover_card,payment:maestro,payment:visa_electron,inscription,bicycle,map_type,network,wreck,seamark:type,sport,guidepost,hiking,marker_type,ref,addr:place,fax,route_marker,attached_to,guide_type,location,disused,charge,fixme,name:nl,board_type,historic:era,megalith_type,ele,survey:date,outdoor_seating,name:hu,designation,field,attraction,public_transport,museum,bench,bin,lit,shelter,tactile_paving,subject:name,subject:wikipedia,support,facility_manager,source:position,status,facility_use,users_PLWD,users_boy,users_elderly,users_female,users_girl,users_men,camp_site,check_date:currency:XBT,currency:XBT,dog,payment:lightning,payment:lightning_contactless,payment:onchain,picnic_table,static_caravans,not:name,short_name,accommodation
Point,-8.6706751,37.0976426,way/71505012,city_wall,citywalls,center,,,,,,,,,,,,,,,,,,,,,,,,,,,,,,,,,,,,,,,,,,,,,,,,,,,,,,,,,,,,,,,,,,,,,,,,,,,,,,,,,,,,,,,,,,,,,,,,,,,,,,,,,,,,,,,,,,,,,,,,,,,,,,,,,,,,,,,,,,,,,,,,,,,,,,,,,,,,,,,,,,,,,,,,,,,,,,,,,,,,,,,,,,,,,,,,,,,,,
Point,-8.6745589,37.0984581,way/71593685,,tower,center,yes,tower,defensive,,,,,,,,,,,,,,,,,,,,,,,,,,,,,,,,,,,,,,,,,,,,,,,,,,,,,,,,,,,,,,,,,,,,,,,,,,,,,,,,,,,,,,,,,,,,,,,,,,,,,,,,,,,,,,,,,,,,,,,,,,,,,,,,,,,,,,,,,,,,,,,,,,,,,,,,,,,,,,,,,,,,,,,,,,,,,,,,,,,,,,,,,,,,,,,,,,
Point,-8.6762232,37.0987458,way/71593693,,tower,center,yes,tower,defensive,,,,,,,,,,,,,,,,,,,,,,,,,,,,,,,,,,,,,,,,,,,,,,,,,,,,,,,,,,,,,,,,,,,,,,,,,,,,,,,,,,,,,,,,,,,,,,,,,,,,,,,,,,,,,,,,,,,,,,,,,,,,,,,,,,,,,,,,,,,,,,,,,,,,,,,,,,,,,,,,,,,,,,,,,,,,,,,,,,,,,,,,,,,,,,,,,,
Point,-8.6759005,37.1043778,way/71593699,,tower,center,yes,tower,defensive,,,,,,,,,,,,,,,,,,,,,,,,,,,,,,,,,,,,,,,,,,,,,,,,,,,,,,,,,,,,,,,,,,,,,,,,,,,,,,,,,,,,,,,,,,,,,,,,,,,,,,,,,,,,,,,,,,,,,,,,,,,,,,,,,,,,,,,,,,,,,,,,,,,,,,,,,,,,,,,,,,,,,,,,,,,,,,,,,,,,,,,,,,,,,,,,,,
Point,-8.6690596,37.0987895,way/71593703,,tower,center,yes,tower,defensive,,,,,,,,,,,,,,,,,,,,,,,,,,,,,,,,,,,,,,,,,,,,,,,,,,,,,,,,,,,,,,,,,,,,,,,,,,,,,,,,,,,,,,,,,,,,,,,,,,,,,,,,,,,,,,,,,,,,,,,,,,,,,,,,,,,,,,,,,,,,,,,,,,,,,,,,,,,,,,,,,,,,,,,,,,,,,,,,,,,,,,,,,,,,,,,,,,
Point,-8.6716066,37.097168,way/71593716,,tower,center,yes,tower,defensive,,,,,,,,,,,,,,,,,,,,,,,,,,,,,,,,,,,,,,,,,,,,,,,,,,,,,,,,,,,,,,,,,,,,,,,,,,,,,,,,,,,,,,,,,,,,,,,,,,,,,,,,,,,,,,,,,,,,,,,,,,,,,,,,,,,,,,,,,,,,,,,,,,,,,,,,,,,,,,,,,,,,,,,,,,,,,,,,,,,,,,,,,,,,,,,,,,
Point,-8.675704,37.102186,way/71593718,,tower,center,yes,tower,defensive,,,,,,,,,,,,,,,,,,,,,,,,,,,,,,,,,,,,,,,,,,,,,,,,,,,,,,,,,,,,,,,,,,,,,,,,,,,,,,,,,,,,,,,,,,,,,,,,,,,,,,,,,,,,,,,,,,,,,,,,,,,,,,,,,,,,,,,,,,,,,,,,,,,,,,,,,,,,,,,,,,,,,,,,,,,,,,,,,,,,,,,,,,,,,,,,,,
Point,-8.6758676,37.1005958,way/71593720,,tower,center,yes,tower,defensive,,,,,,,,,,,,,,,,,,,,,,,,,,,,,,,,,,,,,,,,,,,,,,,,,,,,,,,,,,,,,,,,,,,,,,,,,,,,,,,,,,,,,,,,,,,,,,,,,,,,,,,,,,,,,,,,,,,,,,,,,,,,,,,,,,,,,,,,,,,,,,,,,,,,,,,,,,,,,,,,,,,,,,,,,,,,,,,,,,,,,,,,,,,,,,,,,,
Point,-8.6737355,37.1039454,way/92690498,,church,center,church,,,Antiga Igreja de Nossa Senhora da Conceição;Igreja de Nossa Senhora da Conceição,place_of_worship,roman_catholic,2,dgpc,MN,https://servicos.dgpc.gov.pt/pesquisapatrimonioimovel/detalhes.php?code=69861,http://monumentos.pt/Site/APP_PagesUser/SIPA.aspx?id=2881,Igreja de São Sebastião,Monumento Nacional,69861,2881,christian,Classificado,http://www.dre.pt/pdf1s/1924/06/13700/08680869.pdf,Q5994305,Category:Igreja de São Sebastião (Lagos),pt:Igreja de São Sebastião (Lagos),,,,,,,,,,,,,,,,,,,,,,,,,,,,,,,,,,,,,,,,,,,,,,,,,,,,,,,,,,,,,,,,,,,,,,,,,,,,,,,,,,,,,,,,,,,,,,,,,,,,,,,,,,,,,,,,,,,,,,,,,,,,,,,,,,,,,,,,,,,,,,,,,,,,,,,,,,,,,,,,,,,,,,,,,,,,,,,,
Point,-8.6742251,37.1046622,way/92691910,city_wall,citywalls,center,,,,,,,,,,,,,,,,,,,,,,,,,,,,,,,,,,,,,,,,,,,,,,,,,,,,,,,,,,,,,,,,,,,,,,,,,,,,,,,,,,,,,,,,,,,,,,,,,,,,,,,,,,,,,,,,,,,,,,,,,,,,,,,,,,,,,,,,,,,,,,,,,,,,,,,,,,,,,,,,,,,,,,,,,,,,,,,,,,,,,,,,,,,,,,,,,,,,,
Point,-8.6733893,37.1040931,way/92693159,,,center,public,,,,,,,,,,,Centro das Ciências de Lagos,,,,,,,,,,34,Rua Doutor Faria e Silva,2024-09-06,cienciavivalagos,cienciavivalagos,CCVLagos,yes,Tu-Su 10:00-18:00; Mo off,+351 282 770 000,museum,https://lagos.cienciaviva.pt/,,,,,,,,,,,,,,,,,,,,,,,,,,,,,,,,,,,,,,,,,,,,,,,,,,,,,,,,,,,,,,,,,,,,,,,,,,,,,,,,,,,,,,,,,,,,,,,,,,,,,,,,,,,,,,,,,,,,,,,,,,,,,,,,,,,,,,,,,,,,,,,,,,,,,,,,,,,,,,,,,,,,,
Point,-8.6727105,37.1110671,way/92717404,,,center,yes,,,,,,,,,,,Marina Club,,,,,,,,,,,,2026-04-06,,,,,,,hotel,,4,,,,,,,,,,,,,,,,,,,,,,,,,,,,,,,,,,,,,,,,,,,,,,,,,,,,,,,,,,,,,,,,,,,,,,,,,,,,,,,,,,,,,,,,,,,,,,,,,,,,,,,,,,,,,,,,,,,,,,,,,,,,,,,,,,,,,,,,,,,,,,,,,,,,,,,,,,,,,,,,,,,,
Point,-8.6725998,37.1116734,way/92717630,,,center,yes,,,,,,,,,,,Marina Club,,,,,,,,,,,,,,,,,,,hotel,,4,,,,,,,,,,,,,,,,,,,,,,,,,,,,,,,,,,,,,,,,,,,,,,,,,,,,,,,,,,,,,,,,,,,,,,,,,,,,,,,,,,,,,,,,,,,,,,,,,,,,,,,,,,,,,,,,,,,,,,,,,,,,,,,,,,,,,,,,,,,,,,,,,,,,,,,,,,,,,,,,,,,,
Point,-8.6731895,37.1115185,way/92717632,,,center,yes,,,,,,,,,,,Marina Club,,,,,,,,,,,,2026-05-02,,,,,,,hotel,,4,Edifício Estibordo,,,,,,,,,,,,,,,,,,,,,,,,,,,,,,,,,,,,,,,,,,,,,,,,,,,,,,,,,,,,,,,,,,,,,,,,,,,,,,,,,,,,,,,,,,,,,,,,,,,,,,,,,,,,,,,,,,,,,,,,,,,,,,,,,,,,,,,,,,,,,,,,,,,,,,,,,,,,,,,,,,,
Point,-8.6727081,37.1093558,way/92718322,,railway_station,center,yes,,,,,,,,,,,Antiga Estação de Lagos,,,,,,,,,,,,,,,,,,,,,,,Old Lagos railway station,,,,,,,,,,,,,,,,,,,,,,,,,,,,,,,,,,,,,,,,,,,,,,,,,,,,,,,,,,,,,,,,,,,,,,,,,,,,,,,,,,,,,,,,,,,,,,,,,,,,,,,,,,,,,,,,,,,,,,,,,,,,,,,,,,,,,,,,,,,,,,,,,,,,,,,,,,,,,,,,,,
Point,-8.6721728,37.0993728,way/92927131,,,center,yes,,,,,,,,,,,Casa Zefiro,,,,,,,,,,,,,,,,,,,guest_house,,,,,,,,,,,,,,,,,,,,,,,,,,,,,,,,,,,,,,,,,,,,,,,,,,,,,,,,,,,,,,,,,,,,,,,,,,,,,,,,,,,,,,,,,,,,,,,,,,,,,,,,,,,,,,,,,,,,,,,,,,,,,,,,,,,,,,,,,,,,,,,,,,,,,,,,,,,,,,,,,,,,,,
Point,-8.6710963,37.1000933,way/92927147,,,center,yes,,,,,,,,,,,Infante Guesthouse,,,,,,,,,,1,Travessa do Mar,,,,,,,+351 911 990 984,guest_house,https://www.infanteguesthouse.com/,,,,Lagos,8600-633,yes,"Located in the charismatic Travessa do Mar, in the heart of the historic center of Lagos. The decor is inspired by the simplicity and comfort of a typical beach house, offering to its guests an enjoyable environment that invites you to rest & relax.",guest_house,yes,Infante Guesthouse,required,5,,,,,,,,,,,,,,,,,,,,,,,,,,,,,,,,,,,,,,,,,,,,,,,,,,,,,,,,,,,,,,,,,,,,,,,,,,,,,,,,,,,,,,,,,,,,,,,,,,,,,,,,,,,,,,,,,,,,,,,,,,,,,,,,,,,,,,,,,,,,,,,,,,,,,,,,,
Point,-8.6701389,37.0998862,way/92964080,,,center,yes,,,,,,,,,,,Palácio dos Governadores,,,,,,,,,,,,,,,,,,,attraction,,,,,,,,,,,,,,,,,,,,,,,,,,,,,,,,,,,,,,,,,,,,,,,,,,,,,,,,,,,,,,,,,,,,,,,,,,,,,,,,,,,,,,,,,,,,,,,,,,,,,,,,,,,,,,,,,,,,,,,,,,,,,,,,,,,,,,,,,,,,,,,,,,,,,,,,,,,,,,,,,,,,,,
Point,-8.67387,37.0988504,way/92965738,city_wall,citywalls,center,,,,,,,,,,,,,,,,,,,,,,,,,,,,,,,,,,,,,,,,,,,,,,,,,,,,,,,,,,,,,,,,,,,,,,,,,,,,,,,,,,,,,,,,,,,,,,,,,,,,,,,,,,,,,,,,,,,,,,,,,,,,,,,,,,,,,,,,,,,,,,,,,,,,,,,,,,,,,,,,,,,,,,,,,,,,,,,,,,,,,,,,,,,,,,,,,,,,,
Point,-8.6724516,37.097695,way/92965818,,tower,center,yes,tower,defensive,,,,,,,,,,,,,,,,,,,,,,,,,,,,,,,,,,,,,,,,,,,,,,,,,,,,,,,,,,,,,,,,,,,,,,,,,,,,,,,,,,,,,,,,,,,,,,,,,,,,,,,,,,,,,,,,,,,,,,,,,,,,,,,,,,,,,,,,,,,,,,,,,,,,,,,,,,,,,,,,,,,,,,,,,,,,,,,,,,,,,,,,,,,,,,,,,,
Point,-8.6708148,37.108724,way/93136352,,railway,center,yes,,,,,,,,,,,Antigua galpão ferroviário,,,,,,,,,,,Estrada de São Roque,,,,,,,,,,,,Old Train Depot,Lagos,,,,,,,,,engine_shed,,,,,,,,,,,,,,,,,,,,,,,,,,,,,,,,,,,,,,,,,,,,,,,,,,,,,,,,,,,,,,,,,,,,,,,,,,,,,,,,,,,,,,,,,,,,,,,,,,,,,,,,,,,,,,,,,,,,,,,,,,,,,,,,,,,,,,,,,,,,,,,,,,,,,,,,
Point,-8.6693871,37.0992838,way/93158518,,tower,center,yes,tower,defensive,,,,,,,,,,,,,,,,,,,,,,,,,,,,,,,,,,,,,,,,,,,,,,,,,,,,,,,,,,,,,,,,,,,,,,,,,,,,,,,,,,,,,,,,,,,,,,,,,,,,,,,,,,,,,,,,,,,,,,,,,,,,,,,,,,,,,,,,,,,,,,,,,,,,,,,,,,,,,,,,,,,,,,,,,,,,,,,,,,,,,,,,,,,,,,,,,,
Point,-8.6473467,37.1174693,way/94750303,city_wall,fort,center,,,,Forte de São Roque de Lagos;Forte de São Roque,,,2,dgpc,MIP,https://servicos.dgpc.gov.pt/pesquisapatrimonioimovel/detalhes.php?code=70084,http://monumentos.pt/Site/APP_PagesUser/SIPA.aspx?id=2840,Forte da Meia Praia,Monumento de Interesse Público,70084,2840,,Classificado,https://dre.pt/application/file/66734714,Q10283728,,pt:Forte da Meia Praia,,,,,,,,,,attraction,,,,,,,,,,,Guarda Nacional Repúblicana (Antiga Guarda Fiscal),,,,Info: https://servicos.dgpc.gov.pt/pesquisapatrimonioimovel/detalhes.php?code=70084,,,,,,,,,,,,,,,,,,,,,,,,,,,,,,,,,,,,,,,,,,,,,,,,,,,,,,,,,,,,,,,,,,,,,,,,,,,,,,,,,,,,,,,,,,,,,,,,,,,,,,,,,,,,,,,,,,,,,,,,,,,,,,,,,,,,,,,,,,,,,,,,,,,,,,,
Point,-8.676625,37.0893679,way/94840403,,,center,,,,,,,,,,,,,,,,,,,,,,,,,,,,,,,hotel,,,,,,,,,,,,,,,,,,,,,,,,,,,,,,,,,,,,,,,,,,,,,,,,,,,,,,,,,,,,,,,,,,,,,,,,,,,,,,,,,,,,,,,,,,,,,,,,,,,,,,,,,,,,,,,,,,,,,,,,,,,,,,,,,,,,,,,,,,,,,,,,,,,,,,,,,,,,,,,,,,,,,,
Point,-8.673635,37.0943697,way/95029170,,,center,yes,,,,,,,,,,,Aqualuz Suite Hotel Apartamentos,,,,,,,,,,,,,,,,,,,hotel,,,,,,,,,,,,,,,,,,,,,,,,,,,,,,,,,,,,,,,,,,,,,,,,,,,,,,,,,,,,,,,,,,,,,,,,,,,,,,,,,,,,,,,,,,,,,,,,,,,,,,,,,,,,,,,,,,,,,,,,,,,,,,,,,,,,,,,,,,,,,,,,,,,,,,,,,,,,,,,,,,,,,,
Point,-8.673063,37.0943896,way/95029174,,,center,yes,,,,,,,,,,,Aqualuz Suite Hotel Apartamentos,,,,,,,,,,,,,,,,,,,hotel,,,,,,,,,,,,,,,,,,,,,,,,,,,,,,,,,,,,,,,,,,,,,,,,,,,,,,,,,,,,,,,,,,,,,,,,,,,,,,,,,,,,,,,,,,,,,,,,,,,,,,,,,,,,,,,,,,,,,,,,,,,,,,,,,,,,,,,,,,,,,,,,,,,,,,,,,,,,,,,,,,,,,,
Point,-8.6734681,37.0948563,way/95029176,,,center,yes,,,,,,,,,,,Aqualuz Suite Hotel Apartamentos,,,,,,,,,,,,,,,,,,,hotel,,,,,,,,,,,,,,,,,,,,,,,,,,,,,,,,,,,,,,,,,,,,,,,,,,,,,,,,,,,,,,,,,,,,,,,,,,,,,,,,,,,,,,,,,,,,,,,,,,,,,,,,,,,,,,,,,,,,,,,,,,,,,,,,,,,,,,,,,,,,,,,,,,,,,,,,,,,,,,,,,,,,,,
Point,-8.6810586,37.1073,way/95666884,,,center,yes,,,,,,,,,,,Casa Afonso,,,,,,,,,,,,,,,,,,,guest_house,,,,,,,,,,,,,,,,,,,,,,,,,,,,,,,,,,,,,,,,,,,,,,,,,,,,,,,,,,,,,,,,,,,,,,,,,,,,,,,,,,,,,,,,,,,,,,,,,,,,,,,,,,,,,,,,,,,,,,,,,,,,,,,,,,,,,,,,,,,,,,,,,,,,,,,,,,,,,,,,,,,,,,
Point,-8.7000494,37.184664,way/95671943,,,center,,,,,,,,,,,,Monte da Bravura Green Resort,,,,,,,,,,,Cortifo,,,,,,,,hotel,,,,,Bensafrim,8600-077,,,,,,,,,,+351282688175,http://www.montedabravura.com/,commercial,,,,,,,,,,,,,,,,,,,,,,,,,,,,,,,,,,,,,,,,,,,,,,,,,,,,,,,,,,,,,,,,,,,,,,,,,,,,,,,,,,,,,,,,,,,,,,,,,,,,,,,,,,,,,,,,,,,,,,,,,,,,,,,,,,,,,,,,,,,,,,,,,,,,
Point,-8.671213,37.1006198,way/96585011,,house,center,house,,,,,,,,,,,Antigo Mercado dos Escravos,,,,,,,,,,,,2026-04-16,,,,yes,"Mo,PH off; Tu-Su 10:00-13:00,14:00-18:00",,museum,https://www.goodtimeslagos.com/slave-market/,,,Anciente Slave Market,,,,,,,,,,,,,,,Sklavenmarkt,,,,,,,,,,,,,,,,,,,,,,,,,,,,,,,,,,,,,,,,,,,,,,,,,,,,,,,,,,,,,,,,,,,,,,,,,,,,,,,,,,,,,,,,,,,,,,,,,,,,,,,,,,,,,,,,,,,,,,,,,,,,,,,,,,,,,,,,,,,,,,,,,,,
Point,-8.6769679,37.1015252,way/96585031,,yes,center,school,,,,,,,,,,,,,,,,,,,,,,,,,,,,,,,,,,,,,,,,,,,,,,,,,,,,,,,,,,,,,,,,,,,,,,,,,,,,,,,,,,,,,,,,,,,,,,,,,,,,,,,,,,,,,,,,,,,,,,,,,,,,,,,,,,,,,,,,,,,,,,,,,,,,,,,,,,,,,,,,,,,,,,,,,,,,,,,,,,,,,,,,,,,,,,,,,,,,
Point,-8.6858362,37.0892609,way/96587139,,,center,yes,,,,,,,,,,,Lagos Atlantic Hotel,,,,,,,,,,,,,,,,,,,hotel,,,,,,,,,,,,,,,,,,,,,,,,,,,,,,,,,,,,,,,,,,,,,,,,,,,,,,,,,,,,,,,,,,,,,,,,,,,,,,,,,,,,,,,,,,,,,,,,,,,,,,,,,,,,,,,,,,,,,,,,,,,,,,,,,,,,,,,,,,,,,,,,,,,,,,,,,,,,,,,,,,,,,,
Point,-8.6520719,37.1186975,way/158077041,,,center,hotel,,,,,,,,,,,Iberostar Selection Lagos Algarve,,,,,,,Q111408748,,,,Estrada da Meia Praia,,https://www.facebook.com/IberostarLagosAlgarve/,https://www.instagram.com/iberostar/,,,24/7,+351 282 244 000,hotel,https://www.iberostar.com/en/hotels/algarve/iberostar-lagos-algarve/,5,,,São Gonçalo de Lagos,8600-315,yes,"The Iberostar Selection Lagos Algarve is 5-star family hotel located on Meia Praia beach with a wide range of services including spa area, All Inclusive board, fitness room, outdoor and indoor swimming pools, animation, free Wi-Fi and comfort rooms.",,yes,IBEROSTAR Hotels & Resorts,yes,220,,,,,,,yes,Iberostar Hotels & Resorts,Q2035939,lagos.algarve@iberostar.com,https://apiimg.iberostar.com/uploads/image/45650/crops/1366:797/1366/image.jpeg,no,yes,yes,outside,local knowledge;www.iberostar.com,yes,,,,,,,,,,,,,,,,,,,,,,,,,,,,,,,,,,,,,,,,,,,,,,,,,,,,,,,,,,,,,,,,,,,,,,,,,,,,,,,,,,,,,,,,,,,,,,,,,,,,,,,,,,,,,,,,,,,,,,,,,,,,,,,,,,,,,,,,
Point,-8.6529999,37.1500403,way/158700458,,yes,center,school,,,,,,,,,,,Escola Primária,,,,,,,,,,,,,,,,,,,,,,,,,,,,,,,,,,,,,,,,,,,,,,,,,,,,,,,,,,,,,,,,,,,,,,,,,,,,,,,,,,,,,,,,,,,,,,,,,,,,,,,,,,,,,,,,,,,,,,,,,,,,,,,,,,,,,,,,,,,,,,,,,,,,,,,,,,,,,,,,,,,,,,,,,,,,,,,,,,,,,,,,,
Point,-8.718727,37.1011785,way/159468496,,,center,,,,,,,,,,,,Parque Orbitur Valverde,,,,,,,,,,,Estrada da Praia da Luz,,,,,,,,camp_site,,,,,Lagos,8600-148,,,,,,,,,,,https://www.orbitur.pt/pt/destinos/algarve/orbitur-valverde,,,,,,,,,,,,,,yes,,,,,,,,,,,,,,,,,,,,,,,,,,,,,,,,,,,,,,,,,,,,,,,,,,,,,,,,,,,,,,,,,,,,,,,,,,,,,,,,,,,,,,,,,,,,,,,,,,,,,,,,,,,,,,,,,,,,,,,,,,,,,,,,,,,,,,,
Point,-8.6714229,37.0938722,way/159468561,wall,,center,,,,,,,,,,,,Parque de Campismo da Trindade,,,,,,,,,,,,,,,,,,,camp_site,,,,,,,,,,,,,,,,,,,,,,,,,,,,,,,yes,yes,yes,yes,yes,yes,yes,,,,,,,,,,,,,,,,,,,,,,,,,,,,,,,,,,,,,,,,,,,,,,,,,,,,,,,,,,,,,,,,,,,,,,,,,,,,,,,,,,,,,,,,,,,,,,,,,,,,,,,,,,,,,,,,,,,,,,,,,,,,,,,,,
Point,-8.6700185,37.0970508,way/181434087,,,center,,,,,,,,,,,,Camping Militar,,,,,,,,,,,,,,,,,,,camp_site,,,,,,,,Camp site for military personnel only.,,,,,,,,,,military,,,,,,,,,,,,,,,,,,,,private,,,,,,,,,,,,,,,,,,,,,,,,,,,,,,,,,,,,,,,,,,,,,,,,,,,,,,,,,,,,,,,,,,,,,,,,,,,,,,,,,,,,,,,,,,,,,,,,,,,,,,,,,,,,,,,,,,,,,,,,,,,,,,,,
Point,-8.6681867,37.0981897,node/206154960,,,,,,,,,,,,,,,,,,,,,,,,,,,,,,,,,,viewpoint,,,,,,,,,,,,,,,,,,,,,,,,,,,,,,,,,,,,,,,,,,,,,,,,,,,,,,,,,,,,,,,,,,,,,,,,,,,,,,,,,,,,,,,,,,,,,,,,,,,,,,,,,,,,,,,,,,,,,,,,,,,,,,,,,,,,,,,,,,,,,,,,,,,,,,,,,,,,,,,,,,,,,,
Point,-8.765481,37.1446442,way/229478429,,,center,,,,,,,,,,,,Parque Zoológico de Lagos,,,,,,,Q220114,Category:Lagos Zoo,pt:Zoo de Lagos,,,,,,,,,,zoo,https://zoolagos.com/,,,Lagos Zoological Park,,,,,,,,,,,,,,,,,,,,,,,,,,,,,,,,,,,park,enclosure,,,,,,,,,,,,,,,,,,,,,,,,,,,,,,,,,,,,,,,,,,,,,,,,,,,,,,,,,,,,,,,,,,,,,,,,,,,,,,,,,,,,,,,,,,,,,,,,,,,,,,,,,,,,,,,,,,,,,,,,,,,,,,
Point,-8.6669968,37.0957785,way/233089724,,,center,,,,,,,,,,,,Ponte do Antigo Forte do Pinhão,,,,,,,,,,,,,,,,,,,attraction,,,,,,,,,,,,,,,private area - no public access,,,,,,,,,,,,,,,,,,,,,,,private,,,yes,footway,1,,,,,,,,,,,,,,,,,,,,,,,,,,,,,,,,,,,,,,,,,,,,,,,,,,,,,,,,,,,,,,,,,,,,,,,,,,,,,,,,,,,,,,,,,,,,,,,,,,,,,,,,,,,,,,,,,,,,,,,,,,,
Point,-8.7390508,37.0835887,way/238533675,,,center,yes,,,,,,,,,,,Hotel Villa Luz,,,,,,,,,,66,Ponta da Gaivota,,,,,,,+351 282 771 110,hotel,https://www.vila-luz.com/,,,,"Praia da Luz, Lagos",8600-119,,,,,,,,,,,,,,,,,,,,,,,,,,,,,,,,,,,,,,,,,,,,,,,,,,,,,,,,,,,,,,,,,,,,,,,,,,,,,,,,,,,,,,,,,,,,,,,,,,,,,,,,,,,,,,,,,,,,,,,,,,,,,,,,,,,,,,,,,,,,,,,,,,,,,,,,,,,,,,,,
Point,-8.6689299,37.159705,way/254848740,,,center,yes,,,,,,,,,,,Quinta das Achadas,,,,,,,,,,,,,,,,,,+351 282 798425,guest_house,https://www.algarveholiday.net/,,,,,,,,,wlan,,,,,,,,,,,,,info@algarveholiday.net,,no,,,,Bing;survey,,,,,,,,,,,,,,,,,,,,,,,,,,,,,,,,,,,,,,,,,,,,,,,,,,,,,,,,,,,,,,,,,,,,,,,,,,,,,,,,,,,,,,,,,,,,,,,,,,,,,,,,,,,,,,,,,,,,,,,,,,,,,,,,,,,,,,,,,
Point,-8.7452221,37.0853027,way/269784406,,,center,yes,,,,,,,,,,,Luz Surfvillage,,,,,,,,,,,,,,,,,,,hostel,https://www.luzsurfvillage.com/,,,,,,,,,,,,,,,,,,,,,,,,,,,,,,,,,,,,,,,,,,,,,,,,,,,,,,,,,,,,,,,,,,,,,,,,,,,,,,,,,,,,,,,,,,,,,,,,,,,,,,,,,,,,,,,,,,,,,,,,,,,,,,,,,,,,,,,,,,,,,,,,,,,,,,,,,,,,,,,,,,,,,
Point,-8.7450813,37.0854183,way/269784492,,,center,,,,,parking,,,,,,,,,,,,,,,,,,,,,,,,,,hostel,,,,,,,,,,,Luz Surfvillage,,,,,,,,,,,,,,,,,,,,,,,,,,,customers,,,,,,surface,,,,,,,,,,,,,,,,,,,,,,,,,,,,,,,,,,,,,,,,,,,,,,,,,,,,,,,,,,,,,,,,,,,,,,,,,,,,,,,,,,,,,,,,,,,,,,,,,,,,,,,,,,,,,,,,,,,,,,,,,,
Point,-8.6754073,37.1026607,way/302921208,city_wall,citywalls,center,,,,,,,,,,,,,,,,,,,,,,,,,,,,,,,,,,,,,,,,,,,,,,,,,,,,,,,,,,,,,,,,,,,,,,,,,,,,,,,,,,,,,,,,,,,,,,,,,,,,,,,,,,,,,,,,,,,,,,,,,,,,,,,,,,,,,,,,,,,,,,,,,,,,,,,,,,,,,,,,,,,,,,,,,,,,,,,,,,,,,,,,,,,,,,,,,,,,,
Point,3.5300315,6.4429206,way/304931116,,,center,yes,,,,,,,,,,,Marco Polo Hotel,,,,,,,,,,,,,,,,,,,hotel,,,,,,,,,,,,,,,,,,,,,,,,,,,,,,,,,,,,,,,,,,,,,15,,,,,,,,,,,,,,,,,,,,,,,,,,,,,,,,,,,,,,,,,,,,,,,,,,,,,,,,,,,,,,,,,,,,,,,,,,,,,,,,,,,,,,,,,,,,,,,,,,,,,,,,,,,,,,,,,,,,,,,,,
Point,-8.7571269,37.0769837,way/329433990,,,center,,,,,,,,,,,,Quinta do Mar da Luz,,,,,,,,,,8600,Sitio Cama da Vaca,,,,,,,+351 282 697323,guest_house,https://www.quintadomardaluz.com/,3,,,Praia da Luz,,,,,wlan,,,,,,,,residential,,,,,info@quintadomardaluz.com,,no,,,,,,,,,,,,,,,,,,,,,,,,,,,,,,,,,,,,,,,,,,,,,,,,,,,,,,,,,,,,,,,,,,,,,,,,,,,,,,,,,,,,,,,,,,,,,,,,,,,,,,,,,,,,,,,,,,,,,,,,,,,,,,,,,,,,,,,,,,,,,
Point,-8.7250328,37.0896065,node/339159720,,,,,,,,,,,,,,,Luz Bay Club,,,,,,,,,,,,,,,,,,+351 282789640,hotel,http://www.luzbayhotel.pt/,4,,,,,,,,wlan,,,73,,,,,,,,,,geral@luzbayhotel.pt,,yes,,,,,,,,,,,,,,,,,,,,,2026-03-31,,,,,,,,,,,,,,,,,,,,,,,,,,,,,,,,,,,,,,,,,,,,,,,,,,,,,,,,,,,,,,,,,,,,,,,,,,,,,,,,,,,,,,,,,,,,,,,,,,,,,,,,,,,,,,,,,,,,,,,,
Point,3.48189,6.4315209,way/363752678,,,center,yes,,,,,,,,,,,Nike Art Gallery,,,,,,,Q25044062,,en:Nike Art Gallery,,,,,,,,Mo-Sa 10:00-18:00; Su 13:00-18:00,,gallery,https://nikeartfoundation.com/about-us/,,,,,,,,,,,,,,,,,,,,,,,,,,,,,,,,,,,,,,,,,,,,20,,,,,,,,,,,,,,,,,,,,,,,,,,,,,,,,,,,,,,,,,,,,,,,,,,,,,,,,,,,,,,,,,,,,,,,,,,,,,,,,,,,,,,,,,,,,,,,,,,,,,,,,,,,,,,,,,,,,,,,,,
Point,-8.6711892,37.0831221,way/373743348,,,center,,,,,,,,,,,,Carso Litoral da Ponta da Piedade,,,,,,,Q2103673,Category:Ponta da Piedade,en:Ponta da Piedade,,,,,,,,,,attraction,https://geossitios.progeo.pt/geosites/carso-litoral-da-ponta-da-piedade-ponta-de-joao-arens-e-carvoeiro,,,,,,,,,,,,,,,,,,,,,,,,,,,,,,,,,,,,,,,,,,,,,,karst,geosite,bare_rock,"Carso litoral da Ponta da Piedade, Ponta de João Arens e Carvoeiro",locality,,,,,,,,,,,,,,,,,,,,,,,,,,,,,,,,,,,,,,,,,,,,,,,,,,,,,,,,,,,,,,,,,,,,,,,,,,,,,,,,,,,,,,,,,,,,,,,,,,,,,,,,,,,,,,,,,,,
Point,-8.6697739,37.09927,way/373791254,city_wall,citywalls,center,,,,,,,,,,,,,,,,,,,,,,,,,,,,,,,,,,,,,,,,,,,,,,,,,,,,,,,,,,,,,,,,,,,,,,,,,,,,,,,,,,,,,,,,,,,,,,,,,,,,,,,,,,,,,,,,,,,,,,,,,,,,,,,,,,,,,,,,,,,,,,,,,,,,,,,,,,,,,,,,,,,,,,,,,,,,,,,,,,,,,,,,,,,,,,,,,,,,,
Point,-8.6743109,37.1012856,way/374921961,,,center,yes,,,,,,,,,,,Bowen Luxury Suites,,,,,,,,,,47,Rua da Amêndoeira,,,,,,,+351 282 185 723,hotel,,,,,Lagos,8600-685,,,,,,,,,,,,,,,,,,,,,,,,,,,,,,,,,,,,,,,,,,,,,,,,,,,,,,,,,,,,,,,,,,,,,,,,,,,,,,,,,,,,,,,,,,,,,,,,,,,,,,,,,,,,,,,,,,,,,,,,,,,,,,,,,,,,,,,,,,,,,,,,,,,,,,,,,,,,,,,,
Point,-8.6709138,37.0976937,way/374956413,,,center,yes,,,,,,,,,,,Baluarte da Vila Apartments,,,,,,,,,,9,Largo Santa Maria da Graça,2026-04-16,,,,,,+351 911 873 540,hotel,http://www.baluartedavila.com/,,,,Lagos,8600-518,,,,wlan,,,20,,,,,,,,,,,,no,,,,,,,,,,,,,,,,,,,,,,,,,,,no,yes,,,,,,,,,,,,,,,,,,,,,,,,,,,,,,,,,,,,,,,,,,,,,,,,,,,,,,,,,,,,,,,,,,,,,,,,,,,,,,,,,,,,,,,,,,,,,,,,,,,,,,,,,,,,,,,,,
Point,3.9471611,6.5875672,way/379367676,,,center,,,,,,,,,,,,Epe Resort and Spa,,,,,,,,,,,,,,,,,,,hotel,,,,,,,,,,,,,,,,,,,,,,,,,,,,,,,,,,,,,,,,,,,,,,,,,,,,,,,,,,,,,,,,,,,,,,,,,,,,,,,,,,,,,,,,,,,,,,,,,,,,,,,,,,,,,,,,,,,,,,,,,,,,,,,,,,,,,,,,,,,,,,,,,,,,,,,,,,,,,,,,,,,,,,
Point,-8.6733822,37.1125291,node/418719768,,,,,,,,,,,,,,,Marina de São Roque,,,,,,,,,,,,2023-10-19,,,,,,,hotel,,,,,,,,,,,,,,,,,,,,,,,,,,,,,,,,,,,,,,,,,,,,,,,,,,,,,,,,,,,,,,,,,,,,,,,,,,,,,,,,,,,,,,,,,,,,,,,,,,,,,,,,,,,,,,,,,,,,,,,,,,,,,,,,,,,,,,,,,,,,,,,,,,,,,,,,,,,,,,,,,,,,,,
Point,-8.6729166,37.1008127,node/418723899,,,,,,,,,,,,,,,Riomar,,,,,,,,,,83,Rua Cândido dos Reis,2026-04-14,,,,,,,hotel,,3,,,Lagos,,,,,,,,,,,,,,,,,,,,,,,,,,,,,,,,,,,,,,,,,,,,,,,,,,,,,,,,,,,,,,,,,,,,,,,,,,,,,,,,,,,,,,,,,,,,,,,,,,,,,,,,,,,,,,,,,,,,,,,,,,,,,,,,,,,,,,,,,,,,,,,,,,,,,,,,,,,,,,,,,
Point,-8.6730488,37.1010738,node/418723900,,,,,,,,,,,,,,,Casa de São Gonçalo,,,,,,,,,,,,,,,,,,,hotel,,5,,,,,,,,,,,,,,,,,,,,,,,,,,,,,,,,,,,,,,,,,,,,,,,,,,,,,,,,,,,,,,,,,,,,,,,,,,,,,,,,,,,,,,,,,,,,,,,,,,,,,,,,,,,,,,,,,,,,,,,,,,,,,,,,,,,,,,,,,,,,,,,,,,,,,,,,,,,,,,,,,,,,
Point,-8.7581914,37.0760671,way/453483418,,,center,,,,,,,,,,,,,,,,,,,,,,,,,,,,,,,chalet,,,,,,,,,,,,,,,,,,,,,,,,,,,,,,,,,,,,,,,,,,,,,,,,,,,,,,,,,,,,,,,,,,,,,,,,,,,,,,,,,,,,,,,,,,,,,,,,,,,,,,,,,,,,,,,,,,,,,,,,,,,,,,,,,,,,,,,,,,,,,,,,,,,,,,,,,,,,,,,,,,,,,,
Point,-8.7302128,37.0857073,way/463093299,,yes,center,church,,,,place_of_worship,roman_catholic,,,,,,Igreja da Nossa Senhora da Luz,,,,christian,,,Q10300250,,,,,,,,,,,,,,,,,,,,,,,,,,,,,,,,,,,,,,,,,,,,,,,,,,,,,,,,,,,,,,,,,,,,,,,,,,,,,,,,,,,,,,,,,,,,,,,,,,,,,,,,,,,,,,,,,,,,,,,,,,,,,,,,,,,,,,,,,,,,,,,,,,,,,,,,,,,,,,,,,,,,,,,,,,,,,,,,,,
Point,-8.7304659,37.0851328,way/463096221,city_wall,castle,center,yes,,,Castelo da Senhora da Luz,,,2,pc,,https://servicos.dgpc.gov.pt/pesquisapatrimonioimovel/detalhes.php?code=74225,http://monumentos.pt/Site/APP_PagesUser/SIPA.aspx?id=1280,Fortaleza de Nossa senhora da Luz,Imóvel de Interesse Público,74225,1280,,,,Q48797168,,,,,,,,,,,,,,,,,,,,,,,,,,,,,,,,,,,,,,,,,,,,,,,,,,,,,,,,,,,,,,,,,,https://dre.pt/pdf1sdip/1977/09/22600/23902396.pdf,IIP,,,,,,,,,,,,,,,,,,,,,,,,,,,,,,,,,,,,,,,,,,,,,,,,,,,,,,,,,,,,,,,,,,,,,,,,,,,,,,,,,,,,,,,,,,,,,,,,,,,,,,,,,,,,,,,
Point,-8.7201287,37.0997964,way/463218353,,,center,,,,,,,,,,,,Vila Valverde - Design & Country-Hotel,,,,,,,,,,,Estrada da Praia da Luz,,,,,,,,hotel,,,,,Lagos,8600-209,,,,wlan,,,,,,,http://www.vilavalverde.com/,commercial,,,,,,,,,,,,,,,,,,,,,,,,,,,,,,,,,,,,,,,,,,,,,,,,,,,,,,,,,,,,,,,,,,,,,,,,,,,,,,,,,,,,,,,,,,,,,,,,,,,,,,,,,,,,,,,,,,,,,,,,,,,,,,,,,,,,,,,,,,,,,,,,,,,,
Point,-8.684754,37.0864732,way/475254983,,,center,,,,,,,,,,,,Clube Porto Mós,,,,,,,,,,,,,,,,,,,hotel,,,,,,,,,,,,,,,,,,,,,,,,,,,,,,,,,,,,,,,,,,,,,,,,,,,,,,,,,,,,,,,,,,,,,,,,,,,,,,,,,,,,,,,,,,,,,,,,,,,,,,,,,,,,,,,,,,,,,,,,,,,,,,,,,,,,,,,,,,,,,,,,,,,,,,,,,,,,,,,,,,,,,,
Point,3.430669,6.426987,way/502455175,,,center,yes,,,,,,,,,,,Eko Signature,,,,,,,,,,,,,,,,,,,hotel,,,,,,,,,,,,,,,,,,,,,,,,,,,,,,,,,,,,,,,,,,,,,80,,,,,,,,,,,yes,,,,,,,,,,,,,,,,,,,,,,,,,,,,,,,,,,,,,,,,,,,,,,,,,,,,,,,,,,,,,,,,,,,,,,,,,,,,,,,,,,,,,,,,,,,,,,,,,,,,,,,,,,,,,,
Point,3.4375251,6.4392353,way/525377040,,,center,yes,,,,,,,,,,,Maroko Bayshore Suites,,,,,,,,,,20-24,Ozumba Mbadiwe Rd,,,,,,,,hotel,,,,,Lagos,,,,,,,,,,,,,,,,,,,,,,,,,,,,,,,,,,,,,,,,30,,,,,,,,,,,,,,,,,,,,,,,,,,,,,,,,,,,,,,,,,,,,,,,,,,,,,,,,,,,,,,,,,,,,,,,,,,,,,,,,,,,,,,,,,,,,,,,,,,,,,,,,,,,,,,,,,,,,,,,,,
Point,3.4303155,6.429213,way/534108655,,,center,yes,,,,,,,,,,,Eko Suites,,,,,,,,,,,,,,,,,,,hotel,,,,,,,,,,,,,,,,,,,,,,,,,,,,,,,,,,,,,,,,,,,,,40,,,,,,,,,,,,,,,,,,,,,,,,,,,,,,,,,,,,,,,,,,,,,,,,,,,,,,,,,,,,,,,,,,,,,,,,,,,,,,,,,,,,,,,,,,,,,,,,,,,,,,,,,,,,,,,,,,,,,,,,,
Point,-8.6874675,37.0865311,way/551252555,,,center,,,,,,,,,,,,,,,,,,,,,,,,,,,,,,,picnic_site,,,,,,,,,,,,,,,,,,,,,,,,,,,,,Orthophotos Littoral DGT 2014-2015,,,,,,,,,,,,,,,,,,,,,,,,,,,,,,,,,,,,,,,,,,,,,,,,,,,,,,,,,,,,,,,,,,,,,,,,,,,,,,,,,,,,,,,,,,,,,,,,,,,,,,,,,,,,,,,,,,,,,,,,,,,,,,,,,,,,,,,,,
Point,3.4436777,6.431022,way/556872678,,,center,yes,,,,,,,,,,,The Art Hotel,,,,,,,,,,13A,Chief Yesufu Abiodun Way,,,,,,,+234 916 610 5381,hotel,https://arthotelng.com/,,,,Lagos,,,,,,,,,,,,,,,,,,,,,,,,,,,,,,,,,,,,,,,,,,,,,,,,,,,,,,,,,,,,,,,,,,,,,,,,,,,,,,,,,,,,,,,,,,,,,,,,,,,,,,,,,,,,,,,,,,,,,,,,,,,,,,,,,,,,,,,,,,,,,,,,,,,,,,,,,,,,,,,,,
Point,3.3300808,6.5523152,way/560564784,,,center,yes,,,,,,,,,,,Golden Tulip Essential Airport Hotel Lagos,,,,,,,,,,42/44,International Airport Road,,,,,,,,hotel,,,,,Lagos,,,,,,,,,,,,,,,,,,,,,,,,,,,,,,,,,,,,,,,,32,,,,,,,,,,,,,,,,,,,,,,,,,,,,,,,,,,,,,,,,,,,,,,,,,,,,,,,,,,,,,,,,,,,,,,,,,,,,,,,,,,,,,,,,,,,,,,,,,,,,,,,,,,,,,,,,,,,,,,,,,
Point,3.3295879,6.5524776,way/560564785,,,center,yes,,,,,,,,,,,Max Royal Hotel & Suites,,,,,,,,,,,,,,,,,,,hotel,,,,,,,,,,,,,,,,,,,,,,,,,,,,,,,,,,,,,,,,,,,,,,,,,,,,,,,,,,,,,,,,,,,,,,,,,,,,,,,,,,,,,,,,,,,,,,,,,,,,,,,,,,,,,,,,,,,,,,,,,,,,,,,,,,,,,,,,,,,,,,,,,,,,,,,,,,,,,,,,,,,,,,
Point,3.4180743,6.4565832,way/560577489,,,center,yes,,,,,,,,,,,Elion House Hotel,,,,,,,,,,7/8,Agbeke Rotinwa Street,,,,,,,,hotel,,,,,Lagos,,,,,,,,,,,,,,,,,,,,,,,,,,,,,,,,,,,,,,,,15,,,,,,,,,,,,,,,,,,,,,,,,,,,,,,,,,,,,,,,,,,,,,,,,,,,,,,,,,,,,,,,,,,,,,,,,,,,,,,,,,,,,,,,,,,,,,,,,,,,,,,,,,,,,,,,,,,,,,,,,,
Point,3.434137,6.4328774,way/560577506,,,center,yes,,,,,,,,,,,Morning Side Suites and Spa Victoria Island,,,,,,,,,,200C,Etim Iyang Crescent,,,,,,,,hotel,,,,,Lagos,,,,,,,,,,,,,,,,,,,,,,,,,,,,,,,,,,,,,,,,15,,,,,,,,,,,,,,,,,,,,,,,,,,,,,,,,,,,,,,,,,,,,,,,,,,,,,,,,,,,,,,,,,,,,,,,,,,,,,,,,,,,,,,,,,,,,,,,,,,,,,,,,,,,,,,,,,,,,,,,,,
Point,3.445678,6.4536276,way/567150382,,,center,,,,Wheatbaker Hotel,,,,,,,,The Wheatbaker Hotel,,,,,,,,,,4,Lawrence Road,,,,,,,+234 1277 3560,hotel,https://thewheatbakerlagos.com/,,,,Lagos,,,,,,,,,,,,,commercial,,,,,,,,,,,,,,,,,,,,,,,,,,,,,,,,,,,,,,,,,,,,,,,,,,,,,,,,,,,,,,,,,,,,,,,,,,,,,,,,,,,,,,,,,,,,,,,,,,,,,,,,,,,,,,,,,,,,,,,,,,,,,,,,,,,,,,,,,,,,,,,,,,,,
Point,3.4392898,6.4503492,way/567150388,,,center,,,,,,,,,,,,La Cour Boutique Hotel,,,,,,,,,,3,Femi Okunnu Road,,,,,,,,hotel,,,,,Lagos,,,,,,,,,,,,,commercial,,,,,,,,,,,,,,,,,,,,,,,,,,,,,,,,,,,,,,,,,,,,,,,,,,,,,,,,,,,,,,,,,,,,,,,,,,,,,,,,,,,,,,,,,,,,,,,,,,,,,,,,,,,,,,,,,,,,,,,,,,,,,,,,,,,,,,,,,,,,,,,,,,,,
Point,3.4363936,6.4547165,way/567150407,,,center,,,,,,,,,,,,The George Hotel,,,,,,,,,,30,Lugard Avenue,,,,,,,,hotel,,,,,Lagos,,,,,,,,,,,,,commercial,,,,,,,,,,,,,,,,,,,,,,,,,,,,,,,,,,,,,,,,,,,,,,,,,,,,,,,,,,,,,,,,,,,,,,,,,,,,,,,,,,,,,,,,,,,,,,,,,,,,,,,,,,,,,,,,,,,,,,,,,,,,,,,,,,,,,,,,,,,,,,,,,,,,
Point,3.4300825,6.4540372,way/567150424,,,center,,,,,,,,,,,,Southern Sun Ikoyi,,,,,,,,,,47,Alfred Rewane Road,,,,,,,,hotel,,,,,Lagos,,,,,,Sun International,,,,,,,commercial,,,,,,,,,,,,,,,,,,,,,,,,,,,,,,,,,,,,,,,,,,,,,,,,,,,,,,,,,,,,,,,,,,,,,,,,,,,,,,,,,,,,,,,,,,,,,,,,,,,,,,,,,,,,,,,,,,,,,,,,,,,,,,,,,,,,,,,,,,,,,,,,,,,,
Point,3.4305218,6.454602,way/567150429,,,center,,,,,,,,,,,,,,,,,,,,,,,Alfred Rewane Road,,,,,,,,hotel,,,,Golden Gate Hotel,,,,,,,,,,,,,,commercial,,,,,,,,,,,,,,,,,,,,,,,,,,,,,,,,,,,,,,,金門大酒樓,,,,,,,,,,,,,,,,,,,,,,,,,,,,,,,,,,,,,,,,,,,,,,,,,,,,,,,,,,,,,,,,,,,,,,,,,,,,,,,,,,,,,,,,,,,,,,,,,,,,,,,,,,,,,
Point,3.4243341,6.4543301,way/567150448,,,center,,,,,,,,,,,,The Moorhouse Hotel,,,,,,,,,,1,Bankole Oki Street,,,,,,,,hotel,,,,,Lagos,,,,,,,,,,,,,commercial,,,,,,,,,,,,,,,,,,,,,,,,,,,,,,,,,,,,,,,,,,,,,,,,,,,,,,,,,,,,,,,,,,,,,,,,,,,,,,,,,,,,,,,,,,,,,,,,,,,,,,,,,,,,,,,,,,,,,,,,,,,,,,,,,,,,,,,,,,,,,,,,,,,,
Point,3.4291224,6.455127,way/567150458,,,center,,,,,,,,,,,,Casa Lydia,,,,,,,,,,19,Glover Road,,,,,,,,hotel,,,,,Lagos,,,,,,,,,,,,,commercial,,,,,,,,,,,,,,,,,,,,,,,,,,,,,,,,,,,,,,,,,,,,,,,,,,,,,,,,,,,,,,,,,,,,,,,,,,,,,,,,,,,,,,,,,,,,,,,,,,,,,,,,,,,,,,,,,,,,,,,,,,,,,,,,,,,,,,,,,,,,,,,,,,,,
Point,3.4446252,6.436269,way/567150461,,,center,,,,Lekki Oriental Hotel,,,,,,,,Lagos Oriental Hotel,,,,,,,Q132673407,,,,Foreshore Road,,,,,,,+234 702 696 00 65,hotel,http://www.lagosoriental.com/,,,,Lagos,,,,,,,,,,,,,commercial,,,,,,,,,,,,,,,,,,,,,,,,,,,,,,,,,,,,,,,,,,,,,,,,,,,,,,,,,,,,,,,,,,,,,,,,,,,,,,,,,,,,,,,,,,,,,,,,,,,,,,,,,,,,,,,,,,,,,,,,,,,,,,,,,,,,,,,,,,,,,,,,,,,,
Point,3.4228473,6.4348921,way/567150463,,,center,,,,,,,,,,,,The Lagos Continental Hotel,,,,,,,Q111408940,,,52,Kofo Abayomi Road,,,,,,,,hotel,,,,,Lagos,,,,,,,,,,,,,commercial,,,,,,,,,,,,,,,,,,,,,,,,,,,,,,,,,,,,,,,,,,,,,,,,,,,,,,,,,,,,,,,,,,,,,,,,,,,,,,,,,,,,,,,,,,,,,,,,,,,,,,,,,,,,,,,,,,,,,,,,,,,,,,,,,,,,,,,,,,,,,,,,,,,,
Point,3.4431444,6.4334735,way/567150464,,,center,,,,,,,,,,,,Four Points by Sheraton Lagos,,,,,,,,,,9/10,Prince Alabe Abiodun Oniru Road,,,,,,,+234 1 448 9444,hotel,,,,,Lagos,,,,,,,,,,,,,commercial,,,,,,,,,,,,,,,,,,,,,,,,,,,,,,,,,,,,,,,,,,,,,,,,,,,,,,,,,,,,,,,,,,,,,,,,,,,,,,,,,,,,,,,,,,,,,,,,,,,,,,,,,,,,,,,,,,,,,,,,,,,,,,,,,,,,,,,,,,,,,,,,,,,,
Point,3.4388345,6.4310225,way/567150465,,,center,,,,VCP Hotel,,,,,,,,Victoria Crown Plaza Hotel,,,,,,,,,,292B,Ajose Adeogun Street,,,,,,,+234 703 188 1523,hotel,https://vcphotels.com/,,,,Lagos,,,,,,,,,,,,,commercial,,,,,,,,,,,,,,,,,,,,,,,,,,,,,,,,,,,,,,,,,,,,,,,,,,,,,,,,,,,,,,,,,,,,,,,,,,,,,,,,,,,,,,,,,,,,,,,,,,,,,,,,,,,,,,,,,,,,,,,,,,,,,,,,,,,,,,,,,,,,,,,,,,,,
Point,3.4154307,6.4264138,way/567150466,,,center,,,,,,,,,,,,The Blowfish Hotel,,,,,,,Q111871548,,,17,Oju Olobun Close,,,,,,,,hotel,https://theblowfishgroup.com/hotel/,,,,Lagos,,,,,,,,,,,,,commercial,,,,,,,,,,,,,,,,,,,,,,,,,,,,,,,,,,,,,,,,,,,,,,,,,,,,,,,,,,,,,,,,,,,,,,,,,,,,,,,,,,,,,,,,,,,,,,,,,,,,,,,,,,,,,,,,,,,,,,,,,,,,,,,,,,,,,,,,,,,,,,,,,,,,
Point,3.4386772,6.4247673,way/567150467,,,center,,,,,,,,,,,,Protea Hotel Lagos Kuramo Waters,,,,,,,,,,,Kuramo Waters Close,,,,,,,,hotel,,,,,,,,,,,,,,,,,,commercial,,,Protea Hotel,Q17092570,,,,,,,,,,,,,,,,,,,,,,,,,,,,,,,,,,,,,,,,,,,,,,,,,,,,,,,,,,,,,,,,,,,,,,,,,,,,,,,,,,,,,,,,,,,,,,,,,,,,,,,,,,,,,,,,,,,,,,,,,,,,,,,,,,,,,,,,,,,,,,,,
Point,3.4586808,6.428603,way/567150468,,,center,,,,,,,,,,,,Arirang Hotel,,,,,,,,,,2,T.F. Kuboye Road,,,,,,,,hotel,,,,,Lagos,,,,,,,,,,,,,commercial,,,,,,,,,,,,,,,,,,,,,,,,,,,,,,,,,,,,,,,,,,,,,,,,,,,,,,,,,,,,,,,,,,,,,,,,,,,,,,,,,,,,,,,,,,,,,,,,,,,,,,,,,,,,,,,,,,,,,,,,,,,,,,,,,,,,,,,,,,,,,,,,,,,,
Point,3.4169192,6.4368072,way/567150469,,,center,,,,,,,,,,,,Radisson Blu Anchorage Hotel Lagos,,,,,,,Q108908687,,,1A,Ozumba Mbadiwe Road,,,,,,,,hotel,,,,,Lagos,,,,,,Carlson Hotels,,,,,,,commercial,,,Radisson Blu,Q7281341,,,,,,,,,,,,,,,,,,,,,,,,,,,,,,,,,,,,en:Radisson Blu,,,,,,,,,,,,,,,,,,,,,,,,,,,,,,,,,,,,,,,,,,,,,,,,,,,,,,,,,,,,,,,,,,,,,,,,,,,,,,,,,,,,,,,,,,,,,,,,,,,,,,,,,,,,
Point,3.4087859,6.4434338,way/567150474,,,center,,,,,,,,,,,,Westwood Hotel Ikoyi,,,,,,,,,,22,Awolowo Road,,,,,,,,hotel,,,,,Lagos,,,,,,,,,,,,,commercial,,,,,,,,,,,,,,,,,,,,,,,,,,,,,,,,,,,,,,,,,,,,,,,,,,,,,,,,,,,,,,,,,,,,,,,,,,,,,,,,,,,,,,,,,,,,,,,,,,,,,,,,,,,,,,,,,,,,,,,,,,,,,,,,,,,,,,,,,,,,,,,,,,,,
Point,3.4072574,6.4307931,way/567150477,,,center,,,,Federal Palace Hotel,,,,,,,,Federal Palace & Casino,,,,,,,Q5440324,,en:Federal Palace Hotel,6-8,Ahmadu Bello Way,,,,,,,+23412779000,hotel,http://www.suninternational.com/federal-palace,,,,Lagos,,,,,,,,,,,,,commercial,,,,,reservations@suninternational.com,"https://commons.wikimedia.org/wiki/File:Federal_palace_hotel,Victoria_island,Lagos.jpg",,,,,,,,,,,,,,,,,,,,,,,,,,,,,,,,,,,1960,,,,,,,,,,,,,,,,,,,,,,,,,,,,,,,,,,,,,,,,,,,,,,,,,,,,,,,,,,,,,,,,,,,,,,,,,,,,,,,,,,,,,,,,,,,,,,,,,,,,,,,,,,,
Point,3.4301126,6.4270023,way/567964434,,,center,,,,,,,,,,,,Eko Hotel,,,,,,,,,,,Adetokunbo Ademola Street,,,,,,,,hotel,,,,,,,,,,,,,,,,,,commercial,,,,,,,,,,,,,,,,,,,,,,,,,,,,,,,,,,,,,,,,,,,,,,,,,,,,,,,,,,,,,,,,,,,,,,,,,,,,,,,,,,,,,,,,,,,,,,,,,,,,,,,,,,,,,,,,,,,,,,,,,,,,,,,,,,,,,,,,,,,,,,,,,,,,
Point,3.4168622,6.4330558,way/567964435,,,center,,,,,,,,,,,,Atlantic Hotel & Suites,,,,,,,,,,,,,,,,,,,hotel,,,,,,,,,,,,,,,,,,commercial,,,,,,,,,,,,,,,,,,,,,,,,,,,,,,,,,,,,,,,,,,,,,,,,,,,,,,,,,,,,,,,,,,,,,,,,,,,,,,,,,,,,,,,,,,,,,,,,,,,,,,,,,,,,,,,,,,,,,,,,,,,,,,,,,,,,,,,,,,,,,,,,,,,,
Point,3.4714018,6.4468877,way/568364469,,,center,,,,Dover Hotel Lekki,,,,,,,,Dover Hotel,,,,,,,,,,16,Olubunmi Owa Street,,,,,,,+234 8036289680,hotel,https://thedoverhotels.com/,,,,Lagos,,,,,,,,,,,,,commercial,,,,,,,,,,,,,,,,,,,,,,,,,,,,,,,,,,,,,,,,,,,,,,,,,,,,,,,,,,,,,,,,,,,,,,,,,,,,,,,,,,,,,,,,,,,,,,,,,,,,,,,,,,,,,,,,,,,,,,,,,,,,,,,,,,,,,,,,,,,,,,,,,,,,
Point,3.4701759,6.4459028,way/568364472,,,center,,,,Lilygate Hotel Lekki,,,,,,,,Lilygate Hotel,,,,,,,,,,2,Olubunmi Owa Street,,,,,,,,hotel,https://www.lilygatelagos.com/,,,,Lagos,,,,,,,,,,,+234 190 49000,,commercial,,,,,info@lilygatelagos.com,,,,,,,,,,,,,,,,,,,,,,,,,,,,,,,,,,,,,,,,,,,,,,,,,,,,,,,,,,,,,,,,,,,,,,,,,,,,,,,,,,,,,,,,,,,,,,,,,,,,,,,,,,,,,,,,,,,,,,,,,,,,,,,,,,,,,,,,,,,,,,,
Point,3.3586881,6.5818978,way/568367622,,,center,,,,,,,,,,,,Radisson Blu Hotel Lagos Ikeja,,,,,,,,,,38/40,Isaac John Street,,,,,,,,hotel,https://www.radissonblu.com/en/hotel-lagos-ikeja,,,,,,,,,,,,,,,,,commercial,,,Radisson Blu,Q7281341,,,,,,,,,,,,,,,,,,,,,,,,,,,,,,,,,,,,,,,,,,,,,,,,,,,,,,,,,,,,,,,,,,,,,,,,,,,,,,,,,,,,,,,,,,,,,,,,,,,,,,,,,,,,,,,,,,,,,,,,,,,,,,,,,,,,,,,,,,,,,,,,
Point,3.3583232,6.5826913,way/568367623,,,center,,,,,,,,,,,,Radisson Hotel Lagos Ikeja,,,,,,,,,,42/44,Isaac John Street,,,,,,,,hotel,https://www.radisson.com/ikeja-lagos-hotel-ng/loszb,,,,Ikeja,,,,,,,,,,,,,commercial,,,Radisson,Q1751979,,,,,,,,,,,,,,,,,,,,,,,,,,,,,,,,,,,,,,,,,,,,,,,,,,,,,,,,,,,,,,,,,,,,,,,,,,,,,,,,,,,,,,,,,,,,,,,,,,,,,,,,,,,,,,,,,,,,,,,,,,,,,,,,,,,,,,,,,,,,,,,,
Point,3.3578121,6.5836272,way/568367625,,,center,,,,,,,,,,,,Primal Hotel,,,,,,,,,,46,Isaac John Street,,,,,,,,hotel,,,,,Ikeja,,,,,,,,,,,,,commercial,,,,,,,,,,,,,,,,,,,,,,,,,,,,,,,,,,,,,,,,,,,,,,,,,,,,,,,,,,,,,,,,,,,,,,,,,,,,,,,,,,,,,,,,,,,,,,,,,,,,,,,,,,,,,,,,,,,,,,,,,,,,,,,,,,,,,,,,,,,,,,,,,,,,
Point,3.360298,6.5835338,way/568367630,,,center,,,,,,,,,,,,Sheraton Lagos Hotel,,,,,,,,,,30,Mobolaji Bank-Anthony Way,,,,,,,,hotel,,,,,Ikeja,,,,,,,,,,,,,commercial,,,Sheraton,Q634831,,,,,,,,,,,,,,,,,,,,,,,,,,,,,,,,,,,,,,,,,,,,,,,,,,,,,,,,,,,,,,,,,,,,,,,,,,,,,,,,,,,,,,,,,,,,,,,,,,,,,,,,,,,,,,,,,,,,,,,,,,,,,,,,,,,,,,,,,,,,,,,,
Point,3.3560327,6.6140127,way/568367633,,,center,,,,,,,,,,,,De Renaissance Hotel,,,,,,,,,,172,Obafemi Awolowo Way,,,,,,,,hotel,,,,,Ikeja,,,,,,,,,,,,,commercial,,,,,,,,,,,,,,,,,,,,,,,,,,,,,,,,,,,,,,,,,,,,,,,,,,,,,,,,,,,,,,,,,,,,,,,,,,,,,,,,,,,,,,,,,,,,,,,,,,,,,,,,,,,,,,,,,,,,,,,,,,,,,,,,,,,,,,,,,,,,,,,,,,,,
Point,3.3570053,6.6166622,way/568367639,,,center,,,,,,,,,,,,Protea Hotel Ikeja Select,,,,,,,,,,2,Assibifi Road,,,,,,,,hotel,,,,,Ikeja,,,,,,,,,,,,,commercial,,,,,,,,,,,,,,,,,,,,,,,,,,,,,,,,,,,,,,,,,,,,,,,,,,,,,,,,,,,,,,,,,,,,,,,,,,,,,,,,,,,,,,,,,,,,,,,,,,,,,,,,,,,,,,,,,,,,,,,,,,,,,,,,,,,,,,,,,,,,,,,,,,,,
Point,3.3268589,6.5424715,way/568367647,,,center,,,,,,,,,,,,Swiss International D' Palms Airport Hotel,,,,,,,,,,10/12,Kolawole Shonibare Street,,,,,,,,hotel,,,,,Ikeja,,,,,,,,,,,,,commercial,,,,,,,,,,,,,,,,,,,,,,,,,,,,,,,,,,,,,,,,,,,,,,,,,,,,,,,,,,,,,,,,,,,,,,,,,,,,,,,,,,,,,,,,,,,,,,,,,,,,,,,,,,,,,,,,,,,,,,,,,,,,,,,,,,,,,,,,,,,,,,,,,,,,
Point,3.3297213,6.5509674,way/568367648,,,center,,,,,,,,,,,,Ibis Hotel Lagos Airport,,,,,,,,,,,,,,,,,,,hotel,,,,,,,,,,,,,,,,,,commercial,,,,,,,,,,,,,,,,,,,,,,,,,,,,,,,,,,,,,,,,,,,,,,,,,,,,,,,,,,,,,,,,,,,,,,,,,,,,,,,,,,,,,,,,,,,,,,,,,,,,,,,,,,,,,,,,,,,,,,,,,,,,,,,,,,,,,,,,,,,,,,,,,,,,
Point,3.3273775,6.5540533,way/568367652,,,center,,,,,,,,,,,,Welcome Centre Hotels,,,,,,,,,,70,International Airport Road,,,,,,,,hotel,,,,,Lagos,,,,,,,,,,,,,commercial,,,,,,,,,,,,,,,,,,,,,,,,,,,,,,,,,,,,,,,,,,,,,,,,,,,,,,,,,,,,,,,,,,,,,,,,,,,,,,,,,,,,,,,,,,,,,,,,,,,,,,,,,,,,,,,,,,,,,,,,,,,,,,,,,,,,,,,,,,,,,,,,,,,,
Point,3.3278014,6.5544894,way/568367653,,,center,,,,,,,,,,,,Royal View Hotel and Suites,,,,,,,,,,5/7,Adeola Ajayi Crescent,,,,,,,,hotel,,,,,Lagos,,,,,,,,,,,,,commercial,,,,,,,,,,,,,,,,,,,,,,,,,,,,,,,,,,,,,,,,,,,,,,,,,,,,,,,,,,,,,,,,,,,,,,,,,,,,,,,,,,,,,,,,,,,,,,,,,,,,,,,,,,,,,,,,,,,,,,,,,,,,,,,,,,,,,,,,,,,,,,,,,,,,
Point,3.4360133,6.4518974,way/570559522,,,center,,,,,,,,,,,,The Executive Spot & Hotel,,,,,,,,,,37,Glover Court,,,,,,,,hotel,,,,,Lagos,,,,,,,,,,,,,commercial,,,,,,,,,,,,,,,,,,,,,,,,,,,,,,,,,,,,,,,,,,,,,,,,,,,,,,,,,,,,,,,,,,,,,,,,,,,,,,,,,,,,,,,,,,,,,,,,,,,,,,,,,,,,,,,,,,,,,,,,,,,,,,,,,,,,,,,,,,,,,,,,,,,,
Point,3.4135596,6.428767,way/591805690,,,center,,,,,,,,,,,,Hotel Victoria Palace,,,,,,,,,,,Danmole Street,,,,,,,,hotel,,,,,,,,,,,,,,,,,,commercial,,,,,,,,,,,,,,,,,,,,,,,,,,,,,,,,,,,,,,,,,,,,,,,,,,,,,,,,,,,,,,,,,,,,,,,,,,,,,,,,,,,,,,,,,,,,,,,,,,,,,,,,,,,,,,,,,,,,,,,,,,,,,,,,,,,,,,,,,,,,,,,,,,,,
Point,3.4149762,6.4407297,way/592191596,,,center,,,,,,,,,,,,Tivoli Garden Ikoyi Waterfront,,,,,,,,,,2/3,Olokun Street,,,,,,,,hotel,,,,,Lagos,,,,,,,,,,,,,commercial,,,,,,,,,,,,,,,,,,,,,,,,,,,,,,,,,,,,,,,,,,,,,,,,,,,,,,,,,,,,,,,,,,,,,,,,,,,,,,,,,,,,,,,,,,,,,,,,,,,,,,,,,,,,,,,,,,,,,,,,,,,,,,,,,,,,,,,,,,,,,,,,,,,,
Point,3.4374461,6.4306435,way/592201412,,,center,,,,,,,,,,,,Sphinx Suites,,,,,,,,,,,,,,,,,,,hotel,,,,,,,,,,,,,,,,,,commercial,,,,,,,,,,,,,,,,,,,,,,,,,,,,,,,,,,,,,,,,,,,,,,,,,,,,,,,,,,,,,,,,,,,,,,,,,,,,,,,,,,,,,,,,,,,,,,,,,,,,,,,,,,,,,,,,,,,,,,,,,,,,,,,,,,,,,,,,,,,,,,,,,,,,
Point,3.4189042,6.434235,way/593494025,,,center,,,,,,,,,,,,Béni Gold,,,,,,,,,,18,Adeleke Adedoyin Street,,,,,,,,hotel,,,,,Lagos,,,,,,,,,,,,,commercial,,,,,,,,,,,,,,,,,,,,,,,,,,,,,,,,,,,,,,,,,,,,,,,,,,,,,,,,,,,,,,,,,,,,,,,,,,,,,,,,,,,,,,,,,,,,,,,,,,,,,,,,,,,,,,,,,,,,,,,,,,,,,,,,,,,,,,,,,,,,,,,,,,,,
Point,3.4346205,6.4401791,way/597498797,,,center,apartments,,,,,,,,,,,TCA Gallery,,,,,,,,,,Suite 418,Block B10 Crescent B,,,,,,Tu-Su 11-5,,gallery,,,,,Victoria Island,,,,,,The Children's Art Company,,,,,,,,,,,,,,,,,,,,,,,,,,,,,,,,,,50,,,,,,,,,,,,,,,,,,,,,,,,,,,,,,,,,,,,,,,,,,,,,,,,,,,,,,,,,,,,,,,,,,,,,,,,,,,,,,,,,,,,,,,,,,,,,,,,,,,,,,,,,,,,,,,,,,,,,,,,,
Point,3.4449572,6.4468866,way/597498804,,,center,yes,,,,,,,,,,,The Belmonte Privé,,,,,,,,,,40,Bourdillon Road,,,,,,,+2349070002006,hotel,https://www.belmontenigeria.com/,,,,Lagos,,,,,,,,,,,,,,,,,,,,,,,,,,,,,,,,,,,,,,,,,,,,,,,,,,,,,,,,,,,,,,,,,,,,,,,,,,,,,,,,,,,,,,,,,,,,,,,,,,,,,,,,,,,,,,,,,,,,,,,,,,,,,,,,,,,,,,,,,,,,,,,,,,,,,,,,,,,,,,,,,
Point,3.4106564,6.427435,way/599458877,,,center,,,,,,,,,,,,Morning Sides Suites,,,,,,,Q112011650,,,11B,Taslim Eliat Close,,,,,,,,hotel,,,,,Lagos,,,,,,,,,,,,,commercial,,,,,,,,,,,,,,,,,,,,,,,,,,,,,,,,,,,,,,,,,,,,,,,,,,,,,,,,,,,,,,,,,,,,,,,,,,,,,,,,,,,,,,,,,,,,,,,,,,,,,,,,,,,,,,,,,,,,,,,,,,,,,,,,,,,,,,,,,,,,,,,,,,,,
Point,3.4265257,6.4231843,way/604051558,,,center,,,,,,,,,,,,The Avenue Suites,,,,,,,,,,,Tiyamu Savage Street,,,,,,,,hotel,,,,,,,,,,,,,,,,,,commercial,,,,,,,,,,,,,,,,,,,,,,,,,,,,,,,,,,,,,,,,,,,,,,,,,,,,,,,,,,,,,,,,,,,,,,,,,,,,,,,,,,,,,,,,,,,,,,,,,,,,,,,,,,,,,,,,,,,,,,,,,,,,,,,,,,,,,,,,,,,,,,,,,,,,
Point,3.54343,6.4434287,way/604715756,,,center,,,,,,,,,,,,Orchid Hotel,,,,,,,,,,3,Dreamworld-Africana Way,,,,,,,,hotel,,,,,Lagos,,,,,,,,,,,,,commercial,,,,,,,,,,,,,,,,,,,,,,,,,,,,,,,,,,,,,,,,,,,,,,,,,,,,,,,,,,,,,,,,,,,,,,,,,,,,,,,,,,,,,,,,,,,,,,,,,,,,,,,,,,,,,,,,,,,,,,,,,,,,,,,,,,,,,,,,,,,,,,,,,,,,
Point,3.5420773,6.4443978,way/604715761,,,center,,,,,,,,,,,,Eastgate Hotel Lagos,,,,,,,,,,3,Dreamworld-Africana Way,,,,,,,,hotel,,,,,Lagos,,,,,,,,,,,,,commercial,,,,,,,,,,,,,,,,,,,,,,,,,,,,,,,,,,,,,,,,,,,,,,,,,,,,,,,,,,,,,,,,,,,,,,,,,,,,,,,,,,,,,,,,,,,,,,,,,,,,,,,,,,,,,,,,,,,,,,,,,,,,,,,,,,,,,,,,,,,,,,,,,,,,
Point,3.540443,6.4438737,way/604715767,,,center,,,,,,,,,,,,Diamond View Hotel,,,,,,,,,,,,,,,,,,,hotel,,,,,,,,,,,,,,,,,,commercial,,,,,,,,,,,,,,,,,,,,,,,,,,,,,,,,,,,,,,,,,,,,,,,,,,,,,,,,,,,,,,,,,,,,,,,,,,,,,,,,,,,,,,,,,,,,,,,,,,,,,,,,,,,,,,,,,,,,,,,,,,,,,,,,,,,,,,,,,,,,,,,,,,,,
Point,3.346702,6.606916,way/610011072,,,center,,,,,,,,,,,,Lagos Airport Hotel,,,,,,,,,,111,Obafemi Awolowo Way,,,,,,,,hotel,,,,,Ikeja,,,,,,,,,,,,,commercial,,,,,,,,,,,,,,,,,,,,,,,,,,,,,,,,,,,,,,,,,,,,,,,,,,,,,,,,,,,,,,,,,,,,,,,,,,,,,,,,,,,,,,,,,,,,,,,,,,,,,,,,,,,,,,,,,,,,,,,,,,,,,,,,,,,,,,,,,,,,,,,,,,,,
Point,3.3568854,6.6228654,way/610011158,,,center,,,,,nightclub,,,,,,,New Afrika Shrine,,,,,,,Q25045334,,en:New Afrika Shrine,,,,,,,,,,attraction,,,,,,,,,,,,,,,,,,,,,,,,,,,,,,,,,,,,,,,,,,,,,,,,,,,,,,,,,,,,,,,,,,,,,,,,,,,,,,,,,,,,,,,,,,,,,,,,,,,,,,,,,,,,,,,,,,,,,,,,,,,,,,,,,,,,,,,,,,,,,,,,,,,,,,,,,,,,,,,,,,,,,,
Point,3.4418682,6.4251924,way/610029919,,,center,,,,,,,,,,,,Solitude Hotel,,,,,,,,,,2,T.Y. Danjuma Street,,,,,,,,hotel,,,,,Lagos,,,,,,,,,,,,,commercial,,,,,,,,,,,,,,,,,,,,,,,,,,,,,,,,,,,,,,,,,,,,,,,,,,,,,,,,,,,,,,,,,,,,,,,,,,,,,,,,,,,,,,,,,,,,,,,,,,,,,,,,,,,,,,,,,,,,,,,,,,,,,,,,,,,,,,,,,,,,,,,,,,,,
Point,-8.7256794,37.0919424,way/618466620,,,center,apartments,,,,,,,,,,,,,,,,,,,,,,Rua José Pedro das Lages,,,,,,,,apartment,,,,,Luz,8600-160,,,,wlan,,,,,,,,,,,,,,,customers,,,,,,,,,,,,,,,,,,,,,,,,,,,,,,,,,,,3,yes,,,,,,,,,,,,,,,,,,,,,,,,,,,,,,,,,,,,,,,,,,,,,,,,,,,,,,,,,,,,,,,,,,,,,,,,,,,,,,,,,,,,,,,,,,,,,,,,,,,,,,,,,
Point,3.4286044,6.4258425,way/620981440,,,center,,,,,,,,,,,,,,,,,,,,,,80,Adetokunbo Ademola Street,,,,,,,,hotel,,,,,Lagos,,,,,,fahrenheit hospitality,,,,,,,,,,,,,,,,,,,,,,,,,,,customers,swimming_pool,,,,,,,,,,,,,,,,,,,,,,,,,,,,,,,,,,,,,,,,,,,,,,,,,,,,,,,,,,,,,,,,,,,,,,,,,,,,,,,,,,,,,,,,,,,,,,,,,,,,,,,,,,,,,,,,,,,,,,,,,,,,,,,
Point,3.4286529,6.4258906,way/620982914,,,center,,,,,parking,,,,,,,,,,,,,,,,,,,,,,,,,,hotel,,,,,,,,,,,,,,,,,,,,,,,,,,,,,,,,,,,,,,customers,,,,,,surface,,,,,,,,,,,,,,,,,,no,yes,paved,,,,,,,,,,,,,,,,,,,,,,,,,,,,,,,,,,,,,,,,,,,,,,,,,,,,,,,,,,,,,,,,,,,,,,,,,,,,,,,,,,,,,,,,,,,,,,,,,,,,,,
Point,3.3478755,6.6043639,way/622382843,,,center,yes,,,,,,,,,,,Haute Aparthotel,,,,,,,,,,9,Alade Avenue,,,,,,,+234 703 373 5868,hotel,,,,,Ikeja,100282,,,,wlan,,,,,,,,,,,,,,,no,,,,,,,,,,,,,,,,,,,,,,,,,,,,,,,,,,,,,,,,NG,,,,,,,,,,,,,,,,,,,,,,,,,,,,,,,,,,,,,,,,,,,,,,,,,,,,,,,,,,,,,,,,,,,,,,,,,,,,,,,,,,,,,,,,,,,,,,,,,,,,,
Point,3.3547842,6.5973861,way/625093257,,,center,hotel,,,,,,,,,,,Best Western Plus Lagos Ikeja Hotel,,,,,,,,,,,,,,,,,,,hotel,,,,,,,,,,,Best Western,,,,,,,,,,Best Western Plus,Q830334,,,,,,,,,,,,,,,,,,,,,,,,,,,,,,,,,,,,,,6,,,,,,,,,,,,,,,,,,,,,,,,,,,,,,,,,,,,,,,,,,,,,,,,,,,,,,,,,,,,,,,,,,,,,,,,,,,,,,,,,,,,,,,,,,,,,,,,,,,,,,,,,,
Point,3.3551621,6.596602,way/625093266,,,center,hotel,,,,,,,,,,,Zaaz,,,,,,,,,,4,Allen Avenue,,,,,,,,hotel,http://zaazhotels.com/,,,,Ikeja,100281,,,,,,,,,,,,,,,,,,,,,,,,,,,,,,,,,,,,,,,,,,,,,,,,,,,,,,2,,,,,NG,Lagos,,,,,,,,,,,,,,,,,,,,,,,,,,,,,,,,,,,,,,,,,,,,,,,,,,,,,,,,,,,,,,,,,,,,,,,,,,,,,,,,,,,,,,,,,,,,,,,,,,,,
Point,3.4482338,6.4319839,way/625645028,,,center,,,,Golden Tulip Oniru Suites Hotel,,,,,,,,Golden Tulip Suites,,,,,,,,,,,Elegba Festival Drive,,,,,,,,hotel,https://www.goldentulip.com/en-us/?sr=OTHER,,,,Lagos,,,,,,,,,,,+234 8 175545555,,commercial,,,,,,,,,,,,,,,,,,,,,,,,,,,,,,,,,,,,,,,,,,,,,,,,,,,,,,,,,,,,,,,,,,,,,,,,,,,,,,,,,,,,,,,,,,,,,,,,,,,,,,,,,,,,,,,,,,,,,,,,,,,,,,,,,,,,,,,,,,,,,,,,,,,,
Point,3.4285686,6.4259631,way/625645030,,,center,,,,Maison Fahrenheit Hotel Victoria Island,,,,,,,,Maison Fahrenheit,,,,,,,,,,80,Adetokunbo Ademola Street,,,,,,,+234 1 905 4800,hotel,https://www.maisonfahrenheit.com/,,,,Lagos,,,"With an unparalleled and stunning design, this “Hip” Luxury Boutique Hotel in the heart of Victoria Island, Lagos offers an encounter like no other.",,,,,,,,,,commercial,,,,,info@maisonfahrenheit.com,,,,,,,,,,,,,,,,,,,,,,,,,,,,,,,,,,,,,,,,,,,,,,,,,,,,,,,,,,,,,,,,,,,,,,,,,,,,,,,,,,,,,,,,,,,,,,,,,,,,,,,,,,,,,,,,,,,,,,,,,,,,,,,,,,,,,,,,,,,,,,,
Point,3.5791571,6.4540219,way/629564865,,,center,,,,,,,,,,,,CVilla,,,,,,,,,,,,,,,,,,,hotel,,,,,,,,,,,,,,,,,,commercial,,,,,,,,,,,,,,,,,,,,,,,,,,,,,,,,,,,,,,,,,,,,,,,,,,,,,,,,,,,,,,,,,,,,,,,,,,,,,,,,,,,,,,,,,,,,,,,,,,,,,,,,,,,,,,,,,,,,,,,,,,,,,,,,,,,,,,,,,,,,,,,,,,,,
Point,3.3247517,6.5730785,way/629564941,,,center,,,,,,,,,,,,"Legend Hotel Lagos Airport, Curio Collection by Hilton",,,,,,,Q111871544,,,,Quits Aviation Free Trade Zone,,,,,,,+234 201 460 8200,hotel,https://www.hilton.com/en/hotels/loslhqq-legend-hotel-lagos-airport/,5,,,Lagos,,,,,wlan,Hilton,,54,,,,,commercial,,,Curio Collection by Hilton,Q19903229,legendhotel.reservations@hilton.com,,no,,,no,,yes,,,,,,,,,,,,,,,,,,,,,,,,,,,,,,,,,,,,,yes,yes,yes,yes,yes,,,,,,,,,,,,,,,,,,,,,,,,,,,,,,,,,,,,,,,,,,,,,,,,,,,,,,,,,,,,,,,,,,,,,,,,,,,,,,,,,,,,,,,,,,,,,,,
Point,-8.6755292,37.0923578,way/630934711,,,center,yes,,,,,,,,,,,Good Vibes Holidays,,,,,,,,,,29,Estrada do Porto de Mós,,,,,,,,guest_house,,,,,,,,,,,,,,,,,,,,,,,,,,,,,,,,,,,,,,,,,,,,,,,,,,,,,,,,,,,,,,,,,,,,,,,,,,,,,,,,,,,,,,,,,,,,,,,,,,,,,,,,,,,,,,,,,,,,,,,,,,,,,,,,,,,,,,,,,,,,,,,,,,,,,,,,,,,,,,,,,,,,,,
Point,3.3572033,6.4894158,node/639043270,,Police Station,,,,,,police,,,,,,,Bode Thomas Police Station,,,,,,,,,,,,,,,,,,,,,,,,,,,,,,Nigerian Police Force,,,,,,,,,,,,,,,,,,,,,,,,,,,,,,,,,,,,,,,,,,,,,,,,,,,,,,,,,,,,,doityourself,,,,,,,,,,,,,,,,,,,,,,,,,,,,,,,,,,,,,,,,,,,,,,,,,,,,,,,,,,,,,,,,,,,,,,,,,,,,,,,,,,,,,,,,,,,,,,
Point,3.4484942,6.4504211,way/653040824,,,center,yes,,,,,,,,,,,Clear essence california spa & wellness resort,,,,,,,,,,13,Alexander Avenue,,,,,,,+2348085867565,hotel,https://www.clearessencecaliforniaspa.com,,,,Ikoyi Lagos,,,,,wlan,,,,,,,,,,,,,reservations@clearessencecaliforniaspa.com,,,,,,,,,,,,,,,,,,,,,,,,,,,,,,,,,,,,,,,,,,,,,,,,,,,,,,,,,,,,,,,,,,,,,,,,,,,,,,,,,,,,,,,,,,,,,,,,,,,,,,,,,,,,,,,,,,,,,,,,,,,,,,,,,,,,,,,,,,,,,,,
Point,3.3989302,6.5218256,way/653186159,,,center,yes,,,UNILAG Guest Houses and Conference Center,,,,,,,,Guest House,,,,,,,,,,,Otunba Payne Street,,,,,,,+234 9099930754,hotel,,,,,Lagos,,,,,,,,,,,,,,,,,,,,,,,,,,,,,,,,,,,,,,,,,,,,,,,,,,,,,,,,,,,,,,,,,,,,,,,,,,,,,,,,,,,,,,,,,,,,,,,,,,,,,,,,,,,,,,,,,,,,,,,,,,,,,,,,,,,,,,,,,,,,,,,,,,,,,,,,,,,,,,,,,
Point,2.883958,6.4143918,way/657977417,,castle,center,yes,,,,,,,,,,,Wawu Palace,,,,,,,,,,,Ahovikoh Quarters,,,,,,,,,,,,,Badagry,,,,,,,,,,,,,,,,,,,,,,,,,,,,,,,,,,,,,,,,,,,,,,,,,,,,,,,,,,,,NG,,,,,,,,palace,,,,,,,,,,,,,,,,,,,,,,,,,,,,,,,,,,,,,,,,,,,,,,,,,,,,,,,,,,,,,,,,,,,,,,,,,,,,,,,,,,,,,,,,,,,,,
Point,-8.7907609,37.1432936,node/668090637,,,,,,,,,,,,,,,Parque de Merendas,,,,,,,,,,,,,,,,,,,picnic_site,,,,,,,,,,,,,,,,,,,,,,,,,,,,,,,,,,,,,,,,,,,,,,,,,,,,,,,,,,,,,,,,,,,,,,,,,,yes,,,,,,,,,,,,,,,,,,,,,,,,,,,,,,,,,,,,,,,,,,,,,,,,,,,,,,,,,,,,,,,,,,,,,,,,,,,,,,,,,,,,,,,,,,,,
Point,-8.7909515,37.1486737,node/668090808,,,,,,,,,,,,,,,,,,,,,,,,,,,,,,,,,,viewpoint,,,,,,,,,,,,,,,,,,,,,,,,,,,,,,,,,,,,,,,,,,,,,,,,,,,,,,,,,,,,,,,,,,,,,,,,,,,,,,,,,,,,,,,,,,,,,,,,,,,,,,,,,,,,,,,,,,,,,,,,,,,,,,,,,,,,,,,,,,,,,,,,,,,,,,,,,,,,,,,,,,,,,,
Point,-8.7800694,37.140117,node/668093208,,,,,,,,,,,,,,,Perimitro Florestal do Barão de São João,,,,,,,,,,,,,,,,,,,information,,,,,,,,,,,,,,,,,,,,,,,,,,,,,,,,,,,,,,,,,,,,,,,,,,,,,,,,,,,,,,,,,,,,,,,,,,,map,site,,,,,,,,,,,,,,,,,,,,,,,,,,,,,,,,,,,,,,,,,,,,,,,,,,,,,,,,,,,,,,,,,,,,,,,,,,,,,,,,,,,,,,,,,,
Point,-8.7783746,37.1405028,node/668093403,,,,,,,,,,,,,,,,,,,,,,,,,,,,,,,,,,information,,,,,,,,,,,,,,,,,,,,,,,,,,,,,,,,,,,,,,,,,,,,,,,,,,,,,,,,,,,,,,,,,,,,,,,,,,,map,,,,,,,,,,,,,,,,,,,,,,,,,,,,,,,,,,,,,,,,,,,,,,,,,,,,,,,,,,,,,,,,,,,,,,,,,,,,,,,,,,,,,,,,,,,
Point,3.403518,6.4444185,way/671991295,,,center,,,,,,,,,,,,National Museum,,,,,,,Q1311732,,en:Nigerian National Museum,,,,,,,,,,museum,,,,,Lagos,,,,,,,,,,,,,,,,,,,,,,,,,,,,,,,,,,,,,,,,,,,,,,,,,,,,,,,,,,,,,,,,,,,,,,,,,,,,,,,,,,,,,,,,,,,,,,,,,,,,,,,,,,,,,,,,,,,,,,,,,,,,,,,,,,,,,,,,,,,,,,,,,,,,,,,,,,,,,,,,,
Point,-8.6740619,37.0930989,way/676329682,,,center,yes,,,,,,,,,,,Lagos Guests B&B,,,,,,,,,,42,Estrada do Porto de Mós,,,,,,,,guest_house,,,,,São Gonçalo de Lagos,8600-593,,,,wlan,,,,,,,,,,,,,,,,,,,,,,,,,,,,,,,,,,,,,,,,,,,,,,,,,,,,,,,,,,,,,,,,,,,Lote,,,,,,,,,,,,,,,,,,,,,,,,,,,,,,,,,,,,,,,,,,,,,,,,,,,,,,,,,,,,,,,,,,,,,,,,,,,,,,,,,,,,,,,,,
Point,-8.7279613,37.0869446,node/697130760,,,,,,,,,,,,,,,Luz Beach Apartments,,,,,,,,,,,Rua do Poco,2026-04-01,,,,,,,apartment,https://www.luzbeachapartments.com/,,,,Praia da Luz,8600,,,,wlan,,,,,,,,,,,,,,,,,,,,,,,,,,,,,,,,,,,,2026-04-01,,,,,,,,,,,,,,,,,,,,,,,,,,,,,,,,,,,,,,,,,,,,,,,,,,,,,,,,,,,,,,,,,,,,,,,,,,,,,,,,,,,,,,,,,,,,,,,,,,,,,,,,,,,,,,,,,,,,,,,,
Point,3.3660759,6.443809,way/738904732,,,center,,,,,,,,,,,,Apapa Amusement Park,,,,,,,Q24886996,,en:Apapa Amusement Park,11,Randle Avenue,,,,,,Mo-Su 09:00-20:00,+2348099901118,theme_park,http://www.apapapark.com,,,,Lagos,,,,,,cccltd,,,,,,,,,,,,apapa.park@gmail.com,,,,,,,,,,,,,,,,,,,,,,,,,,,,,,,,,,,,,,,,,,,,,,,,,,,,,,,,,,,,,,,,,,,,,,,,,,,,,,,,,,,,,,,,,,,,,,,,,,,,,,,,,,,,,,,,,,,,,,,,,,,,,,,,,,,,,,,,,,,,,,,
Point,3.3998473,6.4507061,way/740626967,,,center,yes,,,,,,,,,,,LOBIM-D hotel,,,,,,,,,,,,,,,,,,,hotel,,,,,,,,,,,,,,,,,,,,,,,,,,,,,,,,,,,,,,,,,,,,,,,,,,,,,,,,,,,,,,,,,,,,,,,,,,,,,,,,,,,,,,,,,,,,,,,,,,,,,,,,,,,,,,,,,,,,,,,,,,,,,,,,,,,,,,,,,,,,,,,,,,,,,,,,,,,,,,,,,,,,,,
Point,3.5016671,6.6156945,way/742039109,,castle,center,yes,,,,,,,,,,,Ikorodu Oba's Palace,,,,,,,,,,,,,,,,,,,,,,,,,,,,,,,,,,,,,,,,,,,,,,,,,,,,,,,,,,,,,,,,,,,,,,,,,,,,,,,,,,,,,,,,,,,,palace,,,,,,,,,,,,,,,,,,,,,,,,,,,,,,,,,,,,,,,,,,,,,,,,,,,,,,,,,,,,,,,,,,,,,,,,,,,,,,,,,,,,,,,,,,,,,
Point,3.5360407,6.6333803,way/745484000,,,center,,,,,,,,,,,,Ikorodu fun Park,,,,,,,,,,,,,,,,,,,theme_park,,,,,,,,,,,,,,,,,,,,,,,,,,,,,,,,,,,,,,,,,,,,,,,,,,,,,,,,,,,,,,,,,,,,,,,,,,,,,,,,,,,,,,,,,,,,,,,,,,,,,,,,,,,,,,,,,,,,,,,,,,,,,,,,,,,,,,,,,,,,,,,,,,,,,,,,,,,,,,,,,,,,,,
Point,3.8550216,6.4881977,way/746433964,,,center,yes,,,,,,,,,,,Yemisi Shyllon Museum of Art,,,,,,,,,,,,,,,,,,,museum,,,,,,,,,,,,,,,,,,,,,,,,,,,,,,,,,,,,,,,,,,,,,,,,,,,,,,,,,,,,,,,,,,,,,,,,,,,,,,,,,,,,,,,,,,,,,,,,,,,,,,,,,,,,,,,,,,,,,,,,,,,,,,,,,,,,,,,,,,,,,,,,,,,,,,,,,,,,,,,,,,,,,,
Point,3.8574228,6.4867744,way/746433967,,,center,yes,,,,,,,,,,,Trinity Hostel,,,,,,,,,,,,,,,,,,,hostel,,,,,,,,,,,,,,,,,,,,,,,,,,,,,,,,,,,,,,,,,,,,,,,,,,,,,,,,,,,,,,,,,,,,,,,,,,,,,,,,,,,,,,,,,,,,,,,,,,,,,,,,,,,,,,,,,,,,,,,,,,,,,,,,,,,,,,,,,,,,,,,,,,,,,,,,,,,,,,,,,,,,,,
Point,-8.6965479,37.0956416,node/752069534,,,,,,,,,,,,,,,Atalaia Sol,,,,,,,,,,lote n 1,Estrada da Atalaia,,,,,,09:30-18:00,,hotel,,,,,Lagos,8600-281,,,,wlan,,,,,,+351282782260,http://www.atalaiasol.com/,,,,,,,,,,,,,,,,,,,,,,,,,,,,,,,,,,,,,,,,,,,,,,,,,,,,,,,,,,,,,atalaiasol.lagos@gmail.com,+351282788780,+351911501411,,,,,,,,,,,,,,,,,,,,,,,,,,,,,,,,,,,,,,,,,,,,,,,,,,,,,,,,,,,,,,,,,,,,,,,,,,,,,,,,,,,,,,
Point,-8.671448,37.0917436,way/752272001,,,center,yes,,,,,,,,,,,Villa Doris Suites,,,,,,,,,,,,,,,,,,,guest_house,,4,,,,,,,,,,,,,,,,,,,,,,,,,,,,,,,,,,,,,,,,,,,,,,,,,,,,,,,,,,8,,,,,,,,,,,,,,,,,,,,,,,,,,,,,,,,,,,,,,,,,,,,,,,,,,,,,,,,,,,,,,,,,,,,,,,,,,,,,,,,,,,,,,,,,,,,,,,,,,,,,,,,,,
Point,3.3721697,6.5194587,way/760459327,,,center,yes,,,,,,,,,,,Quaters,,,,,,,,,,,,,,,,,,,hostel,,,,,,,,,,,,,,,,,,,,,,,,,,,,,,,,,,,,,,,,,,,,,,,,,,,,,,,,,,,,,,,,,,,,,,,,,,,,,,,,,,,,,,,,,,,,,,,,,,,,,,,,,,,,,,,,,,,,,,,,,,,,,,,,,,,,,,,,,,,,,,,,,,,,,,,,,,,,,,,,,,,,,,
Point,3.3748214,6.5196144,way/760459336,,,center,yes,,,,,,,,,,,Girls hostel,,,,,,,,,,,,,,,,,,,hostel,,,,,,,,,,,,,,,,,,,,,,,,,,,,,,,,,,,,,,,,,,,,,,,,,,,,,,,,,,,,,,,,,,,,,,,,,,,,,,,,,,,,,,,,,,,,,,,,,,,,,,,,,,,,,,,,,,,,,,,,,,,,,,,,,,,,,,,,,,,,,,,,,,,,,,,,,,,,,,,,,,,,,,
Point,-8.7288363,37.0860761,way/763183436,,archaeological_site,center,yes,,,,,,,,,,,,,,,,,,,,,,,,,,,,,,,,,,,,,,,,,,,,,,,,,,,,,,,,,,,,,,,,,,,,,,,,,,,,,,,,,,,,,,,,,,,,,,,,,,,,,,,,,,,,,,,fish_salting_factory,ancient_roman,late_antiquity,yes,,,,,,,,,,,,,,,,,,,,,,,,,,,,,,,,,,,,,,,,,,,,,,,,,,,,,,,,,,,,,,,,,,,,,,,,,,,,,,,,,,
Point,-8.7288174,37.0860636,way/763183437,,archaeological_site,center,,,,Estação arqueológica da Praia da Luz,,,2,,IIP,https://servicos.dgpc.gov.pt/pesquisapatrimonioimovel/detalhes.php?code=69668,http://www.monumentos.gov.pt/Site/APP_PagesUser/SIPA.aspx?id=1281,Estação Arqueológica Romana da Praia da Luz,Imóvel de Interesse Público,,1281,,,,Q1013287,,pt:Luz (Lagos),,,,,,,,,,,,,,,,,,,,,,,,,,,,,,,,,,,,,,,,,,,,,,,,,,,,,,,,,,,,,,,,,,,,,,,,,,,,,,,,,,,,,,,,,,,roman_villa,ancient_roman,late_antiquity,,1992,http://arqueologia.patrimoniocultural.pt/index.php?sid=sitios&subsid=49998,4499,,,,,,,,,,,,,,,,,,,,,,,,,,,,,,,,,,,,,,,,,,,,,,,,,,,,,,,,,,,,,,,,,,,,,,,,,,,,,,,
Point,-8.6693145,37.0992005,way/766531698,,tower,center,yes,tower,defensive,,,,,,,,,,,,,,,,,,,,,,,,,,,,,,,,,,,,,,,,,,,,,,,,,,,,,,,,,,,,,,,,,,,,,,,,,,,,,,,,,,,,,,,,,,,,,,,,,,,,,,,,,,,,,,,,,,,,,,,,,,,,,,,,,,,,,,,,,,,,,,,,,,,,,,,,,,,,,,,,,,,,,,,,,,,,,,,,,,,,,,,,,,,,,,,,,,
Point,-8.6763185,37.1057626,node/769313739,,,,,,,Tivoli Lagos Algarve Resort,,,,,,,,nh Lagos Algarve,,,,,,,,,,,Rua António Crisógono dos Santos,2026-04-13,,,,,,,hotel,,,,,,,,,,,Tivoli,,,,,,,,,,,,,,,,,,,,,,,,,,,,,,,,,,,,,,,,,,,,,,,,,,,,,,,,,,,,,,,,,,,,,,,,,,,,,,,,,,,,,,,,,,,,,,,,,,,,,,,,,,,,,,,,,,,,,,,,,,,,,,,,,,,,,,,,,,,,,,,,,,,,,,,,,,,
Point,3.5910092,6.6071729,way/776523033,,,center,,,,,,,,,,,,Abvic Executive Hotel,,,,,,,,,,,,,,,,,,,hotel,,,,,,,,,,,,,,,,,,,,,,,,,,,,,,,,,,,,,,,,,,,,,,,,,,,,,,,,,,,,,,,,,,,,,,,,,,,,,,,,,,,,,,,,,,,,,,,,,,,,,,,,,,,,,,,,,,,,,,,,,,,,,,,,,,,,,,,,,,,,,,,,,,,,,,,,,,,,,,,,,,,,,,
Point,-8.6729685,37.1027232,node/779440729,,,,,,,,,,,,,,,El Rei D. Sebastião,,,,,,,Q136372909,Category:Statue of Sebastian of Portugal in Lagos,,,,,,,,,,,artwork,,,,,,,,,,,,,,,,,,,,,,,,https://commons.wikimedia.org/wiki/File:Monumento_ao_Rei_Dom_Sebasti%C3%A3o_-_Lagos_-_Portugal_(6292604129).jpg,,,,,,,,,,,,,,,,,,,,,,,,,,,,,,,,,,,1973,,,,,,,,,,,,,,,,,,,,,,,,,,,,,João Cutileiro,sculpture,,,,,,,,,,,,,,,,,,,,,,,,,,,,,,,,,,,,,,,,,,,,,,,,,,,,,,,,,,,,,,,,,,,,,,,,,,,,,
Point,-8.674337,37.1046297,node/779444448,,,,,,,,,,,,,,,Vista â Marina,,,,,,,,,,,,,,,,,,,viewpoint,,,,,,,,,,,,,,,,,,,,,,,,,,,,,,,,,,,,,,,,,,,,,,,,,,,,,,,,,,,,,,,,,,,,,,,,,,,,,,,,,,,,,,,,,,21,,,,,,,,,,,,,,,,,,,,,,,,,,,,,,,,,,,,,,,,,,,,,,,,,,,,,,,,,,,,,,,,,,,,,,,,,,,,
Point,2.8822163,6.4137982,way/783301343,,monument,center,,,,,,,,,,,,Agiya Tree Monument,,,,,,,Q22116560,,en:Agiya Tree Monument,,,,,,,,,,,,,,,,,,,,,,,,,,,,,,,,,,,,,,,,,,,,,,,,,,,,,,,,,,,,,,,,,,,,,,,,,,,,,,,,,,,,,,,,,,,,,,,,,,,,,,,,,,,,,,,,,,,,,,,,,,,,,,,,,,,,,,,,,,,,,,,,,,,,,,,,,,,,,,,,,,,,,,,,,,,,,,,,
Point,3.6547294,6.4638976,way/785409189,,,center,,,,,,,,,,,,Lufasi Nature Park,,,,,,,,,,,,,,,,yes,,,zoo,https://lufasi.org,,,,,,,,,,,,,,,,,recreation_ground,,,,,,,,,,,,,,,,,,,,,,,,,,,,,,,,,,,,,,,,,,,,,,,,,,,,,,,,,,,,,,,,,,,,,,,,,,,,,,,,,,,,,,,,,,,,,,,,,,,,,,,,,,,,,,,,,,,,,,,,,,,,,,,,,,,,,,,,,,,,,,,,,,,,
Point,-8.6686133,37.0795769,node/790970296,,,,,,,,,,,,,,,Ponta da Piedade,,,,,,,,,,,,,,,,,,,viewpoint,,,,,,,,,,,,,,,,,,,,,,,,,,,,,,limited,,,,,,,,,,,,,,,,,,,,,,,,,,,佩達德角,,,,,,,,,,,,,,,,,,,,,,,,,,,,,,,,,,Ponta da Piedade,,,,,,,,,,,,,,,,,,,,,,,,,,,,,,,,,,,,,,,,,,,,,,,,,,,,,,,,,,,,,,,,,,,,,,,,,,,
Point,3.4693732,6.4473166,way/793732387,,,center,,,,Parktonian Hotel Lekki,,,,,,,,Parktonian Hotel,,,,,,,,,,2,Kayode Animashaun Street,,,,,,,,hotel,https://parktonianhotels.com/lekki/,,,,Lagos,,,,,,,,,,,,,commercial,,,,,,,,,,,,,,,,,,,,,,,,,,,,,,,,,,,,,,,,,,,,,,,,,,,,,,,,,,,,,,,,,,,,,,,,,,,,,,,,,,,,,,,,,,,,,,,,,,,,,,,,,,,,,,,,,,,,,,,,,,,,,,,,,,,,,,,,,,,,,,,,,,,,
Point,3.2479873,6.4990302,way/795977403,,castle,center,yes,,,,,,,,,,,Baale House,,,,,,,,,,,,,,,,,,,,,,,,,,,,,,,,,,,,,,,,,,,,,,,,,,,,,,,,,,,,,,,,,,,,,,,,,,,,,,,,,,,,,,,,,,,,palace,,,,,,,,,,,,,,,,,,,,,,,,,,,,,,,,,,,,,,,,,,,,,,,,,,,,,,,,,,,,,,,,,,,,,,,,,,,,,,,,,,,,,,,,,,,,,
Point,3.4926037,6.4351197,way/796421501,,,center,,,,,,,,,,,,Parktonian Hotel Ikate,,,,,,,,,,,Lekki-Epe Expressway,,,,,,,,hotel,,,,,Lagos,,,,,,,,,,,,,commercial,,,,,,,,,,,,,,,,,,,,,,,,,,,,,,,,,,,,,,,,,,,,,,,,,,,,,,,,,,,,,,,,,,,,,,,,,,,,,,,,,,,,,,,,,,,,,,,,,,,,,,,,,,,,,,,,,,,,,,,,,,,,,,,,,,,,,,,,,,,,,,,,,,,,
Point,3.4928498,6.4351567,way/796421517,,,center,,,,,,,,,,,,Sabitex Hotel Lekki,,,,,,,,,,,Lekki-Epe Expressway,,,,,,,,hotel,,,,,Lagos,,,,,,,,,,,,,commercial,,,,,,,,,,,,,,,,,,,,,,,,,,,,,,,,,,,,,,,,,,,,,,,,,,,,,,,,,,,,,,,,,,,,,,,,,,,,,,,,,,,,,,,,,,,,,,,,,,,,,,,,,,,,,,,,,,,,,,,,,,,,,,,,,,,,,,,,,,,,,,,,,,,,
Point,-8.6464532,37.1226755,way/803099287,,,center,residential,,,,,,,,,,,Vivenda Sol Nascente,,,,,,,,,,6,Rua Andorinha-do-Mar,,,,,,,,chalet,https://www.airbnb.ie/rooms/396891,,,,São Gonçalo de Lagos,8600-315,yes,"Olá families! This magnificent and quiet Villa, private pool & garden, barbecue and parking is for you. Big beach: 7-minute walk. In a very quiet place, in the Algarve landscape, next to a big Golf Course, with magnificent beach views. For 10 persons.",,wlan,Come Back to Lagos,yes,,,,,,,,,,,comebacktolagos@gmail.com,,no,,,outside,local knowledge,,,,,,,,,,,,,,,,,,,,,,,,,,,,,,,2,,,,,,,,,,,,,,,,,,,,,,,,,,,,,,,,,,,,,,,,,,,,,,,,,,,,,,,,,,,,,,,,,,,,,,,,,,,,,,,,,,,,,,,,,,,,,,,,,,,,,,,,,,
Point,-8.6732679,37.1034697,node/851554094,,,,,,,,,,,,,,,Lagosmar,,,,,,,,,,13,Rua Doutor Faria e Silva,2026-05-03,,,,,,+351 282 763 523,hotel,https://lagosmar.com/,2,,,Lagos,,yes,,,wlan,,,,,,,,,,,,,,,no,,,,,,,,,,,,,,,,,,,,,,,,,,,,,,,,,,,,,,,,,,,,,,,,,,,,,,,,,,,,,,,,,,,,,,,,,,,,,,,,,,,,,,,,,,,,,,,,,,,,,,,,,,,,,,,,,,,,,,,,,,,,,,,,,,,,,,,,,,,,,
Point,-8.6694017,37.0992144,node/851554517,sally_port,city_gate,,,,,,,,,,,,,Arco/Porta de São Gonçalo,,,,,,,,Category:Porta e Arco de São Gonçalo,,,,,,,,,,,,,,,São Gonçalo Door,,,,,,,,,,,,,,,,,,,,,,,,,,,,,,,,,,,,,,,,,,,,,,,,,,,,,,,,,,,,,,,,,,,,,,,,,,,,,,,,,,,,,,,Arco/Porta de São Gonçalo,https://www.allaboutportugal.pt/pt/lagos/monumentos/arco-porta-de-sao-goncalo,,,,,,,,,,,,,,,,,,,,,,,,,,,,,,,,,,,,,,,,,,,,,,,,,,,,,,,,,,,,,,,,,,,,,,,,,,
Point,-8.6758257,37.1006419,way/876579062,city_wall,citywalls,center,,,,,,,,,,,,,,,,,,,,,,,,,,,,,,,,,,,,,,,,,,,,,,,,,,,,,,,,,,,,,,,,,,,,,,,,,,,,,,,,,,,,,,,,,,,,,,,,,,,,,,,,,,,,,,,,,,,,,,,,,,,,,,,,,,,,,,,,,,,,,,,,,,,,,,,,,,,,,,,,,,,,,,,,,,,,,,,,,,,,,,,,,,,,,,,,,,,,,
Point,3.330284,6.62895,node/889227741,,,,,,,,,,,,,,,Lasu Museum,,,,,,,,,,,,,,,,,,,museum,,,,,,,,,,,,,,,,,,,,,,,,,,,,,,,,,,,,,,,,,,,,,,,,,,,,,,,,,,,,,,,,,,,,,,,,,,,,,,,,,,,,,,,,,,,,,,,,,,,,,,,,,,,,,,,,,,,,,,,,,,,,,,,,,,,,,,,,,,,,,,,,,,,,,,,,,,,,,,,,,,,,,,
Point,2.8812027,6.4172577,node/889344012,,,,,,,,,,,,,,,Former Slave Market,,,,,,,,,,,,,,,,,,,museum,,,,,,,,,,,,,,,,,,,,,,,,,,,,,,,,,,,,,,,,,,,,,,,,,,,,,,,,,,,,,,,,,,,,,,,,,,,,,,,,,,,,,,,,,,,,,,,,,,,,,,,,,,,,,,,,,,,,,,,,,,,,,,,,,,,,,,,,,,,,,,,,,,,,,,,,,,,,,,,,,,,,,,
Point,-8.6649049,37.1578424,node/909216639,,,,,,,,,,,,,,,Quinta das Barradas,,,,,,,,,,,,,,,,,,,hotel,,,,,,,,,,,,,,,,,,,,,,,,,,,,,,,,,,,,,,,,,,,,,,,,,,,,,,,,,,,,,,,,,,,,,,,,,,,,,,,,,,,,,,,,,,,,,,,,,,,,,,,,,,,,,,,,,,,,,,,,,,,,,,,,,,,,,,,,,,,,,,,,,,,,,,,,,,,,,,,,,,,,,,
Point,3.4421617,6.4639035,way/922935426,,,center,yes,,,,,,,,,,,Parkview Astoria,,,,,,,,,,18/19,Prince Tayo Adesanya Street,,,,,,,+2348164969009,hotel,https://parkviewastoriahotels.com/,4,,,Lagos,101233,yes,,,wlan,,,,,,,,,,yes,,,info@parkviewastoriahotels.com,,customers,,,,,,,,,,,,,,,,,,,,,,,,,,,,,,,,,,,,,,,,,,,,,,,,,,,,,,,,,,,,,,,,,,,,,,,,,,,,,,,,,,,,,,,,,,,,,,,,,,,,,,,,,,,,,,,,,,,,,,,,,,,,,,,,,,,,,,,,,,,,,
Point,3.4268344,6.4251885,way/922935438,,,center,yes,,,,,,,,,,,,,,,,,,,,,,,,,,,,,,gallery,,,,,,,,,,,,,,,,,,,,,,,,,,,,,,,,,,,,,,,,,,,,,,,,,,,,,,,,,,,,,,,,,,,,,,,,,,,,,,,,,,,,,,,,,,,,,,,,,,,,,,,,,,,,,,,,,,,,,,,,,,,,,,,,,,,,,,,,,,,,,,,,,,,,,,,,,,,,,,,,,,,,,,
Point,3.3847106,6.5413325,way/928316788,,,center,yes,,,,,,,,,,,Obalenaro hotel,,,,,,,,,,,,,,,,,,,hotel,,,,,,,,,,,,,,,,,,,,,,,,,,,,,,,,,,,,,,,,,,,1,,,,,,,,,,,,,,,,,,,,,,,,,,,,,,,,,,,,,,,,,,,,,,,,,,,,,,,,,,,,,,,,,,,,,,,,,,,,,,,,,,,,,,,,,,,,,,,,,,,,,,,,,,,,,,,,,,,,,,,,,,,
Point,3.3628067,6.5563329,way/928464400,,,center,yes,,,,,,,,,,,Lisa Court,,,,,,,,,,,,,,,,,,,motel,,,,,,,,,,,,,,,,,,,,,,,,,,,,,,,,,,,,,,,,,,,,,,,,,,,,,,,,,,,,,,,,,,,,,,,,,,,,,,,,,,,,,,,,,,,,,,,,,,,,,,,,,,,,,,,,,,,,,,,,,,,,,,,,,,,,,,,,,,,,,,,,,,,,,,,,,,,,,,,,,,,,,,
Point,3.4635892,6.4408714,way/930433197,,,center,yes,,,,,,,,,,,H21 Apartments and Lounge,,,,,,,,,,21,Chris Madueke Drive,,,,,,,+2348176741896,apartment,https://www.h21apartments.com,,,,,,,,,yes,,,,,,,,,,,,,info@h21apartments.com,,customers,,,,,,,,,,,,,,,,,,,,,,,,,,,,,,,,,,,,,,,,,,,,,,,,,,,,,,,,,,,,,,,,,,,,H21 Apartment,,,,,,,,,,,,,,,,,,,,,,,,,,,,,,,,,,,,,,,,,,,,,,,,,,,,,,,,,,,,,,,,,,,,,,,,,
Point,3.4094897,6.5796542,way/945136424,,,center,yes,,,,,,,,,,,Waterfront guest house,,,,,,,,,,,,,,,,,,,guest_house,,,,,,,,,guest_house,,,,,,,,,,,,,,,,,,,,Nigerian Red Cross Society,,,,,,,,,,,,,,,,,,,,,,,,,,,,,,,,,,,,,,,,,,,,,,,,,,,,,,,,,,,,,,,,,,,,,,,,,,,,,,,,,,,,,,,,,,,,,,,,,,,,,,,,,,,,,,,,,,,,,,,,,,,,,,,,,,,,,,,,,
Point,-8.6772735,37.0856902,way/987876822,,,center,hotel,,,,,,,,,,,Cascade Wellness Resort,,,,,,,,,,,,,,,,,,,hotel,,,,,,,,,,,,,,,,,,,,,,,,,,,,,,,,,,,,,,,,,,,,,,,,,,,,,,,,,,,,,,,,,,,,,,,,,,,,,,,,,,,,,,,,,,,,,,,,,,,,,,,,,,,,,,,,,,,,,,,,,,,,,,,,,,,,,,,,,,,,,,,,,,,,,,,,,,,,,,,,,,,,,,
Point,-8.6799716,37.0866958,way/987876825,,,center,yes,,,,,,,,,,,Canavial I,,,,,,,,,,A24,Rua do Canavial,,,,,,,,apartment,,,,,,,,,,wlan,,,,,,,,,,,,,,,,,,,,,,,,,,,,,,,,,,,,,,,,,,,,,,,,,,2,,,,,,,,,,,,,,,,,,,,,,,,,,,,,,,,,,,,,,,,,,,,,,,,,,,,,,,,,,,,,,,,,,,,,,,,,,,,,,,,,,,,,,,,,,,,,,,,,,,,,,,,,,
Point,-8.680606,37.0869063,way/990070683,,,center,yes,,,,,,,,,,,Canavial II,,,,,,,,,,A11,Rua do Canavial,,,,,,,,apartment,,,,,,,,,,,,,,,,,,,,,,,,,,,,,,,,,,,,,,,,,,,,,,,,,,,,,,,,,,,,2,,,,,,,,,,,,,,,,,,,,,,,,,,,,,,,,,,,,,,,,,,,,,,,,,,,,,,,,,,,,,,,,,,,,,,,,,,,,,,,,,,,,,,,,,,,,,,,,,,,,,,,,,,
Point,3.4245808,6.445675,way/1042362236,,,center,yes,,,,,,,,,,,Villa Angelia,,,,,,,,,,2/7,Okunola Martins Close,,,,,,,+233302790448,hotel,https://villaangeliahotels.com/,4,,,Lagos,101233,yes,,,wlan,,,,,,,,,,yes,,,booking@villaangeliahotels.com,,,,,,,,,,,,,,,,,,,,,,,,,,,,,,,,,,,,,,,,,,,,,,,,,,,,,,,,,,,,,,,,,,,,,,,,,,,,,,,,,,,,,,,,,,,,,,,,,,,,,,,,,,,,,,,,,,,,,,,,,,,,,,,,,,,,,,,,,,,,,,,
Point,-8.6771455,37.096029,node/1077856394,,,,,,,,,,,,,,,,,,,,,,,,,,,,,,,,,,viewpoint,,,,,,,,,,,,,,,,,,,,,,,,,,,,,,,,,,,,,,,,,,,,,,,,,,,,,,,,,,,,,,,,,,,,,,,,,,,,,,,,,,,,,,,,,,,,,,,,,,,,,,,,,,,,,,,,,,,,,,,,,,,,,,,,,,,,,,,,,,,,,,,,,,,,,,,,,,,,,,,,,,,,,,
Point,-8.668457,37.098066,node/1079276214,,memorial,,,,,,,,,,,,,São Gonçalo de Lagos,,,,,,,Q136369369,Category:Statue of Saint Gonçalo in Lagos,,,,,,,,,,,,,,,,,,,,,,,,,,,,,,,,,,,"https://commons.wikimedia.org/wiki/File:Cidade_e_concelho_de_Lagos,_Portugal_MG_9268_(15273982282).jpg",,,,,,,,,,,,,,,,,,,,,,,,,,,,,,,,,,,,,,,,,,,,,,,,,,,,,,,,,,,,,,,,Tolentino Abegoaria,,,,,,Q59483662,bronze,statue,Q10290629,,,,,,,,,,,,,,,,,,,,,,,,,,,,,,,,,,,,,,,,,,,,,,,,,,,,,,,,,,,,,,,,,,,,,
Point,-8.6806234,37.1111405,node/1079434778,,,,,,,,,,,,,,,,,,,,,,,,,,,,,,,,,,information,,,,,,,,,,,,,,,,,,,,,,,,,,,,,,,,,,,,,,,,,,,,,,,,,,,,,,,,,,,,,,,,,,,,,,,,,,,,,,,,,,,,,,,,,,,,,,,,,,,,,,,,,,,,,,,,,,,,,,,,,,,,,,,,,,,,,,,,,,,,,,,,,,,,,,,,,,,,,,,,,,,,,,
Point,3.4906726,6.4414994,way/1124312444,,,center,yes,,,,,,,,,,,Hotel Madiba,,,,,,,,,,,,,,,,,,,hotel,,,,,,,,,,,,,,,,,,,,,,,,,,,,,,,,,,,,,,,,,,,,,,,,,,,,,,,,,,,,,,,,,,,,,,,,,,,,,,,,,,,,,,,,,,,,,,,,,,,,,,,,,,,,,,,,,,,,,,,,,,,,,,,,,,,,,,,,,,,,,,,,,,,,,,,,,,,,,,,,,,,,,,
Point,-8.6196422,37.1303822,way/1191372255,,,center,,,,,,,,,,,,Algarve Kite Center,,,,,,,,,,,,,,,,,,,attraction,,,,,Odiáxere,,,,,,https://algarvekitecenter.com/,,,,,,,,,,,,,,,,,,,,,,,,,,,,,,,,,,,,,,,,,,,,,,,,,,,,,,,,,,,,,,,,,,,,,,,,,,,,,,,,,,,,,,,yes,,,,,,,,,,,,,,,,,,,,,,,,,,,,,,,,,,,,,,,,,,,,,,,,,,,,,,,,,,,,,,,,,,,,
Point,-8.6703217,37.10003,way/1219296384,,building,center,yes,,,,,,yes,,,,,Casa da Dízima,,,,,,,Q66813858,Category:Antigo edifício da Portagem,pt:Quartel dos Remadores da Alfândega,,,,,,,,,,,,,,Tithe House,,,,,,,,,,,,,,,,,,,,,,,,,,,,,,,,,,,,,,,,,,,,,,,,,,,,,,,,,,,,,,,,,,,,,,,,,,,,,,,,,,,,,,,Casa da Dízima,,,,,,,,,,,,,,,,,,,,,,,,,,,,,,,,,,,,,,,,,,,,,,,,,,,,,,,,,,,,,,,,,,,,,,,,,,,
Point,-8.6752531,37.1145125,way/1225394821,,building,center,yes,,,,,,,,,,,,,,,,,,,,,,,,,,,,,,,,,,,,,,,,,,,,,,,,,,,,,,,,,,,,,,,,,,,,,,,,,,,,,,,,,,,,,,,,,,,,,,,,,,,,,,,,,,,,,,,,,,yes,,,,,,,,,,,,,,,,,,,,,,,,,,,,,,,,,,,,,,,,,,,,,,,,,,,,,,,,,,,,,,,,,,,,,,,,,,,,,,,,,,
Point,-8.6740095,37.1149322,way/1225394822,,building,center,yes,,,,,,,,,,,,,,,,,,,,,,,,,,,,,,,,,,,,,,,,,,,,,,,,,,,,,,,,,,,,,,,,,,,,,,,,,,,,,,,,,,,,,,,,,,,,,,,,,,,,,,,,,,,,,,,,,,yes,,,,,,,,,,,,,,,,,,,,,,,,,,,,,,,,,,,,,,,,,,,,,,,,,,,,,,,,,,,,,,,,,,,,,,,,,,,,,,,,,,
Point,-7.2975129,42.8075529,way/1253343337,,archaeological_site,center,,,,,,,,,,,,Castro de Santalla,,,,,,,,,,,,,,,,,,,,,,,,,,,,,,,,,,,,,,,,,,,,,,,,,,,,,,,,,,,,,,,,,,,,,,,,,,,,,,,,,,,,,,,,,,,,,,,,,,,,fortification,castro_culture,,,,,,,,,,,,,,,,,hill_fort,,,,,,,,,,,,,,,,,,,,,,,,,,,,,,,,,,,,,,,,,,,,,,,,,,,,,,,,,,,,,,,,,,,
Point,-8.6695707,37.1309879,way/1265782412,,yes,center,school,,,,,,,,,,,,,,,,,,,,,,,,,,,,,,,,,,,,,,,,,,,,,,,,,,,,,,,,,,,,,,,,,,,,,,,,,,,,,,,,,,,,,,,,,,,,,,,,,,,,,,,,,,,,,,,,,,,,,,,,,,,,,,,,,,,,,,,,,,,,,,,,,,,,,,,,,,,,,,,,,,,,,,,,,,,,,,,,,,,,,,,,,,,,,,,,,,,,
Point,-8.6766315,37.1017661,way/1265782414,,yes,center,school,,,,,,,,,,,,,,,,,,,,,,,,,,,,,,,,,,,,,,,,,,,,,,,,,,,,,,,,,,,,,,,,,,,,,,,,,,,,,,,,,,,,,,,,,,,,,,,,,,,,,,,,,,,,,,,,,,,,,,,,,,,,,,,,,,,,,,,,,,,,,,,,,,,,,,,,,,,,,,,,,,,,,,,,,,,,,,,,,,,,,,,,,,,,,,,,,,,,
Point,-8.67664,37.1013554,way/1265782415,,yes,center,school,,,,,,,,,,,,,,,,,,,,,,,,,,,,,,,,,,,,,,,,,,,,,,,,,,,,,,,,,,,,,,,,,,,,,,,,,,,,,,,,,,,,,,,,,,,,,,,,,,,,,,,,,,,,,,,,,,,,,,,,,,,,,,,,,,,,,,,,,,,,,,,,,,,,,,,,,,,,,,,,,,,,,,,,,,,,,,,,,,,,,,,,,,,,,,,,,,,,
Point,3.8582614,6.4867203,way/1294872619,,,center,yes,,,,,,,,,,,Trezadel Hostel,,,,,,,,,,,,,,,,,,,hostel,,,,,,,,,,,,,,,,,,,,,,,,,,,,,,,,,,,,,,,,,,,,,,,,,,,,,,,,,,,,,,,,,,,,,,,,,,,,,,,,,,,,,,,,,,,,,,,,,,,,,,,,,,,,,,,,,,,,,,,,,,,,,,,,,,,,,,,,,,,,,,,,,,,,,,,,,,,,,,,,,,,,,,
Point,3.8584801,6.4853935,way/1294872628,,,center,yes,,,,,,,,,,,Cooperative Kings,,,,,,,,,,,,,,,,,,,hostel,,,,,,,,,,,,,,,,,,,,,,,,,,,,,,,,,,,,,,,,,,,,,,,,,,,,,,,,,,,,,,,,,,,,,,,,,,,,,,,,,,,,,,,,,,,,,,,,,,,,,,,,,,,,,,,,,,,,,,,,,,,,,,,,,,,,,,,,,,,,,,,,,,,,,,,,,,,,,,,,,,,,,,
Point,3.8568879,6.4854991,way/1294872632,,,center,yes,,,,,,,,,,,Emerald Hostel,,,,,,,,,,,,,,,,,,,hostel,,,,,,,,,,,,,,,,,,,,,,,,,,,,,,,,,,,,,,,,,,,,,,,,,,,,,,,,,,,,,,,,,,,,,,,,,,,,,,,,,,,,,,,,,,,,,,,,,,,,,,,,,,,,,,,,,,,,,,,,,,,,,,,,,,,,,,,,,,,,,,,,,,,,,,,,,,,,,,,,,,,,,,
Point,3.8563547,6.4855145,way/1294872634,,,center,yes,,,,,,,,,,,EDC Hostel,,,,,,,,,,,,,,,,,,,hostel,,,,,,,,,,,,,,,,,,,,,,,,,,,,,,,,,,,,,,,,,,,,,,,,,,,,,,,,,,,,,,,,,,,,,,,,,,,,,,,,,,,,,,,,,,,,,,,,,,,,,,,,,,,,,,,,,,,,,,,,,,,,,,,,,,,,,,,,,,,,,,,,,,,,,,,,,,,,,,,,,,,,,,
Point,3.8587001,6.4868528,way/1294872641,,,center,yes,,,,,,,,,,,Cedar House,,,,,,,,,,,,,,,,,,,hostel,,,,,,,,,,,,,,,,,,,,,,,,,,,,,,,,,,,,,,,,,,,,,,,,,,,,,,,,,,,,,,,,,,,,,,,,,,,,,,,,,,,,,,,,,,,,,,,,,,,,,,,,,,,,,,,,,,,,,,,,,,,,,,,,,,,,,,,,,,,,,,,,,,,,,,,,,,,,,,,,,,,,,,
Point,3.8563757,6.4868456,way/1294872648,,,center,yes,,,,,,,,,,,Redwood House,,,,,,,,,,,,,,,,,,,hostel,,,,,,,,,,,,,,,,,,,,,,,,,,,,,,,,,,,,,,,,,,,,,,,,,,,,,,,,,,,,,,,,,,,,,,,,,,,,,,,,,,,,,,,,,,,,,,,,,,,,,,,,,,,,,,,,,,,,,,,,,,,,,,,,,,,,,,,,,,,,,,,,,,,,,,,,,,,,,,,,,,,,,,
Point,3.8567335,6.4868556,way/1294872654,,,center,yes,,,,,,,,,,,Pearl Hostel,,,,,,,,,,,,,,,,,,,hostel,,,,,,,,,,,,,,,,,,,,,,,,,,,,,,,,,,,,,,,,,,,,,,,,,,,,,,,,,,,,,,,,,,,,,,,,,,,,,,,,,,,,,,,,,,,,,,,,,,,,,,,,,,,,,,,,,,,,,,,,,,,,,,,,,,,,,,,,,,,,,,,,,,,,,,,,,,,,,,,,,,,,,,
Point,3.855971,6.4868477,way/1296362862,,,center,yes,,,,,,,,,,,Cooperative Queens,,,,,,,,,,,,,,,,,,,hostel,,,,,,,,,,,,,,,,,,,,,,,,,,,,,,,,,,,,,,,,,,,,,,,,,,,,,,,,,,,,,,,,,,,,,,,,,,,,,,,,,,,,,,,,,,,,,,,,,,,,,,,,,,,,,,,,,,,,,,,,,,,,,,,,,,,,,,,,,,,,,,,,,,,,,,,,,,,,,,,,,,,,,,
Point,3.4293046,6.4304604,way/1313780616,,,center,yes,,,,,,,,,,,Park Inn by Radisson Serviced Apartments Lagos Victoria Island,,,,,,,,,,,,,,,,,,,hotel,,,,,,,,,,,,,,,,,,,,,Radisson,,,,,,,,,,,,,,,,,,,,,,,,,,,,,,,,,,,,,,,,,,,,,,,,,,,,,,,,,,,,,,,,,,,,,,,,,,,,,,,,,,,,,,,,,,,,,,,,,,,,,,,,,,,,,,,,,,,,,,,,,,,,,,,,,,,,,,,,,,,,,,,,,
Point,-8.765045,37.1450488,way/1322744989,,,center,,,,,,,,,,,,,,,,,,,,,,,,,,,,,,,picnic_site,,,,,,,,,,,,,,,,,,,,,,,,,,,,,,,,,,,,,,,,,,,,,,,,,,,,,,,,,,,,,,,,,,,,,,,,,,,,,,,,,,,,,,,,,,,,,,,,,,,,,,,,,,,,,,,,,,,,,,,,,,,,,,,,,,,,,,,,,,,,,,,,,,,,,,,,,,,,,,,,,,,,,,
Point,2.8794186,6.3941628,way/1361491295,,yes,center,,,,,,,,,,,,,,,,,,,,,,,,,,,,,,,,,,,,,,,,,,,,,,,,,,,,,,,,,,,,,,,,,,,,,,,,,,,,,,,,,,,,,,,,,,,,,,,,,,,,,,,,,,,,,,,,,,,,,,,,,,,,,,,,,yes,,,,,,,,,,,,,,,,,,,,,,,,,,,,,,,,,,,,,,,,,,,,,,,,,,,,,,,,,,,,,,,,,,,,
Point,2.8794056,6.3944859,way/1361491297,,path,center,,,,,,,,,,,,Slave Route,,,,,,,,,,,,,,,,,,,,,,,,,,,,,,,,,,,,,,,,,,,,,,,,,,,,,,,,,,,,,path,,,,,,,,,,,,,,,,,,,,,,paving_stones,,,,,,,,,,,,,,,,,,,,,,,,,,,,,,,,,,,,,,,,,,,,,,,,,,,,,,,,,,,,,,,,,,,,,,,,,,,,,,,,,,,,,,,,,,,,,,,,,,,,,,
Point,2.8820103,6.4001116,way/1361491298,,path,center,,,,,,,,,,,,Slave Route,,,,,,,,,,,,,,,,,,,,,,,,,,,,,,,,,,,,,,,,,,,,,,,,,,,,,,,,,,,,,path,,,,,,,,,,,,,,,,,,,,,,paving_stones,,,,,,,,,,,,,,,,,,,,,,,,,,,,,,,,,,,,,,,,,,,,,,,,,,,,,,,,,,,,,,,,,,,,,,,,,,,,,,,,,,,,,,,,,,,,,,,,,,,,,,
Point,-8.6864924,37.088268,node/1370111709,,,,,,,,,,,,,,,Villa Mar Azul,,,,,,,,,,,,,,,,,,,hotel,,,,,,,,,,,,,,,,,,,,,,,,,,,,,,,,,,,,,,,,,,,,,,,,,,,,,,,,,,,,,,,,,,,,,,,,,,,,,,,,,,,,,,,,,,,,,,,,,,,,,,,,,,,,,,,,,,,,,,,,,,,,,,,,,,,,,,,,,,,,,,,,,,,,,,,,,,,,,,,,,,,,,,
Point,-8.7164095,37.0852864,way/1376664956,,,center,,,,,,,,,,,,Rocha Negra,,,,,,,,,,,,,,,,,,,attraction,,,,,,,,,,,,,,,,,,,,,,,,,,,,,https://www.researchgate.net/publication/279441866_Luz_beach_magmatism_a_geosite_regarded_as_a_local_and_regional_factor_in_the_heritage_economic_and_touristic_development,,,,,,,,,,,,,,,,,,volcanic_lava_tube,geosite,bare_rock,,locality,,,,,,,,,,,,,,,,,,,,,,,,,,,,,,,,,,,,,,,,,,,,,,,,,,,,,,,,,,,,,,,,,,,,,,,,,,,,,,,,,,,,,,,,,,,,,,,,,,,,,,,,,,,,,,,,,,,
Point,3.3533647,6.5841091,way/1442292737,,,center,yes,,,,,,,,,,,Hyatt Regency Lagos Ikeja,,,,,,,Q136504463,,,17,Ladoke Akintola Street,,,,,,24/7,+234 201 700 1234,hotel,https://www.hyatt.com/hyatt-regency/en-US/losrl-hyatt-regency-lagos-ikeja,5,,,Lagos,,yes,5-star hotel in Lagos.,,yes,Hyatt hotels Corporation,yes,142,,,,,,,yes,Hyatt,,,,customers,yes,yes,,,,,,,,,,,,,,,,,,,,,,,,,,,,,,,,,,,,,,,,yes,,,yes,yes,,,,,,,,,,,,,,,,,,,,,,,,,,,,,yes,yes,yes,yes,,,,,,,,,,,,,,,,,,,,,,,,,,,,,,,,,,,,,,,,,,,,,,,,,,,,,,,,,,,,,,,
Point,-99.5195842,27.4497455,way/1442420119,,,center,yes,,,,,,,,,,,,,,,,,,,,,,,,,,,,,,hotel,,,,,,,,,,,,,,,,,,,,,,,,,,,,,,,,,,,,,,,,,,,1,,,,,,,,,,,,,,,,,,,,,,,,,,,,,,,,,,,,,,,,,,,,,,,,,,,,,,,,,,,,,,,,,,,,,,,,,,,,,,,,,,,,,,,,,,,,,,,,,,,,,,,,,,,,,,,,,,,,,,,,,,,
Point,3.357183,6.5927608,way/1521332940,,,center,yes,,,,,,,,,,,,,,,,,,,,,,,,,,,,,,hotel,,,,,,,,,,,,,,,,,,,,,,,,,,,,,,,,,,,,,,,,,,,,,,,,,,,,,,,,,,,,,,,,,,,,,,,,,,,,,,,,,,,,,,,,,,,,,,,,,,,,,,,,,,,,,,,,,,,,,,,,,,,,,,,,,,,,,,,,,,,,,,,,,,,,,,,,,,,,,,,,,,,,,,
Point,3.3574893,6.5928475,way/1521332941,,,center,yes,,,,,,,,,,,,,,,,,,,,,,,,,,,,,,hotel,,,,,,,,,,,,,,,,,,,,,,,,,,,,,,,,,,,,,,,,,,,,,,,,,,,,,,,,,,,,,,,,,,,,,,,,,,,,,,,,,,,,,,,,,,,,,,,,,,,,,,,,,,,,,,,,,,,,,,,,,,,,,,,,,,,,,,,,,,,,,,,,,,,,,,,,,,,,,,,,,,,,,,
Point,3.4210881,6.4234275,way/1530842307,,,center,yes,,,,,,,,,,,VirginRose Resorts,,,,,,,Q109289655,,,,,,,,,,,,hotel,,,,,,,,,,,,,,,,,,,,,,,,,,,,,,,,,,,,,,,,,,,,,,,,,,,,,,,,,,,,,,,,,,,,,,,,,,,,,,,,,,,,,,,,,,,,,,,,,,,,,,,,,,,,,,,,,,,,,,,,,,,,,,,,,,,,,,,,,,,,,,,,,,,,,,,,,,,,,,,,,,,,,,
Point,3.4107649,6.4268284,way/1530842309,,,center,,,,,,,,,,,,Manuela Residence,,,,,,,Q112011652,,,,,,,,,,,,hotel,,,,,,,,,,,,,,,,,,,,,,,,,,,,,,,,,,,,,,,,,,,,,,,,,,,,,,,,,,,,,,,,,,,,,,,,,,,,,,,,,,,,,,,,,,,,,,,,,,,,,,,,,,,,,,,,,,,,,,,,,,,,,,,,,,,,,,,,,,,,,,,,,,,,,,,,,,,,,,,,,,,,,,
Point,3.4224033,6.4273988,way/1530941549,,,center,,,,,,,,,,,,Chesney Hotel,,,,,,,Q112011649,,,37,Saka Tinubu Street,,,,,,,,hotel,,,,,Lagos,106104,,,,,,,,,,,,,,,,,,,,,,,,,,,,,,,,,,,,,,,,,,,,,,,,,,,,,,,,,,,,,,,,,,,,,,,,,,,,,,,,,,,,,,,,,,,,,,,,,,,,,,,,,,,,,,,,,,,,,,,,,,,,,,,,,,,,,,,,,,,,,,,,,,,,,,,,,,,,,,,,
Point,-8.7301927,37.0849527,way/1540194426,,,center,,,,,,,,,,,,Miradouro da Ponta da Calheta,,,,,,,,,,,,,,,,,,,viewpoint,,,,,,,,,,,,,,,,,,,,,,,,,,,,,,,,,,,,,,,,,,,,,,,,,,,,,,,,,,,,,,,,,,,,,,,,,,,,,,,,,,,,,,,,,,,,,,,,,,,,,,,,,,,,,,,,,,,,,,,,,,,,,,,,,,,,,,,,,,,,,,,,,,,,,,,,,,,,,,,,,,,,,,
Point,-8.6789956,37.1153648,node/1707514023,,,,,,,,,,,,,,,,,,,,,,,,,,,,,,,,,,caravan_site,,,,,,,,,,,,,,,,,,,,,,,,,,,,,,,,,,,,,,,,,,street_lamp,,,,,,,,,,,,,,,,,,,,,,,,,,,,,,,,,,,,,,,,,,,,,,,,,,,,,,,,,,,,,,,,,,,,,,,,,,,,,,,,,,,,,,,,,,,,,,,,,,,,,,,,,,,,,,,,,,,,,,,,,,,,
Point,-8.673786,37.1024699,node/1708912053,,memorial,,,,,,,,,,,,,,,,,,,,,,,,,,,,,,,,,,,,,,,,,,,,,,,,,,,,,,,,,,,,,,,,,,,,,,,,,,,,,,,,,,,,,,,,,,,,,,,,,,,,,,,,,,,,,,,,,,,,,,,,,,,,,,,,war_memorial,,,,,,,,Lagos glorifica a memória de seus filhos mortos na Grande Guerra,,,,,,,,,,,,,,,,,,,,,,,,,,,,,,,,,,,,,,,,,,,,,,,,,,,,,,,,,,,,,,
Point,-8.6694993,37.0913283,node/1904336139,,,,,,,,,,,,,,,Praia Dona Ana,,,,,,,,,,,,,,,,,,,viewpoint,,,,,,,,,,,,,,,,,,,,,,,,,,,,,,,,,,,,,,,,,,,,,,,,,,,,,,,,,,,,,,,,,,,,,,,,,,,,,,,,,,,,,,,,,,,Praia Dona Ana,,,,,,,,,,,,,,,,,,,,,,,,,,,,,,,,,,,,,,,,,,,,,,,,,,,,,,,,,,,,,,,,,,,,,,,,,,,
Point,-8.6701476,37.0930693,node/1904362627,,,,,,,,,,,,,,,IBERLAGOS,,,,,,,,,,,Rua Professor Correia Abreu,,,,,,,,hotel,,,,,,,,,,,,,,,,,,,,,,,,,,,,,,,,,,,,,,,,,,,,,,,,,,,,,,,,,,,,,,,,,,,,,,,,,,,,,,,,,,,,,,,,,,,,,,,,,,,,,,,,,,,,,,,,,,,,,,,,,,,,,,,,,,,,,,,,,,,,,,,,,,,,,,,,,,,,,,,,,,,,,,
Point,3.4276118,6.4227198,node/1969844480,,,,,,,,,,,,,,,,,,,,,,,,,,,,,,,,,,theme_park,,,,,,,,,,,,,,,,,,,,,,,,,,,,,,,,,,,,,,,,,,,,,,,,,,,,,,,,,,,,,,,,,,,,,,,,,,,,,,,,,,,,,,,,,,,,,,,,,,,,,,,,,,,,,,,,,,,,,,,,,,,,,,,,,,,,,,,,,,,,,,,,,,,,,,,,,,,,,,,,,,,,,,
Point,-8.7737402,37.0741089,node/2163360241,,,,,,,,,,,,,,,EcoVia,,,,,,,,,,,,,,,,,,,information,,,,,,,,"Map with informations about the locality, hospitals, camp sites and beaches",,,,,,,,,,,,,,,,,,,,,,,,,,,,,,,,,,,,,,,,,,,,,,,,,,,,,,,,,,,,,,,,,,,map,site,,,,,,,,,,,,,,,,,,,,,,,,,,,,,yes,scheme,rcn,,,,,,,,,,,,,,,,,,,,,,,,,,,,,,,,,,,,,,,,,,,,,,,,,,,,,,,,,,,
Point,-8.6727118,37.1027777,node/2163621604,,,,,,,,,,,,,,,Oficina de Turismo de Lagos,,,,,,,,,,,Praça Gil Eanes,2026-05-13,,,,,,,information,,,,,Lagos,8600-668,,,,,,,,,,+351 282 763 031,,,,,,,,,,,,,,,,,,,,,,,,,,,,,,,,,,,,,,,,,,,,,,,,,,,,,,,,,,,office,,,,,,,,,,,,,,,,,,,,,,,,,,,,,,,,,,,,,,,,,,,,,,,,,,,,,,,,,,,,,,,,,,,,,,,,,,,,,,,,,,,,,,,,,,,
Point,2.706724,6.3796171,node/2213300811,,boundary_stone,,,,,,,,,,,,,Sèmè-Kraké,,,,,,,,,,,,,,,,,,,,,,,,,,,,,,,,,,,,,,,,,,,,,,,,GPS;survey,,,,,,,,,,,,,,,,,,,,,,,,,,,,,,,,,,,,,,,,,,,,,,,,,,,,,,,,,,,,,,,,,,,,,,,,,,,,,,,,,,,,,,,,,,,,,,,,,,,,,,,,,,,,,,,,,,,,,,,,,,,,,,,,,,,,,,,,,
Point,3.3942564,6.3933332,node/2247300101,,wreck,,,,,,,,,,,,,,,,,,,,,,,,,,,,,,,,,,,,,,,,,,,,,,,,,,,,,,,,,,,,,,,,,,,,,,,,,,,,,,,,,,,,,,,,,,,,,,,,,,,,,,,,,,,,,,,,,,,,,,,,,,,,,,,,,,,,,,,,,,,,ship:cargo,,,,,,,,,,,,,,,,,,,,,,,,,,,,,,,,,,,,,,,,,,,,,,,,,,,,,,,,,,
Point,3.3947672,6.3939378,node/2247300103,,wreck,,,,,,,,,,,,,,,,,,,,,,,,,,,,,,,,,,,,,,,,,,,,,,,,,,,,,,,,,,,,,,,,,,,,,,,,,,,,,,,,,,,,,,,,,,,,,,,,,,,,,,,,,,,,,,,,,,,,,,,,,,,,,,,,,,,,,,,,,,,,ship:cargo,,,,,,,,,,,,,,,,,,,,,,,,,,,,,,,,,,,,,,,,,,,,,,,,,,,,,,,,,,
Point,3.3842093,6.3951968,node/2247300106,,wreck,,,,,,,,,,,,,,,,,,,,,,,,,,,,,,,,,,,,,,,,,,,,,,,,,,,,,,,,,,,,,,,,,,,,,,,,,,,,,,,,,,,,,,,,,,,,,,,,,,,,,,,,,,,,,,,,,,,,,,,,,,,,,,,,,,,,,,,,,,,,ship:cargo,,,,,,,,,,,,,,,,,,,,,,,,,,,,,,,,,,,,,,,,,,,,,,,,,,,,,,,,,,
Point,3.378129,6.3954122,node/2247300109,,wreck,,,,,,,,,,,,,,,,,,,,,,,,,,,,,,,,,,,,,,,,,,,,,,,,,,,,,,,,,,,,,,,,,,,,,,,,,,,,,,,,,,,,,,,,,,,,,,,,,,,,,,,,,,,,,,,,,,,,,,,,,,,,,,,,,,,,,,,,,,,,ship:cargo,wreck,,,,,,,,,,,,,,,,,,,,,,,,,,,,,,,,,,,,,,,,,,,,,,,,,,,,,,,,,
Point,3.3736218,6.3970123,node/2247300110,,wreck,,,,,,,,,,,,,,,,,,,,,,,,,,,,,,,,,,,,,,,,,,,,,,,,,,,,,,,,,,,,,,,,,,,,,,,,,,,,,,,,,,,,,,,,,,,,,,,,,,,,,,,,,,,,,,,,,,,,,,,,,,,,,,,,,,,,,,,,,,,,ship:cargo,,,,,,,,,,,,,,,,,,,,,,,,,,,,,,,,,,,,,,,,,,,,,,,,,,,,,,,,,,
Point,3.3715084,6.3971191,node/2247300111,,wreck,,,,,,,,,,,,,,,,,,,,,,,,,,,,,,,,,,,,,,,,,,,,,,,,,,,,,,,,,,,,,,,,,,,,,,,,,,,,,,,,,,,,,,,,,,,,,,,,,,,,,,,,,,,,,,,,,,,,,,,,,,,,,,,,,,,,,,,,,,,,ship:cargo,,,,,,,,,,,,,,,,,,,,,,,,,,,,,,,,,,,,,,,,,,,,,,,,,,,,,,,,,,
Point,3.3702583,6.3975029,node/2247300112,,wreck,,,,,,,,,,,,,,,,,,,,,,,,,,,,,,,,,,,,,,,,,,,,,,,,,,,,,,,,,,,,,,,,,,,,,,,,,,,,,,,,,,,,,,,,,,,,,,,,,,,,,,,,,,,,,,,,,,,,,,,,,,,,,,,,,,,,,,,,,,,,ship:cargo,,,,,,,,,,,,,,,,,,,,,,,,,,,,,,,,,,,,,,,,,,,,,,,,,,,,,,,,,,
Point,3.3706325,6.3975148,node/2247300113,,wreck,,,,,,,,,,,,,,,,,,,,,,,,,,,,,,,,,,,,,,,,,,,,,,,,,,,,,,,,,,,,,,,,,,,,,,,,,,,,,,,,,,,,,,,,,,,,,,,,,,,,,,,,,,,,,,,,,,,,,,,,,,,,,,,,,,,,,,,,,,,,ship:cargo,,,,,,,,,,,,,,,,,,,,,,,,,,,,,,,,,,,,,,,,,,,,,,,,,,,,,,,,,,
Point,3.3600122,6.3976675,node/2247300114,,wreck,,,,,,,,,,,,,,,,,,,,,,,,,,,,,,,,,,,,,,,,,,,,,,,,,,,,,,,,,,,,,,,,,,,,,,,,,,,,,,,,,,,,,,,,,,,,,,,,,,,,,,,,,,,,,,,,,,,,,,,,,,,,,,,,,,,,,,,,,,,,ship:cargo,wreck,,,,,,,,,,,,,,,,,,,,,,,,,,,,,,,,,,,,,,,,,,,,,,,,,,,,,,,,,
Point,3.367766,6.397673,node/2247300115,,wreck,,,,,,,,,,,,,,,,,,,,,,,,,,,,,,,,,,,,,,,,,,,,,,,,,,,,,,,,,,,,,,,,,,,,,,,,,,,,,,,,,,,,,,,,,,,,,,,,,,,,,,,,,,,,,,,,,,,,,,,,,,,,,,,,,,,,,,,,,,,,ship:cargo,wreck,,,,,,,,,,,,,,,,,,,,,,,,,,,,,,,,,,,,,,,,,,,,,,,,,,,,,,,,,
Point,3.3593422,6.397771,node/2247300116,,wreck,,,,,,,,,,,,,,,,,,,,,,,,,,,,,,,,,,,,,,,,,,,,,,,,,,,,,,,,,,,,,,,,,,,,,,,,,,,,,,,,,,,,,,,,,,,,,,,,,,,,,,,,,,,,,,,,,,,,,,,,,,,,,,,,,,,,,,,,,,,,ship:cargo,wreck,,,,,,,,,,,,,,,,,,,,,,,,,,,,,,,,,,,,,,,,,,,,,,,,,,,,,,,,,
Point,3.3546143,6.3992426,node/2247300117,,wreck,,,,,,,,,,,,,,,,,,,,,,,,,,,,,,,,,,,,,,,,,,,,,,,,,,,,,,,,,,,,,,,,,,,,,,,,,,,,,,,,,,,,,,,,,,,,,,,,,,,,,,,,,,,,,,,,,,,,,,,,,,,,,,,,,,,,,,,,,,,,ship:cargo,,,,,,,,,,,,,,,,,,,,,,,,,,,,,,,,,,,,,,,,,,,,,,,,,,,,,,,,,,
Point,3.1377584,6.4005948,node/2247300119,,wreck,,,,,,,,,,,,,,,,,,,,,,,,,,,,,,,,,,,,,,,,,,,,,,,,,,,,,,,,,,,,,,,,,,,,,,,,,,,,,,,,,,,,,,,,,,,,,,,,,,,,,,,,,,,,,,,,,,,,,,,,,,,,,,,,,,,,,,,,,,,,ship:cargo,,,,,,,,,,,,,,,,,,,,,,,,,,,,,,,,,,,,,,,,,,,,,,,,,,,,,,,,,,
Point,3.2875155,6.4057845,node/2247300123,,wreck,,,,,,,,,,,,,,,,,,,,,,,,,,,,,,,,,,,,,,,,,,,,,,,,,,,,,,,,,,,,,,,,,,,,,,,,,,,,,,,,,,,,,,,,,,,,,,,,,,,,,,,,,,,,,,,,,,,,,,,,,,,,,,,,,,,,,,,,,,,,ship:cargo,,,,,,,,,,,,,,,,,,,,,,,,,,,,,,,,,,,,,,,,,,,,,,,,,,,,,,,,,,
Point,3.5107693,6.4211472,node/2247300142,,wreck,,,,,,,,,,,,,,,,,,,,,,,,,,,,,,,,,,,,,,,,,,,,,,,,,,,,,,,,,,,,,,,,,,,,,,,,,,,,,,,,,,,,,,,,,,,,,,,,,,,,,,,,,,,,,,,,,,,,,,,,,,,,,,,,,,,,,,,,,,,,ship:cargo,wreck,,,,,,,,,,,,,,,,,,,,,,,,,,,,,,,,,,,,,,,,,,,,,,,,,,,,,,,,,
Point,3.4523555,6.4217756,node/2247300143,,wreck,,,,,,,,,,,,,,,,,,,,,,,,,,,,,,,,,,,,,,,,,,,,,,,,,,,,,,,,,,,,,,,,,,,,,,,,,,,,,,,,,,,,,,,,,,,,,,,,,,,,,,,,,,,,,,,,,,,,,,,,,,,,,,,,,,,,,,,,,,,,ship:cargo,wreck,,,,,,,,,,,,,,,,,,,,,,,,,,,,,,,,,,,,,,,,,,,,,,,,,,,,,,,,,
Point,3.5547122,6.4224358,node/2247300144,,wreck,,,,,,,,,,,,,,,,,,,,,,,,,,,,,,,,,,,,,,,,,,,,,,,,,,,,,,,,,,,,,,,,,,,,,,,,,,,,,,,,,,,,,,,,,,,,,,,,,,,,,,,,,,,,,,,,,,,,,,,,,,,,,,,,,,,,,,,,,,,,ship:cargo,,,,,,,,,,,,,,,,,,,,,,,,,,,,,,,,,,,,,,,,,,,,,,,,,,,,,,,,,,
Point,3.8342324,6.4384519,node/2247300146,,wreck,,,,,,,,,,,,,,,,,,,,,,,,,,,,,,,,,,,,,,,,,,,,,,,,,,,,,,,,,,,,,,,,,,,,,,,,,,,,,,,,,,,,,,,,,,,,,,,,,,,,,,,,,,,,,,,,,,,,,,,,,,,,,,,,,,,,,,,,,,,,ship:cargo,,,,,,,,,,,,,,,,,,,,,,,,,,,,,,,,,,,,,,,,,,,,,,,,,,,,,,,,,,
Point,-8.6707574,37.1005389,node/2319755267,,memorial,,,,,,,,,,,,,D. Henrique,,,,,,,Q136372942,Category:Statue of Henry the Navigator in Lagos,,,,,,,,,,,,,,,,,,,,,,,,,,,,,,,,,,,https://commons.wikimedia.org/wiki/File:Statue_of_Henry_the_Navigator_in_Lagos.jpg,,,,,,,,,,,,,,,,,,,,,,,,,,,,,,,,,,,1960,,,,,,,,,,,,,,,,,,,,,,,,,,,,,,,,,,,,,statue,,,,,,,,Infante D. Henrique v. Centenario da sua Morte 1460-1960,,,,,,,,,,,,,,,,,,,,,,,,,,,,,,,,,,,,,,,,,,,,,,,,,,,,,,,,,,,,,,
Point,3.3637193,6.6271034,node/2331523841,,,,,,,,,,,,,,,,,,,,,,,,,,,,,,,,,,artwork,,,,,,,,,,,,,,,,,,,,,,,,,,,,,survey,,,,,,,,,,,,,,,,,,,,,,,,,,,,,,,,,,,,,,,,,,,,,,,,,,,,,,,,,,,,statue,,,,,,,,,,,,,,,,,,,,,,,,,,,,,,,,,,,,,,,,,,,,,,,,,,,,,,,,,,,,,,,,,,,,,,,,,,,,,
Point,-8.6867577,37.089238,node/2405817731,,,,,,,,,,,,,,,Vila Mos,,,,,,,,,,,,,,,,,,,hotel,,,,,,,,,,,,,,,,,,,,,,,,,,,,,,,,,,,,,,,,,,,,,,,,,,,,,,,,,,,,,,,,,,,,,,,,,,,,,,,,,,,,,,,,,,,,,,,,,,,,,,,,,,,,,,,,,,,,,,,,,,,,,,,,,,,,,,,,,,,,,,,,,,,,,,,,,,,,,,,,,,,,,,
Point,-8.6655459,37.0993233,node/2418074557,,,,,,,,,,,,,,,,,,,,,,,,,,,,,,,,,,viewpoint,,,,,,,,,,,,,,,,,,,,,,,,,,,,,,,,,,,,,,,,,,,,,,,,,,,,,,,,,,,,,,,,,,,,,,,,,,,,,,,,,,,,,,,,,,,,,,,,,,,,,,,,,,,,,,,,,,,,,,,,,,,,,,,,,,,,,,,,,,,,,,,,,,,,,,,,,,,,,,,,,,,,,,
Point,-8.7035,37.1135981,node/2463658243,,,,yes,,,,,,,,,,,The Surf Experience,,,,,,,,,,,,,,,,,,,guest_house,https://thesurfexperience.eu/,,,,,,,,,,,,,,,,,,,,,,,,,,,,,,,,,,,,,,,,,,,,,,,,,,,,,,,,,,,,,,,,,,,,,,,,,,,,,,,,,,,,,,,,,,,,,,,,,,,,,,,,,,,,,surfing,,,,,,,,,,,,,,,,,,,,,,,,,,,,,,,,,,,,,,,,,,,,,,,,,,,,,,,,
Point,-8.7725201,37.07279,node/2558962994,,,,,,,Hotel Burgau Turismo de Natureza,,,,,,,,Hotel Praia do Burgau,,,,,,,,,,,,,,,,,,,hotel,,,,,,,,,,,,,,,,,,,,,,,,,,,,,,,,,,,,,,,,,,,,,,,,,,,,,,,,,,,,,,,,,,,,,,,,,,,,,,,,,,,,,,,,,,,,,,,,,,,,,,,,,,,,,,,,,,,,,,,,,,,,,,,,,,,,,,,,,,,,,,,,,,,,,,,,,,,,,,,,,,,,,,
Point,-8.817404,37.1424408,node/2744187194,,,,,,,,,,,,,,,GR13 Via Algarviana,,,,,,,,,,,,,,,,,,,information,,,,,,,,,,,,,,,,,,,,,,,,,,,,,,,,,,,,,,,,,,,,,,,,,,,,,,,,,,,,,,,,,,,,,,,,,,,guidepost,,,,,,,,,,,,,,,,,,,,,,,,,,,,,,,,,,,,post,yes,confidence,GR13,,,,,,,,,,,,,,,,,,,,,,,,,,,,,,,,,,,,,,,,,,,,,,,,,,,,
Point,-0.2264412,43.2089292,node/2889701465,,wayside_cross,,,,,,,,,,,,,,,,,,,,,,,,,,,,,,,,,,,,,,,,,,,,,,,,,,,,,,,,,,,,,,,,,,,,,,,,,,,,,,,,,,,,,,,,,,,,,,,,,,,,,,,,,,,,,,,,,,,,,,,,,,,,,,,,,,,,,,,,,,,,,,,,,,,,,,,,,,,,,,,,,,,,,,,,,,,,,,,,,,,,,,,,,,,,,,,,,,,,,,
Point,-8.6719073,37.0898034,node/2923640624,,,,,,,,,,,,,,,Villas D. Dinis,,,,,,,,,,,,,,,,,,,hotel,,,,,,,,,,,,,,,,,,,,,,,,,,,,,,,,,,,,,,,,,,,,,,,,,,,,,,,,,,,,,,,,,,,,,,,,,,,,,,,,,,,,,,,,,,,,,,,,,,,,,,,,,,,,,,,,,,,,,,,,,,,,,,,,,,,,,,,,,,,,,,,,,,,,,,,,,,,,,,,,,,,,,,
Point,-8.7272447,37.0908418,node/2937040813,,,,,,,,,,,,,,,Luz Serviços,,,,,,,,,,106,Rua Direita,,,,,,,+351 282788522,hotel,https://www.luzholidays.com/,,,,Luz,8600-160,,,,,,,,,Self Catering Vacation Rental and Property Management,,,,,,,,,,,,,,,,,,,,,,,,,,,,,,,,,,,,,,,,,,,,,,,,,,,,,,,,,,,,,,,,,,,,,,,,,,,,,,,,,,,,,,,,,,,,,,,,,,,,,,,,,,,,,,,,,,,,,,,,,,,,,,,,,,,,,,,,,,,,,,,,,,,,,,,
Point,3.3030774,6.4653626,node/2987173862,,,,,,,Golden Tulip Festac,,,,,,,,Golden Tulip,,,,,,,,,,,,,,,,,,,hotel,,,,,,,,,,,,,,,,,,,,,,,,,,,,,,,,,,,,,,,,,,,,,,,,,,,,,,,,,,,,,,,,,,,,,,,,,,,,,,,,,,,,,,,,,,,,,,,,,,,,,,,,,,,,,,,,,,,,,,,,,,,,,,,,,,,,,,,,,,,,,,,,,,,,,,,,,,,,,,,,,,,,,,
Point,3.3051173,6.4838242,node/2987186862,,,,,,,,,,,,,,,EUC Demordern Hotel & Suites,,,,,,,,,,,,,,,,,,,hotel,,,,,,,,,,,,,,,,,,,,,,,,,,,,,,,,,,,,,,,,,,,,,,,,,,,,,,,,,,,,,,,,,,,,,,,,,,,,,,,,,,,,,,,,,,,,,,,,,,,,,,,,,,,,,,,,,,,,,,,,,,,,,,,,,,,,,,,,,,,,,,,,,,,,,,,,,,,,,,,,,,,,,,
Point,3.2950581,6.4661583,node/2987186864,,,,,,,,,,,,,,,Chelsea Suit,,,,,,,,,,,,,,,,,,,hotel,,,,,,,,,,,,,,,,,,,,,,,,,,,,,,,,,,,,,,,,,,,,,,,,,,,,,,,,,,,,,,,,,,,,,,,,,,,,,,,,,,,,,,,,,,,,,,,,,,,,,,,,,,,,,,,,,,,,,,,,,,,,,,,,,,,,,,,,,,,,,,,,,,,,,,,,,,,,,,,,,,,,,,
Point,3.3033226,6.4811452,node/2991754021,,,,,,,,,,,,,,,Cosmila Hotel & Suites,,,,,,,,,,,,,,,,,,,hotel,,,,,,,,,,,,,,,,,,,,,,,,,,,,,,,,,,,,,,,,,,,,,,,,,,,,,,,,,,,,,,,,,,,,,,,,,,,,,,,,,,,,,,,,,,,,,,,,,,,,,,,,,,,,,,,,,,,,,,,,,,,,,,,,,,,,,,,,,,,,,,,,,,,,,,,,,,,,,,,,,,,,,,
Point,3.2921088,6.4763575,node/2991767888,,,,,,,,,,,,,,,Benny Hotel,,,,,,,,,,,,,,,,,,,hotel,,,,,,,,,,,,,,,,,,,,,,,,,,,,,,,,,,,,,,,,,,,,,,,,,,,,,,,,,,,,,,,,,,,,,,,,,,,,,,,,,,,,,,,,,,,,,,,,,,,,,,,,,,,,,,,,,,,,,,,,,,,,,,,,,,,,,,,,,,,,,,,,,,,,,,,,,,,,,,,,,,,,,,
Point,3.3181813,6.4722717,node/3011773362,,,,,,,,,,,,,,,Vila Park,,,,,,,,,,,,,,,,,,,hotel,,,,,,,,,,,,,,,,,,,,,,,,,,,,,,,,,,,,,,,,,,,,,,,,,,,,,,,,,,,,,,,,,,,,,,,,,,,,,,,,,,,,,,,,,,,,,,,,,,,,,,,,,,,,,,,,,,,,,,,,,,,,,,,,,,,,,,,,,,,,,,,,,,,,,,,,,,,,,,,,,,,,,,
Point,-8.6711312,37.0811442,node/3042446589,,,,,,,,,,,,,,,,,,,,,,,,,,,,,,,,,,viewpoint,,,,,,,,,,,,,,,,,,,,,,,,,,,,,,yes,,,,,,,,,,,,,,,,,,,,,,,,,,,,,,,,,,,,,,,,,,,,,,,,,,,,,,,,,,,,,,,,,,,,,,,,,,,,,,,,,,,,,,,,,,,,,,,,,,,,,,,,,,,,,,,,,,,,,,,,,,,,,,,,,,,,,,,,
Point,-8.6732498,37.0891522,node/3057461330,,,,,,,,,,,,,,,Costa d'Oiro Ambiance Village,,,,,,,,,,,Rua da Costa D'Oiro,,,,,,,,hotel,https://www.sonelhotels.com/de/index.php,,Costa D´Oiro Ambiance Village,,,8600-544,,,,wlan,,,,,,,,,,,,,info@sonelhotels.com,,no,,,,,yes,,,,,,,,,,,,,,,,,,,,,,,,,,,,,,,,,,,PT,,,,,,,,,,,,,,,,,,,,,,,,,,,,,,,,,,,,,,,,,,,,,,,,,,Lagos,,,,,,,,,,,,,,,,,,,,,,,,,,,,,,,,,,,,,,,,,,,,,,,,,,,
Point,-8.6730309,37.1040518,node/3087567321,,,,,,,,,,,,,,,Mercado Municipal,,,,,,,,,,,,,,,,,,,viewpoint,,,,,,,,,,,,,,,,,,,,,,,,,,,,,,,,,,,,,,,,,,,2,,,,,,,,,,,,,,,,,,,,,,,,,,,,,,,,,,,,,,,,,,,,,,,E,,,,,,,,,,,,,,,,,,,,,,,,,,,,,,,,,,,,,,,,,,,,,,,,,,,,,,,,,,,,,,,,,,,,,,,,,,,,
Point,-8.7338914,37.0876291,node/3197899626,,,,,,,,,,,,,,,Estrela da Luz,,,,,,,,,,,Rua Manuel Augusto Alves Catarino,,,,,,,+351 282 771 200,guest_house,https://www.estreladaluz.com/,,,,Lagos,8600-136,,,,wlan,,,,,,,,,,,,,info@estreladaluz.com,,,,,,,,,,,,,,,,,,,,,,,,,,,,,,,,,,,,,,,,,,,,,,,,,,,,,,,,,,,,,,,,,,,,,,,,,,,,,,,,,,,,,,,,,,,,,+351 282 771 201,,,,,,,,,,,,,,,,,,,,,,,,,,,,,,,,,,,,,,,,,,,,,,,,,,
Point,-8.7254813,37.0900715,node/3202396809,,,,,,,,,,,,,,,Baia da Luz,,,,,,,,,,Lt 35,Rua Alfredo Nascimento Batista,,,,,,,+351 282 790 882,hotel,https://www.baiadaluz.com/,,,,Lagos,8600-160,,,,wlan,,,,,,,,,,,,,,,,,,,,,,,,,,,,,,,,,,,,,,,,,,,,,,,,,,,,,,,,,,,,,,,,,,,,,,,,,,,,,,,,,,,,,,,,,,,,,,,,,,,,,,,,,,,,,,,,,,,,,,,,,,,,,,,,,,,,,,,,,,,,,,,,,,,,,,,,,,,,
Point,-8.777373,37.1393693,node/3411088337,,,,,,,,,,,,,,,GR13 Via Algarviana,,,,,,,,,,,,,,,,,,,information,,,,,,,,,,,,,,,,,,,,,,,,,,,,,,,,,,,,,,,,,,,,,,,,,,,,,,,,,,,,,,,,,,,,,,,,,,,guidepost,,,,,,,,,,,,,,,,,,,,,,,,,,,,,,,,,,,,,yes,,GR13,,,direction,,,,,,,,,,,,,,,,,,,,,,,,,,,,,,,,,,,,,,,,,,,,,,,,,
Point,-8.7778484,37.1394044,node/3411088338,,,,,,,,,,,,,,,GR13 Via Algarviana,,,,,,,,,,,,,,,,,,,information,,,,,,,,,,,,,,,,,,,,,,,,,,,,,,,,,,,,,,,,,,,,,,,,,,,,,,,,,,,,,,,,,,,,,,,,,,,guidepost,,,,,,,,,,,,,,,,,,,,plastic,,,,,,,,,,,,,,,,,yes,,GR13,,,confidence,mast,,,,,,,,,,,,,,,,,,,,,,,,,,,,,,,,,,,,,,,,,,,,,,,,
Point,-8.776513,37.1394455,node/3411088339,,,,,,,,,,,,,,,GR13 Via Algarviana,,,,,,,,,,,,,,,,,,,information,,,,,,,,,,,,,,,,,,,,,,,,,,,,,,,,,,,,,,,,,,,,,,,,,,,,,,,,,,,,,,,,,,,,,,,,,,,guidepost,,,,,,,,,,,,,,,,,,,,plastic,,,,,,,,,,,,,,,,,yes,,GR13,,,confidence,mast,,,,,,,,,,,,,,,,,,,,,,,,,,,,,,,,,,,,,,,,,,,,,,,,
Point,-8.7761983,37.1395868,node/3411088340,,,,,,,,,,,,,,,GR13 Via Algarviana,,,,,,,,,,,,,,,,,,,information,,,,,,,,,,,,,,,,,,,,,,,,,,,,,,,,,,,,,,,,,,,,,,,,,,,,,,,,,,,,,,,,,,,,,,,,,,,guidepost,,,,,,,,,,,,,,,,,,,,plastic,,,,,,,,,,,,,,,,,yes,,GR13,,,confidence,mast,,,,,,,,,,,,,,,,,,,,,,,,,,,,,,,,,,,,,,,,,,,,,,,,
Point,-8.7778083,37.1396143,node/3411088341,,,,,,,,,,,,,,,GR13 Via Algarviana,,,,,,,,,,,,,,,,,,,information,,,,,,,,,,,,,,,,,,,,,,,,,,,,,,,,,,,,,,,,,,,,,,,,,,,,,,,,,,,,,,,,,,,,,,,,,,,guidepost,,,,,,,,,,,,,,,,,,,,plastic,,,,,,,,,,,,,,,,,yes,,GR13,,,direction,trafic_sign,,,,,,,,,,,,,,,,,,,,,,,,,,,,,,,,,,,,,,,,,,,,,,,,
Point,-8.7780675,37.1396241,node/3411088342,,,,,,,,,,,,,,,GR13 Via Algarviana,,,,,,,,,,,,,,,,,,,information,,,,,,,,,,,,,,,,,,,,,,,,,,,,,,,,,,,,,,,,,,,,,,,,,,,,,,,,,,,,,,,,,,,,,,,,,,,guidepost,,,,,,,,,,,,,,,,,,,,plastic,,,,,,,,,,,,,,,,,yes,,GR13,,,confidence,mast,,,,,,,,,,,,,,,,,,,,,,,,,,,,,,,,,,,,,,,,,,,,,,,,
Point,-8.7758297,37.139769,node/3411088343,,,,,,,,,,,,,,,GR13 Via Algarviana,,,,,,,,,,,,,,,,,,,information,,,,,,,,,,,,,,,,,,,,,,,,,,,,,,,,,,,,,,,,,,,,,,,,,,,,,,,,,,,,,,,,,,,,,,,,,,,guidepost,,,,,,,,,,,,,,,,,,,,plastic,,,,,,,,,,,,,,,,,yes,,GR13,,,confidence,mast,,,,,,,,,,,,,,,,,,,,,,,,,,,,,,,,,,,,,,,,,,,,,,,,
Point,-8.7781776,37.1398063,node/3411088344,,,,,,,,,,,,,,,GR13 Via Algarviana,,,,,,,,,,,,,,,,,,,information,,,,,,,,,,,,,,,,,,,,,,,,,,,,,,,,,,,,,,,,,,,,,,,,,,,,,,,,,,,,,,,,,,,,,,,,,,,guidepost,,,,,,,,,,,,,,,,,,,,plastic,,,,,,,,,,,,,,,,,yes,,GR13,,,confidence,mast,,,,,,,,,,,,,,,,,,,,,,,,,,,,,,,,,,,,,,,,,,,,,,,,
Point,-8.7754504,37.1399883,node/3411088345,,,,,,,,,,,,,,,GR13 Via Algarviana,,,,,,,,,,,,,,,,,,,information,,,,,,,,,,,,,,,,,,,,,,,,,,,,,,,,,,,,,,,,,,,,,,,,,,,,,,,,,,,,,,,,,,,,,,,,,,,guidepost,,,,,,,,,,,,,,,,,,,,plastic,,,,,,,,,,,,,,,,,yes,,GR13,,,confidence,lamppost,,,,,,,,,,,,,,,,,,,,,,,,,,,,,,,,,,,,,,,,,,,,,,,,
Point,-8.7766673,37.1409588,node/3411088348,,,,,,,,,,,,,,,GR13 Via Algarviana,,,,,,,,,,,,,,,,,,,information,,,,,,,,,,,,,,,,,,,,,,,,,,,,,,,,,,,,,,,,,,,,,,,,,,,,,,,,,,,,,,,,,,,,,,,,,,,guidepost,,,,,,,,,,,,,,,,,,,,,,,,,,,,,,,,,,,,post,yes,,GR13,,,direction,,,,,,,,,,,,,,,,,,,,,,,,,,,,,,,,,,,,,,,,,,,,,,,,,
Point,-8.7682296,37.1413282,node/3411088349,,,,,,,,,,,,,,,GR13 Via Algarviana,,,,,,,,,,,,,,,,,,,information,,,,,,,,,,,,,,,,,,,,,,,,,,,,,,,,,,,,,,,,,,,,,,,,,,,,,,,,,,,,,,,,,,,,,,,,,,,guidepost,,,,,,,,,,,,,,,,,,,,,,,,,,,,,,,,,,,,,yes,,GR13,,,confidence,,,,,,,,,,,,,,,,,,,,,,,,,,,,,,,,,,,,,,,,,,,,,,,,,
Point,-8.7711652,37.1413643,node/3411088350,,,,,,,,,,,,,,,GR13 Via Algarviana,,,,,,,,,,,,,,,,,,,information,,,,,,,,,,,,,,,,,,,,,,,,,,,,,,,,,,,,,,,,,,,,,,,,,,,,,,,,,,,,,,,,,,,,,,,,,,,guidepost,,,,,,,,,,,,,,,,,,,,,,,,,,,,,,,,,,,,,yes,,GR13,,,confidence,,,,,,,,,,,,,,,,,,,,,,,,,,,,,,,,,,,,,,,,,,,,,,,,,
Point,-8.7713234,37.1414112,node/3411088351,,,,,,,,,,,,,,,GR13 Via Algarviana,,,,,,,,,,,,,,,,,,,information,,,,,,,,,,,,,,,,,,,,,,,,,,,,,,,,,,,,,,,,,,,,,,,,,,,,,,,,,,,,,,,,,,,,,,,,,,,guidepost,,,,,,,,,,,,,,,,,,,,,,,,,,,,,,,,,,,,,yes,,GR13,,,direction,mast,,,,,,,,,,,,,,,,,,,,,,,,,,,,,,,,,,,,,,,,,,,,,,,,
Point,-8.7688137,37.1414154,node/3411088352,,,,,,,,,,,,,,,GR13 Via Algarviana,,,,,,,,,,,,,,,,,,,information,,,,,,,,,,,,,,,,,,,,,,,,,,,,,,,,,,,,,,,,,,,,,,,,,,,,,,,,,,,,,,,,,,,,,,,,,,,guidepost,,,,,,,,,,,,,,,,,,,,,,,,,,,,,,,,,,,,,yes,,GR13,,,direction,mast,,,,,,,,,,,,,,,,,,,,,,,,,,,,,,,,,,,,,,,,,,,,,,,,
Point,-8.7714834,37.1414902,node/3411088353,,,,,,,,,,,,,,,GR13 Via Algarviana,,,,,,,,,,,,,,,,,,,information,,,,,,,,,,,,,,,,,,,,,,,,,,,,,,,,,,,,,,,,,,,,,,,,,,,,,,,,,,,,,,,,,,,,,,,,,,,guidepost,,,,,,,,,,,,,,,,,,,,,,,,,,,,,,,,,,,,,yes,,GR13,,,direction,mast,,,,,,,,,,,,,,,,,,,,,,,,,,,,,,,,,,,,,,,,,,,,,,,,
Point,-8.7718496,37.1415818,node/3411088354,,,,,,,,,,,,,,,GR13 Via Algarviana,,,,,,,,,,,,,,,,,,,information,,,,,,,,,,,,,,,,,,,,,,,,,,,,,,,,,,,,,,,,,,,,,,,,,,,,,,,,,,,,,,,,,,,,,,,,,,,guidepost,,,,,,,,,,,,,,,,,,,,,,,,,,,,,,,,,,,,,yes,,GR13,,,direction,mast,,,,,,,,,,,,,,,,,,,,,,,,,,,,,,,,,,,,,,,,,,,,,,,,
Point,-8.7680501,37.1415898,node/3411088355,,,,,,,,,,,,,,,GR13 Via Algarviana,,,,,,,,,,,,,,,,,,,information,,,,,,,,,,,,,,,,,,,,,,,,,,,,,,,,,,,,,,,,,,,,,,,,,,,,,,,,,,,,,,,,,,,,,,,,,,,guidepost,,,,,,,,,,,,,,,,,,,,,,,,,,,,,,,,,,,,,yes,,GR13,,,direction,mast,,,,,,,,,,,,,,,,,,,,,,,,,,,,,,,,,,,,,,,,,,,,,,,,
Point,-8.7624191,37.1416994,node/3411088356,,,,,,,,,,,,,,,GR13 Via Algarviana,,,,,,,,,,,,,,,,,,,information,,,,,,,,,,,,,,,,,,,,,,,,,,,,,,,,,,,,,,,,,,,,,,,,,,,,,,,,,,,,,,,,,,,,,,,,,,,guidepost,,,,,,,,,,,,,,,,,,,,,,,,,,,,,,,,,,,,,yes,,GR13,,,direction,pole,,,,,,,,,,,,,,,,,,,,,,,,,,,,,,,,,,,,,,,,,,,,,,,,
Point,-8.7626725,37.1419928,node/3411088357,,,,,,,,,,,,,,,GR13 Via Algarviana,,,,,,,,,,,,,,,,,,,information,,,,,,,,,,,,,,,,,,,,,,,,,,,,,,,,,,,,,,,,,,,,,,,,,,,,,,,,,,,,,,,,,,,,,,,,,,,guidepost,,,,,,,,,,,,,,,,,,,,,,,,,,,,,,,,,,,,,yes,,GR13,,,direction,,,,,,,,,,,,,,,,,,,,,,,,,,,,,,,,,,,,,,,,,,,,,,,,,
Point,-8.7594085,37.1422756,node/3411088358,,,,,,,,,,,,,,,GR13 Via Algarviana,,,,,,,,,,,,,,,,,,,information,,,,,,,,,,,,,,,,,,,,,,,,,,,,,,,,,,,,,,,,,,,,,,,,,,,,,,,,,,,,,,,,,,,,,,,,,,,guidepost,,,,,,,,,,,,,,,,,,,,,,,,,,,,,,,,,,,,,yes,,GR13,,,confidence,pole,,,,,,,,,,,,,,,,,,,,,,,,,,,,,,,,,,,,,,,,,,,,,,,,
Point,-8.7662457,37.1426316,node/3411088359,,,,,,,,,,,,,,,GR13 Via Algarviana,,,,,,,,,,,,,,,,,,,information,,,,,,,,,,,,,,,,,,,,,,,,,,,,,,,,,,,,,,,,,,,,,,,,,,,,,,,,,,,,,,,,,,,,,,,,,,,guidepost,,,,,,,,,,,,,,,,,,,,,,,,,,,,,,,,,,,,,yes,,GR13,,,confidence,,,,,,,,,,,,,,,,,,,,,,,,,,,,,,,,,,,,,,,,,,,,,,,,,
Point,-8.758158,37.1427175,node/3411088360,,,,,,,,,,,,,,,GR13 Via Algarviana,,,,,,,,,,,,,,,,,,,information,,,,,,,,,,,,,,,,,,,,,,,,,,,,,,,,,,,,,,,,,,,,,,,,,,,,,,,,,,,,,,,,,,,,,,,,,,,guidepost,,,,,,,,,,,,,,,,,,,,,,,,,,,,,,,,,,,,,yes,,GR13,,,confidence,,,,,,,,,,,,,,,,,,,,,,,,,,,,,,,,,,,,,,,,,,,,,,,,,
Point,-8.7572031,37.1429368,node/3411088361,,,,,,,,,,,,,,,GR13 Via Algarviana,,,,,,,,,,,,,,,,,,,information,,,,,,,,,,,,,,,,,,,,,,,,,,,,,,,,,,,,,,,,,,,,,,,,,,,,,,,,,,,,,,,,,,,,,,,,,,,guidepost,,,,,,,,,,,,,,,,,,,,,,,,,,,,,,,,,,,,,yes,,GR13,,,confidence,wall,,,,,,,,,,,,,,,,,,,,,,,,,,,,,,,,,,,,,,,,,,,,,,,,
Point,-8.7550608,37.1429571,node/3411088362,,,,,,,,,,,,,,,GR13 Via Algarviana,,,,,,,,,,,,,,,,,,,information,,,,,,,,,,,,,,,,,,,,,,,,,,,,,,,,,,,,,,,,,,,,,,,,,,,,,,,,,,,,,,,,,,,,,,,,,,,guidepost,,,,,,,,,,,,,,,,,,,,,,,,,,,,,,,,,,,,,yes,,GR13,,,direction,,,,,,,,,,,,,,,,,,,,,,,,,,,,,,,,,,,,,,,,,,,,,,,,,
Point,-8.7641858,37.1437266,node/3411088363,,,,,,,,,,,,,,,GR13 Via Algarviana,,,,,,,,,,,,,,,,,,,information,,,,,,,,,,,,,,,,,,,,,,,,,,,,,,,,,,,,,,,,,,,,,,,,,,,,,,,,,,,,,,,,,,,,,,,,,,,guidepost,,,,,,,,,,,,,,,,,,,,,,,,,,,,,,,,,,,,,yes,,GR13,,,direction,,,,,,,,,,,,,,,,,,,,,,,,,,,,,,,,,,,,,,,,,,,,,,,,,
Point,-8.7645202,37.1438694,node/3411088364,,,,,,,,,,,,,,,GR13 Via Algarviana,,,,,,,,,,,,,,,,,,,information,,,,,,,,,,,,,,,,,,,,,,,,,,,,,,,,,,,,,,,,,,,,,,,,,,,,,,,,,,,,,,,,,,,,,,,,,,,guidepost,,,,,,,,,,,,,,,,,,,,,,,,,,,,,,,,,,,,,yes,,GR13,,,direction,,,,,,,,,,,,,,,,,,,,,,,,,,,,,,,,,,,,,,,,,,,,,,,,,
Point,-8.7536551,37.1440004,node/3411088365,,,,,,,,,,,,,,,GR13 Via Algarviana,,,,,,,,,,,,,,,,,,,information,,,,,,,,,,,,,,,,,,,,,,,,,,,,,,,,,,,,,,,,,,,,,,,,,,,,,,,,,,,,,,,,,,,,,,,,,,,guidepost,,,,,,,,,,,,,,,,,,,,,,,,,,,,,,,,,,,,,yes,,GR13,,,direction,,,,,,,,,,,,,,,,,,,,,,,,,,,,,,,,,,,,,,,,,,,,,,,,,
Point,-8.7546589,37.145074,node/3411088366,,,,,,,,,,,,,,,GR13 Via Algarviana,,,,,,,,,,,,,,,,,,,information,,,,,,,,,,,,,,,,,,,,,,,,,,,,,,,,,,,,,,,,,,,,,,,,,,,,,,,,,,,,,,,,,,,,,,,,,,,guidepost,,,,,,,,,,,,,,,,,,,,,,,,,,,,,,,,,,,,,yes,,GR13,,,direction,,,,,,,,,,,,,,,,,,,,,,,,,,,,,,,,,,,,,,,,,,,,,,,,,
Point,-8.7546828,37.1454378,node/3411088367,,,,,,,,,,,,,,,GR13 Via Algarviana,,,,,,,,,,,,,,,,,,,information,,,,,,,,,,,,,,,,,,,,,,,,,,,,,,,,,,,,,,,,,,,,,,,,,,,,,,,,,,,,,,,,,,,,,,,,,,,guidepost,,,,,,,,,,,,,,,,,,,,,,,,,,,,,,,,,,,,,yes,,GR13,,,direction,,,,,,,,,,,,,,,,,,,,,,,,,,,,,,,,,,,,,,,,,,,,,,,,,
Point,-8.7527567,37.1469776,node/3411088368,,,,,,,,,,,,,,,GR13 Via Algarviana,,,,,,,,,,,,,,,,,,,information,,,,,,,,,,,,,,,,,,,,,,,,,,,,,,,,,,,,,,,,,,,,,,,,,,,,,,,,,,,,,,,,,,,,,,,,,,,guidepost,,,,,,,,,,,,,,,,,,,,,,,,,,,,,,,,,,,,,yes,,GR13,,,confidence,,,,,,,,,,,,,,,,,,,,,,,,,,,,,,,,,,,,,,,,,,,,,,,,,
Point,-8.7523634,37.1474104,node/3411088369,,,,,,,,,,,,,,,GR13 Via Algarviana,,,,,,,,,,,,,,,,,,,information,,,,,,,,,,,,,,,,,,,,,,,,,,,,,,,,,,,,,,,,,,,,,,,,,,,,,,,,,,,,,,,,,,,,,,,,,,,guidepost,,,,,,,,,,,,,,,,,,,,,,,,,,,,,,,,,,,,,yes,,GR13,,,direction,,,,,,,,,,,,,,,,,,,,,,,,,,,,,,,,,,,,,,,,,,,,,,,,,
Point,-8.7714097,37.141252,node/3411088845,,,,,,,,,,,,,,,GR13 Wrong way,,,,,,,,,,,,,,,,,,,information,,,,,,,,,,,,,,,,,,,,,,,,,,,,,,,,,,,,,,,,,,,,,0.5,,,,,,,,,,,,,,,,,,,,,,,,,,,,,,guidepost,,,,,,,,,,,,,,,,,,,,,,,,,,,,,,,,,,,,,yes,,GR13,,,direction_no,pole,intermediary,pole,,,,,,,,,,,,,,,,,,,,,,,,,,,,,,,,,,,,,,,,,,,,,,
Point,-8.7716652,37.1417246,node/3411088846,,,,,,,,,,,,,,,GR13 Wrong way,,,,,,,,,,,,,,,,,,,information,,,,,,,,,,,,,,,,,,,,,,,,,,,,,,,,,,,,,,,,,,,,,0.5,,,,,,,,,,,,,,,,,,,,,,,,,,,,,,guidepost,,,,,,,,,,,,,,,,,,,,,,,,,,,,,,,,,,,,,yes,,GR13,,,direction_no,pole,intermediary,pole,,,,,,,,,,,,,,,,,,,,,,,,,,,,,,,,,,,,,,,,,,,,,,
Point,-8.7600451,37.1422747,node/3411088847,,,,,,,,,,,,,,,GR13 Wrong way,,,,,,,,,,,,,,,,,,,information,,,,,,,,,,,,,,,,,,,,,,,,,,,,,,,,,,,,,,,,,,,,,0.5,,,,,,,,,,,,,,,,,,,,,,,,,,,,,,guidepost,,,,,,,,,,,,,,,,,,,,,,,,,,,,,,,,,,,,,yes,,GR13,,,direction_no,pole,intermediary,pole,,,,,,,,,,,,,,,,,,,,,,,,,,,,,,,,,,,,,,,,,,,,,,
Point,-8.7577671,37.1430507,node/3411088848,,,,,,,,,,,,,,,GR13 Wrong way,,,,,,,,,,,,,,,,,,,information,,,,,,,,,,,,,,,,,,,,,,,,,,,,,,,,,,,,,,,,,,,,,0.5,,,,,,,,,,,,,,,,,,,,,,,,,,,,,,guidepost,,,,,,,,,,,,,,,,,,,,,,,,,,,,,,,,,,,,,yes,,GR13,,,direction_no,pole,intermediary,pole,,,,,,,,,,,,,,,,,,,,,,,,,,,,,,,,,,,,,,,,,,,,,,
Point,-8.764469,37.1440497,node/3411088849,,,,,,,,,,,,,,,GR13 Wrong way,,,,,,,,,,,,,,,,,,,information,,,,,,,,,,,,,,,,,,,,,,,,,,,,,,,,,,,,,,,,,,,,,0.5,,,,,,,,,,,,,,,,,,,,,,,,,,,,,,guidepost,,,,,,,,,,,,,,,,,,,,,,,,,,,,,,,,,,,,,yes,,GR13,,,direction_no,pole,intermediary,pole,,,,,,,,,,,,,,,,,,,,,,,,,,,,,,,,,,,,,,,,,,,,,,
Point,-8.7545856,37.1453368,node/3411088850,,,,,,,,,,,,,,,GR13 Wrong way,,,,,,,,,,,,,,,,,,,information,,,,,,,,,,,,,,,,,,,,,,,,,,,,,,,,,,,,,,,,,,,,,0.5,,,,,,,,,,,,,,,,,,,,,,,,,,,,,,guidepost,,,,,,,,,,,,,,,,,,,,,,,,,,,,,,,,,,,,,yes,,GR13,,,direction_no,pole,intermediary,pole,,,,,,,,,,,,,,,,,,,,,,,,,,,,,,,,,,,,,,,,,,,,,,
Point,-8.7549552,37.1453476,node/3411088851,,,,,,,,,,,,,,,GR13 Wrong way,,,,,,,,,,,,,,,,,,,information,,,,,,,,,,,,,,,,,,,,,,,,,,,,,,,,,,,,,,,,,,,,,0.5,,,,,,,,,,,,,,,,,,,,,,,,,,,,,,guidepost,,,,,,,,,,,,,,,,,,,,,,,,,,,,,,,,,,,,,yes,,GR13,,,direction_no,pole,intermediary,pole,,,,,,,,,,,,,,,,,,,,,,,,,,,,,,,,,,,,,,,,,,,,,,
Point,-8.754913,37.1454435,node/3411088852,,,,,,,,,,,,,,,GR13 Wrong way,,,,,,,,,,,,,,,,,,,information,,,,,,,,,,,,,,,,,,,,,,,,,,,,,,,,,,,,,,,,,,,,,0.5,,,,,,,,,,,,,,,,,,,,,,,,,,,,,,guidepost,,,,,,,,,,,,,,,,,,,,,,,,,,,,,,,,,,,,,yes,,GR13,,,direction_no,pole,intermediary,pole,,,,,,,,,,,,,,,,,,,,,,,,,,,,,,,,,,,,,,,,,,,,,,
Point,-8.7480875,37.1428281,node/3411289610,,,,,,,,,,,,,,,GR13 Via Algarviana,,,,,,,,,,,,,,,,,,,information,,,,,,,,,,,,,,,,,,,,,,,,,,,,,,,,,,,,,,,,,,,,,,,,,,,,,,,,,,,,,,,,,,,,,,,,,,,guidepost,,,,,,,,,,,,,,,,,,,,,,,,,,,,,,,,,,,,,yes,,GR13,,,direction,,,,,,,,,,,,,,,,,,,,,,,,,,,,,,,,,,,,,,,,,,,,,,,,,
Point,-8.7476862,37.1428522,node/3411289611,,,,,,,,,,,,,,,GR13 Via Algarviana,,,,,,,,,,,,,,,,,,,information,,,,,,,,,,,,,,,,,,,,,,,,,,,,,,,,,,,,,,,,,,,,,,,,,,,,,,,,,,,,,,,,,,,,,,,,,,,guidepost,,,,,,,,,,,,,,,,,,,,,,,,,,,,,,,,,,,,,yes,,GR13,,,direction,,,,,,,,,,,,,,,,,,,,,,,,,,,,,,,,,,,,,,,,,,,,,,,,,
Point,-8.7469357,37.1437049,node/3411289612,,,,,,,,,,,,,,,GR13 Via Algarviana,,,,,,,,,,,,,,,,,,,information,,,,,,,,,,,,,,,,,,,,,,,,,,,,,,,,,,,,,,,,,,,,,,,,,,,,,,,,,,,,,,,,,,,,,,,,,,,guidepost,,,,,,,,,,,,,,,,,,,,,,,,,,,,,,,,,,,,,yes,,GR13,,,confidence,,,,,,,,,,,,,,,,,,,,,,,,,,,,,,,,,,,,,,,,,,,,,,,,,
Point,-8.7498874,37.1448013,node/3411289613,,,,,,,,,,,,,,,GR13 Via Algarviana,,,,,,,,,,,,,,,,,,,information,,,,,,,,,,,,,,,,,,,,,,,,,,,,,,,,,,,,,,,,,,,,,,,,,,,,,,,,,,,,,,,,,,,,,,,,,,,guidepost,,,,,,,,,,,,,,,,,,,,,,,,,,,,,,,,,,,,,yes,,GR13,,,confidence,,,,,,,,,,,,,,,,,,,,,,,,,,,,,,,,,,,,,,,,,,,,,,,,,
Point,-8.745709,37.1451312,node/3411289614,,,,,,,,,,,,,,,GR13 Via Algarviana,,,,,,,,,,,,,,,,,,,information,,,,,,,,,,,,,,,,,,,,,,,,,,,,,,,,,,,,,,,,,,,,,,,,,,,,,,,,,,,,,,,,,,,,,,,,,,,guidepost,,,,,,,,,,,,,,,,,,,,,,,,,,,,,,,,,,,,,yes,,GR13,,,confidence,,,,,,,,,,,,,,,,,,,,,,,,,,,,,,,,,,,,,,,,,,,,,,,,,
Point,-8.7517819,37.1468361,node/3411289615,,,,,,,,,,,,,,,GR13 Via Algarviana,,,,,,,,,,,,,,,,,,,information,,,,,,,,,,,,,,,,,,,,,,,,,,,,,,,,,,,,,,,,,,,,,,,,,,,,,,,,,,,,,,,,,,,,,,,,,,,guidepost,,,,,,,,,,,,,,,,,,,,,,,,,,,,,,,,,,,,,yes,,GR13,,,confidence,,,,,,,,,,,,,,,,,,,,,,,,,,,,,,,,,,,,,,,,,,,,,,,,,
Point,-8.7448422,37.1470322,node/3411289616,,,,,,,,,,,,,,,GR13 Via Algarviana,,,,,,,,,,,,,,,,,,,information,,,,,,,,,,,,,,,,,,,,,,,,,,,,,,,,,,,,,,,,,,,,,,,,,,,,,,,,,,,,,,,,,,,,,,,,,,,guidepost,,,,,,,,,,,,,,,,,,,,,,,,,,,,,,,,,,,,,yes,,GR13,,,confidence,pole,,,,,,,,,,,,,,,,,,,,,,,,,,,,,,,,,,,,,,,,,,,,,,,,
Point,-8.7447384,37.1471937,node/3411289617,,,,,,,,,,,,,,,GR13 Via Algarviana,,,,,,,,,,,,,,,,,,,information,,,,,,,,,,,,,,,,,,,,,,,,,,,,,,,,,,,,,,,,,,,,,,,,,,,,,,,,,,,,,,,,,,,,,,,,,,,guidepost,,,,,,,,,,,,,,,,,,,,plastic,,,,,,,,,,,,,,,,,yes,,GR13,,,confidence,boulder,,,,,,,,,,,,,,,,,,,,,,,,,,,,,,,,,,,,,,,,,,,,,,,,
Point,-8.7525199,37.1474648,node/3411289618,,,,,,,,,,,,,,,GR13 Via Algarviana,,,,,,,,,,,,,,,,,,,information,,,,,,,,,,,,,,,,,,,,,,,,,,,,,,,,,,,,,,,,,,,,,,,,,,,,,,,,,,,,,,,,,,,,,,,,,,,guidepost,,,,,,,,,,,,,,,,,,,,,,,,,,,,,,,,,,,,,yes,,GR13,,,confidence,,,,,,,,,,,,,,,,,,,,,,,,,,,,,,,,,,,,,,,,,,,,,,,,,
Point,-8.7443402,37.1482959,node/3411289619,,,,,,,,,,,,,,,GR13 Via Algarviana,,,,,,,,,,,,,,,,,,,information,,,,,,,,,,,,,,,,,,,,,,,,,,,,,,,,,,,,,,,,,,,,,,,,,,,,,,,,,,,,,,,,,,,,,,,,,,,guidepost,,,,,,,,,,,,,,,,,,,,plastic,,,,,,,,,,,,,,,,,yes,,GR13,,,confidence,boulder,,,,,,,,,,,,,,,,,,,,,,,,,,,,,,,,,,,,,,,,,,,,,,,,
Point,-8.7423993,37.1495936,node/3411289620,,,,,,,,,,,,,,,GR13 Via Algarviana,,,,,,,,,,,,,,,,,,,information,,,,,,,,,,,,,,,,,,,,,,,,,,,,,,,,,,,,,,,,,,,,,,,,,,,,,,,,,,,,,,,,,,,,,,,,,,,guidepost,,,,,,,,,,,,,,,,,,,,,,,,,,,,,,,,,,,,,yes,,GR13,,,direction,,,,,,,,,,,,,,,,,,,,,,,,,,,,,,,,,,,,,,,,,,,,,,,,,
Point,-8.741756,37.1499259,node/3411289621,,,,,,,,,,,,,,,GR13 Via Algarviana,,,,,,,,,,,,,,,,,,,information,,,,,,,,,,,,,,,,,,,,,,,,,,,,,,,,,,,,,,,,,,,,,,,,,,,,,,,,,,,,,,,,,,,,,,,,,,,guidepost,,,,,,,,,,,,,,,,,,,,,,,,,,,,,,,,,,,,,yes,,GR13,,,direction,pole,,,,,,,,,,,,,,,,,,,,,,,,,,,,,,,,,,,,,,,,,,,,,,,,
Point,-8.741401,37.1502229,node/3411289622,,,,,,,,,,,,,,,GR13 Via Algarviana,,,,,,,,,,,,,,,,,,,information,,,,,,,,,,,,,,,,,,,,,,,,,,,,,,,,,,,,,,,,,,,,,,,,,,,,,,,,,,,,,,,,,,,,,,,,,,,guidepost,,,,,,,,,,,,,,,,,,,,paint,,,,,,,,,,,,,,,,,yes,,GR13,,,direction,pole,,,,,,,,,,,,,,,,,,,,,,,,,,,,,,,,,,,,,,,,,,,,,,,,
Point,-8.7405387,37.150684,node/3411289623,,,,,,,,,,,,,,,GR13 Via Algarviana,,,,,,,,,,,,,,,,,,,information,,,,,,,,,,,,,,,,,,,,,,,,,,,,,,,,,,,,,,,,,,,,,,,,,,,,,,,,,,,,,,,,,,,,,,,,,,,guidepost,,,,,,,,,,,,,,,,,,,,,,,,,,,,,,,,,,,,,yes,,GR13,,,confidence,rock,,,,,,,,,,,,,,,,,,,,,,,,,,,,,,,,,,,,,,,,,,,,,,,,
Point,-8.7399718,37.1509214,node/3411289624,,,,,,,,,,,,,,,GR13 Via Algarviana,,,,,,,,,,,,,,,,,,,information,,,,,,,,,,,,,,,,,,,,,,,,,,,,,,,,,,,,,,,,,,,,,,,,,,,,,,,,,,,,,,,,,,,,,,,,,,,guidepost,,,,,,,,,,,,,,,,,,,,,,,,,,,,,,,,,,,,,yes,,GR13,,,confidence,mast,,,,,,,,,,,,,,,,,,,,,,,,,,,,,,,,,,,,,,,,,,,,,,,,
Point,-8.7390741,37.1511701,node/3411289625,,,,,,,,,,,,,,,GR13 Via Algarviana,,,,,,,,,,,,,,,,,,,information,,,,,,,,,,,,,,,,,,,,,,,,,,,,,,,,,,,,,,,,,,,,,,,,,,,,,,,,,,,,,,,,,,,,,,,,,,,guidepost,,,,,,,,,,,,,,,,,,,,,,,,,,,,,,,,,,,,,yes,,GR13,,,direction,,,,,,,,,,,,,,,,,,,,,,,,,,,,,,,,,,,,,,,,,,,,,,,,,
Point,-8.7387964,37.1512423,node/3411289626,,,,,,,,,,,,,,,GR13 Via Algarviana,,,,,,,,,,,,,,,,,,,information,,,,,,,,,,,,,,,,,,,,,,,,,,,,,,,,,,,,,,,,,,,,,,,,,,,,,,,,,,,,,,,,,,,,,,,,,,,guidepost,,,,,,,,,,,,,,,,,,,,,,,,,,,,,,,,,,,,,yes,,GR13,,,direction,,,,,,,,,,,,,,,,,,,,,,,,,,,,,,,,,,,,,,,,,,,,,,,,,
Point,-8.7479501,37.1426264,node/3411289632,,,,,,,,,,,,,,,GR13 Wrong way,,,,,,,,,,,,,,,,,,,information,,,,,,,,,,,,,,,,,,,,,,,,,,,,,,,,,,,,,,,,,,,,,0.5,,,,,,,,,,,,,,,,,,,,,,,,,,,,,,guidepost,,,,,,,,,,,,,,,,,,,,,,,,,,,,,,,,,,,,,yes,,GR13,,,direction_no,pole,intermediary,pole,,,,,,,,,,,,,,,,,,,,,,,,,,,,,,,,,,,,,,,,,,,,,,
Point,-8.7449205,37.1470528,node/3411289633,,,,,,,,,,,,,,,GR13 Wrong way,,,,,,,,,,,,,,,,,,,information,,,,,,,,,,,,,,,,,,,,,,,,,,,,,,,,,,,,,,,,,,,,,0.5,,,,,,,,,,,,,,,,,,,,,,,,,,,,,,guidepost,,,,,,,,,,,,,,,,,,,,,,,,,,,,,,,,,,,,,yes,,GR13,,,direction_no,pole,intermediary,pole,,,,,,,,,,,,,,,,,,,,,,,,,,,,,,,,,,,,,,,,,,,,,,
Point,-8.7406672,37.1505009,node/3411289634,,,,,,,,,,,,,,,GR13 Wrong way,,,,,,,,,,,,,,,,,,,information,,,,,,,,,,,,,,,,,,,,,,,,,,,,,,,,,,,,,,,,,,,,,0.5,,,,,,,,,,,,,,,,,,,,,,,,,,,,,,guidepost,,,,,,,,,,,,,,,,,,,,,,,,,,,,,,,,,,,,,yes,,GR13,,,direction_no,pole,intermediary,pole,,,,,,,,,,,,,,,,,,,,,,,,,,,,,,,,,,,,,,,,,,,,,,
Point,-8.7369968,37.1558823,node/3414776502,,,,,,,,,,,,,,,GR13 Via Algarviana Bensafrim to Vila do Bispo,,,,,,,,,,,,,,,,,,,information,,,,,,,,,,,,,,,,,,,,,,,,,,,,,,,,,,,,,,,,,,,,,,,,,,,,,,,,,,,,,,,,,,,,,,,,,,,map,,,,,,,,,,,,,,,,,,,,,,,,,,,,,,,,,,,,,yes,,,,,,,,,,,,,,,,,,,,,,,,,,,,,,,,,,,,,,,,,,,,,,,,,,,,,,
Point,-8.7325995,37.153673,node/3414776503,,,,,,,,,,,,,,,GR13 Via Algarviana,,,,,,,,,,,,,,,,,,,information,,,,,,,,,,,,,,,,,,,,,,,,,,,,,,,,,,,,,,,,,,,,,,,,,,,,,,,,,,,,,,,,,,,,,,,,,,,guidepost,,,,,,,,,,,,,,,,,,,,,,,,,,,,,,,,,,,,,yes,,GR13,,,direction,,,,,,,,,,,,,,,,,,,,,,,,,,,,,,,,,,,,,,,,,,,,,,,,,
Point,-8.7324102,37.1538859,node/3414776504,,,,,,,,,,,,,,,GR13 Via Algarviana,,,,,,,,,,,,,,,,,,,information,,,,,,,,,,,,,,,,,,,,,,,,,,,,,,,,,,,,,,,,,,,,,,,,,,,,,,,,,,,,,,,,,,,,,,,,,,,guidepost,,,,,,,,,,,,,,,,,,,,,,,,,,,,,,,,,,,,,yes,,GR13,,,direction,,,,,,,,,,,,,,,,,,,,,,,,,,,,,,,,,,,,,,,,,,,,,,,,,
Point,-8.732326,37.1539625,node/3414776505,,,,,,,,,,,,,,,GR13 Via Algarviana,,,,,,,,,,,,,,,,,,,information,,,,,,,,,,,,,,,,,,,,,,,,,,,,,,,,,,,,,,,,,,,,,,,,,,,,,,,,,,,,,,,,,,,,,,,,,,,guidepost,,,,,,,,,,,,,,,,,,,,,,,,,,,,,,,,,,,,,yes,,GR13,,,direction,,,,,,,,,,,,,,,,,,,,,,,,,,,,,,,,,,,,,,,,,,,,,,,,,
Point,-8.7325449,37.1542077,node/3414776506,,,,,,,,,,,,,,,GR13 Via Algarviana,,,,,,,,,,,,,,,,,,,information,,,,,,,,,,,,,,,,,,,,,,,,,,,,,,,,,,,,,,,,,,,,,,,,,,,,,,,,,,,,,,,,,,,,,,,,,,,guidepost,,,,,,,,,,,,,,,,,,,,,,,,,,,,,,,,,,,,,yes,,GR13,,,direction,streetlamp,,,,,,,,,,,,,,,,,,,,,,,,,,,,,,,,,,,,,,,,,,,,,,,,
Point,-8.7334343,37.1551183,node/3414776507,,,,,,,,,,,,,,,GR13 Via Algarviana,,,,,,,,,,,,,,,,,,,information,,,,,,,,,,,,,,,,,,,,,,,,,,,,,,,,,,,,,,,,,,,,,,,,,,,,,,,,,,,,,,,,,,,,,,,,,,,guidepost,,,,,,,,,,,,,,,,,,,,,,,,,,,,,,,,,,,,,yes,,GR13,,,confidence,streetlamp,,,,,,,,,,,,,,,,,,,,,,,,,,,,,,,,,,,,,,,,,,,,,,,,
Point,-8.7335915,37.15532,node/3414776508,,,,,,,,,,,,,,,GR13 Via Algarviana,,,,,,,,,,,,,,,,,,,information,,,,,,,,,,,,,,,,,,,,,,,,,,,,,,,,,,,,,,,,,,,,,,,,,,,,,,,,,,,,,,,,,,,,,,,,,,,guidepost,,,,,,,,,,,,,,,,,,,,,,,,,,,,,,,,,,,,,yes,,GR13,,,direction,,,,,,,,,,,,,,,,,,,,,,,,,,,,,,,,,,,,,,,,,,,,,,,,,
Point,-8.7354777,37.1554663,node/3414776509,,,,,,,,,,,,,,,GR13 Via Algarviana,,,,,,,,,,,,,,,,,,,information,,,,,,,,,,,,,,,,,,,,,,,,,,,,,,,,,,,,,,,,,,,,,,,,,,,,,,,,,,,,,,,,,,,,,,,,,,,guidepost,,,,,,,,,,,,,,,,,,,,paint,,,,,,,,,,,,,,,,,yes,,GR13,,,confidence,wall,,,,,,,,,,,,,,,,,,,,,,,,,,,,,,,,,,,,,,,,,,,,,,,,
Point,-8.7357365,37.1557146,node/3414776510,,,,,,,,,,,,,,,GR13 Via Algarviana,,,,,,,,,,,,,,,,,,,information,,,,,,,,,,,,,,,,,,,,,,,,,,,,,,,,,,,,,,,,,,street_lamp,,,,,,,,,,,,,,,,,,,,,,,,,,,,,,,,,guidepost,,,,,,,,,,,,,,,,,,,,paint,,,,,,,,,,,,,,,,,yes,,GR13,,,direction,streetlamp,,,,,,,,,,,,,,,,,,,,,,,,,,,,,,,,,,,,,,,,,,,,,,,,
Point,-8.7341323,37.1557202,node/3414776511,,,,,,,,,,,,,,,GR13 Via Algarviana,,,,,,,,,,,,,,,,,,,information,,,,,,,,,,,,,,,,,,,,,,,,,,,,,,,,,,,,,,,,,,,,,,,,,,,,,,,,,,,,,,,,,,,,,,,,,,,guidepost,,,,,,,,,,,,,,,,,,,,,,,,,,,,,,,,,,,,,yes,,GR13,,,direction,,,,,,,,,,,,,,,,,,,,,,,,,,,,,,,,,,,,,,,,,,,,,,,,,
Point,-8.7360107,37.1557475,node/3414776512,,,,,,,,,,,,,,,GR13 Via Algarviana,,,,,,,,,,,,,,,,,,,information,,,,,,,,,,,,,,,,,,,,,,,,,,,,,,,,,,,,,,,,,,,,,,,,,,,,,,,,,,,,,,,,,,,,,,,,,,,guidepost,,,,,,,,,,,,,,,,,,,,paint,,,,,,,,,,,,,,,,,yes,,GR13,,,confidence,mast,,,,,,,,,,,,,,,,,,,,,,,,,,,,,,,,,,,,,,,,,,,,,,,,
Point,-8.7364256,37.1557686,node/3414776513,,,,,,,,,,,,,,,GR13 Via Algarviana,,,,,,,,,,,,,,,,,,,information,,,,,,,,,,,,,,,,,,,,,,,,,,,,,,,,,,,,,,,,,,street_lamp,,,,,,,,,,,,,,,,,,,,,,,,,,,,,,,,,guidepost,,,,,,,,,,,,,,,,,,,,paint,,,,,,,,,,,,,,,,,yes,,GR13,,,confidence,streetlamp,,,,,,,,,,,,,,,,,,,,,,,,,,,,,,,,,,,,,,,,,,,,,,,,
Point,-8.7314351,37.1557956,node/3414776514,,,,,,,,,,,,,,,GR13 Via Algarviana,,,,,,,,,,,,,,,,,,,information,,,,,,,,,,,,,,,,,,,,,,,,,,,,,,,,,,,,,,,,,,,,,,,,,,,,,,,,,,,,,,,,,,,,,,,,,,,guidepost,,,,,,,,,,,,,,,,,,,,paint,,,,,,,,,,,,,,,,,yes,,GR13,,,confidence,mast,,,,,,,,,,,,,,,,,,,,,,,,,,,,,,,,,,,,,,,,,,,,,,,,
Point,-8.7320743,37.1558071,node/3414776515,,,,,,,,,,,,,,,GR13 Via Algarviana,,,,,,,,,,,,,,,,,,,information,,,,,,,,,,,,,,,,,,,,,,,,,,,,,,,,,,,,,,,,,,,,,,,,,,,,,,,,,,,,,,,,,,,,,,,,,,,guidepost,,,,,,,,,,,,,,,,,,,,paint,,,,,,,,,,,,,,,,,yes,,GR13,,,confidence,mast,,,,,,,,,,,,,,,,,,,,,,,,,,,,,,,,,,,,,,,,,,,,,,,,
Point,-8.7369962,37.1558951,node/3414776516,,,,,,,,,,,,,,,GR13 Via Algarviana,,,,,,,,,,,,,,,,,,,information,,,,,,,,,,,,,,,,,,,,,,,,,,,,,,,,,,,,,,,,,,,,,,,,,,,,,,,,,,,,,,,,,,,,,,,,,,,guidepost,,,,,,,,,,,,,,,,,,,,,,,,,,,,,,,,,,,,,yes,,GR13,,,direction,,,,,,,,,,,,,,,,,,,,,,,,,,,,,,,,,,,,,,,,,,,,,,,,,
Point,-8.7308512,37.1559041,node/3414776517,,,,,,,,,,,,,,,GR13 Via Algarviana,,,,,,,,,,,,,,,,,,,information,,,,,,,,,,,,,,,,,,,,,,,,,,,,,,,,,,,,,,,,,,,,,,,,,,,,,,,,,,,,,,,,,,,,,,,,,,,guidepost,,,,,,,,,,,,,,,,,,,,,,,,,,,,,,,,,,,,,yes,,GR13,,,confidence,,,,,,,,,,,,,,,,,,,,,,,,,,,,,,,,,,,,,,,,,,,,,,,,,
Point,-8.7332922,37.155941,node/3414776518,,,,,,,,,,,,,,,GR13 Via Algarviana,,,,,,,,,,,,,,,,,,,information,,,,,,,,,,,,,,,,,,,,,,,,,,,,,,,,,,,,,,,,,,,,,,,,,,,,,,,,,,,,,,,,,,,,,,,,,,,guidepost,,,,,,,,,,,,,,,,,,,,paint,,,,,,,,,,,,,,,,,yes,,GR13,,,direction,mast,,,,,,,,,,,,,,,,,,,,,,,,,,,,,,,,,,,,,,,,,,,,,,,,
Point,-8.7335523,37.1559421,node/3414776519,,,,,,,,,,,,,,,GR13 Via Algarviana,,,,,,,,,,,,,,,,,,,information,,,,,,,,,,,,,,,,,,,,,,,,,,,,,,,,,,,,,,,,,,,,,,,,,,,,,,,,,,,,,,,,,,,,,,,,,,,guidepost,,,,,,,,,,,,,,,,,,,,paint,,,,,,,,,,,,,,,,,yes,,GR13,,,direction,mast,,,,,,,,,,,,,,,,,,,,,,,,,,,,,,,,,,,,,,,,,,,,,,,,
Point,-8.7358183,37.1559489,node/3414776520,,,,,,,,,,,,,,,GR13 Via Algarviana,,,,,,,,,,,,,,,,,,,information,,,,,,,,,,,,,,,,,,,,,,,,,,,,,,,,,,,,,,,,,,street_lamp,,,,,,,,,,,,,,,,,,,,,,,,,,,,,,,,,guidepost,,,,,,,,,,,,,,,,,,,,paint,,,,,,,,,,,,,,,,,yes,,GR13,,,confidence,streetlamp,,,,,,,,,,,,,,,,,,,,,,,,,,,,,,,,,,,,,,,,,,,,,,,,
Point,-8.7350553,37.1559676,node/3414776521,,,,,,,,,,,,,,,GR13 Via Algarviana,,,,,,,,,,,,,,,,,,,information,,,,,,,,,,,,,,,,,,,,,,,,,,,,,,,,,,,,,,,,,,,,,,,,,,,,,,,,,,,,,,,,,,,,,,,,,,,guidepost,,,,,,,,,,,,,,,,,,,,paint,,,,,,,,,,,,,,,,,yes,,GR13,,,confidence,mast,,,,,,,,,,,,,,,,,,,,,,,,,,,,,,,,,,,,,,,,,,,,,,,,
Point,-8.736746,37.1559714,node/3414776522,,,,,,,,,,,,,,,GR13 Via Algarviana,,,,,,,,,,,,,,,,,,,information,,,,,,,,,,,,,,,,,,,,,,,,,,,,,,,,,,,,,,,,,,street_lamp,,,,,,,,,,,,,,,,,,,,,,,,,,,,,,,,,guidepost,,,,,,,,,,,,,,,,,,,,paint,,,,,,,,,,,,,,,,,yes,,GR13,,,confidence,streetlamp,,,,,,,,,,,,,,,,,,,,,,,,,,,,,,,,,,,,,,,,,,,,,,,,
Point,-8.7326356,37.1559764,node/3414776523,,,,,,,,,,,,,,,GR13 Via Algarviana,,,,,,,,,,,,,,,,,,,information,,,,,,,,,,,,,,,,,,,,,,,,,,,,,,,,,,,,,,,,,,,,,,,,,,,,,,,,,,,,,,,,,,,,,,,,,,,guidepost,,,,,,,,,,,,,,,,,,,,paint,,,,,,,,,,,,,,,,,yes,,GR13,,,confidence,mast,,,,,,,,,,,,,,,,,,,,,,,,,,,,,,,,,,,,,,,,,,,,,,,,
Point,-8.7347091,37.1559977,node/3414776524,,,,,,,,,,,,,,,GR13 Via Algarviana,,,,,,,,,,,,,,,,,,,information,,,,,,,,,,,,,,,,,,,,,,,,,,,,,,,,,,,,,,,,,,,,,,,,,,,,,,,,,,,,,,,,,,,,,,,,,,,guidepost,,,,,,,,,,,,,,,,,,,,paint,,,,,,,,,,,,,,,,,yes,,GR13,,,confidence,house,,,,,,,,,,,,,,,,,,,,,,,,,,,,,,,,,,,,,,,,,,,,,,,,
Point,-8.7327959,37.1560226,node/3414776525,,,,,,,,,,,,,,,GR13 Via Algarviana,,,,,,,,,,,,,,,,,,,information,,,,,,,,,,,,,,,,,,,,,,,,,,,,,,,,,,,,,,,,,,,,,,,,,,,,,,,,,,,,,,,,,,,,,,,,,,,guidepost,,,,,,,,,,,,,,,,,,,,plastic,,,,,,,,,,,,,,,,,yes,,GR13,,,direction,mast,,,,,,,,,,,,,,,,,,,,,,,,,,,,,,,,,,,,,,,,,,,,,,,,
Point,-8.7278334,37.1570862,node/3414776526,,,,,,,,,,,,,,,GR13 Via Algarviana,,,,,,,,,,,,,,,,,,,information,,,,,,,,,,,,,,,,,,,,,,,,,,,,,,,,,,,,,,,,,,,,,,,,,,,,,,,,,,,,,,,,,,,,,,,,,,,guidepost,,,,,,,,,,,,,,,,,,,,,,,,,,,,,,,,,,,,,yes,,GR13,,,confidence,,,,,,,,,,,,,,,,,,,,,,,,,,,,,,,,,,,,,,,,,,,,,,,,,
Point,-8.7248246,37.1573173,node/3414776527,,,,,,,,,,,,,,,GR13 Via Algarviana,,,,,,,,,,,,,,,,,,,information,,,,,,,,,,,,,,,,,,,,,,,,,,,,,,,,,,,,,,,,,,,,,,,,,,,,,,,,,,,,,,,,,,,,,,,,,,,guidepost,,,,,,,,,,,,,,,,,,,,,,,,,,,,,,,,,,,,,yes,,GR13,,,confidence,,,,,,,,,,,,,,,,,,,,,,,,,,,,,,,,,,,,,,,,,,,,,,,,,
Point,-8.7213614,37.157597,node/3414776528,,,,,,,,,,,,,,,GR13 Via Algarviana,,,,,,,,,,,,,,,,,,,information,,,,,,,,,,,,,,,,,,,,,,,,,,,,,,,,,,,,,,,,,,,,,,,,,,,,,,,,,,,,,,,,,,,,,,,,,,,guidepost,,,,,,,,,,,,,,,,,,,,,,,,,,,,,,,,,,,,,yes,,GR13,,,direction,,,,,,,,,,,,,,,,,,,,,,,,,,,,,,,,,,,,,,,,,,,,,,,,,
Point,-8.7157662,37.1595386,node/3414776529,,,,,,,,,,,,,,,GR13 Via Algarviana,,,,,,,,,,,,,,,,,,,information,,,,,,,,,,,,,,,,,,,,,,,,,,,,,,,,,,,,,,,,,,,,,,,,,,,,,,,,,,,,,,,,,,,,,,,,,,,guidepost,,,,,,,,,,,,,,,,,,,,,,,,,,,,,,,,,,,,,yes,,GR13,,,confidence,,,,,,,,,,,,,,,,,,,,,,,,,,,,,,,,,,,,,,,,,,,,,,,,,
Point,-8.7143649,37.1600448,node/3414776530,,,,,,,,,,,,,,,GR13 Via Algarviana,,,,,,,,,,,,,,,,,,,information,,,,,,,,,,,,,,,,,,,,,,,,,,,,,,,,,,,,,,,,,,,,,,,,,,,,,,,,,,,,,,,,,,,,,,,,,,,guidepost,,,,,,,,,,,,,,,,,,,,,,,,,,,,,,,,,,,,,yes,,GR13,,,confidence,,,,,,,,,,,,,,,,,,,,,,,,,,,,,,,,,,,,,,,,,,,,,,,,,
Point,-8.7139383,37.1608748,node/3414776531,,,,,,,,,,,,,,,GR13 Via Algarviana,,,,,,,,,,,,,,,,,,,information,,,,,,,,,,,,,,,,,,,,,,,,,,,,,,,,,,,,,,,,,,,,,,,,,,,,,,,,,,,,,,,,,,,,,,,,,,,guidepost,,,,,,,,,,,,,,,,,,,,,,,,,,,,,,,,,,,,,yes,,GR13,,,confidence,,,,,,,,,,,,,,,,,,,,,,,,,,,,,,,,,,,,,,,,,,,,,,,,,
Point,-8.7142265,37.1618351,node/3414776532,,,,,,,,,,,,,,,GR13 Via Algarviana,,,,,,,,,,,,,,,,,,,information,,,,,,,,,,,,,,,,,,,,,,,,,,,,,,,,,,,,,,,,,,,,,,,,,,,,,,,,,,,,,,,,,,,,,,,,,,,guidepost,,,,,,,,,,,,,,,,,,,,,,,,,,,,,,,,,,,,,yes,,GR13,,,confidence,,,,,,,,,,,,,,,,,,,,,,,,,,,,,,,,,,,,,,,,,,,,,,,,,
Point,-8.7141183,37.162621,node/3414776533,,,,,,,,,,,,,,,GR13 Via Algarviana,,,,,,,,,,,,,,,,,,,information,,,,,,,,,,,,,,,,,,,,,,,,,,,,,,,,,,,,,,,,,,,,,,,,,,,,,,,,,,,,,,,,,,,,,,,,,,,guidepost,,,,,,,,,,,,,,,,,,,,,,,,,,,,,,,,,,,,,yes,,GR13,,,confidence,,,,,,,,,,,,,,,,,,,,,,,,,,,,,,,,,,,,,,,,,,,,,,,,,
Point,-8.7139226,37.16345,node/3414776534,,,,,,,,,,,,,,,GR13 Via Algarviana,,,,,,,,,,,,,,,,,,,information,,,,,,,,,,,,,,,,,,,,,,,,,,,,,,,,,,,,,,,,,,,,,,,,,,,,,,,,,,,,,,,,,,,,,,,,,,,guidepost,,,,,,,,,,,,,,,,,,,,,,,,,,,,,,,,,,,,,yes,,GR13,,,confidence,,,,,,,,,,,,,,,,,,,,,,,,,,,,,,,,,,,,,,,,,,,,,,,,,
Point,-8.7134711,37.1662569,node/3414776535,,,,,,,,,,,,,,,GR13 Via Algarviana,,,,,,,,,,,,,,,,,,,information,,,,,,,,,,,,,,,,,,,,,,,,,,,,,,,,,,,,,,,,,,,,,,,,,,,,,,,,,,,,,,,,,,,,,,,,,,,guidepost,,,,,,,,,,,,,,,,,,,,,,,,,,,,,,,,,,,,,yes,,GR13,,,confidence,,,,,,,,,,,,,,,,,,,,,,,,,,,,,,,,,,,,,,,,,,,,,,,,,
Point,-8.7140602,37.1675999,node/3414776536,,,,,,,,,,,,,,,GR13 Via Algarviana,,,,,,,,,,,,,,,,,,,information,,,,,,,,,,,,,,,,,,,,,,,,,,,,,,,,,,,,,,,,,,,,,,,,,,,,,,,,,,,,,,,,,,,,,,,,,,,guidepost,,,,,,,,,,,,,,,,,,,,,,,,,,,,,,,,,,,,,yes,,GR13,,,confidence,,,,,,,,,,,,,,,,,,,,,,,,,,,,,,,,,,,,,,,,,,,,,,,,,
Point,-8.7150227,37.1688488,node/3414776537,,,,,,,,,,,,,,,GR13 Via Algarviana,,,,,,,,,,,,,,,,,,,information,,,,,,,,,,,,,,,,,,,,,,,,,,,,,,,,,,,,,,,,,,,,,,,,,,,,,,,,,,,,,,,,,,,,,,,,,,,guidepost,,,,,,,,,,,,,,,,,,,,,,,,,,,,,,,,,,,,,yes,,GR13,,,confidence,,,,,,,,,,,,,,,,,,,,,,,,,,,,,,,,,,,,,,,,,,,,,,,,,
Point,-8.7152826,37.1691049,node/3414776538,,,,,,,,,,,,,,,GR13 Via Algarviana,,,,,,,,,,,,,,,,,,,information,,,,,,,,,,,,,,,,,,,,,,,,,,,,,,,,,,,,,,,,,,,,,,,,,,,,,,,,,,,,,,,,,,,,,,,,,,,guidepost,,,,,,,,,,,,,,,,,,,,,,,,,,,,,,,,,,,,,yes,,GR13,,,confidence,,,,,,,,,,,,,,,,,,,,,,,,,,,,,,,,,,,,,,,,,,,,,,,,,
Point,-8.7170246,37.1702786,node/3414776539,,,,,,,,,,,,,,,GR13 Via Algarviana,,,,,,,,,,,,,,,,,,,information,,,,,,,,,,,,,,,,,,,,,,,,,,,,,,,,,,,,,,,,,,,,,,,,,,,,,,,,,,,,,,,,,,,,,,,,,,,guidepost,,,,,,,,,,,,,,,,,,,,,,,,,,,,,,,,,,,,,yes,,GR13,,,confidence,,,,,,,,,,,,,,,,,,,,,,,,,,,,,,,,,,,,,,,,,,,,,,,,,
Point,-8.7176269,37.1705456,node/3414776540,,,,,,,,,,,,,,,GR13 Via Algarviana,,,,,,,,,,,,,,,,,,,information,,,,,,,,,,,,,,,,,,,,,,,,,,,,,,,,,,,,,,,,,,,,,,,,,,,,,,,,,,,,,,,,,,,,,,,,,,,guidepost,,,,,,,,,,,,,,,,,,,,,,,,,,,,,,,,,,,,,yes,,GR13,,,confidence,,,,,,,,,,,,,,,,,,,,,,,,,,,,,,,,,,,,,,,,,,,,,,,,,
Point,-8.7192222,37.1721191,node/3414776541,,,,,,,,,,,,,,,GR13 Via Algarviana,,,,,,,,,,,,,,,,,,,information,,,,,,,,,,,,,,,,,,,,,,,,,,,,,,,,,,,,,,,,,,,,,,,,,,,,,,,,,,,,,,,,,,,,,,,,,,,guidepost,,,,,,,,,,,,,,,,,,,,,,,,,,,,,,,,,,,,,yes,,GR13,,,confidence,,,,,,,,,,,,,,,,,,,,,,,,,,,,,,,,,,,,,,,,,,,,,,,,,
Point,-8.7197448,37.172756,node/3414776542,,,,,,,,,,,,,,,GR13 Via Algarviana,,,,,,,,,,,,,,,,,,,information,,,,,,,,,,,,,,,,,,,,,,,,,,,,,,,,,,,,,,,,,,,,,,,,,,,,,,,,,,,,,,,,,,,,,,,,,,,guidepost,,,,,,,,,,,,,,,,,,,,,,,,,,,,,,,,,,,,,yes,,GR13,,,confidence,,,,,,,,,,,,,,,,,,,,,,,,,,,,,,,,,,,,,,,,,,,,,,,,,
Point,-8.7232868,37.1751303,node/3414776543,,,,,,,,,,,,,,,GR13 Via Algarviana,,,,,,,,,,,,,,,,,,,information,,,,,,,,,,,,,,,,,,,,,,,,,,,,,,,,,,,,,,,,,,,,,,,,,,,,,,,,,,,,,,,,,,,,,,,,,,,guidepost,,,,,,,,,,,,,,,,,,,,,,,,,,,,,,,,,,,,,yes,,GR13,,,confidence,,,,,,,,,,,,,,,,,,,,,,,,,,,,,,,,,,,,,,,,,,,,,,,,,
Point,-8.7237785,37.1760013,node/3414776544,,,,,,,,,,,,,,,GR13 Via Algarviana,,,,,,,,,,,,,,,,,,,information,,,,,,,,,,,,,,,,,,,,,,,,,,,,,,,,,,,,,,,,,,,,,,,,,,,,,,,,,,,,,,,,,,,,,,,,,,,guidepost,,,,,,,,,,,,,,,,,,,,,,,,,,,,,,,,,,,,,yes,,GR13,,,confidence,,,,,,,,,,,,,,,,,,,,,,,,,,,,,,,,,,,,,,,,,,,,,,,,,
Point,-8.7247003,37.176902,node/3414776545,,,,,,,,,,,,,,,GR13 Via Algarviana,,,,,,,,,,,,,,,,,,,information,,,,,,,,,,,,,,,,,,,,,,,,,,,,,,,,,,,,,,,,,,,,,,,,,,,,,,,,,,,,,,,,,,,,,,,,,,,guidepost,,,,,,,,,,,,,,,,,,,,,,,,,,,,,,,,,,,,,yes,,GR13,,,confidence,,,,,,,,,,,,,,,,,,,,,,,,,,,,,,,,,,,,,,,,,,,,,,,,,
Point,-8.7141359,37.160207,node/3414776755,,,,,,,,,,,,,,,GR13 Wrong way,,,,,,,,,,,,,,,,,,,information,,,,,,,,,,,,,,,,,,,,,,,,,,,,,,,,,,,,,,,,,,,,,0.5,,,,,,,,,,,,,,,,,,,,,,,,,,,,,,guidepost,,,,,,,,,,,,,,,,,,,,,,,,,,,,,,,,,,,,,yes,,GR13,,,direction_no,pole,intermediary,pole,,,,,,,,,,,,,,,,,,,,,,,,,,,,,,,,,,,,,,,,,,,,,,
Point,-8.7139375,37.1605567,node/3414776756,,,,,,,,,,,,,,,GR13 Wrong way,,,,,,,,,,,,,,,,,,,information,,,,,,,,,,,,,,,,,,,,,,,,,,,,,,,,,,,,,,,,,,,,,0.5,,,,,,,,,,,,,,,,,,,,,,,,,,,,,,guidepost,,,,,,,,,,,,,,,,,,,,,,,,,,,,,,,,,,,,,yes,,GR13,,,direction_no,pole,intermediary,pole,,,,,,,,,,,,,,,,,,,,,,,,,,,,,,,,,,,,,,,,,,,,,,
Point,-8.7144891,37.1619468,node/3414776757,,,,,,,,,,,,,,,GR13 Wrong way,,,,,,,,,,,,,,,,,,,information,,,,,,,,,,,,,,,,,,,,,,,,,,,,,,,,,,,,,,,,,,,,,0.5,,,,,,,,,,,,,,,,,,,,,,,,,,,,,,guidepost,,,,,,,,,,,,,,,,,,,,,,,,,,,,,,,,,,,,,yes,,GR13,,,direction_no,pole,intermediary,pole,,,,,,,,,,,,,,,,,,,,,,,,,,,,,,,,,,,,,,,,,,,,,,
Point,-8.7145947,37.1623214,node/3414776758,,,,,,,,,,,,,,,GR13 Wrong way,,,,,,,,,,,,,,,,,,,information,,,,,,,,,,,,,,,,,,,,,,,,,,,,,,,,,,,,,,,,,,,,,0.5,,,,,,,,,,,,,,,,,,,,,,,,,,,,,,guidepost,,,,,,,,,,,,,,,,,,,,,,,,,,,,,,,,,,,,,yes,,GR13,,,direction_no,pole,intermediary,pole,,,,,,,,,,,,,,,,,,,,,,,,,,,,,,,,,,,,,,,,,,,,,,
Point,-8.7136298,37.1671473,node/3414776759,,,,,,,,,,,,,,,GR13 Wrong way,,,,,,,,,,,,,,,,,,,information,,,,,,,,,,,,,,,,,,,,,,,,,,,,,,,,,,,,,,,,,,,,,0.5,,,,,,,,,,,,,,,,,,,,,,,,,,,,,,guidepost,,,,,,,,,,,,,,,,,,,,,,,,,,,,,,,,,,,,,yes,,GR13,,,direction_no,pole,intermediary,pole,,,,,,,,,,,,,,,,,,,,,,,,,,,,,,,,,,,,,,,,,,,,,,
Point,-8.7152317,37.1688719,node/3414776760,,,,,,,,,,,,,,,GR13 Wrong way,,,,,,,,,,,,,,,,,,,information,,,,,,,,,,,,,,,,,,,,,,,,,,,,,,,,,,,,,,,,,,,,,0.5,,,,,,,,,,,,,,,,,,,,,,,,,,,,,,guidepost,,,,,,,,,,,,,,,,,,,,,,,,,,,,,,,,,,,,,yes,,GR13,,,direction_no,pole,intermediary,pole,,,,,,,,,,,,,,,,,,,,,,,,,,,,,,,,,,,,,,,,,,,,,,
Point,-8.7150599,37.1690341,node/3414776761,,,,,,,,,,,,,,,GR13 Wrong way,,,,,,,,,,,,,,,,,,,information,,,,,,,,,,,,,,,,,,,,,,,,,,,,,,,,,,,,,,,,,,,,,0.5,,,,,,,,,,,,,,,,,,,,,,,,,,,,,,guidepost,,,,,,,,,,,,,,,,,,,,,,,,,,,,,,,,,,,,,yes,,GR13,,,direction_no,pole,intermediary,pole,,,,,,,,,,,,,,,,,,,,,,,,,,,,,,,,,,,,,,,,,,,,,,
Point,-8.7175471,37.170325,node/3414776762,,,,,,,,,,,,,,,GR13 Wrong way,,,,,,,,,,,,,,,,,,,information,,,,,,,,,,,,,,,,,,,,,,,,,,,,,,,,,,,,,,,,,,,,,0.5,,,,,,,,,,,,,,,,,,,,,,,,,,,,,,guidepost,,,,,,,,,,,,,,,,,,,,,,,,,,,,,,,,,,,,,yes,,GR13,,,direction_no,pole,intermediary,pole,,,,,,,,,,,,,,,,,,,,,,,,,,,,,,,,,,,,,,,,,,,,,,
Point,-8.7783694,37.1405236,node/3421899697,,,,,,,,,,,,,,,GR13 Via Algarviana,,,,,,,,,,,,,,,,,,,information,,,,,,,,,,,,,,,,,,,,,,,,,,,,,,,,,,,,,,,,,,,,,,,,,,,,,,,,,,,,,,,,,,,,,,,,,,,guidepost,,,,,,,,,,,,,,,,,,,,paint,,,,,,,,,,,,,,,,,yes,,GR13,,,direction,mast,,,,,,,,,,,,,,,,,,,,,,,,,,,,,,,,,,,,,,,,,,,,,,,,
Point,-8.7783207,37.140699,node/3421899698,,,,,,,,,,,,,,,GR13 Via Algarviana,,,,,,,,,,,,,,,,,,,information,,,,,,,,,,,,,,,,,,,,,,,,,,,,,,,,,,,,,,,,,,,,,,,,,,,,,,,,,,,,,,,,,,,,,,,,,,,guidepost,,,,,,,,,,,,,,,,,,,,,,,,,,,,,,,,,,,,,yes,,GR13,,,,,,,,,,,,,,,,,,,,,,,,,,,,,,,,,,,,,,,,,,,,,,,,,,,,
Point,-8.8033988,37.1409077,node/3421899699,,,,,,,,,,,,,,,GR13 Via Algarviana,,,,,,,,,,,,,,,,,,,information,,,,,,,,,,,,,,,,,,,,,,,,,,,,,,,,,,,,,,,,,,,,,,,,,,,,,,,,,,,,,,,,,,,,,,,,,,,guidepost,,,,,,,,,,,,,,,,,,,,,,,,,,,,,,,,,,,,,yes,,GR13,,,confidence,pole,,,,,,,,,,,,,,,,,,,,,,,,,,,,,,,,,,,,,,,,,,,,,,,,
Point,-8.8022159,37.1419585,node/3421899700,,,,,,,,,,,,,,,GR13 Via Algarviana,,,,,,,,,,,,,,,,,,,information,,,,,,,,,,,,,,,,,,,,,,,,,,,,,,,,,,,,,,,,,,,,,,,,,,,,,,,,,,,,,,,,,,,,,,,,,,,guidepost,,,,,,,,,,,,,,,,,,,,,,,,,,,,,,,,,,,,,yes,,GR13,,,confidence,mast,,,,,,,,,,,,,,,,,,,,,,,,,,,,,,,,,,,,,,,,,,,,,,,,
Point,-8.8013409,37.1427419,node/3421899701,,,,,,,,,,,,,,,GR13 Via Algarviana,,,,,,,,,,,,,,,,,,,information,,,,,,,,,,,,,,,,,,,,,,,,,,,,,,,,,,,,,,,,,,,,,,,,,,,,,,,,,,,,,,,,,,,,,,,,,,,guidepost,,,,,,,,,,,,,,,,,,,,,,,,,,,,,,,,,,,,,yes,,GR13,,,confidence,mast,,,,,,,,,,,,,,,,,,,,,,,,,,,,,,,,,,,,,,,,,,,,,,,,
Point,-8.7970642,37.1446158,node/3421899702,,,,,,,,,,,,,,,GR13 Via Algarviana,,,,,,,,,,,,,,,,,,,information,,,,,,,,,,,,,,,,,,,,,,,,,,,,,,,,,,,,,,,,,,,,,,,,,,,,,,,,,,,,,,,,,,,,,,,,,,,guidepost,,,,,,,,,,,,,,,,,,,,,,,,,,,,,,,,,,,,,yes,,GR13,,,confidence,post,,,,,,,,,,,,,,,,,,,,,,,,,,,,,,,,,,,,,,,,,,,,,,,,
Point,-8.7982791,37.144672,node/3421899703,,,,,,,,,,,,,,,GR13 Via Algarviana,,,,,,,,,,,,,,,,,,,information,,,,,,,,,,,,,,,,,,,,,,,,,,,,,,,,,,,,,,,,,,,,,,,,,,,,,,,,,,,,,,,,,,,,,,,,,,,guidepost,,,,,,,,,,,,,,,,,,,,,,,,,,,,,,,,,,,,,yes,,GR13,,,confidence,post,,,,,,,,,,,,,,,,,,,,,,,,,,,,,,,,,,,,,,,,,,,,,,,,
Point,-8.7960888,37.1450685,node/3421899704,,,,,,,,,,,,,,,GR13 Via Algarviana,,,,,,,,,,,,,,,,,,,information,,,,,,,,,,,,,,,,,,,,,,,,,,,,,,,,,,,,,,,,,,,,,,,,,,,,,,,,,,,,,,,,,,,,,,,,,,,guidepost,,,,,,,,,,,,,,,,,,,,,,,,,,,,,,,,,,,,,yes,,GR13,,,confidence,,,,,,,,,,,,,,,,,,,,,,,,,,,,,,,,,,,,,,,,,,,,,,,,,
Point,-8.7926489,37.1453273,node/3421899705,,,,,,,,,,,,,,,GR13 Via Algarviana,,,,,,,,,,,,,,,,,,,information,,,,,,,,,,,,,,,,,,,,,,,,,,,,,,,,,,,,,,,,,,,,,,,,,,,,,,,,,,,,,,,,,,,,,,,,,,,guidepost,,,,,,,,,,,,,,,,,,,,,,,,,,,,,,,,,,,,,yes,,GR13,,,direction,pole,,,,,,,,,,,,,,,,,,,,,,,,,,,,,,,,,,,,,,,,,,,,,,,,
Point,-8.7924717,37.1454263,node/3421899706,,,,,,,,,,,,,,,GR13 Via Algarviana,,,,,,,,,,,,,,,,,,,information,,,,,,,,,,,,,,,,,,,,,,,,,,,,,,,,,,,,,,,,,,,,,,,,,,,,,,,,,,,,,,,,,,,,,,,,,,,guidepost,,,,,,,,,,,,,,,,,,,,,,,,,,,,,,,,,,,,,yes,,GR13,,,,,,,,,,,,,,,,,,,,,,,,,,,,,,,,,,,,,,,,,,,,,,,,,,,,
Point,-8.7921464,37.1456668,node/3421899707,,,,,,,,,,,,,,,GR13 Via Algarviana,,,,,,,,,,,,,,,,,,,information,,,,,,,,,,,,,,,,,,,,,,,,,,,,,,,,,,,,,,,,,,,,,,,,,,,,,,,,,,,,,,,,,,,,,,,,,,,guidepost,,,,,,,,,,,,,,,,,,,,,,,,,,,,,,,,,,,,,yes,,GR13,,,confidence,post,,,,,,,,,,,,,,,,,,,,,,,,,,,,,,,,,,,,,,,,,,,,,,,,
Point,-8.792046,37.1458017,node/3421899708,,,,,,,,,,,,,,,GR13 Via Algarviana,,,,,,,,,,,,,,,,,,,information,,,,,,,,,,,,,,,,,,,,,,,,,,,,,,,,,,,,,,,,,,,,,,,,,,,,,,,,,,,,,,,,,,,,,,,,,,,guidepost,,,,,,,,,,,,,,,,,,,,,,,,,,,,,,,,,,,,,yes,,GR13,,,confidence,pole,,,,,,,,,,,,,,,,,,,,,,,,,,,,,,,,,,,,,,,,,,,,,,,,
Point,-8.7864434,37.1468212,node/3421899709,,,,,,,,,,,,,,,GR13 Via Algarviana,,,,,,,,,,,,,,,,,,,information,,,,,,,,,,,,,,,,,,,,,,,,,,,,,,,,,,,,,,,,,,,,,,,,,,,,,,,,,,,,,,,,,,,,,,,,,,,guidepost,,,,,,,,,,,,,,,,,,,,,,,,,,,,,,,,,,,,,yes,,GR13,,,confidence,pole,,,,,,,,,,,,,,,,,,,,,,,,,,,,,,,,,,,,,,,,,,,,,,,,
Point,-8.7881083,37.1473625,node/3421899710,,,,,,,,,,,,,,,GR13 Via Algarviana,,,,,,,,,,,,,,,,,,,information,,,,,,,,,,,,,,,,,,,,,,,,,,,,,,,,,,,,,,,,,,,,,,,,,,,,,,,,,,,,,,,,,,,,,,,,,,,guidepost,,,,,,,,,,,,,,,,,,,,,,,,,,,,,,,,,,,,,yes,,GR13,,,confidence,boulder,,,,,,,,,,,,,,,,,,,,,,,,,,,,,,,,,,,,,,,,,,,,,,,,
Point,-8.7910986,37.1476911,node/3421899711,,,,,,,,,,,,,,,GR13 Via Algarviana,,,,,,,,,,,,,,,,,,,information,,,,,,,,,,,,,,,,,,,,,,,,,,,,,,,,,,,,,,,,,,,,,,,,,,,,,,,,,,,,,,,,,,,,,,,,,,,guidepost,,,,,,,,,,,,,,,,,,,,,,,,,,,,,,,,,,,,,yes,,GR13,,,confidence,pole,,,,,,,,,,,,,,,,,,,,,,,,,,,,,,,,,,,,,,,,,,,,,,,,
Point,-8.7910416,37.1481026,node/3421899712,,,,,,,,,,,,,,,GR13 Via Algarviana,,,,,,,,,,,,,,,,,,,information,,,,,,,,,,,,,,,,,,,,,,,,,,,,,,,,,,,,,,,,,,,,,,,,,,,,,,,,,,,,,,,,,,,,,,,,,,,guidepost,,,,,,,,,,,,,,,,,,,,,,,,,,,,,,,,,,,,,yes,,GR13,,,,,,,,,,,,,,,,,,,,,,,,,,,,,,,,,,,,,,,,,,,,,,,,,,,,
Point,-8.7891646,37.1481129,node/3421899713,,,,,,,,,,,,,,,GR13 Via Algarviana,,,,,,,,,,,,,,,,,,,information,,,,,,,,,,,,,,,,,,,,,,,,,,,,,,,,,,,,,,,,,,,,,,,,,,,,,,,,,,,,,,,,,,,,,,,,,,,guidepost,,,,,,,,,,,,,,,,,,,,,,,,,,,,,,,,,,,,,yes,,GR13,,,direction,post,,,,,,,,,,,,,,,,,,,,,,,,,,,,,,,,,,,,,,,,,,,,,,,,
Point,-8.7909845,37.1483078,node/3421899714,,,,,,,,,,,,,,,GR13 Via Algarviana,,,,,,,,,,,,,,,,,,,information,,,,,,,,,,,,,,,,,,,,,,,,,,,,,,,,,,,,,,,,,,,,,,,,,,,,,,,,,,,,,,,,,,,,,,,,,,,guidepost,,,,,,,,,,,,,,,,,,,,,,,,,,,,,,,,,,,,,yes,,GR13,,,direction,post,,,,,,,,,,,,,,,,,,,,,,,,,,,,,,,,,,,,,,,,,,,,,,,,
Point,-8.7906804,37.1483721,node/3421899715,,,,,,,,,,,,,,,GR13 Via Algarviana,,,,,,,,,,,,,,,,,,,information,,,,,,,,,,,,,,,,,,,,,,,,,,,,,,,,,,,,,,,,,,,,,,,,,,,,,,,,,,,,,,,,,,,,,,,,,,,guidepost,,,,,,,,,,,,,,,,,,,,,,,,,,,,,,,,,,,,,yes,,GR13,,,direction,boulder,,,,,,,,,,,,,,,,,,,,,,,,,,,,,,,,,,,,,,,,,,,,,,,,
Point,-8.78951,37.1483999,node/3421899716,,,,,,,,,,,,,,,GR13 Via Algarviana,,,,,,,,,,,,,,,,,,,information,,,,,,,,,,,,,,,,,,,,,,,,,,,,,,,,,,,,,,,,,,,,,,,,,,,,,,,,,,,,,,,,,,,,,,,,,,,guidepost,,,,,,,,,,,,,,,,,,,,,,,,,,,,,,,,,,,,,yes,,GR13,,,confidence,pole,,,,,,,,,,,,,,,,,,,,,,,,,,,,,,,,,,,,,,,,,,,,,,,,
Point,-8.8018434,37.1418141,node/3421899740,,,,,,,,,,,,,,,GR13 Wrong way,,,,,,,,,,,,,,,,,,,information,,,,,,,,,,,,,,,,,,,,,,,,,,,,,,,,,,,,,,,,,,,,,0.5,,,,,,,,,,,,,,,,,,,,,,,,,,,,,,guidepost,,,,,,,,,,,,,,,,,,,,,,,,,,,,,,,,,,,,,yes,,GR13,,,direction_no,pole,intermediary,pole,,,,,,,,,,,,,,,,,,,,,,,,,,,,,,,,,,,,,,,,,,,,,,
Point,-8.8021834,37.1422439,node/3421899741,,,,,,,,,,,,,,,GR13 Wrong way,,,,,,,,,,,,,,,,,,,information,,,,,,,,,,,,,,,,,,,,,,,,,,,,,,,,,,,,,,,,,,,,,0.5,,,,,,,,,,,,,,,,,,,,,,,,,,,,,,guidepost,,,,,,,,,,,,,,,,,,,,,,,,,,,,,,,,,,,,,yes,,GR13,,,direction_no,pole,intermediary,pole,,,,,,,,,,,,,,,,,,,,,,,,,,,,,,,,,,,,,,,,,,,,,,
Point,-8.7976528,37.1443537,node/3421899742,,,,,,,,,,,,,,,GR13 Wrong way,,,,,,,,,,,,,,,,,,,information,,,,,,,,,,,,,,,,,,,,,,,,,,,,,,,,,,,,,,,,,,,,,0.5,,,,,,,,,,,,,,,,,,,,,,,,,,,,,,guidepost,,,,,,,,,,,,,,,,,,,,,,,,,,,,,,,,,,,,,yes,,GR13,,,direction_no,pole,intermediary,pole,,,,,,,,,,,,,,,,,,,,,,,,,,,,,,,,,,,,,,,,,,,,,,
Point,-8.7918527,37.1457881,node/3421899743,,,,,,,,,,,,,,,GR13 Wrong way,,,,,,,,,,,,,,,,,,,information,,,,,,,,,,,,,,,,,,,,,,,,,,,,,,,,,,,,,,,,,,,,,0.5,,,,,,,,,,,,,,,,,,,,,,,,,,,,,,guidepost,,,,,,,,,,,,,,,,,,,,,,,,,,,,,,,,,,,,,yes,,GR13,,,direction_no,pole,intermediary,pole,,,,,,,,,,,,,,,,,,,,,,,,,,,,,,,,,,,,,,,,,,,,,,
Point,-8.7884881,37.1475063,node/3421899744,,,,,,,,,,,,,,,GR13 Wrong way,,,,,,,,,,,,,,,,,,,information,,,,,,,,,,,,,,,,,,,,,,,,,,,,,,,,,,,,,,,,,,,,,0.5,,,,,,,,,,,,,,,,,,,,,,,,,,,,,,guidepost,,,,,,,,,,,,,,,,,,,,,,,,,,,,,,,,,,,,,yes,,GR13,,,direction_no,pole,intermediary,pole,,,,,,,,,,,,,,,,,,,,,,,,,,,,,,,,,,,,,,,,,,,,,,
Point,-8.7883825,37.1475781,node/3421899745,,,,,,,,,,,,,,,GR13 Wrong way,,,,,,,,,,,,,,,,,,,information,,,,,,,,,,,,,,,,,,,,,,,,,,,,,,,,,,,,,,,,,,,,,0.5,,,,,,,,,,,,,,,,,,,,,,,,,,,,,,guidepost,,,,,,,,,,,,,,,,,,,,,,,,,,,,,,,,,,,,,yes,,GR13,,,direction_no,pole,intermediary,pole,,,,,,,,,,,,,,,,,,,,,,,,,,,,,,,,,,,,,,,,,,,,,,
Point,-8.7909682,37.1481182,node/3421899746,,,,,,,,,,,,,,,GR13 Wrong way,,,,,,,,,,,,,,,,,,,information,,,,,,,,,,,,,,,,,,,,,,,,,,,,,,,,,,,,,,,,,,,,,0.5,,,,,,,,,,,,,,,,,,,,,,,,,,,,,,guidepost,,,,,,,,,,,,,,,,,,,,,,,,,,,,,,,,,,,,,yes,,GR13,,,direction_no,pole,intermediary,pole,,,,,,,,,,,,,,,,,,,,,,,,,,,,,,,,,,,,,,,,,,,,,,
Point,-8.7892673,37.1483488,node/3421899747,,,,,,,,,,,,,,,GR13 Wrong way,,,,,,,,,,,,,,,,,,,information,,,,,,,,,,,,,,,,,,,,,,,,,,,,,,,,,,,,,,,,,,,,,0.5,,,,,,,,,,,,,,,,,,,,,,,,,,,,,,guidepost,,,,,,,,,,,,,,,,,,,,,,,,,,,,,,,,,,,,,yes,,GR13,,,direction_no,pole,intermediary,pole,,,,,,,,,,,,,,,,,,,,,,,,,,,,,,,,,,,,,,,,,,,,,,
Point,-8.791007,37.1485423,node/3421899748,,,,,,,,,,,,,,,GR13 Wrong way,,,,,,,,,,,,,,,,,,,information,,,,,,,,,,,,,,,,,,,,,,,,,,,,,,,,,,,,,,,,,,,,,0.5,,,,,,,,,,,,,,,,,,,,,,,,,,,,,,guidepost,,,,,,,,,,,,,,,,,,,,,,,,,,,,,,,,,,,,,yes,,GR13,,,direction_no,pole,intermediary,pole,,,,,,,,,,,,,,,,,,,,,,,,,,,,,,,,,,,,,,,,,,,,,,
Point,-8.805619,37.1389198,node/3421960458,,,,,,,,,,,,,,,GR13 Via Algarviana,,,,,,,,,,,,,,,,,,,information,,,,,,,,,,,,,,,,,,,,,,,,,,,,,,,,,,,,,,,,,,,,,,,,,,,,,,,,,,,,,,,,,,,,,,,,,,,guidepost,,,,,,,,,,,,,,,,,,,,,,,,,,,,,,,,,,,,,yes,,GR13,,,direction,pole,,,,,,,,,,,,,,,,,,,,,,,,,,,,,,,,,,,,,,,,,,,,,,,,
Point,-8.8052728,37.1390312,node/3421960459,,,,,,,,,,,,,,,GR13 Via Algarviana,,,,,,,,,,,,,,,,,,,information,,,,,,,,,,,,,,,,,,,,,,,,,,,,,,,,,,,,,,,,,,,,,,,,,,,,,,,,,,,,,,,,,,,,,,,,,,,guidepost,,,,,,,,,,,,,,,,,,,,,,,,,,,,,,,,,,,,,yes,,GR13,,,direction,pole,,,,,,,,,,,,,,,,,,,,,,,,,,,,,,,,,,,,,,,,,,,,,,,,
Point,-8.8069087,37.1393825,node/3421960460,,,,,,,,,,,,,,,GR13 Via Algarviana,,,,,,,,,,,,,,,,,,,information,,,,,,,,,,,,,,,,,,,,,,,,,,,,,,,,,,,,,,,,,,,,,,,,,,,,,,,,,,,,,,,,,,,,,,,,,,,guidepost,,,,,,,,,,,,,,,,,,,,,,,,,,,,,,,,,,,,,yes,,GR13,,,direction,pole,,,,,,,,,,,,,,,,,,,,,,,,,,,,,,,,,,,,,,,,,,,,,,,,
Point,-8.8074335,37.1395819,node/3421960461,,,,,,,,,,,,,,,GR13 Via Algarviana,,,,,,,,,,,,,,,,,,,information,,,,,,,,,,,,,,,,,,,,,,,,,,,,,,,,,,,,,,,,,,,,,,,,,,,,,,,,,,,,,,,,,,,,,,,,,,,guidepost,,,,,,,,,,,,,,,,,,,,,,,,,,,,,,,,,,,,,yes,,GR13,,,confidence,pole,,,,,,,,,,,,,,,,,,,,,,,,,,,,,,,,,,,,,,,,,,,,,,,,
Point,-8.8031449,37.1410858,node/3421960462,,,,,,,,,,,,,,,GR13 Via Algarviana,,,,,,,,,,,,,,,,,,,information,,,,,,,,,,,,,,,,,,,,,,,,,,,,,,,,,,,,,,,,,,,,,,,,,,,,,,,,,,,,,,,,,,,,,,,,,,,guidepost,,,,,,,,,,,,,,,,,,,,plastic,,,,,,,,,,,,,,,,,yes,,GR13,,,confidence,boulder,,,,,,,,,,,,,,,,,,,,,,,,,,,,,,,,,,,,,,,,,,,,,,,,
Point,-8.8086277,37.1414946,node/3421960463,,,,,,,,,,,,,,,GR13 Via Algarviana,,,,,,,,,,,,,,,,,,,information,,,,,,,,,,,,,,,,,,,,,,,,,,,,,,,,,,,,,,,,,,,,,,,,,,,,,,,,,,,,,,,,,,,,,,,,,,,guidepost,,,,,,,,,,,,,,,,,,,,,,,,,,,,,,,,,,,,,yes,,GR13,,,confidence,post,,,,,,,,,,,,,,,,,,,,,,,,,,,,,,,,,,,,,,,,,,,,,,,,
Point,-8.7797625,37.1397265,node/3421963298,,,,,,,,,,,,,,,,,,,,,,,,,,,,,,,,,,information,,,,,,,,,,,,,,,,,,,,,,,,,,,,,,,,,,,,,,,,,,,,,,,,,,,,,,,,,,,,,,,,,,,,,,,,,,,map,,,,,,,,,,,,,,,,,,,,,,,,,,,,,,,,,,,,,,,,,,,,,,,,,,,,,,,,,,,,,,,,,,,,,,,,,,,,,,,,,,,,,,,,,,,
Point,-8.8054618,37.1386714,node/3421963336,,,,,,,,,,,,,,,GR13 Wrong way,,,,,,,,,,,,,,,,,,,information,,,,,,,,,,,,,,,,,,,,,,,,,,,,,,,,,,,,,,,,,,,,,0.5,,,,,,,,,,,,,,,,,,,,,,,,,,,,,,guidepost,,,,,,,,,,,,,,,,,,,,,,,,,,,,,,,,,,,,,yes,,GR13,,,direction_no,pole,intermediary,pole,,,,,,,,,,,,,,,,,,,,,,,,,,,,,,,,,,,,,,,,,,,,,,
Point,-8.8066524,37.1391317,node/3421963337,,,,,,,,,,,,,,,GR13 Wrong way,,,,,,,,,,,,,,,,,,,information,,,,,,,,,,,,,,,,,,,,,,,,,,,,,,,,,,,,,,,,,,,,,0.5,,,,,,,,,,,,,,,,,,,,,,,,,,,,,,guidepost,,,,,,,,,,,,,,,,,,,,,,,,,,,,,,,,,,,,,yes,,GR13,,,direction_no,pole,intermediary,pole,,,,,,,,,,,,,,,,,,,,,,,,,,,,,,,,,,,,,,,,,,,,,,
Point,-8.8072066,37.1393525,node/3421963338,,,,,,,,,,,,,,,GR13 Wrong way,,,,,,,,,,,,,,,,,,,information,,,,,,,,,,,,,,,,,,,,,,,,,,,,,,,,,,,,,,,,,,,,,0.5,,,,,,,,,,,,,,,,,,,,,,,,,,,,,,guidepost,,,,,,,,,,,,,,,,,,,,,,,,,,,,,,,,,,,,,yes,,GR13,,,direction_no,pole,intermediary,pole,,,,,,,,,,,,,,,,,,,,,,,,,,,,,,,,,,,,,,,,,,,,,,
Point,-8.7255269,37.2254312,node/3423890086,,,,,,,,,,,,,,,GR13 Via Algarviana,,,,,,,,,,,,,,,,,,,information,,,,,,,,,,,,,,,,,,,,,,,,,,,,,,,,,,,,,,,,,,,,,,,,,,,,,,,,,,,,,,,,,,,,,,,,,,,guidepost,,,,,,,,,,,,,,,,,,,,plastic,,,,,,,,,,,,,,,,,yes,,GR13,,,direction,mast,,,,,,,,,,,,,,,,,,,,,,,,,,,,,,,,,,,,,,,,,,,,,,,,
Point,-8.7256495,37.2254862,node/3423890087,,,,,,,,,,,,,,,GR13 Via Algarviana,,,,,,,,,,,,,,,,,,,information,,,,,,,,,,,,,,,,,,,,,,,,,,,,,,,,,,,,,,,,,,,,,,,,,,,,,,,,,,,,,,,,,,,,,,,,,,,guidepost,,,,,,,,,,,,,,,,,,,,,,,,,,,,,,,,,,,,,yes,,GR13,,,,,,,,,,,,,,,,,,,,,,,,,,,,,,,,,,,,,,,,,,,,,,,,,,,,
Point,-8.7257816,37.2255388,node/3423890088,,,,,,,,,,,,,,,GR13 Via Algarviana,,,,,,,,,,,,,,,,,,,information,,,,,,,,,,,,,,,,,,,,,,,,,,,,,,,,,,,,,,,,,,,,,,,,,,,,,,,,,,,,,,,,,,,,,,,,,,,guidepost,,,,,,,,,,,,,,,,,,,,,,,,,,,,,,,,,,,,,yes,,GR13,,,direction,pole,,,,,,,,,,,,,,,,,,,,,,,,,,,,,,,,,,,,,,,,,,,,,,,,
Point,-8.7205758,37.2266965,node/3423890089,,,,,,,,,,,,,,,GR13 Via Algarviana,,,,,,,,,,,,,,,,,,,information,,,,,,,,,,,,,,,,,,,,,,,,,,,,,,,,,,,,,,,,,,,,,,,,,,,,,,,,,,,,,,,,,,,,,,,,,,,guidepost,,,,,,,,,,,,,,,,,,,,,,,,,,,,,,,,,,,,,yes,,GR13,,,direction,mast,,,,,,,,,,,,,,,,,,,,,,,,,,,,,,,,,,,,,,,,,,,,,,,,
Point,-8.7204563,37.2268529,node/3423890090,,,,,,,,,,,,,,,GR13 Via Algarviana,,,,,,,,,,,,,,,,,,,information,,,,,,,,,,,,,,,,,,,,,,,,,,,,,,,,,,,,,,,,,,,,,,,,,,,,,,,,,,,,,,,,,,,,,,,,,,,guidepost,,,,,,,,,,,,,,,,,,,,,,,,,,,,,,,,,,,,,yes,,GR13,,,direction,pole,,,,,,,,,,,,,,,,,,,,,,,,,,,,,,,,,,,,,,,,,,,,,,,,
Point,-8.7207691,37.2280306,node/3423890091,,,,,,,,,,,,,,,GR13 Via Algarviana,,,,,,,,,,,,,,,,,,,information,,,,,,,,,,,,,,,,,,,,,,,,,,,,,,,,,,,,,,,,,,,,,,,,,,,,,,,,,,,,,,,,,,,,,,,,,,,guidepost,,,,,,,,,,,,,,,,,,,,,,,,,,,,,,,,,,,,,yes,,GR13,,,confidence,pole,,,,,,,,,,,,,,,,,,,,,,,,,,,,,,,,,,,,,,,,,,,,,,,,
Point,-8.7167975,37.2327148,node/3423891096,,,,,,,,,,,,,,,GR13 Via Algarviana,,,,,,,,,,,,,,,,,,,information,,,,,,,,,,,,,,,,,,,,,,,,,,,,,,,,,,,,,,,,,,,,,,,,,,,,,,,,,,,,,,,,,,,,,,,,,,,guidepost,,,,,,,,,,,,,,,,,,,,,,,,,,,,,,,,,,,,,yes,,GR13,,,confidence,pole,,,,,,,,,,,,,,,,,,,,,,,,,,,,,,,,,,,,,,,,,,,,,,,,
Point,-8.6769615,37.0906909,node/3682874172,,,,,,,,,,,,,,,Palm Villa Estudios,,,,,,,,,,,,2024-09-07,,,,,,,guest_house,,,,,Lagos,,,,,,,,,,,,,,,,,,,,,,,,,,,,,,,,,,,,,,,,,,,,,,,,,,,,,,,,,,,,,,,,,,,,,,,,,,,,,,,,,,,,,,,,,,,,,,,,,,,,,,,,,,,,,,,,,,,,,,,,,,,,,,,,,,,,,,,,,,,,,,,,,,,,,,,,,,,,,,,,,
Point,-8.6711081,37.0995187,node/3995964162,,pillory,,,,,,,,,,,,,Pelourinho de Lagos,,,,,,,Q10348121,,pt:Pelourinho de Lagos,,,,,,,,,,attraction,,,,,,,,,,,,,,,,,,,,,,,,,,,,,,,,,,,,,,,,,,,,,,,,,,,,,,,,,,,C16,,,,,,,,,,,,,,,,,,,,,,,,,,,,,,,,,,,,,,,,,,,,,,,,,,,,,,,,,,,,,,yes,,,,,,,,,,,,,,,,,,,,,,,,,,,,,,,,,,,,,,,,,,,,,
Point,-8.673132,37.1011135,node/4078687842,,,,,,,,,,,,,,,White Butterfly Hostel,,,,,,,,,,73,Rua Candido Dos Reis,2024-12-12,,,,,,+351 282 083 887,hostel,,,,,Lagos,,,,,wlan,,,,,,,,,,,,,,,no,,,,,,,,,,,,,,,,,,,,,,,,,,,,,,,,,,,,,,,,,,,,,,,,,,,,,,,,,,,,,,,,,,,,,,,,,,,,,,,,,,,,,,,,,,,,,,,,,,,,,,,,,,,,,,,,,,,,,,,,,,,,,,,,,,,,,,,,,,,,,
Point,-8.7259271,37.0883713,node/4137084345,,,,,,,,,,,,,,,Quinta Paraiso da Mia Appartments,,,,,,,,,,,,,,,,,,,guest_house,https://www.quintaparaisodamia.com/,,,,,,,,,,,,,,,,,,,,,,,,,,,,,,,,,,,,,,,,,,,,,,,,,,,,,,,,,,,,,,,,,,,,,,,,,,,,,,,,,,,,,,,,,,,,,,,,,,,,,,,,,,,,,,,,,,,,,,,,,,,,,,,,,,,,,,,,,,,,,,,,,,,,,,,,,,,,,,,,,,,,,
Point,-8.6713129,37.0994932,node/4230513320,,,,,,,,,,,,,,,Museu de Lagos Doutor José Formosinho,,,,,,,,,,,,2026-04-07,,,,yes,"Tu-Su 10:00-13:00,14:00-18:00",,museum,https://museu.cm-lagos.pt/polos/dr-jose-formosinho/,,,,,,,,,,,,,,,,,,,,,,,,,,,,,yes,,,,,,,yes,,,,,,,,,,,,,,,,,,,,,,,,,,,,,,,,,,,,,,,,,,,,,,,,,,,,,,,,,,,,,,,,,,,,,,,,,,,,,,,,,,,,,3 EUR,,,,,,,,,,,,,,,,,,,,,,,,,,,,,,,,,,,,,,,,,,,,
Point,-8.6733865,37.0980293,node/4232285686,,wayside_cross,,,,,,,catholic,,,,,,I,,,,christian,,,,,,,,,,,,,,,,,,,,,,,,,,,,,,,,,,,,,,,,,,,,,,,,,,,,,,,,,,,,,,,,,,,,,,,,,,,,,,,,,,,,,,,,,,,,,,,,,,,,,,,,,,,,,,,,,,,,,,,,,,,,,,,,,,,,,,,,,,,,,,,,,,,,,,,,,,,,,,,,,,,,,,,,,,,,,,,,,,,,,
Point,-8.6738017,37.0972138,node/4232301290,,wayside_cross,,,,,,,catholic,,,,,,II,,,,christian,,,,,,,,,,,,,,,,,,,,,,,,,,,,,,,,,,,,,,,,,,,,,,,,,,,,,,,,,,,,,,,,,,,,,,,,,,,,,,,,,,,,,,,,,,,,,,,,,,,,,,,,,,,,,,,,,,,,,,,,,,,,,,,,,,,,,,,,,,,,,,,,,,,,,,,,,,,,,,,,,,,,,,,,,,,,,,,,,,,,,
Point,-8.6722115,37.0950692,node/4234249144,,wayside_cross,,,,,,,catholic,,,,,,IV,,,,christian,,,,,,,,,,,,,,,,,,,,,,,,,,,,,,,,,,,,,,,,,,,,,,,,,,,,,,,,,,,,,,,,,,,,,,,,,,,,,,,,,,,,,,,,,,,,,,,,,,,,,,,,,,,,,,,,,,,,,,,,,,,,,,,,,,,,,,,,,,,,,,,,,,,,,,,,,,,,,,,,,,,,,,,,,,,,,,,,,,,,,
Point,-8.6715019,37.0880445,node/4234292808,,wayside_cross,,,,,,,catholic,,,,,,IX,,,,christian,,,,,,,,,,,,,,,,,,,,,,,,,,,,,,,,,,,,,,,,,,,,,,,,,,,,,,,,,,,,,,,,,,,,,,,,,,,,,,,,,,,,,,,,,,,,,,,,,,,,,,,,,,,,,,,,,,,,,,,,,,,,,,,,,,,,,,,,,,,,,,,,,,,,,,,,,,,,,,,,,,,,,,,,,,,,,,,,,,,,,
Point,-8.6715333,37.0892308,node/4234292810,,wayside_cross,,,,,,,catholic,,,,,,VIII,,,,christian,,,,,,,,,,,,,,,,,,,,,,,,,,,,,,,,,,,,,,,,,,,,,,,,,,,,,,,,,,,,,,,,,,,,,,,,,,,,,,,,,,,,,,,,,,,,,,,,,,,,,,,,,,,,,,,,,,,,,,,,,,,,,,,,,,,,,,,,,,,,,,,,,,,,,,,,,,,,,,,,,,,,,,,,,,,,,,,,,,,,,
Point,-8.6706075,37.0838807,node/4234306669,,wayside_cross,,,,,,,catholic,,,,,,,,,,christian,,,,,,,,,,,,,,,,,,,,,,,,,,,,,,,,,,,,,,,,,,,,,,,,,,,,,,,,,,,,,,,,,,,,,,,,,,,,,,,,,,,,,,,,,,,,,,,,,,,,,,,,,,,,,,,,,,,,,,,,,,,,,,,,,,,,,,,,,,,,,,,,,,,,,,,,,,,,,,,,,,,,,,,,,,,,,,,,,,,,,
Point,-8.6708721,37.0852815,node/4234306670,,wayside_cross,,,,,,,catholic,,,,,,,,,,christian,,,,,,,,,,,,,,,,,,,,,,,,,,,,,,,,,,,,,,,,,,,,,,,,,,,,,,,,,,,,,,,,,,,,,,,,,,,,,,,,,,,,,,,,,,,,,,,,,,,,,,,,,,,,,,,,,,,,,,,,,,,,,,,,,,,,,,,,,,,,,,,,,,,,,,,,,,,,,,,,,,,,,,,,,,,,,,,,,,,,,
Point,-8.6712141,37.0866628,node/4234306671,,wayside_cross,,,,,,,catholic,,,,,,X,,,,christian,,,,,,,,,,,,,,,,,,,,,,,,,,,,,,,,,,,,,,,,,,,,,,,,,,,,,,,,,,,,,,,,,,,,,,,,,,,,,,,,,,,,,,,,,,,,,,,,,,,,,,,,,,,,,,,,,,,,,,,,,,,,,,,,,,,,,,,,,,,,,,,,,,,,,,,,,,,,,,,,,,,,,,,,,,,,,,,,,,,,,
Point,-8.6693788,37.0807981,node/4234314089,,wayside_cross,,,,,,,catholic,,,,,,,,,,christian,,,,,,,,,,,,,,,,,,,,,,,,,,,,,,,,,,,,,,,,,,,,,,,,,,,,,,,,,,,,,,,,,,,,,,,,,,,,,,,,,,,,,,,,,,,,,,,,,,,,,,,,,,,,,,,,,,,,,,,,,,,,,,,,,,,,,,,,,,,,,,,,,,,,,,,,,,,,,,,,,,,,,,,,,,,,,,,,,,,,,
Point,-8.6702149,37.0826149,node/4234314090,,wayside_cross,,,,,,,catholic,,,,,,XIII,,,,christian,,,,,,,,,,,,,,,,,,,,,,,,,,,,,,,,,,,,,,,,,,,,,,,,,,,,,,,,,,,,,,,,,,,,,,,,,,,,,,,,,,,,,,,,,,,,,,,,,,,,,,,,,,,,,,,,,,,,,,,,,,,,,,,,,,,,,,,,,,,,,,,,,,,,,,,,,,,,,,,,,,,,,,,,,,,,,,,,,,,,,
Point,-8.6697606,37.0812352,node/4234314091,,wayside_cross,,,,,,,catholic,,,,,,XIV,,,,christian,,,,,,,,,,,,,,,,,,,,,,,,,,,,,,,,,,,,,,,,,,,,,,,,,,,,,,,,,,,,,,,,,,,,,,,,,,,,,,,,,,,,,,,,,,,,,,,,,,,,,,,,,,,,,,,,,,,,,,,,,,,,,,,,,,,,,,,,,,,,,,,,,,,,,,,,,,,,,,,,,,,,,,,,,,,,,,,,,,,,,
Point,-8.6685105,37.082175,node/4234314092,,,,,,,,,,,,,,,,,,,,,,,,,,,,,,,,,,viewpoint,,,,,,,,,,,,,,,,,,,,,,,,,,,,,,yes,,,,,,,,,,,,,,,,,,,,,,,,,,,,,,,,,,,,,,,,,,,,,,,,,,,,,,,,,,,,,,,,,,,,,,,,,,,,,,,,,,,,,,,,,,,,,,,,,,,,,,,,,,,,,,,,,,,,,,,,,,,,,,,,,,,,,,,,
Point,-8.6675736,37.0834058,node/4234314093,,,,,,,,,,,,,,,Miradouro do Abismo,,,,,,,,,,,,,,,,,,,viewpoint,,,,,,,,,,,,,,,,,,,,,,,,,,,,,,yes,,,,,,,,,,,,,,,,,,,,,,,,,,,,,,,,,,,,,,,,,,,,,,,,,,,,,,,,,,,,,,,,,,,,,,,,,,,,,,,,,,,,,,,,,,,,,,,,,,,,,,,,,,,,,,,,,,,,,,,,,,,,,,,,,,,,,,,,
Point,-8.6675026,37.0850511,node/4234314094,,,,,,,,,,,,,,,,,,,,,,,,,,,,,,,,,,viewpoint,,,,,,,,,,,,,,,,,,,,,,,,,,,,,,yes,,,,,,,,,,,,,,,,,,,,,,,,,,,,,,,,,,,,,,,,,,,,,,,,,,,,,,,,,,,,,,,,,,,,,,,,,,,,,,,,,,,,,,,,,,,,,,,,,,,,,,,,,,,,,,,,,,,,,,,,,,,,,,,,,,,,,,,,
Point,-8.6672336,37.0857867,node/4234314563,,,,,,,,,,,,,,,,,,,,,,,,,,,,,,,,,,viewpoint,,,,,,,,,,,,,,,,,,,,,,,,,,,,,,yes,,,,,,,,,,,,,,,,,,,,,,,,,,,,,,,,,,,,,,,,,,,,,,,,,,,,,,,,,,,,,,,,,,,,,,,,,,,,,,,,,,,,,,,,,,,,,,,,,,,,,,,,,,,,,,,,,,,,,,,,,,,,,,,,,,,,,,,,
Point,-8.6723852,37.1011551,node/4238855897,,,,,,,,,,,,,,,Cidade Velha,,,,,,,,,,7,Rua Doutor Joaquim Tello,,,,,,,+351 282 762041,hotel,,,,,,,,,,,,,,,,,,,,,,,,,,,,,,,,,,,,,,,,,,,,,,,,,,,,,,,,,,,,,,,,,,,,,,,,,,,,,,,,,,,,,,,,,,,,,,,,,,,,,,,,,,,,,,,,,,,,,,,,,,,,,,,,,,,,,,,,,,,,,,,,,,,,,,,,,,,,,,,,,,,,,,
Point,-8.7163238,37.0858208,node/4239386731,,,,,,,,,,,,,,,,,,,,,,,,,,,,,,,,,,viewpoint,,,,,,,,,,,,,,,,,,,,,,,,,,,,,,,,,,,,,,,,,,,,,,,,,,,,,,,,,,,,,,,,,,,,,,,,,,,,,,,,,,,,,,,,,,,,,,,,,,,,,,,,,,,,,,,,,,,,,,,,,,,,,,,,,,,,,,,,,,,,,,,,,,,,,,,,,,,,,,,,,,,,,,
Point,-8.7564901,37.0743004,node/4239438687,,,,,,,,,,,,,,,,,,,,,,,,,,,,,,,,,,viewpoint,,,,,,,,,,,,,,,,,,,,,,,,,,,,,,,,,,,,,,,,,,,,,,,,,,,,,,,,,,,,,,,,,,,,,,,,,,,,,,,,,,,,,,,,,,240,,,,,,,,,,,,,,,,,,,,,,,,,,,,,,,,,,,,,,,,,,,,,,,,,,,,,,,,,,,,,,,,,,,,,,,,,,,,
Point,-8.7586798,37.0725656,node/4239453405,,,,,,,,,,,,,,,,,,,,,,,,,,,,,,,,,,viewpoint,,,,,,,,,,,,,,,,,,,,,,,,,,,,,,,,,,,,,,,,,,,,,,,,,,,,,,,,,,,,,,,,,,,,,,,,,,,,,,,,,,,,,,,,,,,,,,,,,,,,,,,,,,,,,,,,,,,,,,,,,,,,,,,,,,,,,,,,,,,,,,,,,,,,,,,,,,,,,,,,,,,,,,
Point,-8.6677675,37.0865184,node/4241645906,,,,,,,,,,,,,,,,,,,,,,,,,,,,,,,,,,viewpoint,,,,,,,,,,,,,,,,,,,,,,,,,,,,,,,,,,,,,,,,,,,,,,,,,,,,,,,,,,,,,,,,,,,,,,,,,,,,,,,,,,,,,,,,,,,,,,,,,,,,,,,,,,,,,,,,,,,,,,,,,,,,,,,,,,,,,,,,,,,,,,,,,,,,,,,,,,,,,,,,,,,,,,
Point,-8.6678337,37.0834361,node/4241657812,,,,,,,,,,,,,,,,,,,,,,,,,,,,,,,,,,viewpoint,,,,,,,,,,,,,,,,,,,,,,,,,,,,,,yes,,,,,,,,,,,,,,,,,,,,,,,,,,,,,,,,,,,,,,,,,,,,,,,,,,,,,,,,,,,,,,,,,,,,,,,,,,,,,,,,,,,,,,,,,,,,,,,,,,,,,,,,,,,,,,,,,,,,,,,,,,,,,,,,,,,,,,,,
Point,-8.6687596,37.0809804,node/4241673040,,,,,,,,,,,,,,,,,,,,,,,,,,,,,,,,,,viewpoint,,,,,,,,,,,,,,,,,,,,,,,,,,,,,,yes,,,,,,,,,,,,,,,,,,,,,,,,,,,,,,,,,,,,,,,,,,,,,,,,,,,,,,,,,,,,,,,,,,,,,,,,,,,,,,,,,,,,,,,,,,,,,,,,,,,,,,,,,,,,,,,,,,,,,,,,,,,,,,,,,,,,,,,,
Point,-8.6638313,37.1155275,node/4245511989,,,,,,,,,,,,,,,Inn Seventies,,,,,,,,,,,,2023-10-14,,,,,,,hostel,,,,,,,,,,,,,,,,,,,,,,,,,,,,,,,,,,,,,,,,,,,,,,,,,,,,,,,,,,,,,,,,,,,,,,,,,,,,,,,,,,,,,,,,,,,,,,,,,,,,,,,,,,,,,,,,,,,,,,,,,,,,,,,,,,,,,,,,,,,,,,,,,,,,,,,,,,,,,,,,,,,,,,
Point,-8.6745036,37.0950656,node/4262823191,,,,,,,,,,,,,,,Montemar,,,,,,,,,,,,,,,,,,,hotel,,3,,,,,,,,,,,,,,,,,,,,,,,,,,,,,,,,,,,,,,,,,,,,,,,,,,,,,,,,,,,,,,,,,,,,,,,,,,,,,,,,,,,,,,,,,,,,,,,,,,,,,,,,,,,,,,,,,,,,,,,,,,,,,,,,,,,,,,,,,,,,,,,,,,,,,,,,,,,,,,,,,,,,
Point,-8.6693033,37.1130559,node/4265679589,,,,,,,,,,,,,,,casa Dani,,,,,,,,,,b1,Rua Conde Lippe,2023-10-14,,,,,,,guest_house,,,,,,,,,,wlan,,,,,,,,,,,,,lagoscasadani@gmail.com,,,,,,,,,,,,,,,,,,,,,,,,,,,,,,,,,,,,,,,,,,,,,,,,,,,,,,,,,,,,,,,,,,,,,,,,,,,,,,,,,,,,,,,,,,,,,,,,,,,,Verify POI position.,,,,,,,,,,,,,,,,,,,,,,,,,,,,,,,,,,,,,,,,,,,
Point,-8.6737424,37.1004952,node/4287262589,,,,,,,,,,,,,,,Old Town Hostel,,,,,,,,,,70,Rua da Oliveira,2026-04-15,,,,,24/7,+351 282 087 025,hostel,https://oldtownlagoshostel.com/,,,,Lagos,8600-700,,,hostel,wlan,José Barros,,,,,,,,,,,,hello@oldtownlagoshostel.com,,no,,,,,,,,,,,,,,,,,,,,,,,,,,,,,,,,,,,,,,,,,,,,,,,,,,,,,,,,,,,,,,,,,,Old Town Lagos Hostel,,,,,,,,,,,,,,,,,,,,,,,,,,,,,,,,,,,,,,,,,,,,,,,,,,,,,,,,,,,,,,,,,,,,,,,,,,,
Point,-8.7228401,37.118896,node/4324762995,,,,,,,,,,,,,,,Patrick en hetty,,,,,,,,,,,,,,,,,,,guest_house,,,,,,,,,,,,,,,,,,,,,,,,,,,,,,,,,,,,,,,,,,,,,,,,,,,,,,,,,,,,,,,,,,,,,,,,,,,,,,,,,,,,,,,,,,,,,,,,,,,,,,,,,,,,,,,,,,,,,,,,,,,,,,,,,,,,,,,,,,,,,,,,,,,,,,,,,,,,,,,,,,,,,,
Point,-8.6813297,37.0911187,node/4358204362,,,,,,,,,,,,,,,Terraço do Solar,,,,,,,,,,,Estrada do Porto de Mós,,,,,,,,guest_house,,,,,Lagos,8600,,,,wlan,Solar do Mós,,,,,,,,,,,,,,,,,,,,,,,,,,,,,,,,,,,,,,,,,,,,,,,,,,,,,,,,,,,,,,,,,,,,,,,,,,,,,,,,,,,,,,,,,,,,,,,,,,,,,,,,,,,,,,,,,,,,,,,,,,,,,,,,,,,,,,,,,,,,,,,,,,,,,,,,,,,
Point,-8.6786501,37.0916298,node/4369769334,,,,,,,,,,,,,,,Vila Branca Apartments,,,,,,,,,,,,,,,,,,,hotel,,,,,,,,,,,MyTours,,,,,,,,,,,,,,,,,,,,,,,,,,,,,,,,,,,,,,,,,,,,,,,,,,,,,,,,,,,,,,,,,,,,,,,,,,,,,,,,,,,,,,,,,,,,,,,,,,,,,,,,,,,,,,,,,,,,,,,,,,,,,,,,,,,,,,,,,,,,,,,,,,,,,,,,,,,
Point,-8.7702994,37.0930551,node/4377148223,,,,,,,,,,,,,,,Casa Brybeg,,,,,,,,,,,,,,,,,,,hotel,,,,,,,,,,,,,,,,,,,,,,,,,,,,,,,,,,,,,,,,,,,,,,,,,,,,,,,,,,,,,,,,,,,,,,,,,,,,,,,,,,,,,,,,,,,Casa Brybeg,,,,,,,,,,,,,,,,,,,,,,,,,,,,,,,,,Casa Brybeg,,,,,,,,,,,,,,,,,,,,,,,,,,,,,,,,,,,,,,,,,,
Point,3.3601255,6.4395095,node/4394496092,,,,,,,,,,,,,,,Carliza,,,,,,,,,,,,,,,,,,,hotel,,,,,,,,,,,,,,,,,,,,,,,,,,,,,,,,,,,,,,,,,,,,,,,,,,,,,,,,,,,,,,,,,,,,,,,,,,,,,,,,,,,,,,,,,,,,,,,,,,,,,,,,,,,,,,,,,,,,,,,,,,,,,,,,,,,,,,,,,,,,,,,,,,,,,,,,,,,,,,,,,,,,,,
Point,-8.7581007,37.077647,node/4504193445,,,,,,,,,,,,,,,,,,,,,,,,,,,,,,,,,,artwork,,,,,,,,,,,,,,,,,,,,,,,,,,,,,,,,,,,,,,,,,,,,,,,,,,,,,,,,,,,,,,,,,,,,,,,,,,,,,,,,,,,,,,,,,sculpture,,,,,,,,,,,,,,,,,,,,,,,,,,,,,,,,,,,,,,,,,,,,,,,,,,,,,,,,,,,,,,,,,,,,,,,,,,,,,
Point,-8.6666531,37.0958889,node/4561327945,,,,,,,,,,,,,,,,,,,,,,,,,,,,,,,,,,viewpoint,,,,,,,,,,,,,,,,,,,,,,,,,,,,,,,,,,,,,,,,,,,,,,,,,,,,,,,,,,,,,,,,,,,,,,,,,,,,,,,,,,,,,,,,,,,,,,,,,,,,,,,,,,,,,,,,,,,,,,,,,,,,,,,,,,,,,,,,,,,,,,,,,,,,,,,,,,,,,,,,,,,,,,
Point,3.4368574,6.4269148,node/4579125791,,,,,,,,,,,,,,,Signature suites,,,,,,,,,,23,Young Bashorun Street,,,,,,24/7,01 454 1407,hotel,,,,Signature suites,,23401,,,,wlan,mrs kash,,,,,,,,,,,,,,,,,,,,,,,,,,,,,,,,,,,,,,,,,,,,,,,,,,,,,,,,,,,,,,,,,,,,,,,,,,,,,,,,,,,,,,,,,,,,,,,,,,,,,,,,,,,,,,,,,,,,,,,,,,,,,,,,,,,,,,,,,,,,,,,,,,,,,,,,,,,
Point,3.3331894,6.6010048,node/4583557389,,,,,,,,,,,,,,,,,,,,,,,,,,,,,,,,,,guest_house,,,,,,,,,,,,,,,,,,,,,,,,,,,,,,,,,,,,,,,,,,,,,,,,,,,,,,,,,,,,,,,,,,,,,,,,,,,,,,,,,,,,,,,,,,,,,,,,,,,,,,,,,,,,,,,,,,,,,,,,,,,,,,,,,,,,,,,,,,,,,,,,,,,,,,,,,,,,,,,,,,,,,,
Point,-8.6737207,37.0989391,node/4659945630,,,,,,,,,,,,,,,Buddha Bee,,,,,,,,,,12,Travessa Gil Vicente,2026-04-16,,,,,,,hostel,,,,,,,,,,,Hutch Hostel,,,,,,,,,,,,,,,,,,,,,,,,,,,,,,,,,,,,,,,,,,,,,,,,,,,,,,,,,,,,,,,,,,,,,,,,,,,,,,,,,,,,,,,,,,,,,,,,,,,,,,,,,,,,,,,,,,,,,,,,,,,,,,,,,,,,,,,,,,,,,,,,,,,,,,,,,,,
Point,3.9470229,6.5880209,node/4701822802,,,,,,,,,,,,,,,,,,,,,,,,,,,,,,,,,,hotel,,,,,,,,,,,,,,,,,,,,,,,,,,,,,,,,,,,,,,,,,,,,,,,,,,,,,,,,,,,,,,,,,,,,,,,,,,,,,,,,,,,,,,,,,,,,,,,,,,,,,,,,,,,,,,,,,,,,,,,,,,,,,,,,,,,,,,,,,,,,,,,,,,,,,,,,,,,,,,,,,,,,,,
Point,-8.7292606,37.1960604,node/4726580597,,,,,,,,,,,,,,,GR13 Via Algarviana,,,,,,,,,,,,,,,,,,,information,,,,,,,,,,,,,,,,,,,,,,,,,,,,,,,,,,,,,,,,,,,,,,,,,,,,,,,,,,,,,,,,,,,,,,,,,,,guidepost,,,,,,,,,,,,,,,,,,,,,,,,,,,,,,,,,,,,,yes,,GR13,,,confidence,mast,,,,,,,,,,,,,,,,,,,,,,,,,,,,,,,,,,,,,,,,,,,,,,,,
Point,-8.7311628,37.1976577,node/4726580598,,,,,,,,,,,,,,,GR13 Via Algarviana,,,,,,,,,,,,,,,,,,,information,,,,,,,,,,,,,,,,,,,,,,,,,,,,,,,,,,,,,,,,,,,,,,,,,,,,,,,,,,,,,,,,,,,,,,,,,,,guidepost,,,,,,,,,,,,,,,,,,,,,,,,,,,,,,,,,,,,,yes,,GR13,,,confidence,pole,,,,,,,,,,,,,,,,,,,,,,,,,,,,,,,,,,,,,,,,,,,,,,,,
Point,-8.7335971,37.1990765,node/4726580599,,,,,,,,,,,,,,,GR13 Via Algarviana,,,,,,,,,,,,,,,,,,,information,,,,,,,,,,,,,,,,,,,,,,,,,,,,,,,,,,,,,,,,,,,,,,,,,,,,,,,,,,,,,,,,,,,,,,,,,,,guidepost,,,,,,,,,,,,,,,,,,,,,,,,,,,,,,,,,,,,,yes,,GR13,,,confidence,pole,,,,,,,,,,,,,,,,,,,,,,,,,,,,,,,,,,,,,,,,,,,,,,,,
Point,-8.7347717,37.2005365,node/4726580600,,,,,,,,,,,,,,,GR13 Via Algarviana,,,,,,,,,,,,,,,,,,,information,,,,,,,,,,,,,,,,,,,,,,,,,,,,,,,,,,,,,,,,,,,,,,,,,,,,,,,,,,,,,,,,,,,,,,,,,,,guidepost,,,,,,,,,,,,,,,,,,,,,,,,,,,,,,,,,,,,,yes,,GR13,,,confidence,pole,,,,,,,,,,,,,,,,,,,,,,,,,,,,,,,,,,,,,,,,,,,,,,,,
Point,-8.7373983,37.2037096,node/4726580601,,,,,,,,,,,,,,,GR13 Via Algarviana,,,,,,,,,,,,,,,,,,,information,,,,,,,,,,,,,,,,,,,,,,,,,,,,,,,,,,,,,,,,,,,,,,,,,,,,,,,,,,,,,,,,,,,,,,,,,,,guidepost,,,,,,,,,,,,,,,,,,,,,,,,,,,,,,,,,,,,,yes,,GR13,,,confidence,pole,,,,,,,,,,,,,,,,,,,,,,,,,,,,,,,,,,,,,,,,,,,,,,,,
Point,-8.7385875,37.2051489,node/4726580602,,,,,,,,,,,,,,,GR13 Via Algarviana,,,,,,,,,,,,,,,,,,,information,,,,,,,,,,,,,,,,,,,,,,,,,,,,,,,,,,,,,,,,,,,,,,,,,,,,,,,,,,,,,,,,,,,,,,,,,,,guidepost,,,,,,,,,,,,,,,,,,,,,,,,,,,,,,,,,,,,,yes,,GR13,,,direction,mast,,,,,,,,,,,,,,,,,,,,,,,,,,,,,,,,,,,,,,,,,,,,,,,,
Point,-8.7385089,37.205236,node/4726580603,,,,,,,,,,,,,,,GR13 Via Algarviana,,,,,,,,,,,,,,,,,,,information,,,,,,,,,,,,,,,,,,,,,,,,,,,,,,,,,,,,,,,,,,,,,,,,,,,,,,,,,,,,,,,,,,,,,,,,,,,guidepost,,,,,,,,,,,,,,,,,,,,,,,,,,,,,,,,,,,,,yes,,GR13,,,confidence,mast,,,,,,,,,,,,,,,,,,,,,,,,,,,,,,,,,,,,,,,,,,,,,,,,
Point,-8.7381232,37.2066986,node/4726580604,,,,,,,,,,,,,,,GR13 Via Algarviana,,,,,,,,,,,,,,,,,,,information,,,,,,,,,,,,,,,,,,,,,,,,,,,,,,,,,,,,,,,,,,,,,,,,,,,,,,,,,,,,,,,,,,,,,,,,,,,guidepost,,,,,,,,,,,,,,,,,,,,,,,,,,,,,,,,,,,,,yes,,GR13,,,confidence,wall,,,,,,,,,,,,,,,,,,,,,,,,,,,,,,,,,,,,,,,,,,,,,,,,
Point,-8.7387447,37.208035,node/4726580605,,,,,,,,,,,,,,,GR13 Via Algarviana,,,,,,,,,,,,,,,,,,,information,,,,,,,,,,,,,,,,,,,,,,,,,,,,,,,,,,,,,,,,,,,,,,,,,,,,,,,,,,,,,,,,,,,,,,,,,,,guidepost,,,,,,,,,,,,,,,,,,,,,,,,,,,,,,,,,,,,,yes,,GR13,,,confidence,mast,,,,,,,,,,,,,,,,,,,,,,,,,,,,,,,,,,,,,,,,,,,,,,,,
Point,-8.7382732,37.207602,node/4726580606,,,,,,,,,,,,,,,GR13 Wrong way,,,,,,,,,,,,,,,,,,,information,,,,,,,,,,,,,,,,,,,,,,,,,,,,,,,,,,,,,,,,,,,,,0.5,,,,,,,,,,,,,,,,,,,,,,,,,,,,,,guidepost,,,,,,,,,,,,,,,,,,,,,,,,,,,,,,,,,,,,,yes,,GR13,,,direction_no,pole,intermediary,pole,,,,,,,,,,,,,,,,,,,,,,,,,,,,,,,,,,,,,,,,,,,,,,
Point,-8.7389112,37.2085732,node/4726580614,,,,,,,,,,,,,,,GR13 Via Algarviana,,,,,,,,,,,,,,,,,,,information,,,,,,,,,,,,,,,,,,,,,,,,,,,,,,,,,,,,,,,,,,,,,,,,,,,,,,,,,,,,,,,,,,,,,,,,,,,guidepost,,,,,,,,,,,,,,,,,,,,,,,,,,,,,,,,,,,,,yes,,GR13,,,confidence,pole,,,,,,,,,,,,,,,,,,,,,,,,,,,,,,,,,,,,,,,,,,,,,,,,
Point,-8.739203,37.2140616,node/4726580619,,,,,,,,,,,,,,,GR13 Via Algarviana,,,,,,,,,,,,,,,,,,,information,,,,,,,,,,,,,,,,,,,,,,,,,,,,,,,,,,,,,,,,,,,,,,,,,,,,,,,,,,,,,,,,,,,,,,,,,,,guidepost,,,,,,,,,,,,,,,,,,,,,,,,,,,,,,,,,,,,,yes,,GR13,,,confidence,pole,,,,,,,,,,,,,,,,,,,,,,,,,,,,,,,,,,,,,,,,,,,,,,,,
Point,-8.7394701,37.2150044,node/4726580620,,,,,,,,,,,,,,,GR13 Via Algarviana,,,,,,,,,,,,,,,,,,,information,,,,,,,,,,,,,,,,,,,,,,,,,,,,,,,,,,,,,,,,,,,,,,,,,,,,,,,,,,,,,,,,,,,,,,,,,,,guidepost,,,,,,,,,,,,,,,,,,,,,,,,,,,,,,,,,,,,,yes,,GR13,,,confidence,pole,,,,,,,,,,,,,,,,,,,,,,,,,,,,,,,,,,,,,,,,,,,,,,,,
Point,-8.7405745,37.217669,node/4726580638,,,,,,,,,,,,,,,GR13 Via Algarviana,,,,,,,,,,,,,,,,,,,information,,,,,,,,,,,,,,,,,,,,,,,,,,,,,,,,,,,,,,,,,,,,,,,,,,,,,,,,,,,,,,,,,,,,,,,,,,,guidepost,,,,,,,,,,,,,,,,,,,,,,,,,,,,,,,,,,,,,yes,,GR13,,,confidence,mast,,,,,,,,,,,,,,,,,,,,,,,,,,,,,,,,,,,,,,,,,,,,,,,,
Point,-8.741031,37.2177829,node/4726580639,,,,,,,,,,,,,,,GR13 Wrong way,,,,,,,,,,,,,,,,,,,information,,,,,,,,,,,,,,,,,,,,,,,,,,,,,,,,,,,,,,,,,,,,,0.5,,,,,,,,,,,,,,,,,,,,,,,,,,,,,,guidepost,,,,,,,,,,,,,,,,,,,,,,,,,,,,,,,,,,,,,yes,,GR13,,,direction_no,pole,intermediary,pole,,,,,,,,,,,,,,,,,,,,,,,,,,,,,,,,,,,,,,,,,,,,,,
Point,-8.7425693,37.2191564,node/4726580643,,,,,,,,,,,,,,,GR13 Via Algarviana,,,,,,,,,,,,,,,,,,,information,,,,,,,,,,,,,,,,,,,,,,,,,,,,,,,,,,,,,,,,,,,,,,,,,,,,,,,,,,,,,,,,,,,,,,,,,,,guidepost,,,,,,,,,,,,,,,,,,,,,,,,,,,,,,,,,,,,,yes,,GR13,,,confidence,mast,,,,,,,,,,,,,,,,,,,,,,,,,,,,,,,,,,,,,,,,,,,,,,,,
Point,-8.7427057,37.2196002,node/4726580644,,,,,,,,,,,,,,,GR13 Via Algarviana,,,,,,,,,,,,,,,,,,,information,,,,,,,,,,,,,,,,,,,,,,,,,,,,,,,,,,,,,,,,,,,,,,,,,,,,,,,,,,,,,,,,,,,,,,,,,,,guidepost,,,,,,,,,,,,,,,,,,,,,,,,,,,,,,,,,,,,,yes,,GR13,,,confidence,mast,,,,,,,,,,,,,,,,,,,,,,,,,,,,,,,,,,,,,,,,,,,,,,,,
Point,-8.7426753,37.2217205,node/4726580645,,,,,,,,,,,,,,,GR13 Via Algarviana,,,,,,,,,,,,,,,,,,,information,,,,,,,,,,,,,,,,,,,,,,,,,,,,,,,,,,,,,,,,,,,,,,,,,,,,,,,,,,,,,,,,,,,,,,,,,,,guidepost,,,,,,,,,,,,,,,,,,,,,,,,,,,,,,,,,,,,,yes,,GR13,,,confidence,pole,,,,,,,,,,,,,,,,,,,,,,,,,,,,,,,,,,,,,,,,,,,,,,,,
Point,-8.741726,37.2238237,node/4726580650,,,,,,,,,,,,,,,GR13 Via Algarviana,,,,,,,,,,,,,,,,,,,information,,,,,,,,,,,,,,,,,,,,,,,,,,,,,,,,,,,,,,,,,,,,,,,,,,,,,,,,,,,,,,,,,,,,,,,,,,,guidepost,,,,,,,,,,,,,,,,,,,,,,,,,,,,,,,,,,,,,yes,,GR13,,,confidence,mast,,,,,,,,,,,,,,,,,,,,,,,,,,,,,,,,,,,,,,,,,,,,,,,,
Point,-8.7419187,37.2240649,node/4726580651,,,,,,,,,,,,,,,GR13 Wrong way,,,,,,,,,,,,,,,,,,,information,,,,,,,,,,,,,,,,,,,,,,,,,,,,,,,,,,,,,,,,,,,,,0.5,,,,,,,,,,,,,,,,,,,,,,,,,,,,,,guidepost,,,,,,,,,,,,,,,,,,,,,,,,,,,,,,,,,,,,,yes,,GR13,,,direction_no,pole,intermediary,pole,,,,,,,,,,,,,,,,,,,,,,,,,,,,,,,,,,,,,,,,,,,,,,
Point,-8.726185,37.2259948,node/4726580669,,,,,,,,,,,,,,,GR13 Via Algarviana,,,,,,,,,,,,,,,,,,,information,,,,,,,,,,,,,,,,,,,,,,,,,,,,,,,,,,,,,,,,,,,,,,,,,,,,,,,,,,,,,,,,,,,,,,,,,,,guidepost,,,,,,,,,,,,,,,,,,,,,,,,,,,,,,,,,,,,,yes,,GR13,,,confidence,mast,,,,,,,,,,,,,,,,,,,,,,,,,,,,,,,,,,,,,,,,,,,,,,,,
Point,3.3918804,6.3942453,node/4755886706,,,,,,,,,,,,,,,Lighthouse Beach,,,,,,,,,,,,,,,,,,,attraction,,,,Lighthouse Beach,,,,,,,,,,,,,,,,,,,,,,,,,,,,,,,,,,,,,,,,,,,,,,,,,,,,,,,,,,,,,,,,,,,,,,,,,,,,,,,,,,,,,,,,,,,,,,,,,,,,,,,,,,,,,,,,,,,,,,,,,,,,,,,,,,,,,,,,,,,,,,,,,,,,,,,,,,,,,,,,,,
Point,3.420588,6.4309878,node/4755897331,,,,,,,,,,,,,,,B.B.Q. 'R' US Hotel (aka Moonways Hotel Ltd.),,,,,,,,,,6,Akin-Olugbade Street,,,,,,,,hotel,,,,B.B.Q. 'R' US Hotel (aka Moonways Hotel Ltd.),,,,,,wlan,,,,,,,,,,,,,,,,,,,,,,,,,,,,,,,,,,,,,,,,,,,,,,,,,,,,,,,,,,,,,,,,,,,,,,,,,,,,,,,,,,,,,,,,,,,,,,,,,,,,,,,,,,,,,,,,,,,,,,,,,,,,,,,,,,,,,,,,,,,,,,,,,,,,,,,,,,,,
Point,-8.6754855,37.0948787,node/4761132821,,,,,,,,,,,,,,,The Shelter Lagos,,,,,,,,,,7,Rua Eça de Queiroz,,,,,,,,hostel,,,,,,8600-588,,,,,,,,,,,,,,,,,,,,,,,,,,,,,,,,,,,,,,,,,,,,,,,,,,,,,,,,,,,,,,,,,,,,,,,,,,,,,,,,,,,,,,,,,,,,,,,,,,,,,,,,,,,,,,,,,,,,,,,,,,,,,,,,,,,,,,,,,,,,,,,,,,,,,,,,,,,,,,,,
Point,-8.736861,37.155779,node/4804502086,,,,,,,,,,,,,,,Estela da Fonte Velha,,,,,,,,,,,,,,,,,,,information,https://www.cm-lagos.pt/descobrir-lagos/visitar/patrimonio-e-monumentos#241-estela-da-fonte-velha,,,,,,,,,,,,,,,,,,,,,,,,,,,,,,,,,,,,,,,,,,,,,,,,,,,,,,,,,,,,,,,,,,,,,,,,,,board,,,,,,,,,,,,,,,,,,,,,,,,,,,,,,,,,,,,,,,,,,,,,,,,,,history,,,,,,,,,,,,,,,,,,,,,,,,,,,,,,,,,,,,,,,,,
Point,-8.6777826,37.1028244,node/4862128994,,,,,,,,,,,,,,,Uptown,,,,,,,,,,14,Rua Ilha de São Miguel,2026-03-31,,,,,,,guest_house,,,,,Lagos,8600-315,,,,wlan,,,9,,,,,,,,,,,,no,,,outside,,,,,,,,,,,,,,,,,,,,,,,,,,,,,,,,,,,,,,,,,,,,,,,,,,,,,,,,,,,,,,,,,,,,,,,,,,,,,,,,,,,,,,,,,,,,,,,,,,,,,,,,,,,,,,,,,,,,,,,,,,,,,,,,,,,,,,,,,,
Point,-8.6544479,37.143718,node/4878308121,,,,,,,,,,,,,,,Vivenda Os Santas,,,,,,,,,,,,,,,,,,,guest_house,,,,,,,,,,wlan,,,,,,,,,,,,,,,,,,,,,,,,,,,,,,,,,,,,,,,,,,,,,,,,,,,,,,,,,,,,,,,,,,,,,,,,,,,,,,,,,Vivenda os santas,,,,,,,,,,,,,,,,,,,,,,,,,,,,,,,,,,,,,,,,,,,,,,,,,,,,,,,,,,,,,,,,,,,,,,,,,,,
Point,3.3338054,6.5891273,node/4882134391,,,,,,,,,,,,,,,Aircraft,,,,,,,,,,,,,,,,,,,museum,,,,,,,,,,,,,,,,,,,,,,,,,,,,,,,,,,,,,,,,,,,,,,,,,,,,,,,,,,,,,,,,,,,,,,,,,,,,,,,,,,,,,,,,,,,,,,,,,,,,,,,,,,,,,,,,,,,,,,,,,,,,,,,,,,,,,,,,,,,,,,,,,,,,,,,,,,,,,,,,,,,,,,
Point,-8.7732247,37.0744237,node/4910915126,,,,,,,,,,,,,,,Condomínio Montinhos do Burgal,,,,,,,,,,,,,,,,,,,hostel,,,,,,,,,,,,,,,,,,,,,,,,,,,,,,,,,,,,,,,,,,,,,,,,,,,,,,,,,,,,,,,,,,,,,,,,,,,,,,,,,,,,,,,,,,,Condomínio montinhos do burgal,,,,,,,,,,,,,,,,,,,,,,,,,,,,,,,,,,,,,,,,,,,,,,,,,,,,,,,,,,,,,,,,,,,,,,,,,,,
Point,3.3279946,6.5157556,node/4917613299,,,,,,,,,,,,,,,Emota Hotel,,,,,,,,,,,Mabinuori Street,,,,,,,,hotel,,,,,,,,,,,,,,,,,,,,,,,,,,,,,,,,,,,,,,,,,,,,,,,,,,,,,,,,,,,,,,,,,,,,,,,,,,,,,,,,,,,,,,,,,,,,,,,,,,,,,,,,,,,,,,,,,,,,,,,,,,,,,,,,,,,,,,,,,,,,,,,,,,,,,,,,,,,,,,,,,,,,,,
Point,-8.6580236,37.1170104,node/4938572421,,,,,,,,,,,,,,,Parque Aventura Lagos,,,,,,,,,,,Rua Sophia de Mello Breyner Andresen,,,,,,,+351911020042,theme_park,https://www.parqueaventura.net,,,,,,,,,,,,,,,,,,,,,,lagos@parqueaventura.net,,,,,,,,,,,,,,,,sports_centre,,,,,,,,,,,,,,,,,,,,,,,,,,,,,,,,,,,,,,,,,,,,,,,,,,,,,,,,,,,,,,,,,,,,,,,climbing_adventure,,,,,,,,,,,,,,,,,,,,,,,,,,,,,,,,,,,,,,,,,,,,,,,,,,,,,,,,
Point,3.3313755,6.5543292,node/4976976122,,,,,,,,,,,,,,,,,,,,,,,,,,,,,,,,,,guest_house,,,,,,,,,,,,,,,,,,,,,,,,,,,,,,,,,,,,,,,,,,,,,,,,,,,,,,,,,,,,,,,,,,,,,,,,,,,,,,,,,,,,,,,,,,,,,,,,,,,,,,,,,,,,,,,,,,,,,,,,,,,,,,,,,,,,,,,,,,,,,,,,,,,,,,,,,,,,,,,,,,,,,,
Point,-8.6788076,37.1026867,node/4979309360,,,,,,,,,,,,,,,White Sun Hostel,,,,,,,,,,,,2026-04-21,,,,,,,hostel,,,,,,,,,,,,,,,,,,,,,,,,,,,,,,,,,,,,,,,,,,,,,,,,,,,,,,,,,,,,,,,,,,,,,,,,,,,,,,,,,,,,,,,,,,,,,,,,,,,,,,,,,,,,,,,,,,,,,,,,,,,,,,,,,,,,,,,,,,,,,,,,,,,,,,,,,,,,,,,,,,,,,,
Point,-8.6726791,37.098583,node/5006740623,,,,,,,,,,,,,,,Racing Mackerel,,,,,,,,,,,,2026-04-16,,,,,,,hostel,,,,,,,,,,,,,,,,,,,,,,,,,,,,,,,,,,,,,,,,,,,,,,,,,,,,,,,,,,,,,,,,,,,,,,,,,,,,,,,,,,,,,,,,,,,,,,,,,,,,,,,,,,,,,,,,,,,,,,,,,,,,,,,,,,,,,,,,,,,,,,,,,,,,,,,,,,,,,,,,,,,,,,
Point,3.5854625,6.4978111,node/5078817614,,monument,,,,,,,,,,,,,Ado Roundabout,,,,,,,,,,,,,,,,,,,,,,,,,,,,,,,,,,,,,,,,,,,,,,,,,,,,,,,,,,,,,,,,,,,,,,,,,,,,,,,,,,,,,,,,,,,,,,,,,,,,,,,,,,,,,,,,,,,,,,,,,,,Land Mark,,,,,,,,,,,,,,,,,,,,,,,,,,,,,,,,,,,,,,,,,,,,,,,,,,,,,,,,,,,,,,
Point,3.3255542,6.5536857,node/5206471425,,,,,,,,,,,,,,,Stop over motel,,,,,,,,,,,International Airport Road,,,,,,,,motel,,,,,,100263,,,,,,,,,,,,,,,,,,,,,,,,,,,,,,,,,,,,,,,,,,,,,,,,,,,,,,,,,,,,,,,,,,,,,,,,,,,,,,,,,,,,,,,,,,,,,,,,,,,,,,,,,,,,,,,,,,,,,,,,,,,,,,,,,,,,,,,,,,,,,,,,,,,,,,,,,,,,,,,,
Point,3.3251125,6.553904,node/5206471428,,,,,,,,,,,,,,,West view hotel,,,,,,,,,,,Stella Osholanke street,,,,,,,,hotel,,,,,,100263,,,,,,,,,,,,,,,,,,,,,,,,,,,,,,,,,,,,,,,,,,,,,,,,,,,,,,,,,,,,,,,,,,,,,,,,,,,,,,,,,,,,,,,,,,,,,,,,,,,,,,,,,,,,,,,,,,,,,,,,,,,,,,,,,,,,,,,,,,,,,,,,,,,,,,,,,,,,,,,,
Point,3.3251595,6.5539262,node/5206471623,,,,,,,,,,,,,,,West view hotel,,,,,,,,,,1,Stella Osholanke street,,,,,,,,hotel,,,,,,100263,,,,,,,,,,,,,,,,,,,,,,,,,,,,,,,,,,,,,,,,,,,,,,,,,,,,,,,,,,,,,,,,,,,,,,,,,,,,,,,,,,,,,,,,,,,,,,,,,,,,,,,,,,,,,,,,,,,,,,,,,,,,,,,,,,,,,,,,,,,,,,,,,,,,,,,,,,,,,,,,
Point,-8.6697511,37.1006418,node/5239376030,,,,,,,,,,,,,,,,,,,,,,,,,,,,,,,,,,information,,,,,,,,,,,,,,,,,,,,,,,,,,,,,,,,,,,,,,,,,,,,,,,,,,,,,,,,,,,,,,,,,,,,,,,,,,,map,,,,,,,,,,,,,,,,,,,,,,,,,,,,,,,,,,,,,,,,,,,,,,,,,,,,,,,,,,,,,,,,,,,,,,,,,,,,,,,,,,,,,,,,,,,
Point,-8.6868989,37.0865583,node/5323669400,,,,,,,,,,,,,,,,,,,,,,,,,,,,,,,,,,viewpoint,,,,,,,,,,,,,,,,,,,,,,,,,,,,,,,,,,,,,,,,,,,,,,,,,,,,,,,,,,,,,,,,,,,,,,,,,,,,,,,,,,,,,,,,,,,,,,,,,,,,,,,,,,,,,,,,,,,,,,,,,,,,,,,,,,,,,,,,,,,,,,,,,,,,,,,,,,,,,,,,,,,,,,
Point,-8.687202,37.08755,node/5323669407,,,,,,,,,,,,,,,,,,,,,,,,,,,,,,,,,,viewpoint,,,,,,,,,,,,,,,,,,,,,,,,,,,,,,,,,,,,,,,,,,,,,,,,,,,,,,,,,,,,,,,,,,,,,,,,,,,,,,,,,,,,,,,,,,,,,,,,,,,,,,,,,,,,,,,,,,,,,,,,,,,,,,,,,,,,,,,,,,,,,,,,,,,,,,,,,,,,,,,,,,,,,,
Point,3.2918256,6.6071278,node/5365523925,,,,,,,,,,,,,,,Home,,,,,,,,,,13,412 Road C Close Blk 13 Flt 4 Gowon Estate Ipaja,,,,,,,,apartment,,,,,,234,,,,,Igwe,,,,,,,,,,,,igwe.tony@gmail.com,,,,,,,,,,,,,,,,,,,,,,,,,,,,,,,,,,,,,,,,,,,,,,,,,,,,,,,,,,,,,,,,,,,,,,,,,,,,,,,,,,,,,,,,,,,,,,,,,,,,,,,,,,,,,,,,,,,,,,,,,,,,,,,,,,,,,,,,,,,,,,,
Point,3.2915308,6.5438468,node/5391973421,,,,,,,,,,,,,,,"Liasu Road, Ikotun.",,,,,,,,,,24,"Olalere oludunjoye off Liasu road, Ikotun.",,,,,,24/7,08022775515,apartment,https://www.macdas.com/,,,,,234,,,,,richards,,,,,,,,,,,,richardsseyimark@gmail.com,,,,,,,,,,,,,,,,,,,,,,,,,,,,,,,,,,,,,,,,,,,,,,,,,,,,,,,,,,,,,,,,,,,,,,,,,,,,,,,,,,,,,,,,,,,,,,,,,,,,,,,,,,,,,,,,,,,,,,,,,,,,,,,,,,,,,,,,,,,,,,,
Point,-8.6734496,37.0996441,node/5405967680,,,,,,,,,,,,,,,9ninelives,,,,,,,,,,32,Rua Gil Vicente,2026-04-16,,,,,,,hostel,,,,,Lagos,,,,,yes,,,,,,,,,,,,,,,,,,,,,,,,,,,,,,,,,,,,,,,,,,,,,,,,,,,,,,,,,,,,,,,,,,,,,,,,,,,,,,,,,,,,,,,,,,,,,,,,,,,,,,,,,,,,,,,,,,,,,,,,,,,,,,,,,,,,,,,,,,,,,,,,,,,,,,,,,,,,
Point,-8.6734345,37.1037495,node/5474104475,,,,,,,,,,,,,,,Orange3,,,,,,,,,,55,Rua Doutor Faria e Silva,2026-05-03,,,,,,,hostel,https://www.facebook.com/Orange3Hostel/,,,,,,,,,,,,,,,,,,,,,,,,,,,,,no,,,,,,,,,,,,,,,,,,,,,,,,,,,,,,,,,,,,,,,,,,,,,,,,,,,,,,,,,,,,,,,,,,,,,,,,,,,,,,,,,,,,,,,,,,,,,,,,,,,,,,,,,,,,,,,,,,,,,,,,,,,,,,,,,,,,,,,,
Point,-8.6755448,37.0929048,node/5506806121,,,,,,,,,,,,,,,,,,,,,,,,,8,Rua Pintor Falcão Trigoso,,,,,,,+351918674079,apartment,,,,,,,,,,,,,,,,,,,,,,,,,,,,,,,,,,,,,,,,,,,,,,,,,,,,,,,,,,,,,,,,,,,,,,,,,,,,,,,,,,,,,,,,,,,,,,,,,,,,,,,,,,,,,,,,,,,,,,,,,,,,,,,,,,,,,,,,,,,,,,,,,,,,,,,,,,,,,,,,,,,,,,
Point,3.1668099,6.4034252,node/5538723221,,,,,,,,,,,,,,,Agaja beach,,,,,,,,,,,,,,,,,,,attraction,,,,,,,,,,,,,,,,,,,,,,,,,,,,,,,,,,,,,,,,,,,,,,,,,,,,,,,,,,,,,,,,,,,,,,,,,,,,,,,,,,,,,,,,,,,,,,,,,,,,,,,,,,,,,,,,,,,,,,,,,,,,,,,,,,,,,,,,,,,,,,,,,,,,,,,,,,,,,,,,,,,,,,
Point,-8.6756376,37.1215917,node/5566338129,,,,,,,,,,,,,,,Wake Salinas,,,,,,,,,,,,,,,,,,,attraction,,,,,,,,,,,,,,,,,,,,,,,,,,,,,,,,,,,,,,,,,,,,,,,,,,,,,,,,,,,,,,,,,,,,,,,,,,,,,,,,,,,,,,,,,,,,,,,,,,,,,,,,,,,,,,,,,,,,,,,,,,,,,,,,,,,,,,,,,,,,,,,,,,,,,,,,,,,,,,,,,,,,,,
Point,-8.687467,37.1005468,node/5576763223,,,,,,,,,,,,,,,Bura Surfhouse,,,,,,,,,,15,rua da pedra alcada,,,,,,24/7,+351 282 046448,hostel,https://www.burasurfhouse.com/,,,,,8600-546,,,,wlan,,,,,,,,,,,,,surfhouselagos@buratravel.com,,,,,,,,,,,,,,,,,,,,,,,,,,,,,,,,,,,,,,,,,,,,,,,,,,,,,,,,,,,,,,,,,,,,,,,,,,,,,,,,,,,,,,,,,,,,,,,,,,,,,,,,,,,,,,,,,,,,,,,,,,,,,,,,,,,,,,,,,,,,,,,
Point,-8.683431,37.1032828,node/5590537421,,,,,,,,,,,,,,,,,,,,,,,,,,,,,,,,,,apartment,,,,,,,,,,,,,,,,,,,,,,,,,,,,,,,,,,,,,,,,,,,,,,,,,,,,,,,,,,,,,,,,,,,,,,,,,,,,,,,,,,,,,,,,,,,,,,,,,,,,,,,,,,,,,,,,,,,,,,,,,,,,Slaapplek,,,,,,,,,,,,,,,,,,,,,,,,,,,,,,,,,,,,,,,,,,
Point,3.3686735,6.6208118,node/5665154721,,,,,,,,,,,,,,,RMC Guest House,,,,,,,,,,,,,,,,,,,guest_house,,,,,,,,,,,,,,,,,,,,,,,,,,,,,,,,,,,,,,,,,,,,,,,,,,,,,,,,,,,,,,,,,,,,,,,,,,,,,,,,,,,,,,,,,,,,,,,,,,,,,,,,,,,,,,,,,,,,,,,,,,,,,,,,,,,,,,,,,,,,,,,,,,,,,,,,,,,,,,,,,,,,,,
Point,3.2779087,6.5446364,node/5665683282,,,,,,,,,,,,,,,Five Star,,,,,,,,,,,,,,,,,,,hotel,,,,,,,,,,,,,,,,,,,,,,,,,,,,,,,,,,,,,,,,,,,,,,,,,,,,,,,,,,,,,,,,,,,,,,,,,,,,,,,,,,,,,,,,,,,,,,,,,,,,,,,,,,,,,,,,,,,,,,,,,,,,,,,,,,,,,,,,,,,,,,,,,,,,,,,,,,,,,,,,,,,,,,
Point,3.3288811,6.5517342,node/5665683330,,,,,,,,,,,,,,,Ibis Royale,,,,,,,,,,,,,,,,,,,hotel,,,,,,,,,,,,,,,,,,,,,,,,,,,,,,,,,,,,,,,,,,,,,,,,,,,,,,,,,,,,,,,,,,,,,,,,,,,,,,,,,,,,,,,,,,,,,,,,,,,,,,,,,,,,,,,,,,,,,,,,,,,,,,,,,,,,,,,,,,,,,,,,,,,,,,,,,,,,,,,,,,,,,,
Point,3.3257688,6.5459064,node/5665683331,,,,,,,,,,,,,,,Feligold,,,,,,,,,,,,,,,,,,,hotel,,,,,,,,,,,,,,,,,,,,,,,,,,,,,,,,,,,,,,,,,,,,,,,,,,,,,,,,,,,,,,,,,,,,,,,,,,,,,,,,,,,,,,,,,,,,,,,,,,,,,,,,,,,,,,,,,,,,,,,,,,,,,,,,,,,,,,,,,,,,,,,,,,,,,,,,,,,,,,,,,,,,,,
Point,-99.5195514,27.4495095,node/5745169005,,,,,,,,,,,,,,,Real Inn Hotel,,,,,,,,,,,,,,,,,,+52 867 711 0300,hotel,,,,,,,,,,,,,,,,,,,,,,,,,,,,,,,,,,,,,,,,,,,,,,,,,,,,,,,,,,,,,,,,,,,,,,,,,,,,,,,,,,,,,,,,,,,,,,,,,,,,,,,,,,,,,,,,,,,,,,,,,,,,,,,,,,,,,,,,,,,,,,,,,,,,,,,,,,,,,,,,,,,,,,
Point,-8.7591543,37.0804425,node/5781084453,,,,,,,,,,,,,,,Quinta da liberdade,,,,,,,,,,,,,,,,,,,apartment,,,,,,,,,,,,,,,,,,,,,,,,,,,,,,,,,,,,,,,,,,,,,,,,,,,,,,,,,,,,,,,,,,,,,,,,,,,,,,,,,,,,,,,,,,,,,,,,,,,,,,,,,,,,,,,,,,,,,,,,,,,,,,,,,,,,,,,,,,,,,,,,,,,,,,,,,,,,,,,,,,,,,,
Point,-8.6308565,37.1258632,node/5807150853,,,,,,,,,,,,,,,Kitesurfing Spot,,,,,,,,,,,,,,,,,,,attraction,,,,,,,,,,,,,,,,,,,,,,,,,,,,,,,,,,,,,,,,,,,,,,,,,,,,,,,,,,,,,,,,,,,,,,,,,,,,,,,,,,,,,,,,,,,,,,,,,,,,,,,,,,,,,,,,,,,,,,,,,,,,,,,,,,,,,,,,,,,,,,,,,,,,,,,,,,,,,,,,,,,,,,
Point,-8.7562865,37.0973715,node/5839946985,,,,,,,,,,,,,,,Fazenda casa Papoilas,,,,,,,,,,,,,,,,,,,apartment,,,,,,,,,,,,,,,,,,,,,,,,,,,,,,,,,,,,,,,,,,,,,,,,,,,,,,,,,,,,,,,,,,,,,,,,,,,,,,,,,,,,,,,,,,,,,,,,,,,,,,,,,,,,,,,,,,,,,,,,,,,,,,,,,,,,,,,,,,,,,,,,,,,,,,,,,,,,,,,,,,,,,,
Point,-8.7441745,37.092809,node/5890346885,,,,,,,,,,,,,,,,,,,,,,,,,,,,,,,,,,guest_house,,,,,,,,,,,,,,,,,,,,,,,,,,,,,,,,,,,,,,,,,,,,,,,,,,,,,,,,,,,,,,,,,,,,,,,,,,,,,,,,,,,,,,,,,,,,,,,,,,,,,,,,,,,,,,,,,,,,,,,,,,,,A cabana bed & breakfast,,,,,,,,,,,,,,,,,,,,,,,,,,,,,,,,,,,,,,,,,,
Point,3.3491946,6.6071454,node/5895129169,,,,,,,,,,,,,,,,,,,,,,,,,,,,,,,,,,artwork,,,,,,,,,,,,,,,,,,,,,,,,,,,,,,,,,,,,,,,,,,,,,,,,,,,,,,,,,,,,,,,,,,,,,,,,,,,,,,,,,,,,,,,,,statue,,,,,,,,,,,,,,,,,,,,,,,,,,,,,,,,,,,,,,,,,,,,,,,,,,,,,,,,,,,,,,,,,,,,,,,,,,,,,
Point,3.348465,6.6028442,node/5902077813,,memorial,,,,,,,,,,,,,Fela Kuti Memorial,,,,,,,,,,,,,,,,,,,,,,,,,,,,,,,,,,,,,,,,,,,,,,,,,,,,,,,,,,,,,,,,,,,,,,,,,,,,,,,,,,,,,,,,,,,,,,,,,,,,,,,,,,,,,,,,,,,stone,,,,,,,,,,,,,,,,,,,,,,,,,,,,,,,,,,,,,,,,,,,,,,,,,,,,,,,,,,,,,,,,,,,,,,
Point,-8.701521,37.1332093,node/6015590970,,archaeological_site,,,,,,,,no,,,https://servicos.dgpc.gov.pt/pesquisapatrimonioimovel/detalhes.php?code=156492,http://www.monumentos.gov.pt/Site/APP_PagesUser/SIPA.aspx?id=1202,Menir da Cabeça do Rochedo,,,1202,,,,,,,,,,,,,,,,,,,,,,,,,,,,,,,,,,,,,,,,,,,,,,,,,,,,,,,,,,,,,,,,,,,,,,,,,,,,,,,,,,,,,,,,,,,,,,,,,megalith,prehistoric,stone-age,,,http://arqueologia.patrimoniocultural.pt/index.php?sid=sitios&subsid=2233604,19324,,,,,,,,,,,,,,,,,,,,,,,,,,,,,,,,,,,,,,,neolithic,menhir,,,,,,,,,,,,,,,,,,,,,,,,,,,,,,,,,,,,,,,
Point,-8.6730095,37.1060281,node/6047624185,,,,,,,,,,,,,,,Réplica da Caravela Boa Esperança,,,,,,,,,,,,,,,,,,,attraction,,,,,,,,,,,,,,,,,,,,,,,,,,,,,,,,,,,,,,,,,,,,,,,,,,,,,,,,,,,,,,,,,,,,,,,,,,,,,,,,,,,,,,,,,,,,,,,,,,,,,,,,,,,,,,,,,,,,,,,,,,,,,,,,,,,,,,,,,,,,,,,,,,,,,,,,,,,,,,,,,,,,,,
Point,3.3967698,6.5175094,node/6104938229,,,,,,,,,,,,,,,Moremi Hall,,,,,,,,,,,,,,,,,,,hostel,,,,,,,,,,,,,,,,,,,,,,,,,,,,,,,,,,,,,,,,,,,,,,,,,,,,,,,,,,,,,,,,,,,,,,,,,,,,,,,,,,,,,,,,,,,,,,,,,,,,,,,,,,,,,,,,,,,,,,,,,,,,,,,,,,,,,,,,,,,,,,,,,,,,,,,,,,,,,,,,,,,,,,
Point,3.3980373,6.5162371,node/6121178177,,,,,,,,,,,,,,,King Jaja Hall,,,,,,,,,,,,,,,,,Mo-Sa 05:00-00:00; Su 05:00-24:00,,hostel,,,,,,,,,,,,,,,,,,,,,,,,,,,,,,yes,,,,,,,,,,,,,,,,,,,,,,,,,,,,,,,,,,,,,,,,,,,,,,,,,,,,,,,,,,,,,,,,,,,,,,,,,,,,,,,,,,,,,,,,,,,,,,,,,,3,2021-12-09,,,,,,,,,,,,,,,,,,,,,,,,,,,,,,,,,,,,,
Point,3.3980559,6.5180142,node/6121187825,,,,,,,,,,,,,,,Mariere Hall,,,,,,,,,,,,,,,,,Mo-Sa 05:00-00:00; Su 05:00-24:00,,hostel,,,,,,,,,,,,,,,,,,,,,,,,,,,,,,yes,,,,,,,,,,,,,,,,,,,,,,,,,,,,,,,,,,,,,,,,,,,,,,,,,,,,,,,,,,,,,,,,,,,,,,,,,,,,,,,,,,,,,,,,,,,,,,,,,,3,2021-12-09,,,,,,,,,,,,,,,,,,,,,,,,,,,,,,,,,,,,,
Point,3.3872293,6.5151956,node/6122566938,,,,,,,,,,,,,,,Saburi Biobaku Hall,,,,,,,,,,,,,,,,,,,hostel,,,,,,,,,,,,,,,,,,,,,,,,,,,,,,,,,,,,,,,,,,,,,,,,,,,,,,,,,,,,,,,,,,,,,,,,,,,,,,,,,,,,,,,,,,,,,,,,,,,,,,,,,,,,,,,,,,,,,,,,,,,,,,,,,,,,,,,,,,,,,,,,,,,,,,,,,,,,,,,,,,,,,,
Point,3.3856983,6.5152633,node/6122566939,,,,,,,,,,,,,,,Queen Amina Hall,,,,,,,,,,,,,,,,,,,hostel,,,,,,,,,,,,,,,,,,,,,,,,,,,,,,,,,,,,,,,,,,,,,,,,,,,,,,,,,,,,,,,,,,,,,,,,,,,,,,,,,,,,,,,,,,,,,,,,,,,,,,,,,,,,,,,,,,,,,,,,,,,,,,,,,,,,,,,,,,,,,,,,,,,,,,,,,,,,,,,,,,,,,,
Point,3.3868446,6.5155838,node/6122566940,,,,,,,,,,,,,,,Kofoworola Hall,,,,,,,,,,,,,,,,,,,hostel,,,,,,,,,,,,,,,,,,,,,,,,,,,,,,,,,,,,,,,,,,,,,,,,,,,,,,,,,,,,,,,,,,,,,,,,,,,,,,,,,,,,,,,,,,,,,,,,,,,,,,,,,,,,,,,,,,,,,,,,,,,,,,,,,,,,,,,,,,,,,,,,,,,,,,,,,,,,,,,,,,,,,,
Point,3.6111267,6.4756418,node/6123480172,,,,,,,,,,,,,,,Finishing Touches Guest House,,,,,,,,,,,,,,,,,,,guest_house,,,,,,,,,,,,,,,,,,,,,,,,,,,,,,,,,,,,,,,,,,,,,,,,,,,,,,,,,,,,,,,,,,,,,,,,,,,,,,,,,,,,,,,,,,,,,,,,,,,,,,,,,,,,,,,,,,,,,,,,,,,,,,,,,,,,,,,,,,,,,,,,,,,,,,,,,,,,,,,,,,,,,,
Point,-8.6735468,37.0986217,node/6174514885,,,,,,,,,,,,,,,Casinha D’Avó Guesthouse,,,,,,,,,,,,2026-04-16,,,,,,,hostel,,,,,,,,,,,,,,,,,,,,,,,,,,,,,,,,,,,,,,,,,,,,,,,,,,,,,,,,,,,,,,,,,,,,,,,,,,,,,,,,,,,,,,,,,,,,,,,,,,,,,,,,,,,,,,,,,,,,,,,,,,,,,,,,,,,,,,,,,,,,,,,,,,,,,,,,,,,,,,,,,,,,,,
Point,-8.7380576,37.0823649,node/6210053686,,,,,,,,,,,,,,,,,,,,,,,,,,,,,,,,,,viewpoint,,,,,,,,,,,,,,,,,,,,,,,,,,,,,,,,,,,,,,,,,,,,,,,,,,,,,,,,,,,,,,,,,,,,,,,,,,,,,,,,,,,,,,,,,,,,,,,,,,,,,,,,,,,,,,,,,,,,,,,,,,,,,,,,,,,,,,,,,,,,,,,,,,,,,,,,,,,,,,,,,,,,,,
Point,3.4861846,6.6032532,node/6289031202,,,,,,,,,,,,,,,The Drummer,,,,,,,,,,,,,,,,,,,artwork,,,,,,,,,,,,,,,,,,,,,,,,,,,,,,,,,,,,,,,,,,,,,,,,,,,,,,,,,,,,,,,,,,,,,,,,,,,,,,,,,,,,,,,,Chinedu Ogakwu,sculpture,,,,,,metal,,,,,,,,,,,,,,,,,,,,,,,,,,,,,,,,,,,,,,,,,,,,,,,,,,,,,,,,,,,,,,,,,,,,,,,
Point,3.4352505,6.4324851,node/6294975385,,,,,,,,,,,,,,,Caravel Suites,,,,,,,,,,,,,,,,,,,hotel,,,,,,,,,,wlan,,,,,,,,,,,,,,,,,,,,,,,,,,,,,,,,,,,,,,,,,,,,,,,,,,,,,,,,,,,,,,,,,,,,,,,,,,,,,,,,,,,,,,,,,,,,,,,,,,,,,,,,,,,,,,,,,,,,,,,,,,,,,,,,,,,,,,,,,,,,,,,,,,,,,,,,,,,,
Point,3.3324411,6.5681149,node/6400283759,,,,,,,,,,,,,,,Ehi Guest House,,,,,,,,,,,,,,,,,,,hotel,,,,,,,,,,,,,,,,,,,,,,,,,,,,,,,,,,,,,,,,,,,,,,,,,,,,,,,,,,,,,,,,,,,,,,,,,,,,,,,,,,,,,,,,,,,,,,,,,,,,,,,,,,,,,,,,,,,,,,,,,,,,,,,,,,,,,,,,,,,,,,,,,,,,,,,,,,,,,,,,,,,,,,
Point,-8.6822529,37.0851395,node/6419620226,,,,,,,,,,,,,,,Boutique Hotel Vivenda Miranda,,,,,,,,,,,,,,,,,,,hotel,,,,,,,,,,,,,,,,,,,,,,,,,,,,,,,,,,,,,,,,,,,,,,,,,,,,,,,,,,,,,,,,,,,,,,,,,,,,,,,,,,,,,,,,,,,,,,,,,,,,,,,,,,,,,,,,,,,,,,,,,,,,,,,,,,,,,,,,,,,,,,,,,,,,,,,,,,,,,,,,,,,,,,
Point,-8.6737824,37.1029154,node/6441525285,,,,,,,,,,,,,,,Bora Dormir,,,,,,,,,,18,Rua Conselheiro Joaquin Machado,2024-09-08,,,,,,,hostel,,,,,,8600-682,,,,,,,,,,,,,,,,,,,,,,,,,,,,,,,,,,,,,,,,,,,,,,,,,,,,,,,,,,,,,,,,,,,,,,,,,,,,,,,,,,,,,,,,,,,,,,,,,,,,,,,,,,,,,,,,,,,,,,,,,,,,,,,,,,,,,,,,,,,,,,,,,,,,,,,,,,,,,,,,
Point,-8.7594795,37.0845662,node/6444192396,,,,,,,,,,,,,,,Casa Rosa Montes,,,,,,,,,,S/N,Sítio das Alagoas,,,,,,,+351 282697323,guest_house,https://www.casarosamontes.com,,,,Luz,8600-101,,,bed_and_breakfast,wlan,,,16,,,,,,,,,,info@rosamontes.com,,customers,,,,,,,,,,,,,,,,,,,,,,,,,,,,,,,,,,,,,,,,,,,,,,,,,,,,,,,,,,,,,,,,,,,,,,,,,,,,,,,,,,,,,,,,,,,,,,,,,,,,,,,,,,,,,,,,,,,,,,,,,,,,,,,,,,,,,,,,,,,,,
Point,-8.6723775,37.0997359,node/6499851875,,,,,,,,,,,,,,,Sol a Sol Hostel,,,,,,,,,,22,Rua Lançarote Freitas,2026-04-15,,,,,,+351 282 769 533,hostel,https://www.solasolhostel.com/,,,,Lagos,8600-605,,,hostel,yes,José Barros,,,,,,,,,,,,hello@solasolhostel.com,,no,,,,,,,,,,,,,,,,,,,,,,,,,,,,,,,,,,,,,,,,,,,,,,,,,,,,,,,,,,,,,,,,,,,,,,,,,,,,,,,,,,,,,,,,,,,,,,,,,,,,,,,,,,,,,,,,,,,,,,,,,,,,,,,,,,,,,,,,,,,,,
Point,-8.69395,37.1146579,node/6550182654,,,,,,,,,,,,,,,Sol Nascente,,,,,,,,,,,,,,,,,,,apartment,,,,,,,,,,,,,,,,,,,,,,,,,,,,,,,,,,,,,,,,,,,,,,,,,,,,,,,,,,,,,,,,,,,,,,,,,,,,,,,,,,,,,,,,,,,,,,,,,,,,,,,,,,,,,,,,,,,,,,,,,,,,,,,,,,,,,,,,,,,,,,,,,,,,,,,,,,,,,,,,,,,,,,
Point,-8.674167,37.100275,node/6624507786,,,,,,,,,,,,,,,Casa Luma,,,,,,,,,,,,2026-04-07,,,,,,,guest_house,,,,,,,,,,,,,,,,,,,,,,,,,,,,,,,,,,,,,,,,,,,,,,,,,,,,,,,,,,,,,,,,,,,,,,,,,,,,,,,,,,,,,,,,,,,,,,,,,,,,,,,,,,,,,,,,,,,,,,,,,,,,,,,,,,no,,,,,,,,,,,,,,,,,,,,,,,,,,,,,,,,,,,,
Point,3.3156485,6.4712371,node/6641717465,,,,,,,,,,,,,,,De Santiago Milan Hotel & Suites,,,,,,,,,,,,,https://www.facebook.com/DeSantiagoMilanHotelAndSuites/,,,,,"+234 814 369 0381, +234 813 940 7462, +234 818 397 1577",hotel,https://desantiagomilanhotel.com/,,,,,,,,,,,,,,,,,,,,,,info@desantiagomilanhotel.com,,,,,,,,,,,,,,,,,,,,,,,,,,,,,,,,,,,,,,,,,,,,,,,,,,,,,,,,,,,,,,,,,,,,,,,,,,,,,,,,,,,,,,,,,,,,,,,,,,,,,,,,,,,,,,,,,,,,,,,,,,,,,,,,,,,,,,,,,,,,,,,
Point,3.3498348,6.5975601,node/6687550177,,,,,,,,,,,,,,,Domus Fidei,,,,,,,,,,7,Amore Street,,,,,,,+2348033925502,guest_house,https://ehjsisters.com/domus-fidei/,,,,,,,"
Catholic Guest House",,,,,,,,,,,,,,,,,,,,,,,,,,,,,,,,,,,,,,,,,,,,,,,,,,,,,,,,,,,,,,,,,,,,,,,,,,,,,,,,,,,,,,,,,,,,,,,,,,,,,,,,,,,,,,,,,,,,,,,,,,,,,,,,,,,,,,,,,,,,,,,,,,,,,,,,,,,,,,
Point,-8.6684186,37.1164073,node/6711030886,,,,,,,,,,,,,,,Algarve Watersport,,,,,,,,,,,Estrada da Albadeira,,,,,,,+351 960 460 800,attraction,https://www.algarvewatersport.com/,,,,,8600-302,,,,,,,,,,,,,,,,,info@algarvewatersport.com,,,,,,,,,,,,,,,,,,,,,,,,,,,,,,,,,,,,,,,,,,,,,,,,,,,,,,,,,,,,,,,,,,,,,,,,,,,,,,,,,,,,,,,,,,,,,,,,,,,,,,,,,,,,,,,,,,,,,,,,,,,,,,,,,,,,,,,,,,,,,,,
Point,-25.0717505,37.0021072,node/6744163085,,,,,,,,,,,,,,,Bridge,,,,,,,,,,,,,,,,,,,information,,,,,,,,,,,,,,,,,,,,,,,,,,,,,,,,,,,,,,,,,,,,,,,,,,,,,,,,,,,,,,,,,,,,,,,,,,,,,,,,,,,,,,,,,,,,,,,,,,,,,,,,,,,,,,,,,,,,,,,,,,,,,,,,,,,Híd,,,,,,,,,,,,,,,,,,,,,,,,,,,,,,,,,,,
Point,3.3608795,6.4480362,node/6848253286,,,,,,,,,,,,,,,Rockview,,,,,,,,,,,,,,,,,,,hotel,,,,,,,,,,wlan,,,,,,,,,,,,,,,,,,,,,,,,,,,,,,,,,,,,,,,,,,,,,,,,,,,,,,,,,,,,,,,,,,,,,,,,,,,,,,,,,,,,,,,,,,,,,,,,,,,,,,,,,,,,,,,,,,,,,,,,,,,,,,,,,,,,,,,,,,,,,,,,,,,,,,,,,,,,
Point,3.3445304,6.6202264,node/6992566379,,,,,,,,,,,,,,,Glonik Hotels,,,,,,,,,,,,,,,,,,,hotel,,,,,,,,,,,,,,,,,,,,,,,,,,,,,,,,,,,,,,,,,,,,,,,,,,,,,,,,,,,,,,,,,,,,,,,,,,,,,,,,,,,,,,,,,,,,,,,,,,,,,,,,,,,,,,,,,,,,,,,,,,,,,,,,,,,,,,,,,,,,,,,,,,,,,,,,,,,,,,,,,,,,,,
Point,-8.7001714,37.1163615,node/7031087648,,,,,,,,,,,,,,,Villa Monte D'Oiro,,,,,,,,,,,,,,,,,,,guest_house,,,,,,,,,bed_and_breakfast,,,,,,,,,,,,,,,,,,,,,,,,,,,,,,,,,,,,,,,,,,,,,,,,,,,,,,,,,,,,,,,,,,,,,,,,,,,,,,,,,,,,,,,,,,,,,,,,,,,,,,,,,,,,,,,,,,,,,,,,,,,,,,,,,,,,,,,,,,,,,,,,,,,,,,,,,,,,,
Point,-8.6696062,37.0913289,node/7124561743,,,,,,,,,,,,,,,Passeio às grutas,,,,,,,,,,,,,,,,,,,attraction,,,,,,,,,,,,,,,,,,,,,,,,,,,,,,,,,,,,,,,,,,,,,,,,,,,,,,,,,,,,,,,,,,,,,,,,,,,,,,,,,,,,,,,,,,,,,,,,,,,,,,,,,,,,,,,,,,,,,,,,,,,,,,,,,,,,,,,,,,,,,,,,,,,,,,,,,,,,,,,,,,,,,,
Point,-8.6727112,37.1078161,node/7124784478,,,,,,,,,,,,,,,Seascape,,,,,,,,,,9,Estrada de São Roque,,,,,,,+351 282 098 187,information,,,,,Lagos,8600-315,,,,,Seascape,,,,,,,,,,,,,,,,,,http://www.seascape.com,,,,,,,,,,,,,,,,,,,,,,,,,,,,,,,,,,,,,,,,,,,,,,yes,,Doca Pesca,,,,,,,,,,,,,,,,,,,,,,,,,,,,,,,,,,,,,,,,,,,,,,,,,,,,,,,"Seascape Dolphin and Whale watching boat trips, Benagil Cave and Grotto trips direct from Lagos Marina in Algarve, Portugal",,,,,,,,,,,,,,,,,,,,,,,,,,,,,,,,,,
Point,-8.6737243,37.0824716,node/7126726481,,,,,,,,,,,,,,,,,,,,,,,,,,,,,,,,,,viewpoint,,,,,,,,,,,,,,,,,,,,,,,,,,,,,,yes,,,,,,,,,,,,,,,,,,,,,,,,,,,,,,,,,,,,,,,,,,,,,,,,,,,,,,,,,,,,,,,,,,,,,,,,,,,,,,,,,,,,,,,,,,,,,,,,,,,,,,,,,,,,,,,,,,,,,,,,,,,,,,,,,,,,,,,,
Point,-8.7497639,37.1593111,node/7213675629,,archaeological_site,,,,,,,,,,,,,Necrópole romana de Fonte Velha,,,,,,,Q85875903,Category:Necrópole romana de Fonte Velha,pt:Necrópole romana de Fonte Velha,,,,,,,,,,,,,,,,,,,,,,,,,,,,,,,,,,,,,,,,,,,,,,,,,,,,,,,,,,,,,,,,,,,,,,,,,,,,,,,,,,,,,,,,,,,necropolis,,,,,http://arqueologia.patrimoniocultural.pt/index.php?sid=sitios&subsid=48429,812,,,,,,,,,,,,,,,,,,,,,,,,,,,,,,,,,,,,location tbc,,,,,,,,,,yes,,,,,,,,,,,,,,,,,,,,,,,,,,,,,,,,,
Point,3.7941487,6.654356,node/7363048877,,memorial,,,,,,,,,,,,,,,,,,,,,,,,,,,,,,,,,,,,,,,,,,,,,,,,,,,,,,,,,,,,,,,,,,,,,,,,,,,,,,,,,,,,,,,,,,,,,,,,,,,,,,,,,,,,,,,,,,,,,,,,,,,,,,,,stele,,,,,,,,,,,,,,,,,,,,,,,,,,,,,,,,,,,,,,,,,,,,,,,,,,,,,,,,,,,,,,,,,,,,,,
Point,3.3159677,6.5300825,node/7363093000,,memorial,,,,,,,,,,,,,,,,,,,,,,,,,,,,,,,,,,,,,,,,,,,,,,,,,,,,,,,,,,,,,,,,,,,,,,,,,,,,,,,,,,,,,,,,,,,,,,,,,,,,,,,,,,,,,,,,,,,,,,,,,,,,,,,,stele,,,,,,,,,,,,,,,,,,,,,,,,,,,,,,,,,,,,,,,,,,,,,,,,,,,,,,,,,,,,,,,,,,,,,,
Point,-8.6741083,37.1045887,node/7453565177,,,,,,,,,,,,,,,Casa Flor do Mar Lagos Guest House,,,,,,,,,,68,"Rua Conselheiro Joaquin Machado, 68",2026-04-15,,,,,,,guest_house,https://casaflordomarlagos.wixsite.com/guesthouse,,,,Lagos,8600-682,yes,,bed_and_breakfast,yes,,,5,,,,,,,,,,casaflordomar.lagos@gmail.com,,,,,,,,,,,,,,,,,,,,,,,,,,,,,,,,,,,,,,,,,,,,,,,,,,,,,,,,,,,,,,,,,,,,,,,,,,,,,,,,,,,,,,,,,,,,,,,,,,,,,,,,,,,,,,,,,,,,,,,,,,,,,,,,,,,,,,,,,,,,,,,
Point,-8.6735476,37.0989179,node/7794562085,,,,,,,,,,,,,,,The Macarena Beach Hostel,,,,,,,,,,15,Travessa Gil Vicente,2026-04-16,,,,,,,hostel,,,,,,,,,,wlan,,,,,,,,,,,,,,,,,,,,,,,,,,,,,,,,,,,,,,,,,,,,,,,,,,,,,,,,,,,,,,,,,,,,,,,,,,,,,,,,,,,,,,,,,,,,,,,,,,,,,,,,,,,,,,,,,,,,,,,,,,,,,,,,,,,,,,,,,,,,,,,,,,,,,,,,,,,,
Point,-8.672231,37.096333,node/7923028085,,,,,,,,,,,,,,,,,,,,,,,,,,,,,,,,,,apartment,,,,,,,,,,,,,,,,,,,,,,,,,,,,,,,,,,,,,,,,,,,,,,,,,,,,,,,,,,,,,,,,,,,,,,,,,,,,,,,,,,,,,,,,,,,,,,,,,,,,,,,,,,,,,,,,,,,,,,,,,,,,,,,,,,,,,,,,,,,,,,,,,,,,,,,,,,,,,,,,,,,,,,
Point,-8.6754563,37.1004845,node/7947756785,,,,,,,,,,,,,,,Casa da Muralha,,,,,,,,,,7,Rua da Atalaia,,,,,,,,guest_house,,,,,,8600,,,,wlan,,,,,,,,,,,,,,,,,,,,,,,,,,,,,,,,,,,,,,,,,,,,,,,,,,,,,,,,,,,,,,,,,,,,,,,,,,,,,,,,,,,,,,,,,,,,,,,,,,,,,,,,,,,,,,,,,,,,,,,,,,,,,,,,,,,,,,,,,,,,,,,,,,,,,,,,,,,,
Point,-8.6618279,37.111549,node/8010904702,,,,,,,,,,,,,,,6 Meia Praia Vila Galé - Comboio Turistico,,,,,,,,,,,,,,,,,,,attraction,http://touristtrainlagos.com/,,,,,,,,,,,,,,,,,,,,,,,,,,,,,,,,,,,,,,,,,,,,,,,,,,,,,,,,,,,,,,,,,,,,,,,,,,,,,,,,,,,,,,,,,,,,,,,,,,,,,,,,,,,,,,,,,,,,,,,,,,,,,,,,,,,,,train,platform,,,,,,,,,,,,,,,,,,,,,,,,,,,,,,,
Point,-8.6593104,37.1129197,node/8010904703,,,,,,,,,,,,,,,7 Meia Praia Dom Pedro - Comboio Turistico,,,,,,,,,,,,,,,,,,,attraction,http://touristtrainlagos.com/,,,,,,,,,,,,,,,,,,,,,,,,,,,,,,,,,,,,,,,,,,,,,,,,,,,,,,,,,,,,,,,,,,,,,,,,,,,,,,,,,,,,,,,,,,,,,,,,,,,,,,,,,,,,,,,,,,,,,,,,,,,,,,,,,,,,,train,platform,,,,,,,,,,,,,,,,,,,,,,,,,,,,,,,
Point,-8.6523478,37.1168065,node/8010904704,,,,,,,,,,,,,,,8 Meia Praia Iberostar Hotel - Comboio Turistico,,,,,,,,,,,,,,,,,,,attraction,http://touristtrainlagos.com/,,,,,,,,,,,,,,,,,,,,,,,,,,,,,,,,,,,,,,,,,,,,,,,,,,,,,,,,,,,,,,,,,,,,,,,,,,,,,,,,,,,,,,,,,,,,,,,,,,,,,,,,,,,,,,,,,,,,,,,,,,,,,,,,,,,,,train,platform,,,,,,,,,,,,,,,,,,,,,,,,,,,,,,,
Point,-8.6713561,37.0805756,node/8024456285,,,,,,,,,,,,,,,,,,,,,,,,,,,,,,,,,,viewpoint,,,,,,,,,,,,,,,,,,,,,,,,,,,,,,no,,,,,,,,,,,,,,,,,,,,,,,,,,,,,,,,,,,,,,,,,,,,,,,,,,,,,,,,,,,,,,,,,,,,,,,,,,,,,,,,,,,,,,,,,,,,,,,,,,,,,,,,,,,,,,,,,,,,,,,,,,,,,,,,,,,,,,,,
Point,3.2705806,6.5457512,node/8111902147,,,,,,,,,,,,,,,Nik Chuks Lodge,,,,,,,,,,7,Nik Chuks Street,,,,,,,,hotel,,,,,Egbe,100263,,A single floor Unit with Twin Shops as a frontal display.,,wlan,,,11,,,,,,,,Lodging & Accomodation,,,,yes,,,,,,,,,,,,,,,,,,,,,,,,,,,,,,,,,,,,,,,,,,,,,,,,,,,,,,,,,,,,,,,,,,,,Nik Chuks Lodge Wifi,,,,,,,,,,,,,,,,,,,,,,,,,,,,,,,,,,,,,,,,,,,,,,,,,,,,,,,,,,,,,,,,,,,,,,,,,
Point,-8.6685458,37.0802134,node/8165668531,,,,,,,,,,,,,,,,,,,,,,,,,,,,,,,,,,viewpoint,,,,,,,,,,,,,,,,,,,,,,,,,,,,,,no,,,,,,,,,,,,,,,,,,,,,,,,,,,,,,,,,,,,,,,,,,,,,,,,,,,,,,,,,,,,,,,,,,,,,,,,,,,,,,,,,,,,,,,,,,,,,,,,,,,,,,,,,,,,,,,,,,,,,,,,,,,,,,,,,,,,,,,,
Point,3.438496,6.6147986,node/8264231018,,,,,,,,,,,,,,,Lagos safehouse,,,,,,,,,,23,"Kazeem street, off community road",,,,,,,,apartment,,,,,,100124,,,,,,,,,,,,,,,,,,,,,,,,,,,,,,,,,,,,,,,,,,,,,,,,,,,,,,,,,,,,,,,,,,,,,,,,,,,,,,,,,,,,,,,,,,,,,,,,,,,,,,,,,,,,,,,,,,,,,,,,,,,,,,,,,,,,,,,,,,,,,,,,,,,,,,,,,,,,,,,,
Point,3.5707378,6.6397418,node/8264270617,,,,,,,,,,,,,,,Temp Residence,,,,,,,,,,,,,,,,,,,apartment,,,,,,,,,,,,,,,,,,,,,,,,,,,,,,,,,,,,,,,,,,,,,,,,,,,,,,,,,,,,,,,,,,,,,,,,,,,,,,,,,,,,,,,,,,,,,,,,,,,,,,,,,,,,,,,,,,,,,,,,,,,,,,,,,,,,,,,,,,,,,,,,,,,,,,,,,,,,,,,,,,,,,,
Point,-8.6724391,37.087846,node/8313406490,,,,,,,,,,,,,,,Casa Papa,,,,,,,,,,15,Rua Eusébio da Silva Ferreira,,,,,,,,guest_house,,,,,São Gonçalo de Lagos,8600-544,,,house,,,,,,,,,,,,,,,,,,,,,,,,,,,,,,,,,,,,,,,,,,,,,,,,,,,,,,,,,,,,,,,,,,,,,,,,,,,,,,,,,,,,,,,,,,,,,,,,,,,,,,,,,,,,,,,,,,,,,,,,,,,,,,,,,,,,,,,,,,,,,,,,,,,,,,,,,,,,,
Point,-8.6928381,37.1877833,node/8543505259,,,,,,,,,,,,,,,P1 EBIO da Barragem da Bravura,,,,,,,,,,,,,,,,,,,information,,,,,,,,,,,,,,,,,,,,,,,,,,,,,,,,,,,,,,,,,,,,,,,,,,,,,,,,,,,,,,,,,,,,,,,,,,,board,,,,,,,,,,,,,,,,,,,,,,,,,,,,,,,,,,,,,,,EBIO,,,,,,,,,,,wildlife,,,,,,,,,,,,,,,,,,,,,,,,,,,,,,,,,,,,,,,,,
Point,-8.6919198,37.1921108,node/8543505260,,,,,,,,,,,,,,,P7 EBIO da Barragem da Bravura,,,,,,,,,,,,,,,,,,,information,,,,,,,,,,,,,,,,,,,,,,,,,,,,,,,,,,,,,,,,,,,,,,,,,,,,,,,,,,,,,,,,,,,,,,,,,,,board,,,,,,,,,,,,,,,,,,,,,,,,,,,,,,,,,,,,,,,EBIO,,,,,,,,,,,wildlife,,,,,,,,,,,,,,,,,,,,,,,,,,,,,,,,,,,,,,,,,
Point,-8.6935694,37.1893556,node/8543505261,,,,,,,,,,,,,,,P3 EBIO da Barragem da Bravura,,,,,,,,,,,,,,,,,,,information,,,,,,,,,,,,,,,,,,,,,,,,,,,,,,,,,,,,,,,,,,,,,,,,,,,,,,,,,,,,,,,,,,,,,,,,,,,board,,,,,,,,,,,,,,,,,,,,,,,,,,,,,,,,,,,,,,,EBIO,,,,,,,,,,,wildlife,,,,,,,,,,,,,,,,,,,,,,,,,,,,,,,,,,,,,,,,,
Point,-8.6924056,37.190675,node/8543505262,,,,,,,,,,,,,,,P5 EBIO da Barragem da Bravura,,,,,,,,,,,,,,,,,,,information,,,,,,,,,,,,,,,,,,,,,,,,,,,,,,,,,,,,,,,,,,,,,,,,,,,,,,,,,,,,,,,,,,,,,,,,,,,board,,,,,,,,,,,,,,,,,,,,,,,,,,,,,,,,,,,,,,,EBIO,,,,,,,,,,,wildlife,,,,,,,,,,,,,,,,,,,,,,,,,,,,,,,,,,,,,,,,,
Point,-8.6919361,37.1913361,node/8543505263,,,,,,,,,,,,,,,P6 EBIO da Barragem da Bravura,,,,,,,,,,,,,,,,,,,information,,,,,,,,,,,,,,,,,,,,,,,,,,,,,,,,,,,,,,,,,,,,,,,,,,,,,,,,,,,,,,,,,,,,,,,,,,,board,,,,,,,,,,,,,,,,,,,,,,,,,,,,,,,,,,,,,,,EBIO,,,,,,,,,,,wildlife,,,,,,,,,,,,,,,,,,,,,,,,,,,,,,,,,,,,,,,,,
Point,-8.6929222,37.1886278,node/8543505264,,,,,,,,,,,,,,,P2 EBIO da Barragem da Bravura,,,,,,,,,,,,,,,,,,,information,,,,,,,,,,,,,,,,,,,,,,,,,,,,,,,,,,,,,,,,,,,,,,,,,,,,,,,,,,,,,,,,,,,,,,,,,,,board,,,,,,,,,,,,,,,,,,,,,,,,,,,,,,,,,,,,,,,EBIO,,,,,,,,,,,wildlife,,,,,,,,,,,,,,,,,,,,,,,,,,,,,,,,,,,,,,,,,
Point,-8.691625,37.1925778,node/8543505265,,,,,,,,,,,,,,,P8 EBIO da Barragem da Bravura,,,,,,,,,,,,,,,,,,,information,,,,,,,,,,,,,,,,,,,,,,,,,,,,,,,,,,,,,,,,,,,,,,,,,,,,,,,,,,,,,,,,,,,,,,,,,,,board,,,,,,,,,,,,,,,,,,,,,,,,,,,,,,,,,,,,,,,EBIO,,,,,,,,,,,wildlife,,,,,,,,,,,,,,,,,,,,,,,,,,,,,,,,,,,,,,,,,
Point,-8.6934917,37.1902528,node/8543505266,,,,,,,,,,,,,,,P4 EBIO da Barragem da Bravura,,,,,,,,,,,,,,,,,,,information,,,,,,,,,,,,,,,,,,,,,,,,,,,,,,,,,,,,,,,,,,,,,,,,,,,,,,,,,,,,,,,,,,,,,,,,,,,board,,,,,,,,,,,,,,,,,,,,,,,,,,,,,,,,,,,,,,,EBIO,,,,,,,,,,,wildlife,,,,,,,,,,,,,,,,,,,,,,,,,,,,,,,,,,,,,,,,,
Point,-8.6928667,37.1866778,node/8543505267,,,,,,,,,,,,,,,Painel inicial EBIO da Barragem da Bravura,,,,,,,,,,,,,,,,,,,information,,,,,,,,,,,,,,,,,,,,,,,,,,,,,,,,,,,,,,,,,,trailhead,,,,,,,,Estação da Biodiversidade da Barragem da Bravura,,,,,,,,,,,,,,,,,,,,,,,,,board,,,,,,,,,,,,,,,,,,,,,,,,,,,,,,,,,,,,,,,EBIO,,,,,,,,,,,wildlife,,,,,,,,,,,,,,,,,,,,,,,,,,,,,,,,,,,,,,,,,
Point,3.3909899,6.4525957,node/8556973217,,monument,,,,,,,,,,,,,Water House,,,,,,,,,,,,,,,,,,,,,,,,,,,,,,,,,,,,,,,,,,,,,,,,,,,,,,,,,,,,,,,,,,,,,,,,,,,,,,,,,,,,,,,,,,,,,,,,,,,,,,,,,,,,,,,,,,,,,,,,,,,,,,,,,,,,,,,,,,,,,,,,,,,,,,,,,,,,,,,,,,,,,,,,,,,,,,,,,,,,,,,,,
Point,3.4235679,6.4326191,node/8567630851,,,,,,,,,,,,,,,Didi Museum,,,,,,,,,,,,,,,,,Mo-Sa 09:00-18:00,,museum,http://didimuseum.org/,,,,,,,,,,,,,,,,,,,,,,,,,,,,,,,,,,,,,,,,,,,,,,,,,,,,,,,,,,,,,,,,,,,,,,,,,,,,,,,,,,,,,,,,,,,,,,,,,,,,,,,,,,,,,,,,,,,,,,,,,,,,,,,,,,,,,,,art,,,,,,,,,,,,,,,,,,,,,,,,,,,,,,
Point,3.426812,6.425189,node/8567630874,,,,,,,,,,,,,,,Terra Kulture Gallery,,,,,,,,,,,,,,,,,,,gallery,https://terrakulturegallery.com/,,,,,,,,,,,,,,,,,,,,,,,,,,,,,,,,,,,,,,,,,,,,,,,,,,,,,,,,,,,,,,,,,,,,,,,,,,,,,,,,,,,,,,,,,,,,,,,,,,,,,,,,,,,,,,,,,,,,,,,,,,,,,,,,,,,,,,,,,,,,,,,,,,,,,,,,,,,,,,,,,,,,,
Point,3.3695308,6.5436658,node/8599425950,,,,,,,,,,,,,,,,,,,,,,,,,,,,,,,,,,artwork,,,,,,,,,,,,,,,,,,,,,,,,,,,,,,,,,,,,,,,,,,,,,,,,,,,,,,,,,,,,,,,,,,,,,,,,,,,,,,,,,,,,,,,,,bust,,,,,,,,,,,,,,,,,,,,,,,,,,,,,,,,,,,,,,,,,,,,,,,,,,,,,,,,,,,,,,,,,,,,,,,,,,,,,
Point,-8.6601732,37.1258364,node/8648905821,,,,,,,,,,,,,,,Quinta do Sol,,,,,,,,,,,,,,,,,,,apartment,,,,,,,,,,,,,,,,,,,,,,,,,,,,,,,,,,,,,,,,,,,,,,,,,,,,,,,,,,,,,,,,,,,,,,,,,,,,,,,,,,,,,,,,,,,,,,,,,,,,,,,,,,,,,,,,,,,,,,,,,,,,,,,,,,,,,,,,,,,,,,,,,,,,,,,,,,,,,,,,,,,,,,
Point,-8.7186044,37.0867269,node/8685942127,,,,,,,,,,,,,,,,,,,,,,,,,,,,,,,,,,viewpoint,,,,,,,,,,,,,,,,,,,,,,,,,,,,,,,,,,,,,,,,,,,,,,,,,,,,,,,,,,,,,,,,,,,,,,,,,,,,,,,,,,,,,,,,,,,,,,,,,,,,,,,,,,,,,,,,,,,,,,,,,,,,,,,,,,,,,,,,,,,,,,,,,,,,,,,,,,,,,,,,,,,,,,
Point,2.717283,6.4249902,node/8773581317,,,,,,,,,,,,,,,H. Alexandre,,,,,,,,,,,,,,,,,,,guest_house,,,,,,,,,,,,,,,,,,,,,,,,,,,,,,,,,,,,,,,,,,,,,,,,,,,,,,,,,,,,,,,,,,,,,,,,,,,,,,,,,,,,,,,,,,,,,,,,,,,,,,,,,,,,,,,,,,,,,,,,,,,,,,,,,,,,,,,,,,,,,,,,,,,,,,,,,,,,,,,,,,,,,,
Point,3.6253604,6.4732944,node/8813109568,,,,,,,,,,,,,,,The Patron Hôtel,,,,,,,,,,,,,,,,,,,hotel,,,,,,,,,,,,,,,,,,,,,,,,,,,,,,,,,,,,,,,,,,,,,,,,,,,,,,,,,,,,,,,,,,,,,,,,,,,,,,,,,,,,,,,,,,,,,,,,,,,,,,,,,,,,,,,,,,,,,,,,,,,,,,,,,,,,,,,,,,,,,,,,,,,,,,,,,,,,,,,,,,,,,,
Point,3.6111436,6.4276485,node/8813127787,,,,,,,,,,,,,,,Barracuda Garden,,,,,,,,,,,,,,,,,,,hotel,,,,,,,,,,,,,,,,,,,,,,,,,,,,,,,,,,,,,,,,,,,,,,,,,,,,,,,,,,,,,,,,,,,,,,,,,,,,,,,,,,,,,,,,,,,,,,,,,,,,,,,,,,,,,,,,,,,,,,,,,,,,,,,,,,,,,,,,,,,,,,,,,,,,,,,,,,,,,,,,,,,,,,
Point,3.4478166,6.4236201,node/9125922843,,,,,,,,,,,,,,,Landmark Towers,,,,,,,,,,,,,,,,,,,hotel,,,,,,,,"Hotel, Office and Restaurant",,,,,,,,,,,,,,,,,,,,,,,,,,,,,,,,,,,,,,,,,,,,,,,,,,,,,,,,,,,,,,,,,,,,,,,,,,,,,,,,,,,,,,,,,,,,,,,,,,,,,,,,,,,,,,,,,,,,,,,,,,,,,,,,,,,,,,,,,,,,,,,,,,,,,,,,,,,,,,
Point,3.408874,6.5806143,node/9198020290,,wayside_shrine,,,,,,,,,,,,,Oju Aale,,,,,,,,,,,,,,,,,,,,,,,,,,,,,,,,,,,,,,,,,,,,,,,,Nigerian Red Cross Society,,,,,,,,,,,,,,,,,,,,,,,,,,,,,,,,,,,,,,,,,,,,,,,,,,,,,,,,,,,,,,,,,,,,,,,,,,,,,,,,,,,,,,,,,,,,,,,,,,,,,,,,,,,,,,,,,,,,,,,,,,,,,,,,,,,,,,,,,
Point,3.4094123,6.5810432,node/9199279233,,wayside_shrine,,,,,,,,,,,,,Shrine for Water Gods,,,,,,,,,,,,,,,,,,,,,,,,,,,,,,,,,,,,,,,,,,,,,,,,Nigerian Red Cross,,,,,,,,,,,,,,,,,,,,,,,,,,,,,,,,,,,,,,,,,,,,,,,,,,,,,,,,,,,,,,,,,,,,,,,,,,,,,,,,,,,,,,,,,,,,,,,,,,,,,,,,,,,,,,,,,,,,,,,,,,,,,,,,,,,,,,,,,
Point,-8.7269219,37.0873238,node/9225563047,,monument,,,,,,,,,,,,,1947,,,,,,,,,,,,,,,,,,,,,,,,,,,,,,,,,,,,,,,,,,,,,,,,,,,,,,,,,,,,,,,,,,,,,,,,,,,,,,,,,,,,,,,,,,,,,,,,,,,,,,,,,,,,,,,,,,,,,,,,,,,,,,,,,,,,,,,,,,,,,,,,,,,,,,,,,,,,,,,,,,,,,,,,,,,,,,,,,,,,,,,,,
Point,-8.6730196,37.0988025,node/9233181617,,,,,,,,,,,,,,,,,,,,,,,,,,,2026-04-15,,,,,,,hotel,,,,City Center Lagos Guest House,,,,,,,,,,,,,,,,,,,,,,,,,,,,,,,,,,,,,,,,,,,,,,,,,,,,,,,,,,,,,,,,,,,,,,,,,,,,,,,,,,,,,,,,,,,,,,,,,,,,,,,,,,,,,,,,,,,,,,,,,,,,,,,,,,,,,,,,,,,,,,,,,,,,,,,,,,,,,,,,,,
Point,-8.6716598,37.0999312,node/9237468717,,,,,,,,,,,,,,,Street Art Graffiti,,,,,,,,,,,,,,,,,,,artwork,,,,Street Art Graffiti,,,,,,,,,,,,,,,,,,,,,,,,,,,,,,,,,,,,,,,,,,,,,,,,,,,,,,,,,,,,,,,,,,,,,,,,,,,,,,,,,,,,,mural,,,,,,,,,,,,,,,,,,,,,,,,,,,,,,,,,,,,,,,,,,,,,,,,,,,,,,,,,,,,,,,,,,,,,,,,,,,,,
Point,-8.6767276,37.1050751,node/9257862702,,,,,,,,,,,,,,,Lagos Downtown Guesthouse,,,,,,,,,,30,Rua da Barreira,2026-04-04,,,,,,,guest_house,,,,,,,,,,,,,,,,,,,,,,,,,,,,,,,,,,,,,,,,,,,,,,,,,,,,,,,,,,,,,,,,,,,,,,,,,,,,,,,,,,,,,,,,,,,,,,,,,,,,,,,,,,,,,,,,,,,,,,,,,,,,,,,,,,,,,,,,,,,,,,,,,,,,,,,,,,,,,,,,,,,,,,
Point,-0.2229556,43.2098846,node/9295340187,,,,,,,,,,,,,,,,,,,,,,,,,,,,,,,,,,information,,,,,,,,,,,,,,,,,,,,,,,,,,,,,,,,,,,,,,,,,,,,,,,,,,,,,,,,,,,,,,,,,,,,,,,,,,,board,,,,,,,,,,,,,,,,,,,,,,,,,,,,,,,,,,,,,,,,,,,,,,,,,,,,,,,,,,,,,,,,,,,,,,,,,,,,,,,,,,,,,,,,,,,
Point,2.8832375,6.4137376,node/9496497292,,,,,,,,,,,,,,,Lasisi Eleja Statue,,,,,,,,,,,,,,,,,,,artwork,,,,,,,,"A statue that shows the fishing prowess of the Badagry people. The statue was curated by Terra Kulture, Lagos",,,,,,,,,,,,,,,,,,,,,,,,,,,,,,,,,,,,,,,,,,,,,,,,,,,,,,,,,,,,,,,,,,,,,,,,,,,,,,,,Chinedu Oganwu,statue,,,,,,concrete,,,,,,,,,,,,,,,,,,,,,,,,,,,,,,,,,,,,,,,,,,,,,,,,,,,,,,,,,,,,,,,,,,,,,,,
Point,2.8843683,6.4119484,node/9497607026,,castle,,,,,,,,,,,,,Mobee Royal Palace,,,,,,,,,,,,,,,,,,,,,,,,,,,,,,,,,,,,,,,,,,,,,,,,,,,,,,,,,permissive,,,,,,,,,,,,,,,,,,,,,,,,,,,,,,,,,,,palace,,,,,,,,,,,,,,,,,,,,,,,,,,,,,,,,,,,,,,,,,,,,,,,,,,,,,,,,,,,,,,,,,,,,,,,,,,,,,,,,,,,,,,,,,,,,,
Point,-8.6700407,37.080666,node/9579079748,,,,,,,,,,,,,,,Rota Vicentina,,,,,,,,,,,,,,,,,,,information,,,,,,,,,,,,,,,,,,,,,,,,,,,,,,yes,,,,,,,,,,,,,,,,,,,,,,,,,,,,,,,,,,,,,,,,,,,,,map,,,,,,,,,,,,,,,,,,,,,,,,,,,,,,,,,,,,,,,,,,,,,,,,,,,,,,,,,,,,,,,,,,,,,,,,,,,,,,,,,,,,,,,,,,,
Point,-8.6726287,37.1033329,node/9586058634,,,,,,,,,,,,,,,,,,,,,,,,,,,,,,,,,,artwork,,,,,,,,,,,,,,,,,,,,,,,,,,,,,,,,,,,,,,,,,,,,,,,,,,,,,,,,,,,,,,,,,,,,,,,,,,,,,,,,,,,,,,,,,mural,,,,,,,,,,,,,,,,,,,,,,,,,,,,,,,,,,,,,,,,,,,,,,,,,,,,,,,,,,,,,,,,,,,,,,,,,,,,,
Point,-8.6685071,37.0989995,node/9586058636,,,,,,,,,,,,,,,Forte da Ponta da Bandeira / Ponta da Bandeira Fort,,,,,,,,,,,,,,,,,,,information,,,,Ponta da Bandeira Fort,,,,,,,,,,,,,,,,,,,,,,,,,,,,,,,,,,,,,,,,,,,,,,,,,,,,,,,,,,,,,,,,,,,,,,,board,,,,,,,,,,,,,,,,Forte da Ponta da Bandeira,,,,,,,,,,,,,,,,,,,,,,,18,,,,,,,,,,,history,,,,,,,,,,,,,,,,,,,,,,,,,,,,,,,,,,,,,,,,,
Point,-8.6739192,37.1050702,node/9586058640,,,,,,,,,,,,,,,Guest House Vasco Da Gama,,,,,,,,,,,,2026-04-04,,,,,,,hostel,,,,,,,,,,,,,,,,,,,,,,,,,,,,,,,,,,,,,,,,,,,,,,,,,,,,,,,,,,,,,,,,,,,,,,,,,,,,,,,,,,,,,,,,,,,,,,,,,,,,,,,,,,,,,,,,,,,,,,,,,,,,,,,,,,,,,,,,,,,,,,,,,,,,,,,,,,,,,,,,,,,,,,
Point,-8.6735418,37.103929,node/9697958465,,chapel,,,,,,place_of_worship,roman_catholic,,,,,,Capela dos Ossos de Lagos,,,,christian,,,,,,,,,,,,,,,,,,,,,,,,,,,,,,,,,,,,,,,,,,,,,,,,,,,,,,,,,,,,,,,,,,,,,,,,,,,,,,,,,,,,,,,,,,,,,,,,,,,,,,,,,,,,,,,,,,,,,,,,,,,,,,,,,,,,,,,,,,,,,,,,,,,,,,,,,,,,,,,,,,,,,,,,,,,,,,,,,,,,,
Point,3.4569646,6.4481194,node/9703726801,,,,,,,,,,,,,,,Hotel Seanbels,,,,,,,,,,,,,,,,,,,hotel,,,,,,,,,,,,,,,,,,,,,,,,,,,,,,,,,,,,,,,,,,,,,,,,,,,,,,,,,,,,,,,,,,,,,,,,,,,,,,,,,,,,,,,,,,,,,,,,,,,,,,,,,,,,,,,,,,,,,,,,,,,,,,,,,,,,,,,,,,,,,,,,,,,,,,,,,,,,,,,,,,,,,,
Point,-8.7186407,37.0880281,node/9741683672,,,,,,,,,,,,,,,,,,,,,,,,,,,,,,,,,,viewpoint,,,,,,,,,,,,,,,,,,,,,,,,,,,,,,,,,,,,,,,,,,,,,,,,,,,,,,,,,,,,,,,,,,,,,,,,,,,,,,,,,,,,,,,,,,,,,,,,,,,,,,,,,,,,,,,,,,,,,,,,,,,,,,,,,,,,,,,,,,,,,,,,,,,,,,,,,,,,,,,,,,,,,,
Point,-8.7736664,37.0743002,node/9779005073,,,,,,,,,,,,,,,Casa Grande,,,,,,,,,,,Rua Principal,,,,,,,,guest_house,https://www.casagrandeportugal.com/,,,,,,,,,,,,,,,,,,,,,,,,,,,,,,,,,,,,,,,,,,,,,,,,,,,,,,,,,,,,,,,,,,,,,,,,,,,,,,,,,,,,,,,,,,,,,,,,,,,,,,,,,,,,,,,,,,,,,,,,,,,,,,,,,,,,,,,,,,,,,,,,,,,,,,,,,,,,,,,,,,,,,
Point,-8.6716418,37.0999836,node/9833183756,,,,,,,,bar,,,,,,,,,,,,,,,,,,,,,,,,,,viewpoint,,,,,,,,,,,,,,,,,,,,,,,,,,yes,yes,,,,,,,,,,,,,,,,,,,,,,,,,,,,,,,,,,,,,,,,,,,,,,,,,,,,,,,,,,,,,,,,,,,,,,,,,,,,,,,,,,,,,,,,,,,,,roof,,,,,,,,,,,,,,,,,,,,,,,,,,,,,,,,,,,,,,,,,,,,,,
Point,-8.6859052,37.1006185,node/9882750632,,,,,,,,,,,,,,,Logos Suite,,,,,,,,,,,,,,,,,,,chalet,,,,,,,,,,,,,,,,,,,,,,,,,,,,,,,,,,,,,,,,,,,,,,,,,,,,,,,,,,,,,,,,,,,,,,,,,,,,,,,,,,,,,,,,,,,,,,,,,,,,,,,,,,,,,,,,,,,,,,,,,,,,,,,,,,,,,,,,,,,,,,,,,,,,,,,,,,,,,,,,,,,,,,
Point,-8.7410791,37.1455862,node/9884547689,,,,,,,,,,,,,,,Quinta do Maranhão,,,,,,,,,,,,,,,,,,,apartment,,,,,,,,,,,,,,,,+351 965 417 951,,,,,,,,,,,,,,,,,,,,,,,,,,,,,,,,,,,,,,,,,,,,,,,,,,,,,,,,,,,,,,,,,,,,,,,,,,,,,,,,,,,,,,,,,,,,,,,,,,,,,,,,,,,,,,,,,,,,,,,,,,,,,,,,,,,,,,,,,,,,,,,,,,,,,,
Point,-8.672352,37.1090731,node/10072570045,,,,,,,,,,,,,,,Centenário Da Chegada do Comboio,,,,,,,,,,,,,,,,,,,artwork,,,,,,,,Monumento comemorativo do centenário da chegada do comboio a Lagos,,,,,,,,,,,,,,,,,,,,,,yes,,,,,,,,,,,,,,,,,,,,,,,,,,,,,,,,,,,,,,,,,,,,,,,,,,,,,,,,,,João Duarte,installation,,,,,,steel,,,,,,,,,,,,,,,,,,,,,,,,,,,,,,,,,,,,,,,,,,,,,,,,,,,,,,,,,,,,,,,,,,,,,,,
Point,-8.6722875,37.1089182,node/10072570050,,,,,,,,,,,,,,,Rota Vicentina,,,,,,,,,,,,,,,,,,,information,,,,,,,,,,,,,,,,,,,,,,,,,,,,,,,,,,,,,,,,,,,,,,,,,,,,,,,,,,,,,,,,,,,,,,,,,,,map,,,,,,,,,,,,,,,,,,,,,,,,,,,,,,,,,,,,,,,,,,,,,,,,,,,,,,,,,,,,,,,,,,,,,,,,,,,,,,,,,,,,,,,,,,,
Point,-8.6487511,37.1184416,node/10074663370,,,,,,,,,,,,,,,9 Meia Praia Forte São Roque - Comboio Turistico,,,,,,,,,,,,,,,,,,,attraction,http://touristtrainlagos.com/,,,,,,,,,,,,,,,,,,,,,,,,,,,,,,,,,,,,,,,,,,,,,,,,,,,,,,,,,,,,,,,,,,,,,,,,,,,,,,,,,,,,,,,,,,,,,,,,,,,,,,,,,,,,,,,,,,,,,,,,,,,,,,,,,,,,,train,platform,,,,,,,,,,,,,,,,,,,,,,,,,,,,,,,
Point,-8.6736846,37.1080978,node/10074691259,,,,,,,,,,,,,,,1 Marina - Comboio Turistico,,,,,,,,,,,,,,,,,,,attraction,http://touristtrainlagos.com/,,,,,,,,,,,,,,,,,,,,,,,,,,,,,,,,,,,,,,,,,,,,,,,,,,,,,,,,,,,,,,,,,,,,,,,,,,,,,,,,,,,,,,,,,,,,,,,,,,,,,,,,,,,,,,,,,,,,,,,,,,,,,,,,,,,,,train,platform,,no,no,yes,no,no,,,,,,,,,,,,,,,,,,,,,,,,,
Point,-8.6718655,37.1027689,node/10074709982,,,,,,,,,,,,,,,2 Avenida dos Descobrimentos - Comboio Turistico,,,,,,,,,,,,,,,,,,,attraction,http://touristtrainlagos.com/,,,,,,,,,,,,,,,,,,,,,,,,,,,,,,,,,,,,,,,,,,,,,,,,,,,,,,,,,,,,,,,,,,,,,,,,,,,,,,,,,,,,,,,,,,,,,,,,,,,,,,,,,,,,,,,,,,,,,,,,,,,,,,,,,,,,,train,platform,,,,,no,,,,,,,,,,,,,,,,,,,,,,,,,,
Point,-8.6720752,37.1033391,node/10074709983,,,,,,,,,,,,,,,5 Avenida dos Descobrimentos - Comboio Turistico,,,,,,,,,,,,,,,,,,,attraction,http://touristtrainlagos.com/,,,,,,,,,,,,,,,,,,,,,,,,,,,,,,,,,,,,,,,,,,,,,,,,,,,,,,,,,,,,,,,,,,,,,,,,,,,,,,,,,,,,,,,,,,,,,,,,,,,,,,,,,,,,,,,,,,,,,,,,,,,,,,,,,,,,,train,platform,,yes,yes,,yes,no,,,,,,,,,,,,,,,,,,,,,,,,,
Point,-8.6700044,37.0914429,node/10074774152,,,,,,,,,,,,,,,4 Praia Dona Ana - Comboio Turistico,,,,,,,,,,,,,,,,,,,attraction,http://touristtrainlagos.com/,,,,,,,,,,,,,,,,,,,,,,,,,,,,,,,,,,,,,,,,,,,,,,,,,,,,,,,,,,,,,,,,,,,,,,,,,,,,,,,,,,,,,,,,,,,,,,,,,,,,,,,,,,,,,,,,,,,,,,,,,,,,,,,,,,,,,train,platform,,no,,,no,,,,,,,,,,,,,,,,,,,,,,,,,,
Point,-8.669437,37.0811197,node/10074790254,,,,,,,,,,,,,,,3 Ponta da Piedade - Comboio Turistico,,,,,,,,,,,,,,,,,,,attraction,http://touristtrainlagos.com/,,,,,,,,,,,,,,,,,,,,,,,,,,,,,,,,,,,,,,,,,,,,,,,,,,,,,,,,,,,,,,,,,,,,,,,,,,,,,,,,,,,,,,,,,,,,,,,,,,,,,,,,,,,,,,,,,,,,,,,,,,,,,,,,,,,,,train,platform,,no,no,no,no,no,,,,,,,,,,,,,,,,,,,,,,,,,
Point,3.2822523,6.4650333,node/10075028917,,,,,,,,,,,,,,,,,,,,,,,,,Block 3 flat 1,22 Road,,,,,,24/7,08035968148,apartment,,,,,,234,,,,,,,,,,,,,,,,,uz_ismail@yahoo.com,,,,,,,,,,,,,,,,,,,,,,,,,,,,,,,,,,,,,,,,,,,,,,,,,,,,,,,,,,,,,,,,,,,,,,,,,,,,,,,,,,,,,,,,,,,,,,,,,,,,,,,,,,,,,,,,,,,,,,,,,,,,,,,,,,,,,,,,,,,,,,,
Point,-8.7531515,37.1655207,node/10169729937,,,,,,,,,,,,,,,,,,,,,,,,,,,,,,,,,,camp_pitch,,,,,,,,,,,,,,,,,,,,,,,,,,,,,,,,,,,,,,,,,,,,,,,,,,,,,,,,,,,,,,,,,,,,,,,,,,,,,,,,,,,,,,,,,,,,,,,,,,,,,,,,,,,,,,,,,,,,,,,,,,,,,,,,,,,,,,,,,,,,,,,,,,,,,,,,,,,,,,,,,,,,,,
Point,3.4375262,6.4270855,node/10215220421,,,,,,,,,,,,,,,Divine Fountain Hotel VI,,,,,,,,,,,,,,,,,,,hotel,,,,,,,,,,,,,,,,,,,,,,,,,,,,,,,,,,,,,,,,,,,,,,,,,,,,,,,,,,,,,,,,,,,,,,,,,,,,,,,,,,,,,,,,,,,,,,,,,,,,,,,,,,,,,,,,,,,,,,,,,,,,,,,,,,,,,,,,,,,,,,,,,,,,,,,,,,,,,,,,,,,,,,
Point,3.3529185,6.6024309,node/10215240522,,,,,,,,,,,,,,,Citilane Royal Hotel,,,,,,,,,,,,,,,,,,,hotel,,,,,,,,,,,,,,,,,,,,,,,,,,,,,,,,,,,,,,,,,,,,,,,,,,,,,,,,,,,,,,,,,,,,,,,,,,,,,,,,,,,,,,,,,,,,,,,,,,,,,,,,,,,,,,,,,,,,,,,,,,,,,,,,,,,,,,,,,,,,,,,,,,,,,,,,,,,,,,,,,,,,,,
Point,2.8883892,6.4156997,node/10215240523,,,,,,,,,,,,,,,Hotel Hunwaji,,,,,,,,,,,,,,,,,,,hotel,,,,,,,,,,,,,,,,,,,,,,,,,,,,,,,,,,,,,,,,,,,,,,,,,,,,,,,,,,,,,,,,,,,,,,,,,,,,,,,,,,,,,,,,,,,,,,,,,,,,,,,,,,,,,,,,,,,,,,,,,,,,,,,,,,,,,,,,,,,,,,,,,,,,,,,,,,,,,,,,,,,,,,
Point,-8.6315923,37.1255524,node/10274252509,,,,,,,,,,,,,,,Meia Praia,,,,,,,,,,,,,,,,,,,caravan_site,,,,,,,,,,,,,,,,,,,,,,,,,,,,,,,,,,,,,,,,,,,,,,,,,,,,,,,,,,,,,,,,,,,,,,,,,,,,,,,,,,,,,,,,,,,,,,,,,,,,,,,,,,,,,,,,,,,,,,,,,,,,,,,,,,,,,,,,,,,,,,,,,,,,,,,,,,,,,,,,,,,,,,
Point,-8.6710791,37.1088583,node/10292011107,,railway_station,,,,,,,,,,,,,Railway Roundhouse,,,,,,,,,,,,,,,,,,,,,,,,,,,,,,,,,,,,,,,,,,,,,,,,,,,,,,,,,,,,,,,,,,,,,,,,,,,,,,,,,,,,,,,,,,,,,,,,,,,,,,,,,,,,,,,,,,,,,,,,,,,,,,,,,,,,,,,,,,,,,,,,,,,,,,,,,,,,,,,,,,,,,,,,,,,,,,,,,,,,,,,,,
Point,-8.6721754,37.1020691,node/10699579067,,,,,,,,,,,,,,,Mar Azul,,,,,,,,,,13,Rua 25 de Abril 1974,2026-05-12,,,,,,,hotel,,,,,,,,,,,,,,,,,,,,,,,,,,,,,,,,,,,,,,,,,,,,,,,,,,,,,,,,,,,,,,,,,,,,,,,,,,,,,,,,,,,,,,,,,,,,,,,,,,,,,,,,,,,,,,,,,,,,,,,,,,,,,,,,,,,,,,,,,,,,,,,,,,,,,,,,,,,,,,,,,,,,,,
Point,2.8850847,6.415818,node/10759790605,,,,,,,,,,,,,,,Kappo Hotel,,,,,,,,,,,,,,,,,,,hotel,,,,,,,,,,,,,,,,,,,,,,,,,,,,,,,,,,,,,,,,,,,,,,,,,,,,,,,,,,,,,,,,,,,,,,,,,,,,,,,,,,,,,,,,,,,,,,,,,,,,,,,,,,,,,,,,,,,,,,,,,,,,,,,,,,,,,,,,,,,,,,,,,,,,,,,,,,,,,,,,,,,,,,
Point,-8.6706087,37.114993,node/10816552405,,,,,,,,,,,,,,,,,,,,,,,,,,,,,,,,,,guest_house,,,,Home in Portugal,,,,,,,,,,,,,,,,,,,,,,,,,,,,,,,,,,,,,,,,,,,,,,,,,,,,,,,,,,,,,,,,,,,,,,,,,,,,,,,,,,,,,,,,,,,,,,,,,,,,,,,,,,,,,,,,,,,,,,,,,,,,,,,,,,,,,,,,,,,,,,,,,,,,,,,,,,,,,,,,,,
Point,-8.6978959,37.1978246,node/10852696105,,,,,,,,,,,,,,,moinhos velhos,,,,,,,,,,,,,,,,,,,guest_house,,,,,,,,,,,,,,,,,,,,,,,,,,,,,,,,,,,,,,,,,,,,,,,,,,,,,,,,,,,,,,,,,,,,,,,,,,,,,,,,,,,,,,,,,,,,,,,,,,,,,,,,,,,,,,,,,,,,,,,,,,,,,,,,,,,,,,,,,,,,,,,,,,,,,,,,,,,,,,,,,,,,,,
Point,-8.7716097,37.0790128,node/10889781242,,,,,,,,,,,,,,,"Rua Maria José Rijo, Quinta Pedagógica Santo Anjo-Luz",,,,,,,,,,,,,,,,,,,caravan_site,,,,,,,,,,,,,,,,,,,,,,,,,,,,,,,,,,,,,,,,,,,,,,,,,,,,,,,,,,,,,,,,,,,,,,,,,,,,,,,,,,,,,,,,,,,,,,,,,,,,,,,,,,,,,,,,,,,,,,,,,,,,,,,,,,,,,,,,,,,,,,,,,,,,,,,,,,,,,,,,,,,,,,
Point,-8.7332111,37.0848694,node/10945840924,,,,,,,,,,,,,,,Ocean Villas,,,,,,,,,,,,2023-06-02,,,,,,,apartment,,,,,,,,,,,,,,,,,,,,,,,,,,,,,,,,,,,,,,,,,,,,,,,,,,,,,,,,,,,,,,,,,,,,,,,,,,,,,,,,,,,,,,,,,,,,,,,,,,,,,,,,,,,,,,,,,,,,,,,,,,,,,,,,,,,,,,,,,,,,,,,,,,,,,,,,,,,,,,,,,,,,,,
Point,-8.7514134,37.0972023,node/10960354427,,,,,,,,,,,,,,,Cassa D'Ouro Veggie Landhaus,,,,,,,,,,,,,,,,,,,guest_house,,,,,,,,,,,,,,,,,,,,,,,,,,,,,,,,,,,,,,,,,,,,,,,,,,,,,,,,,,,,,,,,,,,,,,,,,,,,,,,,,,,,,,,,,,,,,,,,,,,,,,,,,,,,,,,,,,,,,,,,,,,,,,,,,,,,,,,,,,,,,,,,,,,,,,,,,,,,,,,,,,,,,,
Point,3.430344,6.4282745,node/11055746805,,,,,,,,,,,,,,,Eco Gardens,,,,,,,,,,,,,,,,,,,hotel,,,,,,,,,,,,,,,,,,,,,,,,,,,,,,,,,,,,,,,,,,,,,,,,,,,,,,,,,,,,,,,,,,,,,,,,,,,,,,,,,,,,,,,,,,,,,,,,,,,,,,,,,,,,,,,,,,,,,,,,,,,,,,,,,,,,,,,,,,,,,,,,,,,,,,,,,,,,,,,,,,,,,,
Point,3.3576827,6.5834674,node/11085414005,,,,,,,,,,,,,,,Radisson ikeja,,,,,,,,,,,,,,,,,,,hotel,,,,,,,,,,,,,,,,,,,,,Radisson,Q1751979,,,,,,,,,,,,,,,,,,,,,,,,,,,,,,,,,,,,,,,,,,,,,,,,,,,,,,,,,,,,,,,,,,,,,,,,,,,,,,,,,,,,,,,,,,,,,,,,,,,,,,,,,,,,,,,,,,,,,,,,,,,,,,,,,,,,,,,,,,,,,,,,
Point,-8.6718262,37.1007782,node/11140784815,,,,,,,,,,,,,,,Cloud 9,,,,,,,,,,9,Rua Soeiro da Costa,,,,,,,,hostel,,,,,,,,,,,,,,,,,,,,,,,,,,,,,,,,,,,,,,,,,,,,,,,,,,,,,,,,,,,,,,,,,,,,,,,,,,,,,,,,,,,,,,,,,,,,,,,,,,,,,,,,,,,,,,,,,,,,,,,,,,,,,,,,,,,,,,,,,,,,,,,,,,,,,,,,,,,,,,,,,,,,,,
Point,-8.6694154,37.0885572,node/11163507350,,,,,,,,,,,,,,,,,,,,,,,,,,,,,,,,,,viewpoint,,,,,,,,,,,,,,,,,,,,,,,,,,,,,,yes,,,,,,,,,,,,,,,,,,,,,,,,,,,,,,,,,,,,,,,,,,,,,,,,,,,,,,,,,,,,,,,,,,,,,,,,,,,,,,,,,,,,,,,,,,,,,,,,,,,,,,,,,,,,,,,,,,,,,,,,,,,,,,,,,,,,,,,,
Point,-8.6683274,37.0846854,node/11163507358,,,,,,,,,,,,,,,,,,,,,,,,,,,,,,,,,,viewpoint,,,,,,,,,,,,,,,,,,,,,,,,,,,,,,yes,,,,,,,,,,,,,,,,,,,,,,,,,,,,,,,,,,,,,,,,,,,,,,,,,,,,,,,,,,,,,,,,,,,,,,,,,,,,,,,,,,,,,,,,,,,,,,,,,,,,,,,,,,,,,,,,,,,,,,,,,,,,,,,,,,,,,,,,
Point,-8.6715803,37.1002505,node/11249527438,,,,,,,,,,,,,,,The Salty Lodge,,,,,,,,,,,Rua Silva Lopes,2026-04-08,,,,,,+351 928 024 920,hotel,https://www.saltylodge.com/,,,,,8600-623,,,,,,,,,,,,,,,,,,,,,,,,,,,,,,,,,,,,,,,,,,,,,,,,,,,,,,,,,,,,,,,,,,,,,,,,,,,,,,,,,,,,,,,,,,,,,,,,,,,,,,,,,,,,,,,,,,,,,,,,,,,,,,,,,,,,,,,,,,,,,,,,,,,,,,,,,,,,,,,,
Point,-8.6691949,37.1136929,node/11262817488,,,,,,,,,,,,,,,Lagos Marina Guest House,,,,,,,,,,,,2026-04-03,,,,,,,guest_house,,,,,,,,,,,,,,,,,,,,,,,,,,,,,,,,,,,,,,,,,,,,,,,,,,,,,,,,,,,,,,,,,,,,,,,,,,,,,,,,,,,,,,,,,,,,,,,,,,,,,,,,,,,,,,,,,,,,,,,,,,,,,,,,,,,,,,,,,,,,,,,,,,,,,,,,,,,,,,,,,,,,,,
Point,-8.632403,37.1498016,node/11264695419,,,,,,,,,,,,,,,Altinho da Quinta Seca,,,,,,,,,,,,,,,,,,,apartment,,,,,,,,,,,,,,,,+351 916 879 318,https://www.quinta-seca.com/,,,,,,,,,,,,,,,,,,,,,,,,,,,,,,,,,,,,,,,,,,,,,,,,,,,,,,,,,,,,,nicoleguerra11@yahoo.fr,,,,,,,,,,,,,,,,,,,,,,,,,,,,,,,,,,,,,,,,,,,,,,,,,,,,,,,,,,,,,,,,,,,,,,,,,,,,,,,,,,,,,,,,
Point,-8.6597606,37.113344,node/11265020854,,,,,,,,,,,,,,,Dom Pedro,,,,,,,,,,,,2023-10-15,,,,,,,hotel,,,,,,,,,,,,,,,,,,,,,,,,,,,,,,,,,,,,,,,,,,,,,,,,,,,,,,,,,,,,,,,,,,,,,,,,,,,,,,,,,,,,,,,,,,,,,,,,,,,,,,,,,,,,,,,,,,,,,,,,,,,,,,,,,,,,,,,,,,,,,,,,,,,,,,,,,,,,,,,,,,,,,,
Point,-8.6792332,37.1003513,node/11275642611,,,,,,,,,,,,,,,Don't Take The Bait,,,,,,,,,,,,,,,,,,,artwork,,,,,,,,,,,,,,,,,,,,,,,,,,,,,,,,,,,,,,,,,,,,,,,,,,,,,,,,,,,,,,,,,,,,,,,,,,,,,,,,,,,,,,,,,mural,,,,,,,,,,,,,,,,,,,,,,,,,,,,,,,,,,,,,,,,,,,,,,,,,,,,,,,,,,,,,,,,,,,,,,,,,,,,,
Point,-8.6815313,37.1093715,node/11297491077,,,,,,,,,,,,,,,,,,,,,,,,,,,,,,,,,,artwork,,,,,,,,,,,,,,,,,,,,,,,,,,,,,,,,,,,,,,,,,,,,,,,,,,,,,,,,,,,,,,,,,,,,,,,,,,,,,,,,,,,,,,,,,graffiti,,,,,,,,,,,,,,,,,,,,,,,,,,,,,,,,,,,,,,,,,,,,,,,,,,,,,,,,,,,,,,,,,,,,,,,,,,,,,
Point,-8.6694369,37.0994701,node/11297707934,,memorial,,,,,,,,,,,,,Gil Eannes,,,,,,,,File:GilEannes-Lagos.jpg,,,,,,,,,,,,,,,,,,,,,,,,,,,,,,,,,,,,,,,,,,,,,,,,,,,,,,,,,,,,,,,,,,,,,,,,,,,,,,,,,,,,,,,,,,,,,,,,,,,,,,,,,,,statue,Q360391,,,,,,,,,,,,,,,,,,,,,,,,,,,,,,,,,,,,,,,,,,,,,Gil Eannes,pt:Gil Eanes,pedestal,,,,,,,,,,,,,,,,,,,,,,
Point,-8.6735855,37.0995469,node/11297707935,,,,,,,,,,,,,,,indigo,,,,,,,,,,,,2026-04-16,,,,,,,guest_house,,,,,,,,,,,,,,,,,,,,,,,,,,,,,,,,,,,,,,,,,,,,,,,,,,,,,,,,,,,,,,,,,,,,,,,,,,,,,,,,,,,,,,,,,,,,,,,,,,,,,,,,,,,,,,,,,,,,,,,,,,,,,,,,,,,,,,,,,,,,,,,,,,,,,,,,,,,,,,,,,,,,,,
Point,3.3580131,6.4017849,node/11305982869,,,,,,,,,,,,,,,cluster,,,,,,,,,,,,,,,,,,,viewpoint,,,,,,,,,,,,,,,,,,,,,,,,,,,,,,,,,,,,,,,,,,,,,,,,,,,,,,,,,,,,,,,,,,,,,,,,,,,,,,,,,,,,,,,,,,,,,,,,,,,,,,,,,,,,,,,,,,,,,,,,,,,,,,,,,,,,,,,,,,,,,,,,,,,,,,,,,,,,,,,,,,,,,,
Point,-8.6752732,37.1030117,node/11375079247,,,,,,,,,,,,,,,Casa Mãe,,,,,,,,,,,,2026-04-07,,,,,,,hotel,,,,,,,,,,,,,,,,,,,,,,,,,,,,,,,,,,,,,,,,,,,,,,,,,,,,,,,,,,,,,,,,,,,,,,,,,,,,,,,,,,,,,,,,,,,,,,,,,,,,,,,,,,,,,,,,,,,,,,,,,,,,,,,,,,,,,,,,,,,,,,,,,,,,,,,,,,,,,,,,,,,,,,
Point,-8.6705078,37.0991357,node/11386213392,,,,,,,,,,,,,,,Casa do Farol Guesthouse,,,,,,,,,,17,Rua Do Jardim,,,,,,,,apartment,,,,,,,,,,,,,,,,,,,,,,,,,,,,,,,,,,,,,,,,,,,,,,,,,,,,,,,,,,,,,,,,,,,,,,,,,,,,,,,,,,,,,,,,,,,,,,,,,,,,,,,,,,,,,,,,,,,,,,,,,,,,,,,,,,,,,,,,,,,,,,,,,,,,,,,,,,,,,,,,,,,,,,
Point,-8.6705285,37.0989795,node/11386230269,,,,,,,,,,,,,,,Henri's,,,,,,,,,,24,Rua Doutor Júlio Dantas,,,,,,,,apartment,https://www.henris.pt/,,,,,,,,,,,,,,,,,,,,,,,,,,,,,,,,,,,,,,,,,,,,,,,,,,,,,,,,,,,,,,,,,,,,,,,,,,,,,,,,,,,,,,,,,,,,,,,,,,,,,,,,,,,,,,,,,,,,,,,,,,,,,,,,,,,,,,,,,,,,,,,,,,,,,,,,,,,,,,,,,,,,,
Point,-8.6702236,37.0988991,node/11386280969,,,,,,,,,,,,,,,Casa da Coroa,,,,,,,,,,,,,,,,,,,apartment,,,,,,,,,,,,,,,,,,,,,,,,,,,,,,,,,,,,,,,,,,,,,,,,,,,,,,,,,,,,,,,,,,,,,,,,,,,,,,,,,,,,,,,,,,,,,,,,,,,,,,,,,,,,,,,,,,,,,,,,,,,,,,,,,,,,,,,,,,,,,,,,,,,,,,,,,,,,,,,,,,,,,,
Point,-8.6703898,37.0984824,node/11386282369,,,,,,,,,,,,,,,Casa Paula Apartments,,,,,,,,,,23,Rua Miguel Bombarda,2026-04-07,,,,,,,hotel,https://www.hoteisdirect.com/casa-paula-apartments/,,,,,,,,,,,,,,,,,,,,,,,,,,,,,,,,,,,,,,,,,,,,,,,,,,,,,,,,,,,,,,,,,,,,,,,,,,,,,,,,,,,,,,,,,,,,,,,,,,,,,,,,,,,,,,,,,,,,,,,,,,,,,,,,,,,,,,,,,,,,,,,,,,,,,,,,,,,,,,,,,,,,,
Point,3.3038188,6.6237919,node/11408650551,,,,,,,,,,,,,,,Goldlux Hotel,,,,,,,,,,,,2023-12-11,,,,,,,hotel,,2,,,,,,,,no,,,,,,,,,,,,,,,customers,,,,local knowledge,yes,,,,,,,,,,,,,,,,,,,,,,,,,,,,,,,,,,,,,,yes,,yes,yes,,,,,,,,,,,,,,,,,,,,,,,,,,,,,,,,,,,,,,,,,,,,,,,,,,,,,,,,,,,,,,,,,,,,,,,,,,,,,,,,,,,,,,,,,,,,,,,
Point,-8.6702107,37.1155386,node/11449512596,,,,,,,,,,,,,,,Marina Park,,,,,,,,,,,,,,,,,,,information,,,,,,,,,,,,,,,,,,,,,,,,,,,,,,,,,,,,,,,,,,,,,,,,,,,,,,,,,,,,,,,,,,,,,,,,,,,map,site,,,,,,,,,,,,,,,,,,,,,,,,,,,,,,,,,,,,,,,,,,,,,,,,,,,,,,,,,,,,,,,,,,,,,,,,,,,,,,,,,,,,,,,,,,
Point,-8.67713,37.0960434,node/11452073126,,,,,,,,,,,,,,,,,,,,,,,,,,,,,,,,,,artwork,,,,,,,,,,,,,,,,,,,,,,,,,,,,,,,,,,,,,,,,,,,,,,,,,,,,,,,,,,,,,,,,,,,,,,,,,,,,,,,,,,,,,,,,,mural,,,,,,,,,,,,,,,,,,,,,,,,,,,,,,,,,,,,,,,,,,,,,,,,,,,,,,,,,,,,,,,,,,,,,,,,,,,,,
Point,-8.6847731,37.1060644,node/11482681210,,,,,,,,,,,,,,,Ocean'7,,,,,,,,,,,,,,,,,,,hostel,,,,,,,,,,,,,,,,,,,,,,,,,,,,,,,,,,,,,,,,,,,,,,,,,,,,,,,,,,,,,,,,,,,,,,,,,,,,,,,,,,,,,,,,,,,,,,,,,,,,,,,,,,,,,,,,,,,,,,,,,,,,,,,,,,,,,,,,,,,,,,,,,,,,,,,,,,,,,,,,,,,,,,
Point,-8.6930727,37.0872355,node/11519613533,,,,,,,,,,,,,,,Briso do Mar,,,,,,,,,,,,,,,,,,,chalet,https://www.brisadomar.pt/,,,,,,,,,,,,,,,,,,,,,,,,,,,,,,,,,,,,,,,,,,,,,,,,,,,,,,,,,,,,,,,,,,,,,,,,,,,,,,,,,,,,,,,,,,,,,,,,,,,,,,,,,,,,,,,,,,,,,,,,,,,,,,,,,,,,,,,,,,,,,,,,,,,,,,,,,,,,,,,,,,,,,
Point,-8.6737773,37.104546,node/11536341928,,,,,,,,,,,,,,,Street Art,,,,,,,,,,,,,,,,,,,artwork,,,,,,,,,,,,,,,,,,,,,,,,,,,,,,,,,,,,,,,,,,,,,,,,,,,,,,,,,,,,,,,,,,,,,,,,,,,,,,,,,,,,,,,,,graffiti,,,,,,,,,,,,,,,,,,,,,,,,,,,,,,,,,,,,,,,,,,,,,,,,,,,,,,,,,,,,,,,,,,,,,,,,,,,,,
Point,-8.770173,37.0754032,node/11731208108,,,,,,,,,,,,,,,Aloha Burgau Guesthouse,,,,,,,,,,,,2026-04-04,,,,,,,hostel,,,,,,,,,,,,,,,,,,,,,,,,,,,,,,,,,,,,,,,,,,,,,,,,,,,,,,,,,,,,,,,,,,,,,,,,,,,,,,,,,,,,,,,,,,,,,,,,,,,,,,,,,,,,,,,,,,,,,,,,,,,,,,,,,,,,,,,,,,,,,,,,,,,,,,,,,,,,,,,,,,,,,,
Point,-8.7564497,37.1371751,node/11748450556,,,,,,,,,,,,,,,Monte Rosa,,,,,,,,,,,,,,,,,,,guest_house,,,,,,,,,,,,,,,,,,,,,,,,,,,,,,,,,,,,,,,,,,,,,,,,,,,,,,,,,,,,,,,,,,,,,,,,,,,,,,,,,,,,,,,,,,,,,,,,,,,,,,,,,,,,,,,,,,,,,,,,,,,,,,,,,,,,,,,,,,,,,,,,,,,,,,,,,,,,,,,,,,,,,,
Point,-8.6857789,37.1065033,node/11751311633,,,,,,,,,,,,,,,Dream Lagos B&B,,,,,,,,,,56,Rua José d'Abreu Pimenta,,,,,,,,guest_house,,,,,Lagos,8600-361,yes,,guest_house,wlan,,,6,,,,,,,,,,dreamlagos@gmail.com,,no,,,,,,,,,,,,,,,,,,,,,,,,,,,,,,,,,,,,,,,,,,,,,,,,,,,,,,,,,,,,,,,,,,,,,,,,,,,,,,,,,,,,,,,,,,,,,,,,,,,,,,,,,,,,,,,,,,,,,,,,,,,,,,,,,,,,,,,,,,,,,
Point,3.4455867,6.457807,node/11993373489,,,,,,,,,,,,,,,Sun Heaven Hotel Ikoyi,,,,,,,,,,,Onikoyi Lane,,,,,,,+2349035628306,hotel,https://www.sun-heavens.com,,,,Ikoyi,101233,yes,,,wlan,,,72,,,,,,,,Sun Heaven Hotels & Resort,,info.ikoyi@sun-heavens.com,,no,,,,,,,,,,,,,,,,,,,,,,,,,,,,,,,,,,,,,,,,,,,,,,,,,,,,,,,,,,,,,,,,,,,,,,,,,,,,,,,,,,,,,,,,,,,,,,,,,,,,,,,,,,,,,,,,,,,,,,,,,,,,,,,,,,,,,,,,,,,,,
Point,3.4756966,6.4419285,node/12038032490,,,,,,,,,,,,,,,House One Lekki,,,,,,,,,,1B,Collins Uchidiuno St,,,,,,Mo-Su 09:00-02:00,+2349010978617,guest_house,,,,,lekki,105102,yes,,lounge,yes,Jada-Baruch,,,,,,,,,,,,truewishhospotality@gmail.com,,customers,,,,,,,,,,,,,,,,,,,,,,,,,,,,,,,,,,,,,,,,,,,,,,,,,,,,,,,,,,,,,,,,,,,,,,,,,,,,,,,,,,,,,,,,,,,,,,,,,,,,,,,,,,,,,,,,,,,,,,,,,,,,,,,,,,,,,,,,,,,,,
Point,-8.6532971,37.1165898,node/12135260542,,,,,,,,,,,,,,,Vila Palmeira,,,,,,,,,,,,,,,,,,,hotel,,,,,,,,,,,,,,,,,,,,,,,,,,,,,,,,,,,,,,,,,,,,,,,,,,,,,,,,,,,,,,,,,,,,,,,,,,,,,,,,,,,,,,,,,,,,,,,,,,,,,,,,,,,,,,,,,,,,,,,,,,,,,,,,,,,,,,,,,,,,,,,,,,,,,,,,,,,,,,,,,,,,,,
Point,-8.6850531,37.1045136,node/12146245013,,,,,,,,,,,,,,,Sun Place Guest House,,,,,,,,,,,,,,,,,,,guest_house,,,,,,,,,,,,,,,,,,,,,,,,,,,,,,,,,,,,,,,,,,,,,,,,,,,,,,,,,,,,,,,,,,,,,,,,,,,,,,,,,,,,,,,,,,,,,,,,,,,,,,,,,,,,,,,,,,,,,,,,,,,,,,,,,,,,,,,,,,,,,,,,,,,,,,,,,,,,,,,,,,,,,,
Point,-8.6366214,37.1227006,node/12149492031,,,,,,,,,,,,,,,Ecovia Algarve,,,,,,,,,,,,,,,,,,,information,,,,,,,,,,,,,,,,,,,,,,,,,,,,,,,,,,,,,,,,,,,,,,,,,,,,,,,,,,,,,,,,,,,,,,,,,,,board,,,,,,,,,,,,,,,,,,,,,,,,,,,,,,,,,,,,,,,,,,,,,,,,,,map,,,,,,,,,,,,,,,,,,,,,,,,,,,,,,,,,,,,,,,,,
Point,-8.6651824,37.1103376,node/12149499143,,,,,,,,,,,,,,,Ecovia Algarve,,,,,,,,,,,,,,,,,,,information,,,,,,,,,,,,,,,,,,,,,,,,,,,,,,,,,,,,,,,,,,,,,,,,,,,,,,,,,,,,,,,,,,,,,,,,,,,board,,,,,,,,,,,,,,,,,,,,,,,,,,,,,,,,,,,,,,,,,,,,,,,,,,map,,,,,,,,,,,,,,,,,,,,,,,,,,,,,,,,,,,,,,,,,
Point,-8.6726535,37.1038652,node/12157993080,,,,,,,,,,,,,,,,,,,,,,,,,,,,,,,,,,artwork,,,,,,,,,,,,,,,,,,,,,,,,,,,,,,,,,,,,,,,,,,,,,,,,,,,,,,,,,,,,,,,,,,,,,,,,,,,,,,,,,,,,,,,,,sculpture,,,,,,,,,,,,,,,,,,,,,,,,,,,,,,,,,,,,,,,,,,,,,,,,,,,,,,,,,,,,,,,,,,,,,,,,,,,,,
Point,3.427575,6.608955,node/12281519657,,,,,,,,,,,,,,,Edaneh hotel and lodge events center,,,,,,,,,,,,,,,,,,,hotel,,,,,,,,,,,private/individual,,,,,,,,,,,,,,,,,,,,,,,,,,,,,,,,,,,,,,,,,,,,,,,,,,,,,,,,,,,,,,,,,,,,,,,,,,,,,,,,,,,,,,,,,,,,,,,,,,,,,,,,,,,,,,,,,,,,,,,,,,,,,,,,,,,,,,private/individual,gps,functional,,,,,,,,,,,,,,,,,,,
Point,3.414418,6.609014,node/12281519658,,,,,,,,,,,,,,,E74 hotel garden and suites,,,,,,,,,,,,,,,,,,,hotel,,,,,,,,,,,private/individual,,,,,,,,,,,,,,,,,,,,,,,,,,,,,,,,,,,,,,,,,,,,,,,,,,,,,,,,,,,,,,,,,,,,,,,,,,,,,,,,,,,,,,,,,,,,,,,,,,,,,,,,,,,,,,,,,,,,,,,,,,,,,,,,,,,,,,private/individual,gps,functional,,,,,,,,,,,,,,,,,,,
Point,3.421345,6.606808,node/12281519659,,,,,,,,,,,,,,,Dehinbo hotel and suites,,,,,,,,,,,,,,,,,,,hotel,,,,,,,,,,,private/individual,,,,,,,,,,,,,,,,,,,,,,,,,,,,,,,,,,,,,,,,,,,,,,,,,,,,,,,,,,,,,,,,,,,,,,,,,,,,,,,,,,,,,,,,,,,,,,,,,,,,,,,,,,,,,,,,,,,,,,,,,,,,,,,,,,,,,,private/individual,gps,functional,,,,,,,,,,,,,,,,,,,
Point,3.230768,6.52342,node/12287951312,,,,,,,,,,,,,,,doorstep guest house,,,,,,,,,,,,,,,,,,,guest_house,,,,,,,,,,,private/ individual,,,,,,,,,,,,,,,,,,survey,,,,,,,,,,,,,,,,,,,,,,,,,,,,,,,,,,,,,,,,,,,,,,,,,,,,,,,,,,,,,,,,,,,,,,,,,,,,,,,,,,,,,,,,,,,,,,,,,,,,,,,,,,,,,,,,,,,,,,functional,bar and lodging,no,yes,yes,yes,yes,yes,,,,,,,,,,,,
Point,3.2373164,6.526959,node/12287951313,,,,,,,,,,,,,,,Desakin,,,,,,,,,,,,,,,,,,,hotel,,,,,,,,,,,private/ individual,,,,,,,,,,,,,,,,,,survey,,,,,,,,,,,,,,,,,,,,,,,,,,,,,,,,,,,,,,,,,,,,,,,,,,,,,,,,,,,,,,,,,,,,,,,,,,,,,,,,,,,,,,,,,,,,,,,,,,,,,,,,,,,,,,,,,,,,,,functional,fun and relaxation,yes,yes,yes,yes,yes,yes,,,,,,,,,,,,
Point,3.2380968,6.5284094,node/12287951314,,,,,,,,,,,,,,,Hotel under construction,,,,,,,,,,,,,,,,,,,hotel,,,,,,,,,,,private/ individual,,,,,,,,,,,,,,,,,,survey,,,,,,,,,,,,,,,,,,,,,,,,,,,,,,,,,,,,,,,,,,,,,,,,,,,,,,,,,,,,,,,,,,,,,,,,,,,,,,,,,,,,,,,,,,,,,,,,,,,,,,,,,,,,,,,,,,,,,,non-functional,still under construction,no,yes,no,yes,yes,yes,,,,,,,,,,,,
Point,3.2363592,6.5244875,node/12287951315,,,,,,,,,,,,,,,Cleanheart Hotel,,,,,,,,,,,,,,,,,,,hotel,,,,,,,,,,,private/ individual,,,,,,,,,,,,,,,,,,survey,,,,,,,,,,,,,,,,,,,,,,,,,,,,,,,,,,,,,,,,,,,,,,,,,,,,,,,,,,,,,,,,,,,,,,,,,,,,,,,,,,,,,,,,,,,,,,,,,,,,,,,,,,,,,,,,,,,,,,functional,hotel purposes,no,yes,yes,yes,yes,yes,,,,,,,,,,,,
Point,3.2342553,6.526174,node/12287951316,,,,,,,,,,,,,,,Angel Hotel Phase 2,,,,,,,,,,,,,,,,,,,hotel,,,,,,,,,,,private/ individual,,,,,,,,,,,,,,,,,,survey,,,,,,,,,,,,,,,,,,,,,,,,,,,,,,,,,,,,,,,,,,,,,,,,,,,,,,,,,,,,,,,,,,,,,,,,,,,,,,,,,,,,,,,,,,,,,,,,,,,,,,,,,,,,,,,,,,,,,,functional,lodging and accomodations,yes,yes,yes,yes,yes,yes,,,,,,,,,,,,
Point,3.3578333,6.5999393,node/12357956574,,,,,,,,,,,,,,,Work and Play place,,,,,,,,,,,,,,,,,,,hotel,,,,,,,,,,,,,,,,,,,,,,,,,,,,,,,,,,,,,,,,,,,,,,,,,,,,,,,,,,,,,,,,,,,,,,,,,,,,,,,,,,,,,,,,,,,,,,,,,,,,,,,,,,,,,,,,,,,,,,,,,,,,,,,,,,,,,,,,,,,,,,,,,,,,,,,,,,,,,,,,,,,,,,
Point,-8.6723757,37.0927184,node/12431665615,,wayside_shrine,,,,,,place_of_worship,catholic,,,,,,VI,,,,christian,,,,,,,,,,,,,,,,,,,,,,,,,,,,,,,,,,,,,,,,,,,,,,,,,,,,,,,,,,,,,,,,,,,,,,,,,,,,,,,,,,,,,,,,,,,,,,,,,,,,,,,,,,,,,,,,,,,,,,,,,,,,,,,,,,,,,,,,,,,,,,,,,,,,,,,,,,,,,,,,,,,,,,,,,,,,,,,,,,,,,
Point,-8.6721356,37.0934865,node/12431665616,,wayside_shrine,,,,,,place_of_worship,catholic,,,,,,V,,,,christian,,,,,,,,,,,,,,,,,,,,,,,,,,,,,,,,,,,,,,,,,,,,,,,,,,,,,,,,,,,,,,,,,,,,,,,,,,,,,,,,,,,,,,,,,,,,,,,,,,,,,,,,,,,,,,,,,,,,,,,,,,,,,,,,,,,,,,,,,,,,,,,,,,,,,,,,,,,,,,,,,,,,,,,,,,,,,,,,,,,,,
Point,-8.6707181,37.1001346,node/12431668803,,memorial,,,,,,,,,,,,,,,,,,,,,,,,,,,,,,,,,,,,,,,,,,,,,,,,,,,,,,,,,,,,,,,,,,,,,,,,,,,,,,,,,,,,,,,,,,,,,,,,,,,,,,,,,,,,,,,,,,,,,,,,,,,,,,,,bust,,,,,,,,,,,,,,,,,,,,,,,,,,,,,,,,,,,,,,,,,,,,,,,,,,,,,,,,,,,,,,,,,,,,,,
Point,-8.6728665,37.103259,node/12433830619,,,,,,,,,,,,,,,,,,,,,,,,,,,,,,,,,,artwork,,,,,,,,,,,,,,,,,,,,,,,,,,,,,,,,,,,,,,,,,,,,,,,,,,,,,,,,,,,,,,,,,,,,,,,,,,,,,,,,,,,,,,,,,sculpture,,,,,,,,,,,,,,,,,,,,,,,,,,,,,,,,,,,,,,,,,,,,,,,,,,,,,,,,,,,,,,,,,,,,,,,,,,,,,
Point,-8.6728404,37.1030649,node/12433830620,,,,,,,,,,,,,,,,,,,,,,,,,,,,,,,,,,artwork,,,,,,,,,,,,,,,,,,,,,,,,,,,,,,,,,,,,,,,,,,,,,,,,,,,,,,,,,,,,,,,,,,,,,,,,,,,,,,,,,,,,,,,,,sculpture,,,,,,,,,,,,,,,,,,,,,,,,,,,,,,,,,,,,,,,,,,,,,,,,,,,,,,,,,,,,,,,,,,,,,,,,,,,,,
Point,-8.6723304,37.0994928,node/12433830622,,,,,,,,,,,,,,,,,,,,,,,,,,,,,,,,,,artwork,,,,,,,,,,,,,,,,,,,,,,,,,,,,,,,,,,,,,,,,,,,,,,,,,,,,,,,,,,,,,,,,,,,,,,,,,,,,,,,,,,,,,,,,,mural,,,,,,,,,,,,,,,,,,,,,,,,,,,,,,,,,,,,,,,,,,,,,,,,,,,,,,,,,,,,,,,,,,,,,,,,,,,,,
Point,-8.6721422,37.0997281,node/12433830623,,,,,,,,,,,,,,,,,,,,,,,,,,,,,,,,,,artwork,,,,,,,,,,,,,,,,,,,,,,,,,,,,,,,,,,,,,,,,,,,,,,,,,,,,,,,,,,,,,,,,,,,,,,,,,,,,,,,,,,,,,,,,,mural,,,,,,,,,,,,,,,,,,,,,,,,,,,,,,,,,,,,,,,,,,,,,,,,,,,,,,,,,,,,,,,,,,,,,,,,,,,,,
Point,-8.6746562,37.0997587,node/12433836932,,,,,,,,,,,,,,,,,,,,,,,,,,,,,,,,,,artwork,,,,,,,,,,,,,,,,,,,,,,,,,,,,,,,,,,,,,,,,,,,,,,,,,,,,,,,,,,,,,,,,,,,,,,,,,,,,,,,,,,,,,,,,Fedor,mural,,,,,,,,,,,,,,,,,,,,,,,,,,,,,,,,,,,,,,,,,,,,,,,,,,,,,,,,,,,,,,,,,,,,,,,,,,,,,
Point,-8.6753878,37.1009743,node/12433836934,,,,,,,,,,,,,,,,,,,,,,,,,,,,,,,,,,artwork,,,,,,,,,,,,,,,,,,,,,,,,,,,,,,,,,,,,,,,,,,,,,,,,,,,,,,,,,,,,,,,,,,,,,,,,,,,,,,,,,,,,,,,,,sculpture,,,,,,concrete,,,,,,,,,,,,,,,,,,,,,,,,,,,,,,,,,,,,,,,,,,,,,,,,,,,,,,,,,,,,,,,,,,,,,,,
Point,-8.66985,37.0935189,node/12435541416,,,,,,,,,,,,,,,Apartment Mar Azul,,,,,,,,,,85,"Rua Convento da Trindade, 85 - Bloco D, 8600-540 Lagos, Portugal",,,,,,,+351913425501,apartment,,,,,,,,,,yes,SunnyStayAlgarve.com,,2,,"Featuring air-conditioned accommodation with a pool with a view, Apartamento Mar Azul is set in Lagos. This beachfront property offers access to a balcony, free private parking and free WiFi.",,,,,,,,carlasoarescarvalho@gmail.com,https://cf.bstatic.com/xdata/images/hotel/max1280x900/370858782.jpg?k=4e8512ee74df0849bfafebcc230216688eb459bf46019de2965222b7633c22e7&o=&hp=1,no,,,,,,,,,,,,,,,,,,,,,,,,,,,,,,,,,,,,,,,,,,,,,,,,,,,,,,,,,,,,,,,,,,,,,,,,,,,,,,,,,,,,,,,,,,,,,,,,,,,,,,,,,,,,,,,,,,,,,,,,,,,,,,,,,,,,,,,,,,,,,
Point,-8.7916644,37.149384,node/12507507893,,archaeological_site,,,,,,,,,,,,,Pedra do Galo,,,,,,,,,,,,,,,,,,,,,,,,,,,,,,,,,,,,,,,,,,,,,,,,,,,,,,,,,,,,,,,,,,,,,,,,,,,,,,,,,,,,,,,,,,,,,,,,,,,,megalith,,,,,,,,,,,,,,,,,,,,,,,,,,,,,,,,,,,,,,,,,,location tbc,,,,menhir,,,,,,,,,,,,,,,,,,,,,,,,,,,,,,,,,,,,,,,
Point,-8.7851289,37.1298309,node/12564120825,,,,,,,,,,,,,,,State Of Being,,,,,,,,,,,,2025-09-30,,stateofbeing.sanctuary,,yes,,,camp_site,,,,,Barão de São João,,,,,,,,,,,,https://stateofbeing.nl/,,,,,,,,,,,,,,yes,yes,yes,,,,,,,,,,,,,,,,,,,,,,,,,,,,,,,,,,,yes,,,,,,,,,,contact@stateofbeing.nl,,,,,,,,,,,,,,,,,,,,,,,,,,,,,,,,,,,,,,,,,,,,,,,,,,,,,,,,,,,,,,,,,,,,,,,,,,,,,standard,2025-09-30,yes,leashed,yes,no,yes,yes,yes,,,
Point,-8.6774796,37.1103214,node/12568499660,,,,,,,,,,,,,,,,,,,,,,,,,,,,,,,,,,artwork,,,,,,,,,,,,,,,,,,,,,,,,,,,,,,,,,,,,,,,,,,,,,,,,,,,,,,,,,,,,,,,,,,,,,,,,,,,,,,,,,,,,,,,,,installation,,,,,,,,,,,,,,,,,,,,,,,,,,,,,,,,,,,,,,,,,,,,,,,,,,,,,,,,,,,,,,,,,,,,,,,,,,,,,
Point,-8.680632,37.1112401,node/12568499795,,wayside_shrine,,,,,,,,,,,,,,,,,christian,,,,,,,,,,,,,,,,,,,,,,,,,,,,,,,,,,,,,,,,,,,,,,,,,,,,,,,,,,,,,,,,,,,,,,,,,,,,,,,,,,,,,,,,,,,,,,,,,,,,,,,,,,,,,,,,,,,,,,,,,,,,,,,,,,,,,,,,,,,,,,,,,,,,,,,,,,,,,,,,,,,,,,,,,,,,,,,,,,,,,
Point,-8.6764824,37.1090096,node/12568529052,,,,,,,,,,,,,,,,,,,,,,,,,,,,,,,,,,artwork,,,,,,,,,,,,,,,,,,,,,,,,,,,,,,,,,,,,,,,,,,,,,,,,,,,,,,,,,,,,,,,,,,,,,,,,,,,,,,,,,,,,,,,,,mural,,,,,,,,,,,,,,,,,,,,,,,,,,,,,,,,,,,,,,,,,,,,,,,,,,,,,,,,,,,,,,,,,,,,,,,,,,,,,
Point,-8.6690532,37.0999617,node/12568533410,,,,,,,,,,,,,,,,,,,,,,,,,,,,,,,,,,artwork,,,,,,,,,,,,,,,,,,,,,,,,,,,,,,,,,,,,,,,,,,,,,,,,,,,,,,,,,,,,,,,,,,,,,,,,,,,,,,,,,,,,,,,,,installation,,,,,,,,,,,,,,,,,,,,,,,,,,,,,,,,,,,,,,,,,,,,,,,,,,,,,,,,,,,,,,,,,,,,,,,,,,,,,
Point,-8.6953272,37.1262559,node/12568754621,,,,,,,,,,,,,,,,,,,,,,,,,,,,,,,,,,information,,,,,,,,,,,,,,,,,,,,,,,,,,,,,,,,,,,,,,,,,,,,,,,,,,,,,,,,,,,,,,,,,,,,,,,,,,,map,,,,,,,,,,,,,,,,,,,,,,,,,,,,,,,,,,,,,,,,,,,,,,,,,,,,,,,,,,,,,,,,,,,,,,,,,,,,,,,,,,,,,,,,,,,
Point,-8.7377862,37.1555216,node/12568792822,,,,,,,,,,,,,,,,,,,,,,,,,,,,,,,,,,hotel,,,,,,,,,,,,,,,,,,,,,,,,,,,,,,,,,,,,,,,,,,,,,,,,,,,,,,,,,,,,,,,,,,,,,,,,,,,,,,,,,,,,,,,,,,,,,,,,,,,,,,,,,,,,,,,,,,,,,,,,,,,,,,,,,,,,,,,,,,,,,,,,,,,,,,,,,,,,,,,,,,,,,,
Point,-8.6731428,37.1085587,node/12605103394,,,,,,,,,,,,,,,,,,,,,,,,,,,,,,,,,,information,,,,,,,,,,,Lagos Boat Tours,,,,,,,,,,,,,,,,,,,,,,,,,,,,,,,,,,,,,,,,,,,,,,,,,,,,,,,,,,,,,,,,board,,,,,,,,,,,,,,,325,,,,,,,,,,,,,,,,,,,,,,,,,,,,,,,,,,,Kokoontumispaikka,,,,,,,,,,,,,,,,,,,,,,,,,,,,,,,,,,,,,,,,,
Point,3.5130915,6.4398216,node/12785621435,,,,,,,,,,,,,,,Mayhill Hotel,,,,,,,,,,,,,,,,,,,hotel,https://mayhillhotel.com,,,,,,,,,,,,,,,,,,,,,,hello@mayhillhotel.com.ng,,,,,,,,,,,,,,,,,,,,,,,,,,,,,,,,,,,,,,,,,,,,,,,,,,,,,,,,,,,,,,,,,,,,,,,,,,,,,,,,,,,,,,,,,,,,,,,,,,,,,,,,,,,,,,,,,,,,,,,,,,,,,,,,,,,,,,,,,,,,,,,
Point,-0.1963223,43.218229,node/12849360145,,,,,,,,,,,,,,,,,,,,,,,,,,,,,,,,,,information,,,,,,,,,,,,,,,,,,,,,,,,,,,,,,,,,,,,,,,,,,,,,,,,,,,,,,,,,,,,,,,,,,,,,,,,,,,guidepost,,,,,,,,,,,,,,,,,,,,,,,,,,,,,,,,,,,,,yes,,,,,,,,,,,,,,,,,,,,,,,,,,,,,,,,,,,,,,,,,,,,,,,,,,,,,,
Point,3.3891462,6.6061732,node/13031519774,,,,,,,,,,,,,,,Paulson Hotel,,,,,,,,,,,"Anibaba street opposite Oluwalogbon school, ketu",,,,,,,,hotel,,,,,,,,,,,,,,,,,,,,,,,,,,,,,,,,,,,,,,,,,,,,,,,,,,,,,,,,,,,,,,,,,,,,,,,,,,,,,,,,,,,,,,,,,,,,,,,,,,,,,,,,,,,,,,,,,,,,,,,,,,,,,,,,,,,,,,,,,,,,,,,,,,,,,,,,,,,,,,,,,,,,,,
Point,3.3980444,6.5179456,node/13111316584,,,,,,,,,,,,,,,Mariere Hall,,,,,,,,,,,Tafawa Balewa Way,,,,,,,,hostel,,,,,Lagos,,,,hostel,yes,,,124,,,,,,,,,,,,customers,,,no,,,,,,,,,,,,,,,,,,,,,,,,,,,,,,,,,,,,,,,,,,,,,,,,,,,,,,,,,,,,,,,,,,,,,,,,,,,,,,,,,,,,,,,,,,,,,,,,,,,,,,,,,,,,,,,,,,,,,,,,,,,,,,,,,,,,,,,,,,
Point,3.396667,6.5177063,node/13111316585,,,,,,,,,,,,,,,Moremi extension,,,,,,,,,,,Tafawa Balewa Way,,,,,,,,hostel,,,,,Lagos,,,,hostel,yes,,,,,,,,,,,,,,,customers,,,,,,,,,,,,,,,,,,,,,,,,,,,,,,,,,,,,,,,,,,,,,,,,,,,,,,,,,,,,,,,,,,,,,,,,,,,,,,,,,,,,,,,,,,,,,,,,,,,,,,,,,,,,,,,,,,,,,,,,,,,,,,,,,,,,,,,,,,,moiremi,,
Point,3.3967576,6.5175159,node/13111316586,,,,,,,,,,,,,,,Moremi hall,,,,,,,,,,,Tafawa Balewa Way,,,,,,,,hostel,,,,,Lagos,,,,hostel,yes,,,,,,,,,,,,,,,no,,,,,,,,,,,,,,,,,,,,,,,,,,,,,,,,,,,,,,,,,,,,,,,,,,,,,,,,,,,,,,,,,,,,,,,,,,,,,,,,,,,,,,,,,,,,,,,,,,,,,,,,,,,,,,,,,,,,,,,,,,,,,,,,,,,,,,,,,,,,,
Point,3.3931886,6.5109994,node/13111316589,,,,,,,,,,,,,,,Women Society Hall,,,,,,,,,,,DLI Road,,,,,,Mo-Su 08:00-23:00,,hostel,,,,,,,,,hostel,yes,,,,,,,,,,,,,,,customers,,,,,,,,,,,,,,,,,,,,,,,,,,,,,,,,,,,,,,,,,,,,,,,,,,,,,,,,,,,,,,,,,,,,,,,,,,,,,,,,,,,,,,,,,,,,,,,,,,,,,,,,,,,,,,,,,,,,,,,,,,,,,,,,,,,,,,,,,,,,women society,
Point,3.3931463,6.5106482,node/13111316590,,,,,,,,,,,,,,,Honors Hall,,,,,,,,,,,DLI Road,,,,,,,,hostel,,,,,Lagos,,,,hostel,yes,,yes,,,,,,,,,,,,,no,,,,,,,,,,,,,,,,,,,,,,,,,,,,,,,,,,,,,,,,,,,,,,,,,,,,,,,,,,,,,,,,,,,,,,,,,,,,,,,,,,,,,,,,,,,,,,,,,,,,,,,,,,,,,,,,,,,,,,,,,,,,,,,,,,,,,,,,,,,,,
Point,3.611869,6.4552989,node/13139974601,,castle,,,,,,,,,,,,,Alh. Muniru House in Muniru Estate,,,,,,,,,,,"Alh. Nene Muniru close, Ogombo",,,,,,,,,,,,,,,,,,,,,,,,,,,,,,,,,,,,,,,,,,,,,,,,,,,,,,,,,,,,,,,,,,,,,,,,,,,,,,,,,,,,,,,,,,,,,,,,,,,,,,,,,,,,,,,,,,,,,,,,,,,,,,,,,,,,,,,,,,,,,,,,,,,,,,,,,,,,,,,,,,,,,,,,,,,,,,
Point,-8.6725675,37.1056388,node/13152540131,,,,,,,,,,,,,,,Cais de embarque Maritimo-Turisticas,,,,,,,,,,,,,,,,,,,information,,,,Boarding Pier Maritime Tourism,,,,,,,,,,,,,,,,,,,,,,,,,,,,,,,,,,,,,,,,,,,,,,,,,,,,,,,,,,,,,,,,,,,,,,,board,,,,,,,,,,,,,,,,,,,,,,,,,,,,,,,,,,,,,,,,,,,,,,,,,,notice,,,,,,,,,,,,,,,,,,,,,,,,,,,,,,,,,,,,,,,,,
Point,-8.6742058,37.0885137,node/13154840009,,,,,,,,,,,,,,,The Editory by the Sea Lagos,,,,,,,,,,,,,,,,,,,hotel,,,,,,,,,,,,,,,,+351 282 119 260,https://www.editoryhotels.com/by-the-sea-lagos/,,,,,,,,,,,,,,,,,,,,,,,,,,,,,,,,,,,,,,,,,,,,,,,,,,,,,,,,,,,,,,,,,,,,,,,,,,,,,,,,,,,,,,,,,,,,,,,,,,,,,,,,,,,,,,,,,,,,,,,,,,,,,,,,,,,,,,,,,,,,,,,,,,,,,
Point,3.3751318,6.5162143,node/13430877201,,,,,,,,,,,,,,,,,,,,,,,,,,,,,,,,,,apartment,,,,,,,,,,,,,,,,,,,,,,,,,,,,,,,,,,,,,,,,,,,,,,,,,,,,,,,,,,,,,,,,,,,,,,,,,,,,,,,,,,,,,,,,,,,,,,,,,,,,,,,,,,,,,,,,,,,,,,,,,,,,,,,,,,,,,,,,,,,,,,,,,,,,,,,,,,,,,,,,,,,,,,
Point,-8.676289,37.096139,node/13432448481,,memorial,,,,,,,,,,,,,Capitão De Abril Salgueiro Maia,,,,,,,,,,,,,,,,,,,,,,,,,,,,,,,,,,,,,,,,,,,,,,,,,,,,,,,,,,,,,,,,,,,,,,,,,,,,,,,,,,,,,,,,,,,,,,,,,,,,,,,,,,,,,,,,,,metal,bust,,,,,,,,,,,,,,,,,,,,,,,,,,,,,,,,,,,,,,,,,,,,,,,,,,,,,,,,,,,,,,,,,,,,,,
Point,-8.7031074,37.1144499,node/13479192076,,,,,,,,,,,,,,,Casa Monte Cristo Apartments,,,,,,,Q137858751,,,,,,,,,,,+351 934 633 856,hotel,https://casamontecristo.com/,,,,,,,,,,Casa Monte Cristo Limited,,,,,,,,,,Casa Monte Cristo Collection,,theteam@casamontecristo.com,,,,,,,,,,,,,,,,,,,,,,,,,,,,,,,,,,,,,,,,,,,,,,,,,,,,,,,,,,,,,,,,,,,,,,,,,,,,,,,,,,,,,,,,,,,,,,,,,,,,,,,,,,,,,,,,,,,,,,,,,,,,,,,,,,,,,,,,,,,,,,,
Point,-8.7024208,37.1143879,node/13479192077,,,,,,,,,,,,,,,Casa Monte Cristo Too,,,,,,,,,,,,,,,,,,+351 934 633 856,hotel,https://casamontecristo.com/,,,,,,,,,,,,,,,,,,,,Casa Monte Cristo Collection,,theteam@casamontecristo.com,,,,,,,,,,,,,,,,,,,,,,,,,,,,,,,,,,,,,,,,,,,,,,,,,,,,,,,,,,,,,,,,,,,,,,,,,,,,,,,,,,,,,,,,,,,,,,,,,,,,,,,,,,,,,,,,,,,,,,,,,,,,,,,,,,,,,,,,,,,,,,,
Point,-8.7019679,37.1135232,node/13479192078,,,,,,,,,,,,,,,Casa Monte Cristo Tres,,,,,,,,,,,,,,,,,,+351 934 633 856,hotel,https://casamontecristo.com/,,,,,,,,,,,,,,,,,,,,Casa Monte Cristo Tres,,theteam@casamontecristo.com,,,,,,,,,,,,,,,,,,,,,,,,,,,,,,,,,,,,,,,,,,,,,,,,,,,,,,,,,,,,,,,,,,,,,,,,,,,,,,,,,,,,,,,,,,,,,,,,,,,,,,,,,,,,,,,,,,,,,,,,,,,,,,,,,,,,,,,,,,,,,,,
Point,-8.7046972,37.1145198,node/13479197250,,,,,,,,,,,,,,,Casa Monte Cristo IV,,,,,,,,,,,,,,,,,,+351 934 633 856,hotel,https://casamontecristo.com/,,,,,,,,,,,,,,,,,,,,Casa Monte Cristo Collection,,theteam@casamontecristo.com,,,,,,,,,,,,,,,,,,,,,,,,,,,,,,,,,,,,,,,,,,,,,,,,,,,,,,,,,,,,,,,,,,,,,,,,,,,,,,,,,,,,,,,,,,,,,,,,,,,,,,,,,,,,,,,,,,,,,,,,,,,,,,,,,,,,,,,,,,,,,,,
Point,-8.7044056,37.1150085,node/13479197251,,,,,,,,,,,,,,,Casa Monte Cristo Cinco,,,,,,,,,,,,,,,,,,+351 934 633 856,hotel,https://casamontecristo.com/,,,,,,,,,,,,,,,,,,,,Casa Monte Cristo Collection,,theteam@casamontecristo.com,,,,,,,,,,,,,,,,,,,,,,,,,,,,,,,,,,,,,,,,,,,,,,,,,,,,,,,,,,,,,,,,,,,,,,,,,,,,,,,,,,,,,,,,,,,,,,,,,,,,,,,,,,,,,,,,,,,,,,,,,,,,,,,,,,,,,,,,,,,,,,,villa
Point,-8.7038953,37.115793,node/13479197252,,,,,,,,,,,,,,,Casa Monte Cristo Seis,,,,,,,,,,,,,,,,,,+351 934 633 856,hotel,https://casamontecristo.com/,,,,,,,,,,,,,,,,,,,,Casa Monte Cristo Collection,,theteam@casamontecristo.com,,,,,,,,,,,,,,,,,,,,,,,,,,,,,,,,,,,,,,,,,,,,,,,,,,,,,,,,,,,,,,,,,,,,,,,,,,,,,,,,,,,,,,,,,,,,,,,,,,,,,,,,,,,,,,,,,,,,,,,,,,,,,,,,,,,,,,,,,,,,,,,
Point,3.4053621,6.4459312,node/13536246694,,,,,,,,,,,,,,,Pada Lagos,,,,,,,,,,27,Boyle Street,,,,,,,,guest_house,https://www.padalagos.com/,,,,,,yes,,bed_and_breakfast,yes,Folayemi Brown and Jacob Todd Folio,,5,,,,,,,,,,info@padalagos.com,,customers,,,,,,,,,,,,,,,,,,,,,,,,,,,,,,,,,,2024,234,,,,,,,,,,,,,,,,,,,,,,,,,,,,,,,,,,,,,,,,,,,,,,,,,,,,,,,,,,,,,,,,,,,,,,,,,,,,,,,,,,,,,,,,,,,,,,,,,,,,,,,,,,
Point,-8.6757159,37.1068959,node/13565047301,,,,,,,,,,,,,,,Lagos Central Rock School Hostel,,,,,,,,,,,,,,,,,,,hostel,,,,,,,,,,,,,,,,,,,,,,,,,,,,,,,,,,,,,,,,,,,,,,,,,,,,,,,,,,,,,,,,,,,,,,,,,,,,,,,,,,,,,,,,,,,,,,,,,,,,,,,,,,,,,,,,,,,,,,,,,,,,,,,,,,,,,,,,,,,,,,,,,,,,,,,,,,,,,,,,,,,,,,
Point,-8.7307917,37.0886839,node/13630080502,,,,,,,,,,,,,,,Luz Ocean Club Apartment,,,,,,,,,,,Rua Doutor Francisco Gentil Martins,,,,,,,,apartment,,,,,,8600-160,,,,,,,,,,,,,,,,,,,,,,,,,,,,,,,,,,,,,,,,,,,,,,,,,,,,,,,,,,,,,,,,,,,,,,,,,,,,,,,,,,,,,,,,,,,,,,,,,,,,,,,,,,,,,,,,,,,,,,,,,,,,,,,,,,,,,,,,,,,,,,,,,,,,,,,,,,,,,,,,
Point,-0.2077201,43.2189518,node/13650356440,,,,,,,,,,,,,,,ancien canal des coteaux,,,,,,,,,,,,,,,,,,,information,,,,,,,,ancien canal (travaux en 1860 - fin d'exploitation 1885) entre Coarraze et Sendets sur 34km de trajet et 13m de dénivelé. Plusieurs acqueducs sur son parcours pour asser des ruisseaux.,,,,,,,,,,,,,,,,,,,,,,,,,,,,,,,,,,,,,,,,,,,,,,,,,,,,,,,,,,,,,,,,,,,board,,,,,,,,,,,,,,,,,,,,,,,,,,,,,,,,,,,,,,,,,,,,,,,,,,,,,,,,,,,,,,,,,,,,,,,,,,,,,,,,,,,,,,,,,,,
Point,-8.7262708,37.0879618,node/13700857582,,,,,,,,,,,,,,,Mayer Luz Beach Apartments,,,,,,,,,,,,,,,,,,,apartment,,,,,,,,,,,,,,,,,,,,,,,,,,,,,,,,,,,,,,,,,,,,,,,,,,,,,,,,,,,,,,,,,,,,,,,,,,,,,,,,,,,,,,,,,,,,,,,,,,,,,,,,,,,,,,,,,,,,,,,,,,,,,,,,,,,,,,,,,,,,,,,,,,,,,,,,,,,,,,,,,,,,,,
Point,-8.6742345,37.1053466,node/13704994444,,,,,,,,,,,,,,,,,,,,,,,,,,,,,,,,,,artwork,,,,,,,,,,,,,,,,,,,,,,,,,,,,,,,,,,,,,,,,,,,,,,,,,,,,,,,,,,,,,,,,,,,,,,,,,,,,,,,,,,,,,,,,,graffiti,,,,,,,,,,,,,,,,,,,,,,,,,,,,,,,,,,,,,,,,,,,,,,,,,,,,,,,,,,,,,,,,,,,,,,,,,,,,,
Point,-8.672032,37.1000644,node/13713329736,,,,,,,,,,,,,,,Sardinas,,,,,,,,,,,,,,,,,,,artwork,,,,,,,,,,,,,,,"I guessed the name, please correct it.",,,,,,,,,,,,,,,,,,,,,,,,,,,,,,,,,,,,,,,,,,,,,,,,,,,,,,,,,,,,,,,,,,,,,,,,,,graffiti,,,,,,,,,,,,,,,,,,,,,,,,,,,,,,,,,,,,,,,,,,,,,,,,,,,,,,,,,,,,,,,,,,,,,,,,,,,,,
Point,-8.6748885,37.1044383,node/13713329737,,,,,,,,,,,,,,,Casa Museu José Manuel da Graça Rosado Amôres,,,,,,,,,,,,2026-04-07,,,,no,"Mo-Fr 09:30-12:30,14:00-17:00; Sa-Su off",,museum,,,,,,,,,,,,,,,,,,,,,,,,,,,,,,,,,,,,,,,,,,,,,,,,,,,,,,,,,,,,,,,,,,,,,,,,,,,,,,,,,,,,,,,,,,,,,,,,,,,,,,,,,,,,,,,,,,,,,,,,,,,,,,,,,,,,,,,,,,,,,,,,,,,,,,,,,,,,,,,,,,,,,,
Point,-8.6755004,37.1019905,node/13718148890,,,,,,,,,,,,,,,Man With Hat,,,,,,,,,,,,,,,,,,,artwork,,,,,,,,,,,,,,,"I guessed the name, please correct it.",,,,,,,,,,,,,,,,,,,,,,,,,,,,,,,,,,,,,,,,,,,,,,,,,,,,,,,,,,,,,,,,,,,,,,,,,,graffiti,,,,,,,,,,,,,,,,,,,,,,,,,,,,,,,,,,,,,,,,,,,,,,,,,,,,,,,,,,,,,,,,,,,,,,,,,,,,,
Point,-8.6735738,37.1010194,node/13718148893,,,,,,,,,,,,,,,The Island,,,,,,,,,,,,2026-04-09,,,,,,,hostel,,,,,,,,,,,,,,,,,,,,,,,,,,,,,,,,,,,,,,,,,,,,,,,,,,,,,,,,,,,,,,,,,,,,,,,,,,,,,,,,,,,,,,,,,,,,,,,,,,,,,,,,,,,,,,,,,,,,,,,,,,,,,,,,,,,,,,,,,,,,,,,,,,,,,,,,,,,,,,,,,,,,,,
Point,-8.6677722,37.1104611,node/13728056333,,,,,,,,,,,,,,,ecovia Algarve,,,,,,,,,,,,,,,,,,,information,,,,,,,,,,,,,,,,,,,,,,,,,,,,,,,,,,,,,,,,,,,,,,,,,,,,,,,,,,,,,,,,,,,,,,,,,,,guidepost,,,,,,,,,,,,,,,,,,,,,,,,,,,,,,,,,,,,,,,,,,,,,,,,,,,,,,,,,,,,,,,,,,,,,,,,,,,,,,,,,,,,,,,,,,,
Point,-8.6726735,37.099526,node/13732306832,,,,,,,,,,,,,,,17 Hostel,,,,,,,,,,,,2026-04-15,,,,,,,hostel,,,,,,,,,,,,,,,,,,,,,,,,,,,,,,,,,,,,,,,,,,,,,,,,,,,,,,,,,,,,,,,,,,,,,,,,,,,,,,,,,,,,,,,,,,,,,,,,,,,,,,,,,,,,,,,,,,,,,,,,,,,,,,,,,,,,,,,,,,,,,,,,,,,,,,,,,,,,,,,,,,,,,,
Point,-8.6725485,37.0988231,node/13734249055,,,,,,,,,,,,,,,Rising Cock,,,,,,,,,,,,2026-04-16,,,,,,,hostel,,,,,,,,,,,,,,,,,,,,,,,,,,,,,,,,,,,,,,,,,,,,,,,,,,,,,,,,,,,,,,,,,,,,,,,,,,,,,,,,,,,,,,,,,,,,,,,,,,,,,,,,,,,,,,,,,,,,,,,,,,,,,,,,,,,,,,,,,,,,,,,,,,,,,,,,,,,,,,,,,,,,,,
Point,-8.6712004,37.0979287,node/13734256480,,,,,,,,,,,,,,,,,,,,,,,,,,,,,,,,,,viewpoint,,,,,,,,,,,,,,,,,,,,,,,,,,,,,,,,,,,,,,,,,,,,,,,,,,,,,,,,,,,,,,,,,,,,,,,,,,,,,,,,,,,,,,,,,,43,,,,,,,,,,,,,,,,,,,,,,,,,,,,,,,,,,,,,,,,,,,,,,,,,,,,,,,,,,,,,,,,,,,,,,,,,,,Beach View,
Point,-8.674185,37.1078038,node/13739713898,,,,,,,,,,,,,,,S.r. Colvo,,,,,,,,,,,,,,,,,,,artwork,,,,,,,,,,,,,,,,,,,,,,,,,,,,,,,,,,,,,,,,,,,,,,,,,,,,,,,,,,,,,,,,,,,,,,,,,,,,,,,,,,,,,,,,Fabio Pais,sculpture,,,,,,,,,,,,,,,,,,,,,,,,,,,,,,,,,,,,,,,,,,,,,,,,,,,,,,,,,,,,,,,,,,,,,,,,,,,,,
Point,-8.6868756,37.0880386,node/13740542978,,,,,,,,,,,,,,,Magnolia Mar,,,,,,,,,,,,,,,,,,,apartment,,,,,,,,,,,,,,,,,,,,,,,,,,,,,,,,,,,,,,,,,,,,,,,,,,,,,,,,,,,,,,,,,,,,,,,,,,,,,,,,,,,,,,,,,,,,,,,,,,,,,,,,,,,,,,,,,,,,,,,,,,,,,,,,,,,,,,,,,,,,,,,,,,,,,,,,,,,,,,,,,,,,,,
Point,-8.6771227,37.1050633,node/13742108204,,,,,,,,,,,,,,,LC's Guest House,,,,,,,,,,,,2026-04-19,,,,,,,guest_house,,,,,,,,,,,,,,,,,,,,,,,,,,,,,,,,,,,,,,,,,,,,,,,,,,,,,,,,,,,,,,,,,,,,,,,,,,,,,,,,,,,,,,,,,,,,,,,,,,,,,,,,,,,,,,,,,,,,,,,,,,,,,,,,,,,,,,,,,,,,,,,,,,,,,,,,,,,,,,,,,,,,,,
Point,-8.6780076,37.1036518,node/13742108206,,,,,,,,,,,,,,,Lacus Ocean,,,,,,,,,,,,2026-04-19,,,,,,,guest_house,,,,,,,,,,,,,,,,,,,,,,,,,,,,,,,,,,,,,,,,,,,,,,,,,,,,,,,,,,,,,,,,,,,,,,,,,,,,,,,,,,,,,,,,,,,,,,,,,,,,,,,,,,,,,,,,,,,,,,,,,,,,,,,,,,,,,,,,,,,,,,,,,,,,,,,,,,,,,,,,,,,,,,
Point,-8.6795383,37.101488,node/13749308733,,,,,,,,,,,,,,,,,,,,,,,,,,,,,,,,,,artwork,,,,,,,,,,,,,,,,,,,,,,,,,,,,,,,,,,,,,,,,,,,,,,,,,,,,,,,,,,,,,,,,,,,,,,,,,,,,,,,,,,,,,,,,,mural,,,,,,,,,,,,,,,,,,,,,,,,,,,,,,,,,,,,,,,,,,,,,,,,,,,,,,,,,,,,,,,,,,,,,,,,,,,,,
Point,-8.6785922,37.1027269,node/13749308740,,,,,,,,,,,,,,,,,,,,,,,,,,,,,,,,,,artwork,,,,,,,,,,,,,,,,,,,,,,,,,,,,,,,,,,,,,,,,,,,,,,,,,,,,,,,,,,,,,,,,,,,,,,,,,,,,,,,,,,,,,,,,,mural,,,,,,,,,,,,,,,,,,,,,,,,,,,,,,,,,,,,,,,,,,,,,,,,,,,,,,,,,,,,,,,,,,,,,,,,,,,,,
Point,-8.6790865,37.1008572,node/13749308749,,,,,,,,,,,,,,,,,,,,,,,,,,,,,,,,,,artwork,,,,,,,,,,,,,,,,,,,,,,,,,,,,,,,,,,,,,,,,,,,,,,,,,,,,,,,,,,,,,,,,,,,,,,,,,,,,,,,,,,,,,,,,,mural,,,,,,,,,,,,,,,,,,,,,,,,,,,,,,,,,,,,,,,,,,,,,,,,,,,,,,,,,,,,,,,,,,,,,,,,,,,,,
Point,-8.6789778,37.1008554,node/13749308753,,,,,,,,,,,,,,,,,,,,,,,,,,,,,,,,,,artwork,,,,,,,,,,,,,,,,,,,,,,,,,,,,,,,,,,,,,,,,,,,,,,,,,,,,,,,,,,,,,,,,,,,,,,,,,,,,,,,,,,,,,,,,,mural,,,,,,,,,,,,,,,,,,,,,,,,,,,,,,,,,,,,,,,,,,,,,,,,,,,,,,,,,,,,,,,,,,,,,,,,,,,,,
Point,-8.6790898,37.106368,node/13754455094,,,,,,,,,,,,,,,Long Dalmatian,,,,,,,,,,,,,,,,,,,artwork,,,,,,,,,,,,,,,"I guessed the name, please correct it.",,,,,,,,,,,,,,,,,,,,,,,,,,,,,,,,,,,,,,,,,,,,,,,,,,,,,,,,,,,,,,,,,,,,,,,,,,mural,,,,,,,,,,,,,,,,,,,,,,,,,,,,,,,,,,,,,,,,,,,,,,,,,,,,,,,,,,,,,,,,,,,,,,,,,,,,,
Point,-8.6780618,37.107835,node/13754475589,,,,,,,,,,,,,,,Roofs,,,,,,,,,,,,,,,,,,,artwork,,,,,,,,,,,,,,,"I guessed the name, please correct it",,,,,,,,,,,,,,,,,,,,,,,,,,,,,,,,,,,,,,,,,,,,,,,,,,,,,,,,,,,,,,,,,,,,,,,,,Ester Andrés,mural,,,,,,,,,,,,,,,,,,,,,,,,,,,,,,,,,,,,,,,,,,,,,,,,,,,,,,,,,,,,,,,,,,,,,,,,,,,,,
Point,-8.6753504,37.1023081,node/13760440784,,,,,,,,,,,,,,,3 Marias,,,,,,,,,,8,Rua do Jogo da Bola,2026-05-09,,,,,,,guest_house,,,,,,,,,,,,,,,,,,,,,,,,,,,,,,,,,,,,,,,,,,,,,,,,,,,,,,,,,,,,,,,,,,,,,,,,,,,,,,,,,,,,,,,,,,,,,,,,,,,,,,,,,,,,,,,,,,,,,,,,,,,,,,,,,,,,,,,,,,,,,,,,,,,,,,,,,,,,,,,,,,,,,,
Point,-8.6749221,37.1022139,node/13760440785,,,,,,,,,,,,,,,Central Hostel Lagos,,,,,,,,,,8A,Beco do Paiol,2026-05-10,,,,,,,hostel,,,,,,,,,,,,,,,,,,,,,,,,,,,,,,,,,,,,,,,,,,,,,,,,,,,,,,,,,,,,,,,,,,,,,,,,,,,,,,,,,,,,,,,,,,,,,,,,,,,,,,,,,,,,,,,,,,,,,,,,,,,,,,,,,,,,,,,,,,,,,,,,,,,,,,,,,,,,,,,,,,,,,,
Point,-8.674526,37.1022868,node/13760440786,,,,,,,,,,,,,,,Residence Lagos,,,,,,,,,,4,Rua dos Peixeiros,2026-05-10,,,,,,,guest_house,,,,,,,,,,,,,,,,,,,,,,,,,,,,,,,,,,,,,,,,,,,,,,,,,,,,,,,,,,,,,,,,,,,,,,,,,,,,,,,,,,,,,,,,,,,,,,,,,,,,,,,,,,,,,,,,,,,,,,,,,,,,,,,,,,,,,,,,,,,,,,,,,,,,,,,,,,,,,,,,,,,,,,
Point,-8.6744732,37.1055099,node/13760683094,,,,,,,,,,,,,,,,,,,,,,,,,,,,,,,,,,artwork,,,,,,,,,,,,,,,,,,,,,,,,,,,,,,,,,,,,,,,,,,,,,,,,,,,,,,,,,,,,,,,,,,,,,,,,,,,,,,,,,,,,,,,,,graffiti,,,,,,,,,,,,,,,,,,,,,,,,,,,,,,,,,,,,,,,,,,,,,,,,,,,,,,,,,,,,,,,,,,,,,,,,,,,,,
Point,-8.6784301,37.1072774,node/13763128227,,,,,,,,,,,,,,,,,,,,,,,,,,,,,,,,,,artwork,,,,,,,,,,,,,,,,,,,,,,,,,,,,,,,,,,,,,,,,,,,,,,,,,,,,,,,,,,,,,,,,,,,,,,,,,,,,,,,,,,,,,,,,,mural,,,,,,,,,,,,,,,,,,,,,,,,,,,,,,,,,,Please merge me into a nearby wall,,,,,,,,,,,,,,,,,,,,,,,,,,,,,,,,,,,,,,,,,,,
Point,-8.6730921,37.1038015,node/13763143097,,,,,,,,,,,,,,,Boutique Taghostel,,,,,,,,,,32,Rua Doutor Faria e Silva,,,,,,,+351918780198,hostel,https://www.taghostel.com,,,,Lagos,8600-998,,,,wlan,,,,,,,,,,,,,booking@taghostel.com,,,,,,,no,,,,,,,,,,,,,,,,,,,,,,,,,,,,,,,,,,,PT,,,,,,,,,,,,,,,,,,,,,,,,,,,,,,,,,,,,,,,,,,,,,,,,,,,,,,,,,,,,,,,,,,,,,,,,,,,,,,,,,,,,,,,,,,,,,,,,,,,,,
Point,-8.6753336,37.1024884,node/13811686544,,,,,,,,,,,,,,,Sol & Mar,,,,,,,,,,18,Rua do Jogo da Bola,2026-05-09,,,,,,,guest_house,,,,,,,,,,,,,,,,,,,,,,,,,,,,,,,,,,,,,,,,,,,,,,,,,,,,,,,,,,,,,,,,,,,,,,,,,,,,,,,,,,,,,,,,,,,,,,,,,,,,,,,,,,,,,,,,,,,,,,,,,,,,,,,,,,,,,,,,,,,,,,,,,,,,,,,,,,,,,,,,,,,,,,
Point,-8.6744139,37.0990435,node/13828223401,,,,,,,,,,,,,,,Casa de Moura,,,,,,,,,,10,Rua Cardeal Neto,,,,,,,,hostel,,,,,,8600-537,,,,,,,,,,,,,,,,,,,,,,,,,,,,,,,,,,,,,,,,,,,,,,,,,,,,,,,,,,,,,,,,,,,,,,,,,,,,,,,,,,,,,,,,,,,,,,,,,,,,,,,,,,,,,,,,,,,,,,,,,,,,,,,,,,,,,,,,,,,,,,,,,,,,,,,,,,,,,,,,
Point,-8.6718365,37.1007028,node/13839330124,,,,,,,,,,,,,,,,,,,,,,,,,,,,,,,,,,artwork,,,,,,,,,,,,,,,,,,,,,,,,,,,,,,,,,,,,,,,,,,,,,,,,,,,,,,,,,,,,,,,,,,,,,,,,,,,,,,,,,,,,,,,,,mural,,,,,,,,,,,,,,,,,,,,,,,,,,,,,,,,,,,,,,,,,,,,,,,,,,,,,,,,,,,,,,,,,,,,,,,,,,,,,
Point,-8.6732216,37.1022639,node/13891635200,,,,,,,,,,,,,,,Sun Trap,,,,,,,,,,10,Rua de Marquez de Pombal,2026-05-28,,,,,,,hostel,,,,,,,,,,,,,,,,,,,,,,,,,,,,,,,,,,,,,,,,,,,,,,,,,,,,,,,,,,,,,,,,,,,,,,,,,,,,,,,,,,,,,,,,,,,,,,,,,,,,,,,,,,,,,,,,,,,,,,,,,,,,,,,,,,,,,,,,,,,,,,,,,,,,,,,,,,,,,,,,,,,,,,
Point,3.4594484,6.4336785,node/13917299866,,,,,,,,,,,,,,,ZEE RESIDENCE,,,,,,,,,,10,"Iron Bar Road, Lekki Phase 1",,,,,,24/7,+2347083979976,apartment,,,,,Lagos,023401,,,,yes,,,,,,,,,,,,,zeeresidenceng@gmail.com,,customers,,,,,,,,,,,,,,,,,,,,,,,,,,,,,,,,,,,,,,,,,,,,,,,,,,,,,,,,,,,,,,,,,,,,,,,,,,,,,,,,,,,,,,,,,,,,,,,,,,,,,,,,,,,,,,,,,,,,,,,,,,,,,,,,,,,,,,,,,,,,,
Point,-8.6720092,37.1017359,node/13931427656,,,,,,,,,,,,,,,Agua Hotels Lagos Bay,,,,,,,,,,39,Rua 25 de Abril 1974,2026-06-12,,,,,,,hotel,,,,,,,,,,,,,,,,,,,,,,,,,,,,,,,,,,,,,,,,,,,,,,,,,,,,,,,,,,,,,,,,,,,,,,,,,,,,,,,,,,,,,,,,,,,,,,,,,,,,,,,,,,,,,,,,,,,,,,,,,,,,,,,,,,,,,,,,,,,,,,,,,,,,,,,,,,,,,,,,,,,,,,
Point,-8.6724559,37.1020496,node/13931476874,,,,,,,,,,,,,,,Caravela,,,,,,,,,,8,Rua 25 de Abril 1974,2026-06-12,,,,,,,guest_house,,,,,,,,,,,,,,,,,,,,,,,,,,,,,,,,,,,,,,,,,,,,,,,,,,,,,,,,,,,,,,,,,,,,,,,,,,,,,,,,,,,,,,,,,,,,,,,,,,,,,,,,,,,,,,,,,,,,,,,,,,,,,,,,,,,,,,,,,,,,,,,,,,,,,,,,,,,,,,,,,,,,,,
Point,2.8892515,6.4121078,node/13950768470,,,,,,,,,,,,,,,Freedom Statue at Badagry Heritage Museum,,,,,,,Q110819888,,,,,,,,,,,,artwork,,,,,,,,,,,,,,,,,,,,,,,,,,,,,,,,,,,,,,,,,,,,,,,,,,,,,,,,,,,,,,,,,,,,,,,,,,,,,,,,,,,,,,,,,statue,,,,,,,,,,,,,,,,,,,,,,,,,,,,,,,,,,,,,,,,,,,,,,,,,,,,,,,,,,,,,,,,,,,,,,,,,,,,,
Point,2.8890746,6.4117482,node/13950768471,,,,,,,,,,,,,,,Badagry Heritage Museum,,,,,,,Q111008534,,en:Badagry Heritage Museum,,,,,,,,,,museum,,,,,,,,,,,,,,,,,,,,,,,,,,,,,,,,,,,,,,,,,,,,,,,,,,,,,,,,,,,,,,,,,,,,,,,,,,,,,,,,,,,,,,,,,,,,,,,,,,,,,,,,,,,,,,,,,,,,,,,,,,,,,,,,,,,,,,,,history,,,,,,,,,,,,,,,,,,,,,,,,,,,,,,
Point,2.8844565,6.4123233,node/13950768473,,,,,,,,,,,,,,,Mobee Royal Family Original Slave Tade Relics Museum,,,,,,,Q110819447,,,,,,,,,,,,museum,,,,,,,,,,,,,,,,,,,,,,,,,,,,,,,,,,,,,,,,,,,,,,,,,,,,,,,,,,,,,,,,,,,,,,,,,,,,,,,,,,,,,,,,,,,,,,,,,,,,,,,,,,,,,,,,,,,,,,,,,,,,,,,,,,,,,,,,history,,,,,,,,,,,,,,,,,,,,,,,,,,,,,,
Point,2.8841028,6.4119284,node/13950768474,,,,,,,,,,,,,,,Seriki William Abass Slave Museum,,,,,,,Q132730791,,en:Seriki Williams Abass Slave Museum,,,,,,,,,,museum,,,,,,,,,,,,,,,,,,,,,,,,,,,,,,,,,,,,,,,,,,,,,,,,,,,,,,,,,,,,,,,,,,,,,,,,,,,,,,,,,,,,,,,,,,,,,,,,,,,,,,,,,,,,,,,,,,,,,,,,,,,,,,,,,,,,,,,,history,,,,,,,,,,,,,,,,,,,,,,,,,,,,,,
Point,2.886639,6.411816,node/13950768475,,monument,,,,,,,,,,,,,Nigeria First Storey building sign post,,,,,,,Q110819889,,,,,,,,,,,,,,,,,,,,,,,,,,,,,,,,,,,,,,,,,,,,,,,,,,,,,,,,,,,,,,,,,,,,,,,,,,,,,,,,,,,,,,,,,,,,,,,,,,,,,,,,,,,,,,,,,,,,,,,,,,,,,,,,,,,,,,,,,,,,,,,,,,,,,,,,,,,,,,,,,,,,,,,,,,,,,,,,,,
Point,3.39947,6.4484131,node/13952152340,,monument,,,,,,,,,,,,,,,,,,,,Q111913708,,en:Remembrance Arcade (Lagos),,,,,,,,,,,,,,,,,,,,,,,,,,,,,,,,,,,,,,,,,,,,,,,,,,,,,,,,,,,,,,,,,,,,,,,,,,,,,,,,,,,,,,,,,,,,,,,,,,,,,,,,,,,,,,,,,,,,,,,,,,,,,,,,,,,,,,,,,,,,,,,,,,,,,,,,,,,,,,,,,,,,,,,,,,,,,,,,
Point,3.4211279,6.4346018,node/13953171064,,,,,,,,,,,,,,,Lala's Boutique Hotel,,,,,,,Q113171237,,,251A,Sapara Williams Close,,,,,,,,hotel,,,,,Lagos,,,,,,,,,,,,,,,,,,,,,,,,,,,,,,,,,,,,,,,,,,,,,,,,,,,,,,,,,,,,,,,,,,,,,,,,,,,,,,,,,,,,,,,,,,,,,,,,,,,,,,,,,,,,,,,,,,,,,,,,,,,,,,,,,,,,,,,,,,,,,,,,,,,,,,,,,,,,,,,,,
Point,3.3983412,6.4548745,node/13954520359,,monument,,,,,,,,,,,,,Monument in honour of Oshodi Tapa,,,,,,,,File:Side_view_of_the_monument_in_honour_of_Oshodi_Tapa.jpg,,,,,,,,,,,,,,,,,,,,,,,,,,,,,,,,,,,https://commons.wikimedia.org/wiki/File:Side_view_of_the_monument_in_honour_of_Oshodi_Tapa.jpg,,,,,,,,,,,,,,,,,,,,,,,,,,,,,,,,,,,,,,,,,,,,,,,,,,,,,,,,,,,,,,,,,,,,,,,,,,,,,,,,,,,,,,,,,,,,,,,,,,,,,,,,,,,,,,,,,,,,,,,,,,,,,,,,,,,,,,,,,,,,,,
Point,-8.681906,37.1114367,node/13961919236,,,,,,,,,,,,,,,,,,,,,,,,,,,,,,,,,,artwork,,,,,,,,,,,,,,,,,,,,,,,,,,,,,,,,,,,,,,,,,,,,,,,,,,,,,,,,,,,,,,,,,,,,,,,,,,,,,,,,,,,,,,,,,mural,,,,,,,,,,,,,,,,,,,,,,,,,,,,,,,,,,,,,,,,,,,,,,,,,,,,,,,,,,,,,,,,,,,,,,,,,,,,,
