geom_type,lon,lat,@id,bridge,highway,layer,name,oneway,ref,@geometry,lanes,maxspeed,surface,alt_name,source,maxweight:signed,sidewalk:left,sidewalk:right,bicycle,foot,incline,motor_vehicle,axle_load,bridge:name,electrified,frequency,gauge,highspeed,loading_gauge,metre_load,operator,operator:short,operator:wikidata,passenger_lines,railway,railway:atc,railway:ballastless,railway:ebicab,railway:etcs,railway:radio,railway:tilting,railway:track_class,railway:traffic_mode,source:maxspeed,source:maxspeed:date,start_date,tracks,usage,voltage,wikidata,wikipedia,tracktype,width,handrail,ramp,step_count,tactile_paving,lanes:backward,lanes:forward,smoothness,destination,service,boat,waterway,lit,destination:street,destination:ref,access,is_in,nat_ref,lane_markings,int_ref,note,tourism,old_ref,sidewalk:both,footway,fixme,maxspeed:backward,ford,construction:electrified,covered,construction,construction:railway,hgv,psv,junction,sidewalk,aeroway,level,area:highway,embankment,barrier,description
Point,3.4263189,6.4421667,way/5150262,yes,primary,1,Alfred Rewane,yes,F265,center,,,,,,,,,,,,,,,,,,,,,,,,,,,,,,,,,,,,,,,,,,,,,,,,,,,,,,,,,,,,,,,,,,,,,,,,,,,,,,,,,,,,
Point,3.3641936,6.4874041,way/5150272,yes,motorway,1,Western Avenue,yes,A1,center,2,80,paved,,,,,,,,,,,,,,,,,,,,,,,,,,,,,,,,,,,,,,,,,,,,,,,,,,,,,,,,,,,,,,,,,,,,,,,,,,,,,,,,,
Point,3.3873777,6.465378,way/5153487,yes,primary_link,1,,yes,,center,,,,,,,,,,,,,,,,,,,,,,,,,,,,,,,,,,,,,,,,,,,,,,,,,,,,,,,,,,,,,,,,,,,,,,,,,,,,,,,,,,,,
Point,3.3993985,6.4593399,way/8474550,yes,motorway,1,Ring Road,yes,F264,center,,,paved,Lagos Island Inner Ring Road,,,,,,,,,,,,,,,,,,,,,,,,,,,,,,,,,,,,,,,,,,,,,,,,,,,,,,,,,,,,,,,,,,,,,,,,,,,,,,,,
Point,3.4088641,6.456758,way/8512191,yes,primary,1,Osborne Road,yes,F265,center,,,,,,,,,,,,,,,,,,,,,,,,,,,,,,,,,,,,,,,,,,,,,,,,,,,,,,,,,,,,,,,,,,,,,,,,,,,,,,,,,,,,
Point,3.3738789,6.4726906,way/10561240,yes,motorway,1,Eko Bridge,yes,A1-2,center,,,unpaved,,,,,,,,,,,,,,,,,,,,,,,,,,,,,,,,,,,,,,,,,,,,,,,,,,,,,,,,,,,,,,,,,,,,,,,,,,,,,,,,,
Point,3.3831238,6.4555891,way/10561241,yes,motorway,1,Apogbon Bridge,yes,A1-2,center,,,asphalt,,,,,,,,,,,,,,,,,,,,,,,,,,,,,,,,,,,,,,,,,,,,,,,,,,,,,,,,,,,,,,,,,,,,,,,,,,,,,,,,,
Point,3.4272864,6.4441307,way/10740237,yes,primary,1,Falomo Bridge,yes,F265,center,,,,,,,,,,,,,,,,,,,,,,,,,,,,,,,,,,,,,,,,,,,,,,,,,,,,,,,,,,,,,,,,,,,,,,,,,,,,,,,,,,,,
Point,3.3661925,6.5182686,way/16369687,yes,motorway,1,Ikorodu Road,yes,A1,center,2,,paved,,,,,,,,,,,,,,,,,,,,,,,,,,,,,,,,,,,,,,,,,,,,,,,,,,,,,,,,,,,,,,,,,,,,,,,,,,,,,,,,,
Point,3.4055263,6.4472545,way/16369732,yes,motorway,2,Ring Road,yes,F264,center,,,paved,Lagos Island Inner Ring Road,,,,,,,,,,,,,,,,,,,,,,,,,,,,,,,,,,,,,,,,,,,,,,,,,,,,,,,,,,,,,,,,,,,,,,,,,,,,,,,,
Point,3.3519564,6.5558771,way/17505890,yes,motorway,1,Apapa-Oworonshoki Expressway,yes,F265,center,,,asphalt,,Bing,,,,,,,,,,,,,,,,,,,,,,,,,,,,,,,,,,,,,,,,,,,,,,,,,,,,,,,,,,,,,,,,,,,,,,,,,,,,,,,
Point,-8.6784689,37.1136672,way/18502960,yes,primary,1,,yes,,center,2,,asphalt,,,no,no,separate,,,,,,,,,,,,,,,,,,,,,,,,,,,,,,,,,,,,,,,,,,,,,,,,,,,,,,,,,,,,,,,,,,,,,,,,,,,,
Point,-8.6784404,37.1137279,way/18502961,yes,primary,1,,yes,,center,2,,asphalt,,,no,no,,,,,,,,,,,,,,,,,,,,,,,,,,,,,,,,,,,,,,,,,,,,,,,,,,,,,,,,,,,,,,,,,,,,,,,,,,,,,
Point,-8.6746696,37.1076248,way/19787618,yes,path,1,,,,center,,,asphalt,,,,,,dismount,yes,up,no,,,,,,,,,,,,,,,,,,,,,,,,,,,,,,,,,,,,,,,,,,,,,,,,,,,,,,,,,,,,,,,,,,,,,,,,
Point,-8.6229277,37.1430113,way/24825053,yes,,1,Linha do Algarve,,45,center,,90,,,https://servicos.infraestruturasdeportugal.pt/sites/default/files/inline-files/Diretorio%20da%20Rede%202024.pdf,,,,,,,,18,Ponte Ferroviária do Arão,contact_line,50,1668,no,CPb,6.4,Infraestruturas de Portugal,IP,Q20730106,1,rail,yes,no,700,no,gsm-r,no,B2,passenger,TVM,2013,1922-07-30,1,main,25000,Q551770,pt:Ponte Ferroviária do Arão,,,,,,,,,,,,,,,,,,,,,,,,,,,,,,,,,,,,,,,,,,,
Point,-8.6901532,37.1571672,way/40819653,yes,unclassified,1,,,,center,,,ground,,,no,,,,,,,,,,,,,,,,,,,,,,,,,,,,,,,,,,,,grade2,4,,,,,,,,,,,,,,,,,,,,,,,,,,,,,,,,,,,,,,,,,
Point,-8.6576838,37.1118987,way/43407771,yes,steps,1,,,,center,,,wood,,,,,,,,down,,,,,,,,,,,,,,,,,,,,,,,,,,,,,,,,,yes,no,12,no,,,,,,,,,,,,,,,,,,,,,,,,,,,,,,,,,,,,,
Point,-0.2227075,43.2098054,way/46047068,yes,tertiary,1,Rue du Bois,,D 145,center,,,,,,,,,,,,,,,,,,,,,,,,,,,,,,,,,,,,,,,,,,,,,,,,,,,,,,,,,,,,,,,,,,,,,,,,,,,,,,,,,,,,
Point,-8.707962,37.123084,way/61428611,yes,tertiary,1,,,,center,2,,asphalt,,,no,,,,,,,,,,,,,,,,,,,,,,,,,,,,,,,,,,,,,,,,,,1,1,,,,,,,,,,,,,,,,,,,,,,,,,,,,,,,,,,,
Point,-8.666907,37.1519861,way/61655018,yes,unclassified,1,,,,center,,,,,,,,,,,,,,,,,,,,,,,,,,,,,,,,,,,,,,,,,,,,,,,,,,,,,,,,,,,,,,,,,,,,,,,,,,,,,,,,,,,,
Point,-8.6880161,37.0861369,way/61738623,yes,residential,1,Estrada do Porto de Mós,,,center,,,asphalt,,,,,,,,,,,,,,,,,,,,,,,,,,,,,,,,,,,,,,,,,,,,,,,,,,,,,,,,,,,,,,,,,,,,,,,,,,,,,,,,,
Point,-8.6792428,37.1131702,way/61830293,yes,footway,1,,,,center,,,,,,,,,,,,,,,,,,,,,,,,,,,,,,,,,,,,,,,,,,,,,,,,,,,,,,,,,,,,,,,,,,,,,,,,,,,,,,,,,,,,
Point,3.1029234,6.4995422,way/75309444,yes,trunk,1,Lagos-Badagry Expressway,yes,F100,center,,,paved,,,,,,,,,,,,,,,,,,,,,,,,,,,,,,,,,,,,,,,,,,,,,,,,,,,,,,,,,,,,,,,,,,,,,,,,,,,,,,,,,
Point,3.1029386,6.4996476,way/75309536,yes,trunk,1,Lagos-Badagry Expressway,yes,F100,center,,,asphalt,,,,,,,,,,,,,,,,,,,,,,,,,,,,,,,,,,,,,,,,,,,,,,,,,,,,,,,,,,,,,,,,,,,,,,,,,,,,,,,,,
Point,-8.6879379,37.087131,way/82289545,yes,footway,1,,,,center,,,wood,,,,,,,,,,,,,,,,,,,,,,,,,,,,,,,,,,,,,,,,,,,,,,,,,,,,,,,,,,,,,,,,,,,,,,,,,,,,,,,,,
Point,-8.644946,37.1548433,way/84983001,yes,primary,1,,,,center,,50,asphalt,,,no,,,yes,,,,,,,,,,,,,,,,,,,,,,,,,,,,,,,,,,,,,,,,,,,,,,,,,,,,,,,,,,,,,,,,,,,,,,,,,,,
Point,-8.6937991,37.1680635,way/84983004,yes,secondary,1,,,,center,2,,asphalt,,,,,,,,,,,,,,,,,,,,,,,,,,,,,,,,,,,,,,,,,,,,,,,,,,,,,,,,,,,,,,,,,,,,,,,,,,,,,,,,,
Point,-8.6944129,37.1721705,way/84983007,yes,tertiary,1,,,EM 535,center,,,,,,,,,,,,,,,,,,,,,,,,,,,,,,,,,,,,,,,,,,,,,,,,,,,,,,,,,,,,,,,,,,,,,,,,,,,,,,,,,,,,
Point,-8.6590423,37.1526146,way/84983010,yes,tertiary,1,,,,center,,,,,,,,,,,,,,,,,,,,,,,,,,,,,,,,,,,,,,,,,,,,,,,,,,,,,,,,,,,,,,,,,,,,,,,,,,,,,,,,,,,,
Point,-8.6729498,37.1578481,way/84983012,yes,secondary,1,,,,center,2,,asphalt,,,,,,,,,,,,,,,,,,,,,,,,,,,,,,,,,,,,,,,,,,,,,,,,,,,,,,,,,,,,,,,,,,,,,,,,,,,,,,,,,
Point,-8.634492,37.1587545,way/84983340,yes,primary,1,,yes,EN 125,center,1,,asphalt,,,no,,,yes,,,,,,,,,,,,,,,,,,,,,,,,,,,,,,,,,,,,,,,,,good,,,,,,,,,,,,,,,,,,,,,,,,,,,,,,,,,,
Point,-8.6475005,37.1747956,way/84983343,yes,tertiary,1,,,,center,,,,,,,,,,,,,,,,,,,,,,,,,,,,,,,,,,,,,,,,,,,,,,,,,,,,,,,,,,,,,,,,,,,,,,,,,,,,,,,,,,,,
Point,-8.7328462,37.1545058,way/84994300,yes,primary,1,,,,center,2,50,asphalt,,,,,,,,,,,,,,,,,,,,,,,,,,,,,,,,,,,,,,,,,,,,,,,,,,,,,,,,,,,,,,,,,,,,,,,,,,,,,,,,,
Point,-8.6983304,37.1362709,way/84994312,yes,tertiary,1,,,,center,2,,asphalt,,,,,,,,,,,,,,,,,,,,,,,,,,,,,,,,,,,,,,,,,,,,,,,,,,,,,,,,,,,,,,,,,,,,,,,,,,,,,,,,,
Point,-8.7177797,37.150697,way/84994314,yes,tertiary,1,,,EM 535,center,1,,asphalt,,,no,,,,,,,,,,,,,,,,,,,,,,,,,,,,,,,,,,,,,,,,,,,,,,,,,,,,,,,,,,,,,,,,,,,,,,,,,,,,,,
Point,-8.6915125,37.1279968,way/84994315,yes,unclassified,1,,,,center,1,,asphalt,,,,,,,,,,,,,,,,,,,,,,,,,,,,,,,,,,,,,,,,,,,,,,,,,,,,,,,,,,,,,,,,,,,,,,,,,,,,,,,,,
Point,3.3862002,6.4641758,way/87805666,yes,secondary,1,Cater Bridge,yes,A5,center,,,,,,,,,,,,,,,,,,,,,,,,,,,,,,,,,,,,,,,,,,,,,,,,,,,,,,,,,,,,,,,,,,,,,,,,,,,,,,,,,,,,
Point,3.39532,6.4610385,way/88260932,yes,motorway_link,1,,yes,F264,center,2,,asphalt,Lagos Island Inner Ring Road,,,,,,,,,,,,,,,,,,,,,,,,,,,,,,,,,,,,,,,,,,,,,,,,,,,,,,,,,,,,,,,,,,,,,,,,,,,,,,,,
Point,3.3968556,6.4619081,way/88260974,yes,motorway_link,1,,yes,,center,2,,,,,,,,,,,,,,,,,,,,,,,,,,,,,,,,,,,,,,,,,,,,,,,,,,,,,,,,,,,,,,,,,,,,,,,,,,,,,,,,,,,
Point,3.4180689,6.4618573,way/88669561,yes,primary_link,1,,yes,,center,,,,,,,,,,,,,,,,,,,,,,,,,,,,,,,,,,,,,,,,,,,,,,,,,,,,,,,,,,,,,,,,,,,,,,,,,,,,,,,,,,,,
Point,3.4201966,6.4625264,way/88669581,yes,primary_link,1,,yes,,center,,,,,,,,,,,,,,,,,,,,,,,,,,,,,,,,,,,,,,,,,,,,,,,,,,,Ikoyi,,,,,,,,,,,,,,,,,,,,,,,,,,,,,,,,,
Point,3.4186353,6.4630032,way/88669599,yes,primary_link,1,,yes,,center,,,,,,,,,,,,,,,,,,,,,,,,,,,,,,,,,,,,,,,,,,,,,,,,,,,,,,,,,,,,,,,,,,,,,,,,,,,,,,,,,,,,
Point,3.4190622,6.4620131,way/88669617,yes,primary_link,1,,yes,,center,,,,,,,,,,,,,,,,,,,,,,,,,,,,,,,,,,,,,,,,,,,,,,,,,,,,,,,,,,,,,,,,,,,,,,,,,,,,,,,,,,,,
Point,3.4088114,6.4563681,way/88669623,yes,motorway_link,1,,yes,,center,,,paved,,,,,,,,,,,,,,,,,,,,,,,,,,,,,,,,,,,,,,,,,,,,,,,,,,,,,,,,,,,,,,,,,,,,,,,,,,,,,,,,,
Point,3.4188095,6.4638317,way/88669628,yes,primary_link,1,,yes,,center,,,,,,,,,,,,,,,,,,,,,,,,,,,,,,,,,,,,,,,,,,,,,,,,,,,,,,,,,,,,,,,,,,,,,,,,,,,,,,,,,,,,
Point,3.4066251,6.4557658,way/88669648,yes,primary,1,,yes,,center,,,paved,,,,,,,,,,,,,,,,,,,,,,,,,,,,,,,,,,,,,,,,,,,,,,,,,,,,,,,,,,,,,,,,,,,,,,,,,,,,,,,,,
Point,3.3965315,6.5558477,way/88681160,yes,footway,1,,,,center,,,,,,,,,,,,,,,,,,,,,,,,,,,,,,,,,,,,,,,,,,,,,,,,,,,,,,,,,,,,,,,,,,,,,,,,,,,,,,,,,,,,
Point,3.3830393,6.5936218,way/88683342,yes,motorway,1,Lagos-Ibadan Expressway,yes,,center,,,paved,,,,,,,,,,,,,,,,,,,,,,,,,,,,,,,,,,,,,,,,,,,,,,,,,,,,,,,,,,,,,,,,,,,,,,,,,,,,,,,,,
Point,3.3981284,6.5455378,way/88683344,yes,footway,1,,,,center,,,,,,,,,,,,,,,,,,,,,,,,,,,,,,,,,,,,,,,,,,,,,,,,,,,,,,,,,,,,,,,,,,,,,,,,,,,,,,,,,,,,
Point,3.396788,6.4594687,way/88683345,yes,motorway_link,1,,yes,,center,,,paved,,,,,,,,,,,,,,,,,,,,,,,,,,,,,,,,,,,,,,,,,,,,,,,,,,,,,,,,,,,,,,,,,,,,,,,,,,,,,,,,,
Point,3.3967809,6.5518941,way/88683361,yes,footway,1,,,,center,,,,,,,,,,,,,,,,,,,,,,,,,,,,,,,,,,,,,,,,,,,,,,,,,,,,,,,,,,,,,,,,,,,,,,,,,,,,,,,,,,,,
Point,3.3829026,6.593438,way/88683362,yes,motorway,1,Lagos-Ibadan Expressway,yes,,center,,,paved,,,,,,,,,,,,,,,,,,,,,,,,,,,,,,,,,,,,,,,,,,,,,,,,,,,,,,,,,,,,,,,,,,,,,,,,,,,,,,,,,
Point,3.3654673,6.4839224,way/89929130,yes,motorway,2,Apapa Road,yes,A1,center,,,paved,,,,,,,,,,,,,,,,,,,,,,,,,,,,,,,,,,,,,,,,,,,,,,,,,,,,,,,,,,,,,,,,,,,,,,,,,,,,,,,,,
Point,3.3540656,6.4685435,way/90288326,yes,unclassified,1,,,,center,,,unpaved,,bing,,,,,,,,,,,,,,,,,,,,,,,,,,,,,,,,,,,,,,,,,,,,,,,,,,,,,,,,,,,,,,,,,,,,,,,,,,,,,,,
Point,3.3504775,6.4729386,way/90288373,yes,secondary,1,Iganmu Road,yes,,center,,,paved,,bing,,,,,,,,,,,,,,,,,,,,,,,,,,,,,,,,,,,,,,,,,,,,,,,,,,,,,,,,,,,,,,,,,,,,,,,,,,,,,,,
Point,-8.6880024,37.0858263,way/92113862,yes,pedestrian,1,,,,center,,,wood,,,,,,,,,,,,,,,,,,,,,,,,,,,,,,,,,,,,,,,,,,,,,,,,,,,,,,,,,,,,,,,,,,,,,,,,,,,,,,,,,
Point,3.3014999,6.4857525,way/92439806,yes,secondary,1,Ago Okota Expressway,yes,,center,,,,,BING,,,,,,,,,,,,,,,,,,,,,,,,,,,,,,,,,,,,,,,,,,,,,,,,,,,,,,,,,,,,,,,,,,,,,,,,,,,,,,,
Point,3.2991116,6.4674159,way/92439807,yes,secondary,1,New Festac Bridge Road,yes,,center,,,,,,,,,,,,,,,,,,,,,,,,,,,,,,,,,,,,,,,,,,,,,,,,,,,,,,,,,,,,,,,,,,,,,,,,,,,,,,,,,,,,
Point,3.333744,6.4787277,way/92451074,yes,unclassified,1,Bale Street,,,center,,,unpaved,,bing,,,,,,,,,,,,,,,,,,,,,,,,,,,,,,,,,,,,,,,,,,,,,,,,,,,,,,,,,,,,,,,,,,,,,,,,,,,,,,,
Point,-8.6805551,37.1110527,way/93119693,yes,footway,1,,,,center,,,,,,,,,,,,,,,,,,,,,,,,,,,,,,,,,,,,,,,,,,,,,,,,,,,,,,,,,,,,,,,,,,,,,,,,,,,,,,,,,,,,
Point,-8.6796731,37.1132376,way/93119729,yes,footway,1,,,,center,,,,,,,,,,,,,,,,,,,,,,,,,,,,,,,,,,,,,,,,,,,,,,,,,,,,,,,,,,,,,,,,,,,,,,,,,,,,,,,,,,,,
Point,-8.6849926,37.1625964,way/93221187,yes,secondary,1,,,,center,,,,,,,,,,,,,,,,,,,,,,,,,,,,,,,,,,,,,,,,,,,,,,,,,,,,,,,,,,,,,,,,,,,,,,,,,,,,,,,,,,,,
Point,-8.678745,37.1615915,way/93243968,yes,secondary,1,,,,center,2,,asphalt,,,,,,,,,,,,,,,,,,,,,,,,,,,,,,,,,,,,,,,,,,,,,,,,,,,,,,,,,,,,,,,,,,,,,,,,,,,,,,,,,
Point,-8.647512,37.1610318,way/93243972,yes,tertiary,1,,,EM 539,center,1,,,,,,,,,,,,,,,,,,,,,,,,,,,,,,,,,,,,,,,,,,,,,,,,,,,,,,,,,,,,,,,,,,,,,,,,,,,,,,,,,,,
Point,-8.6550566,37.1469239,way/93243984,yes,tertiary,1,,,,center,2,,asphalt,,,,,,yes,,,,,,,,,,,,,,,,,,,,,,,,,,,,,,,,,,,,,,,,,,,,,,,,,,,,,,,,,,,,,,,,,,,,,,,,,,,
Point,-8.6516415,37.1149028,way/93366530,yes,steps,1,,,,center,,,wood,,,,,,,,,,,,,,,,,,,,,,,,,,,,,,,,,,,,,,,,,,,,,,,,,,,,,,,,,,,,,,,,,,,,,,,,,,,,,,,,,
Point,-8.6724868,37.1056504,way/93366552,yes,footway,1,,,,center,,,wood,,,,,,,,up,,,,,,,,,,,,,,,,,,,,,,,,,,,,,,,,,yes,,,,,,,,,,,,,,,,,,,,,,,,,,,,,,,,,,,,,,,,
Point,-8.6512886,37.1153207,way/93366568,yes,steps,1,,,,center,,,wood,,,,,,,,,,,,,,,,,,,,,,,,,,,,,,,,,,,,,,,,,,,,,,,,,,,,,,,,,,,,,,,,,,,,,,,,,,,,,,,,,
Point,-8.6732462,37.1063048,way/93366581,yes,footway,1,,,,center,,,,,,,,,,,up,,,,,,,,,,,,,,,,,,,,,,,,,,,,,,,,,yes,,,,,,,,,,,,,,,,,,,,,,,,,,,,,,,,,,,,,,,,
Point,3.4068702,6.4560264,way/93855599,yes,motorway_link,1,,yes,,center,,,paved,,,,,,,,,,,,,,,,,,,,,,,,,,,,,,,,,,,,,,,,,,,,,,,,,,,,,,,,,,,,,,,,,,,,,,,,,,,,,,,,,
Point,3.4073027,6.455465,way/93855600,yes,motorway_link,1,,yes,F265,center,,,paved,,,,,,,,,,,,,,,,,,,,,,,,,,,,,,,,,,,,,,,,,,,,,,,,,,,,,,,,,,,,,,,,,,,,,,,,,,,,,,,,,
Point,3.4067574,6.4557045,way/93855602,yes,primary,1,,yes,,center,,,paved,,,,,,,,,,,,,,,,,,,,,,,,,,,,,,,,,,,,,,,,,,,,,,,,,,,,,,,,,,,,,,,,,,,,,,,,,,,,,,,,,
Point,3.398555,6.4602318,way/93855609,yes,motorway_link,1,,yes,F264,center,,,,Lagos Island Inner Ring Road,,,,,,,,,,,,,,,,,,,,,,,,,,,,,,,,,,,,,,,,,,,,,,,,,,,,,,,,,,,,,,,,,,,,,,,,,,,,,,,,
Point,3.4086934,6.456806,way/93855610,yes,primary,1,Osborne Road,yes,,center,,,,,,,,,,,,,,,,,,,,,,,,,,,,,,,,,,,,,,,,,,,,,,,,,,,,,,,,,,,,,,,,,,,,,,,,,,,,,,,,,,,,
Point,3.4085263,6.4568747,way/93855612,yes,motorway_link,1,,yes,,center,,,asphalt,,,,,,,,,,,,,,,,,,,,,,,,,,,,,,,,,,,,,,,,,,,,,,,,,,,,,,,,,,,,,,,,,,,,,,,,,,,,,,,,,
Point,3.4040026,6.4584623,way/93855613,yes,motorway,1,Ring Road,yes,F264,center,,,,Lagos Island Inner Ring Road,,,,,,,,,,,,,,,,,,,,,,,,,,,,,,,,,,,,,,,,,,,,,,,,,,,,,,,,,,,,,,,,,,,,,,,,,,,,,,,,
Point,3.3979757,6.5036691,way/93855614,yes,motorway,1,Third Mainland Bridge,yes,F265,center,,,paved,,,,,,,,,,,,,,,,,,,,,,,,,,,,,,,,,,,,,,,,,,,,,,,,,,,,,,,,,,,,,,,,,,,,,,,,,,,,,,,,,
Point,3.3983532,6.4597815,way/93855617,yes,motorway,1,Ring Road,yes,F264,center,,,paved,Lagos Island Inner Ring Road,,,,,,,,,,,,,,,,,,,,,,,,,,,,,,,,,,,,,,,,,,,,,,,,,,,,,,,,,,,,,,,,,,,,,,,,,,,,,,,,
Point,3.4039933,6.4583013,way/93855618,yes,motorway,1,Ring Road,yes,F264,center,,,paved,Lagos Island Inner Ring Road,,,,,,,,,,,,,,,,,,,,,,,,,,,,,,,,,,,,,,,,,,,,,,,,,,,,,,,,,,,,,,,,,,,,,,,,,,,,,,,,
Point,3.3957865,6.4604106,way/93855623,yes,motorway_link,1,,yes,,center,2,,asphalt,,,,,,,,,,,,,,,,,,,,,,,,,,,,,,,,,,,,,,,,,,,,,,,,,,,,,,,,,,,,,,,,,,,,,,,,,,,,,,,,,
Point,3.3957635,6.4627359,way/93855624,yes,motorway_link,1,,yes,,center,2,,paved,,,,,,,,,,,,,,,,,,,,,,,,,,,,,,,,,,,,,,,,,,,,,,,,,,,,,,,,,,,,,,,,,,,,,,,,,,,,,,,,,
Point,3.395148,6.460236,way/93855625,yes,secondary,1,Idumagbo Avenue,yes,,center,,,,,,,,,,,,,,,,,,,,,,,,,,,,,,,,,,,,,,,,,,,,,,,,,,,,,,,,,,,,,,,,,,,,,,,,,,,,,,,,,,,,
Point,3.3960301,6.4619736,way/93855627,yes,primary,1,Ring Road,yes,F264,center,,,,Lagos Island Inner Ring Road,,,,,,,,,,,,,,,,,,,,,,,,,,,,,,,,,,,,,,,,,,,,,,,,,,,,,,,,,,,,,,,,,,,,,,,,,,,,,,,,
Point,3.40337,6.4407455,way/93858642,yes,trunk,1,Ahmadu Bello Way,yes,F263,center,,,paved,,,,,,,yes,,,,,,,,,,,,,,,,,,,,,,,,,,,,,,,,,,,,,,,,,,,,,,,,,,,,,,,,,,,,,,,,,,,,,,,,,,
Point,3.4015592,6.4419286,way/93858646,yes,motorway,1,New Marina Road,yes,F264,center,,,paved,Lagos Island Inner Ring Road,,,,,,,,,,,,,,,,,,,,,,,,,,,,,,,,,,,,,,,,,,,,,,,,,,,,,,,,,,,,,,,,,,,,,,,,,,,,,,,,
Point,3.399929,6.4430475,way/93858656,yes,trunk,1,Ahmadu Bello Way,yes,F263,center,,,paved,,,,,,,,,,,,,,,,,,,,,,,,,,,,,,,,,,,,,,,,,,,,,,,,,,,,,,,,,,,,,,,,,,,,,,,,,,,,,,,,,
Point,3.4032104,6.4406064,way/93858659,yes,trunk,1,Ahmadu Bello Way,yes,F263,center,,,paved,,,,,,,yes,,,,,,,,,,,,,,,,,,,,,,,,,,,,,,,,,,,,,,,,,,,,,,,,,,,,,,,,,,,,,,,,,,,,,,,,,,
Point,3.401778,6.4421043,way/93858662,yes,motorway_link,1,,yes,,center,,,asphalt,,,,,,,,,,,,,,,,,,,,,,,,,,,,,,,,,,,,,,,,,,,,,,,,,,,,,,,,,,,,,,,,,,,,,,,,,,,,,,,,,
Point,-8.646425,37.1172097,way/94750282,yes,steps,1,,,,center,,,wood,,,,,,,,down,,,,,,,,,,,,,,,,,,,,,,,,,,,,,,,,,,,9,,,,,,,,,,,,,,,,,,,,,,,,,,,,,,,,,,,,,,
Point,-8.6579,37.1459893,way/94787314,yes,unclassified,1,,,,center,,,,,,,,,,,,,,,,,,,,,,,,,,,,,,,,,,,,,,,,,,,,,,,,,,,,,,,,,,,,,,,,,,,,,,,,,,,,,,,,,,,,
Point,3.3783779,6.5374674,way/94968492,yes,residential,1,,,,center,,,,,Bing,,,,,,,,,,,,,,,,,,,,,,,,,,,,,,,,,,,,,,,,,,,,,,,,,,,,,,,,,,,,,,,,,,,,,,,,,,,,,,,
Point,3.38072,6.5353957,way/94968495,yes,residential,1,Abiodun Street,,,center,,,,,Bing,,,,,,,,,,,,,,,,,,,,,,,,,,,,,,,,,,,,,,,,,,,,,,,,,,,,,,,,,,,,,,,,,,,,,,,,,,,,,,,
Point,3.3820986,6.5346009,way/94968522,yes,residential,1,,,,center,,,,,Bing,,,,,,,,,,,,,,,,,,,,,,,,,,,,,,,,,,,,,,,,,,,,,,,,,,,,,,,,,,,,,,,,,,,,,,,,,,,,,,,
Point,3.3777215,6.5381353,way/94968532,yes,residential,1,,,,center,,,,,Bing,,,,,,,,,,,,,,,,,,,,,,,,,,,,,,,,,,,,,,,,,,,,,,,,,,,,,,,,,,,,,,,,,,,,,,,,,,,,,,,
Point,3.3834028,6.5337725,way/94968543,yes,tertiary,1,Bajulaiye Street,,,center,,,,,,,,,,,,,,,,,,,,,,,,,,,,,,,,,,,,,,,,,,,,,,,,,,,,,,,,,,,,,,,,,,,,,,,,,,,,,,,,,,,,
Point,3.3814338,6.5349456,way/94968551,yes,residential,1,,,,center,,,,,Bing,,,,,,,,,,,,,,,,,,,,,,,,,,,,,,,,,,,,,,,,,,,,,,,,,,,,,,,,,,,,,,,,,,,,,,,,,,,,,,,
Point,3.3788256,6.5370351,way/94968557,yes,residential,1,,,,center,,,,,Bing,,,,,,,,,,,,,,,,,,,,,,,,,,,,,,,,,,,,,,,,,,,,,,,,,,,,,,,,,,,,,,,,,,,,,,,,,,,,,,,
Point,3.3793929,6.5364875,way/94968559,yes,residential,1,,,,center,,,,,Bing,,,,,,,,,,,,,,,,,,,,,,,,,,,,,,,,,,,,,,,,,,,,,,,,,,,,,,,,,,,,,,,,,,,,,,,,,,,,,,,
Point,-8.7599798,37.1971601,way/95033237,yes,unclassified,1,,,,center,2,,,,,,,,,,,,,,,,,,,,,,,,,,,,,,,,,,,,,,,,,,,,,,,,,,,,,,,,,,,,,,,,,,,,,,,,,,,,,,,,,,,
Point,-8.668023,37.1045945,way/95665308,yes,footway,1,,,,center,,,,,,,,,,,,,,,,,,,,,,,,,,,,,,,,,,,,,,,,,,,,,,,,,,,,,,,,,,,,,,,,,,,,,,,,,,,,,,,,,,,,
Point,-8.6715402,37.1104826,way/95665309,yes,service,1,,,,center,,,,,,,,,,,,,,,,,,,,,,,,,,,,,,,,,,,,,,,,,,,,,,,,,,,,emergency_access,,,,,,,,,,,,,,,,,,,,,,,,,,,,,,,,
Point,-8.6677919,37.1046618,way/95665311,yes,footway,1,,,,center,,,,,,,,,,,,,,,,,,,,,,,,,,,,,,,,,,,,,,,,,,,,,,,,,,,,,,,,,,,,,,,,,,,,,,,,,,,,,,,,,,,,
Point,-8.66808,37.1046025,way/95665321,yes,steps,1,,,,center,,,,,,,,,,,,,,,,,,,,,,,,,,,,,,,,,,,,,,,,,,,,,,,,,,,,,,,,,,,,,,,,,,,,,,,,,,,,,,,,,,,,
Point,-8.6712813,37.1108407,way/95665348,yes,service,1,,,,center,,,,,,,,,,,,,,,,,,,,,,,,,,,,,,,,,,,,,,,,,,,,,,,,,,,,emergency_access,,,,,,,,,,,,,,,,,,,,,,,,,,,,,,,,
Point,-8.6718442,37.1100987,way/95665365,yes,service,1,,,,center,,,,,,,,,,,,,,,,,,,,,,,,,,,,,,,,,,,,,,,,,,,,,,,,,,,,emergency_access,,,,,,,,,,,,,,,,,,,,,,,,,,,,,,,,
Point,-8.6848077,37.1609674,way/95671968,yes,track,1,,,,center,,,,,,,,,,,,,,,,,,,,,,,,,,,,,,,,,,,,,,,,,,,,,,,,,,,,,,,,,,,,,,,,,,,,,,,,,,,,,,,,,,,,
Point,-8.6838826,37.1574167,way/95671972,yes,track,1,,,,center,,,,,,,,,,,,,,,,,,,,,,,,,,,,,,,,,,,,,,,,,,,,,,,,,,,,,,,,,,,,,,,,,,,,,,,,,,,,,,,,,,,,
Point,-8.7017378,37.1155948,way/95697722,yes,unclassified,1,,,,center,2,,,,,no,,,,,,,,,,,,,,,,,,,,,,,,,,,,,,,,,,,,,,,,,,,,,,,,,,,,,,,,,,,,,,,,,,,,,,,,,,,,,,
Point,-8.6780538,37.1717833,way/95706997,yes,tertiary,1,,,EM 535,center,2,,,,,,,,,,,,,,,,,,,,,,,,,,,,,,,,,,,,,,,,,,,,,,,,,,,,,,,,,,,,,,,,,,,,,,,,,,,,,,,,,,,
Point,-8.692468,37.1715347,way/95707024,yes,track,1,,,,center,,,,,,,,,,,,,,,,,,,,,,,,,,,,,,,,,,,,,,,,,,,,,,,,,,,,,,,,,,,,,,,,,,,,,,,,,,,,,,,,,,,,
Point,-8.6917303,37.1686356,way/95707033,yes,track,1,,,,center,,,,,,,,,,,,,,,,,,,,,,,,,,,,,,,,,,,,,,,,,,,,,,,,,,,,,,,,,,,,,,,,,,,,,,,,,,,,,,,,,,,,
Point,-8.6925107,37.172753,way/95707091,yes,tertiary,1,,,EM 535,center,,,,,,,,,,,,,,,,,,,,,,,,,,,,,,,,,,,,,,,,,,,,,,,,,,,,,,,,,,,,,,,,,,,,,,,,,,,,,,,,,,,,
Point,-8.6866988,37.167772,way/95707092,yes,track,1,,,,center,,,,,,,,,,,,,,,,,,,,,,,,,,,,,,,,,,,,,,,,,,,,,,,,,,,,,,,,,,,,,,,,,,,,,,,,,,,,,,,,,,,,
Point,-8.6866228,37.1677373,way/95707098,yes,,1,,,,center,,,,,,,,,,,,,,,,,,,,,,,,,,,,,,,,,,,,,,,,,,,,,,,,,,,,,no,canal,,,,,,,,,,,,,,,,,,,,,,,,,,,,,,
Point,-8.6745805,37.1609022,way/95737365,yes,tertiary,1,,,EM 535,center,,,,,,,,,,,,,,,,,,,,,,,,,,,,,,,,,,,,,,,,,,,,,,,,,,,,,,,,,,,,,,,,,,,,,,,,,,,,,,,,,,,,
Point,-8.6746717,37.154966,way/95798374,yes,unclassified,1,,,,center,,,,,,,,,,,,,,,,,,,,,,,,,,,,,,,,,,,,,,,,,,,,,,,,,,,,,,,,,,,,,,,,,,,,,,,,,,,,,,,,,,,,
Point,-8.6802535,37.1612105,way/95798399,yes,track,1,,,,center,,,,,,,,,,,,,,,,,,,,,,,,,,,,,,,,,,,,,,,,,,,,,,,,,,,,,,,,,,,,,,,,,,,,,,,,,,,,,,,,,,,,
Point,-8.7798341,37.0913871,way/95935386,yes,primary,1,,,,center,2,,asphalt,,,no,,,,,,,,,,,,,,,,,,,,,,,,,,,,,,,,,,,,,,,,,,,,,,,,,no,,,,,,,,,,,,,,,,,,,,,,,,,,,,,
Point,-8.6738653,37.1223375,way/101152096,yes,unclassified,1,,,,center,,,asphalt,,,no,,,,,,,,,,,,,,,,,,,,,,,,,,,,,,,,,,,,,,,,,,,,,,,,,,,,,,,,,,,,,,,,,,,,,,,,,,,,,,
Point,-8.6759438,37.1219288,way/101152098,yes,unclassified,1,,,,center,,,,,,,,,,,,,,,,,,,,,,,,,,,,,,,,,,,,,,,,,,,,,,,,,,,,,,,,,,,,,,,,,,,,,,,,,,,,,,,,,,,,
Point,3.4191582,6.4620811,way/133748764,yes,primary_link,1,,yes,,center,,,,,,,,,,,,,,,,,,,,,,,,,,,,,,,,,,,,,,,,,,,,,,,,,,,,,,,,,,,,,,,,,,,,,,,,,,,,,,,,,,,,
Point,3.4180697,6.4628414,way/133748766,yes,primary_link,1,,yes,,center,,,,,,,,,,,,,,,,,,,,,,,,,,,,,,,,,,,,,,,,,,,,,,,,,,,,,,,,,,,,,,,,,,,,,,,,,,,,,,,,,,,,
Point,3.4266692,6.4422587,way/133751878,yes,primary_link,1,,yes,,center,,,,,,,,,,,,,,,,,,,,,,,,,,,,,,,,,,,,,,,,,,,,,,,,,,,,,,,,,,,,,,,,,,,,,,,,,,,,,,,,,,,,
Point,3.4268352,6.4432934,way/133751882,yes,primary_link,1,,yes,,center,,,,,,,,,,,,,,,,,,,,,,,,,,,,,,,,,,,,,,,,,,,,,,,,,,,,,,,,,,,,,,,,,,,,,,,,,,,,,,,,,,,,
Point,3.4062542,6.444982,way/133753452,yes,motorway_link,2,,yes,,center,,,paved,,,,,,,,,,,,,,,,,,,,,,,,,,,,,,,,,,,,,,,,,,,,,,,,,,,,,,,,,,,,,,,,,,,,,,,,,,,,,,,,,
Point,3.4052733,6.4429557,way/133755473,yes,motorway_link,2,,yes,,center,,,,,,,,,,,,,,,,,,,,,,,,,,,,,,,,,,,,,,,,,,,,,,,,,,,,,,,,,,,,,,,,,,,,,,,,,,,,,,,,,,,,
Point,3.4073043,6.4453411,way/133755475,yes,motorway_link,2,,yes,,center,,,paved,,,,,,,,,,,,,,,,,,,,,,,,,,,,,,,,,,,,,,,,,,,,,,,,,,,,,,,,,,,,,,,,,,,,,,,,,,,,,,,,,
Point,3.3957677,6.4460574,way/133758771,yes,motorway_link,1,,yes,,center,,,asphalt,,,,,,,,,,,,,,,,,,,,,,,,,,,,,,,,,,,,,,,,,,,,,,,,,,,,,,,,,,,,,,,,,,,,,,,,,,,,,,,,,
Point,3.3908192,6.4493709,way/133761004,yes,motorway_link,1,,yes,,center,,,paved,,,,,,,,,,,,,,,,,,,,,,,,,,,,,,,,,,,,,,,,,,,,,,,,,,,,,,,,,,,,,,,,,,,,,,,,,,,,,,,,,
Point,3.3835984,6.4534174,way/133761015,yes,motorway_link,1,New Marina Road,yes,F264,center,,,asphalt,Lagos Island Inner Ring Road,,,,,,,,,,,,,,,,,,,,,,,,,,,,,,,,,,,,,,,,,,,,,,,,,,,,,,,,,,,,,,,,,,,,,,,,,,,,,,,,
Point,3.3827613,6.4556376,way/133764001,yes,motorway,1,Apogbon Bridge,yes,A1-2,center,,,asphalt,,,,,,,,,,,,,,,,,,,,,,,,,,,,,,,,,,,,,,,,,,,,,,,,,,,,,,,,,,,,,,,,,,,,,,,,,,,,,,,,,
Point,3.3860165,6.4653239,way/133766186,yes,primary_link,1,,yes,,center,,,,,,,,,,,,,,,,,,,,,,,,,,,,,,,,,,,,,,,,,,,,,,,,,,,,,,,,,,,,,,,,,,,,,,,,,,,,,,,,,,,,
Point,3.3846118,6.4671543,way/133766187,yes,primary,1,Carter Bridge,yes,A5,center,,,paved,,,,,,,,,,,,,,,,,,,,,,,,,,,,,,,,,,,,,,,,,,,,,,,,,,,,,,,,,,,,,,,,,,,,,,,,,,,,,,,,,
Point,3.3842211,6.4684865,way/133766188,yes,trunk_link,1,Carter Bridge,yes,A5,center,,,paved,,,,,,,,,,,,,,,,,,,,,,,,,,,,,,,,,,,,,,,,,,,,,,,,,,,,,Iddo Road,,,,,,,,,,,,,,,,,,,,,,,,,,,,
Point,3.380552,6.4602767,way/133766190,yes,primary,1,Adeniji Adele Road,yes,F264,center,1,,,Lagos Island Inner Ring Road,,,,,,,,,,,,,,,,,,,,,,,,,,,,,,,,,,,,,,,,,,,,,,,,,,,,,,,,,,,,,,,,,,,,,,,,,,,,,,,,
Point,3.3820552,6.4690118,way/133766191,yes,trunk_link,1,,yes,,center,,,paved,,,,,,,,,,,,,,,,,,,,,,,,,,,,,,,,,,,,,,,,,,,,,,,,,,,,,,A151,,,,,,,,,,,,,,,,,,,,,,,,,,,
Point,3.3810714,6.4688267,way/133766195,yes,primary,1,,yes,A151,center,,,paved,,,,,,,,,,,,,,,,,,,,,,,,,,,,,,,,,,,,,,,,,,,,,,,,,,,,,,,,,,,,,,,,,,,,,,,,,,,,,,,,,
Point,3.3855489,6.4648123,way/133766196,yes,primary_link,1,,yes,,center,,,,,,,,,,,,,,,,,,,,,,,,,,,,,,,,,,,,,,,,,,,,,,,,,,,,,,,,,,,,,,,,,,,,,,,,,,,,,,,,,,,,
Point,3.368315,6.4688076,way/133766199,yes,primary,1,Ijora Causeway,yes,A151,center,,,unpaved,,,,,,,,,,,,,,,,,,,,,,,,,,,,,,,,,,,,,,,,,,,,,,,,,,,,,,,,,,,,,,,,,,,,,,,,,,,,,,,,,
Point,3.3848154,6.4638694,way/133766201,yes,primary_link,1,,yes,,center,,,,,,,,,,,,,,,,,,,,,,,,,,,,,,,,,,,,,,,,,,,,,,,,,,,,,,,,,,,,,,,,,,,,,,,,,,,,,,,,,,,,
Point,3.3820875,6.4602381,way/133772447,yes,motorway_link,1,,yes,,center,,,asphalt,,,,,,,,,,,,,,,,,,,,,,,,,,,,,,,,,,,,,,,,,,,,,,,,,,,,,,,,,,,,,,,,,,,,,,,,,,,,,,,,,
Point,3.3816172,6.4609885,way/133772449,yes,motorway_link,1,,yes,,center,,,asphalt,,,,,,,,,,,,,,,,,,,,,,,,,,,,,,,,,,,,,,,,,,,,,,,,,,,,,,,,,,,,,,,,,,,,,,,,,,,,,,,,,
Point,3.3827053,6.4610387,way/133772469,yes,motorway_link,1,,yes,,center,,,asphalt,,,,,,,,,,,,,,,,,,,,,,,,,,,,,,,,,,,,,,,,,,,,,,,,,,,,,,,,,,,,,,,,,,,,,,,,,,,,,,,,,
Point,3.410054,6.4496495,way/133781034,yes,secondary,1,Obalende Road,yes,,center,,,,,,,,,,,,,,,,,,,,,,,,,,,,,,,,,,,,,,,,,,,,,,,,,,,,,,,,,,,,,,,,,,,,,,,,,,,,,,,,,,,,
Point,3.4074147,6.4479032,way/133781048,yes,motorway_link,2,,yes,,center,,,paved,,,,,,,,,,,,,,,,,,,,,,,,,,,,,,,,,,,,,,,,,,,,,,,,,,,,,,,,,,,,,,,,,,,,,,,,,,,,,,,,,
Point,3.4080508,6.4512255,way/133781058,yes,motorway_link,2,,yes,,center,,,paved,,,,,,,,,,,,,,,,,,,,,,,,,,,,,,,,,,,,,,,,,,,,,,,,,,,,,,,,,,,,,,,,,,,,,,,,,,,,,,,,,
Point,3.4086279,6.4503703,way/133781060,yes,motorway_link,2,,yes,,center,,,,,,,,,,,,,,,,,,,,,,,,,,,,,,,,,,,,,,,,,,,,,,,,,,,,,,,,,,,,,,,,,,,,,,,,,,,,,,,,,,,,
Point,3.4099017,6.4500815,way/133781062,yes,secondary,1,,yes,F271,center,2,,paved,,,,,,,,,,,,,,,,,,,,,,,,,,,,,,,,,,,,,,,,,,,,,,,,,,,,,,,,,,,,,,,,,,,,,,,,,,,,,,,,,
Point,3.4087686,6.4514296,way/133781063,yes,motorway_link,2,,yes,,center,,,,,,,,,,,,,,,,,,,,,,,,,,,,,,,,,,,,,,,,,,,,,,,,,,,,,,,,,,,,,,,,,,,,,,,,,,,,,,,,,,,,
Point,3.4077646,6.4370206,way/133790491,yes,trunk,1,Ahmadu Bello Way,yes,F263,center,,,,,,,,,,,,,,,,,,,,,,,,,,,,,,,,,,,,,,,,,,,,,,,,,,,,,,,,,,,,,,,,,,,,,,,,,,,,,,,,,,,,
Point,3.4076704,6.4369813,way/133790503,yes,trunk,1,Ahmadu Bello Way,yes,F263,center,,,,,,,,,,,,,,,,,,,,,,,,,,,,,,,,,,,,,,,,,,,,,,,,,,,,,,,,,,,,,,,,,,,,,,,,,,,,,,,,,,,,
Point,3.3766261,6.4691037,way/133792620,yes,motorway_link,1,,yes,,center,,,unpaved,,,,,,,,,,,,,,,,,,,,,,,,,,,,,,,,,,,,,,,,,,,,,,,,,,,,,,,,,,,,,,,,,,,,,,,,,,,,,,,,,
Point,3.376113,6.4717591,way/133792621,yes,motorway_link,1,,yes,,center,,,asphalt,,,,,,,,,,,,,,,,,,,,,,,,,,,,,,,,,,,,,,,,,,,,,,,,,,,,,,,,,,,,,,,,,,,,,,,,,,,,,,,,,
Point,3.3773216,6.4726784,way/133792625,yes,motorway_link,1,,yes,,center,,,asphalt,,,,,,,,,,,,,,,,,,,,,,,,,,,,,,,,,,,,,,,,,,,,,,,,,,,,,,,,,,,,,,,,,,,,,,,,,,,,,,,,,
Point,3.3777473,6.4713266,way/133792629,yes,motorway_link,1,,yes,,center,,,asphalt,,,,,,,,,,,,,,,,,,,,,,,,,,,,,,,,,,,,,,,,,,,,,,,,,,,,,,,,,,,,,,,,,,,,,,,,,,,,,,,,,
Point,3.3677647,6.468861,way/133792632,yes,primary,1,Ijora Causeway,yes,A151,center,,,unpaved,,,,,,,,,,,,,,,,,,,,,,,,,,,,,,,,,,,,,,,,,,,,,,,,,,,,,,,,,,,,,,,,,,,,,,,,,,,,,,,,,
Point,3.3766828,6.4707591,way/133792633,yes,motorway_link,1,,yes,,center,,,asphalt,,,,,,,,,,,,,,,,,,,,,,,,,,,,,,,,,,,,,,,,,,,,,,,,,,,,,,,,,,,,,,,,,,,,,,,,,,,,,,,,,
Point,3.3644986,6.4870008,way/133795057,yes,motorway,1,Western Avenue,yes,A1,center,2,80,paved,,,,,,,,,,,,,,,,,,,,,,,,,,,,,,,,,,,,,,,,,,,,,,,,,,,,,,,,,,,,,,,,,,,,,,,,,,,,,,,,,
Point,3.3705108,6.479613,way/133795058,yes,motorway_link,1,,yes,,center,,,paved,,,,,,,,,,,,,,,,,,,,,,,,,,,,,,,,,,,,,,,,,,,,,,,,,,,,,,,,,,,,,,,,,,,,,,,,,,,,,,,,,
Point,3.3638676,6.4662669,way/133795059,yes,motorway_link,1,,yes,,center,,,unpaved,,,,,,,,,,,,,,,,,,,,,,,,,,,,,,,,,,,,,,,,,,,,,,,,,,,,,,A1,,,,,,,,,,,,,,,,,,,,,,,,,,,
Point,3.3660697,6.4805245,way/133795061,yes,motorway,2,Apapa Road,yes,A1,center,,,paved,,,,,,,,,,,,,,,,,,,,,,,,,,,,,,,,,,,,,,,,,,,,,,,,,,,,,,,,,,,,,,,,,,,,,,,,,,,,,,,,,
Point,3.3642557,6.4630779,way/133795062,yes,motorway,1,Apapa Road,yes,A1,center,,,unpaved,,,,,,,,,,,,,,,,,,,,,,,,,,,,,,,,,,,,,,,,,,,,,,,,,,,,,,,,,,,,,,,,,,,,,,,,,,,,,,,,,
Point,3.3651021,6.4685681,way/133795065,yes,motorway_link,1,,yes,,center,,,unpaved,,,,,,,,,,,,,,,,,,,,,,,,,,,,,,,,,,,,,,,,,,,,,,,,,,,,,,A1,,,,,,,,,,,,,,,,,,,,,,,,,,,
Point,3.3721269,6.4693282,way/133795067,yes,primary,1,Ijora Causeway,yes,A151,center,,,unpaved,,,,,,,,,,,,,,,,,,,,,,,,,,,,,,,,,,,,,,,,,,,,,,,,,,,,,,,,,,,,,,,,,,,,,,,,,,,,,,,,,
Point,3.3748989,6.4709503,way/133795072,yes,motorway,1,Eko Bridge,yes,A1-2,center,,,unpaved,,,,,,,,,,,,,,,,,,,,,,,,,,,,,,,,,,,,,,,,,,,,,,,,,,,,,,,,,,,,,,,,,,,,,,,,,,,,,,,,,
Point,3.3664164,6.482993,way/133795074,yes,motorway,2,Eko Bridge,yes,A1-2,center,,,paved,,,,,,,,,,,,,,,,,,,,,,,,,,,,,,,,,,,,,,,,,,,,,,,,,,,,,,,,,,,,,,,,,,,,,,,,,,,,,,,,,
Point,3.366098,6.4544043,way/133795077,yes,motorway,2,Apapa Road,yes,A1,center,,,asphalt,,,,,,,,,,,,,,,,,,,,,,,,,,,,,,,,,,,,,,,,,,,,,,,,,,,,,,,,,,,,,,,,,,,,,,,,,,,,,,,,,
Point,3.3639832,6.4676429,way/133795078,yes,motorway_link,2,,yes,,center,,,unpaved,,,,,,,,,,,,,,,,,,,,,,,,,,,,,,,,,,,,,,,,,,,,,,,,,,,,,,A1,,,,,,,,,,,,,,,,,,,,,,,,,,,
Point,3.3723424,6.4696678,way/133795079,yes,primary,1,Ijora Causeway,yes,A151,center,,,unpaved,,,,,,,,,,,,,,,,,,,,,,,,,,,,,,,,,,,,,,,,,,,,,,,,,,,,,,,,,,,,,,,,,,,,,,,,,,,,,,,,,
Point,3.3705101,6.4792132,way/133795080,yes,motorway_link,1,,yes,,center,,,paved,,,,,,,,,,,,,,,,,,,,,,,,,,,,,,,,,,,,,,,,,,,,,,,,,,,,,,,,,,,,,,,,,,,,,,,,,,,,,,,,,
Point,3.3646464,6.4691061,way/133795085,yes,motorway_link,1,,yes,,center,,,unpaved,,,,,,,,,,,,,,,,,,,,,,,,,,,,,,,,,,,,,,,,,,,,,,,,,,,,,,A1,,,,,,,,,,,,,,,,,,,,,,,,,,,
Point,3.3719319,6.469164,way/133795086,yes,tertiary,1,,yes,,center,,,unpaved,,,,,,,,,,,,,,,,,,,,,,,,,,,,,,,,,,,,,,,,,,,,,,,,,,,,,,,,,,,,,,,,,,,,,,,,,,,,,,,,,
Point,3.3723686,6.4701052,way/133795092,yes,unclassified,1,,yes,,center,,,unpaved,,,,,,,,,,,,,,,,,,,,,,,,,,,,,,,,,,,,,,,,,,,,,,,,,,,,,,,,,,,,,,,,,,,,,,,,,,,,,,,,,
Point,3.3651034,6.485135,way/133795093,yes,motorway,1,Eko Bridge,yes,A1-2,center,,,paved,,,,,,,,,,,,,,,,,,,,,,,,,,,,,,,,,,,,,,,,,,,,,,,,,,,,,,,,,,,,,,,,,,,,,,,,,,,,,,,,,
Point,3.3653619,6.4759362,way/133797421,yes,unclassified,1,,yes,,center,,,unpaved,,,,,,,,,,,,,,,,,,,,,,,,,,,,,,,,,,,,,,,,,,,,,,,,,,,,,,,,,,,,,,,,,,,,,,,,,,,,,,,,,
Point,3.3706476,6.47331,way/133797424,yes,unclassified,1,,yes,,center,,,unpaved,,,,,,,,,,,,,,,,,,,,,,,,,,,,,,,,,,,,,,,,,,,,,,,,,,,,,,,customers,,,,,,,,,,,,,,,,,,,,,,,,,,
Point,3.362552,6.4774243,way/133797430,yes,tertiary,1,,yes,,center,,,paved,,,,,,,,,,,,,,,,,,,,,,,,,,,,,,,,,,,,,,,,,,,,,,,,,,,,,,,,,,,,,,,,,,,,,,,,,,,,,,,,,
Point,3.3643254,6.475523,way/133799107,yes,trunk_link,1,,yes,,center,,,unpaved,,,,,,,,,,,,,,,,,,,,,,,,,,,,,,,,,,,,,,,,,,,,,,,,,,,,,,,,,,,,,,,,,,,,,,,,,,,,,,,,,
Point,3.3644149,6.4772011,way/133799114,yes,trunk_link,1,,yes,,center,,,paved,,,,,,,,,,,,,,,,,,,,,,,,,,,,,,,,,,,,,,,,,,,,,,,,,,,,,,,,,,,,,,,,,,,,,,,,,,,,,,,,,
Point,3.3646314,6.459553,way/133800599,yes,motorway,1,Apapa Road,yes,A1,center,,,unpaved,,,,,,,,,,,,,,,,,,,,,,,,,,,,,,,,,,,,,,,,,,,,,,,,,,,,,,,,,,,,,,,,,,,,,,,,,,,,,,,,,
Point,3.3663634,6.4536416,way/133800601,yes,motorway,2,Apapa Road,yes,A1,center,,,asphalt,,,,,,,,,,,,,,,,,,,,,,,,,,,,,,,,,,,,,,,,,,,,,,,,,,,,,,,,,,,,,,,,,,,,,,,,,,,,,,,,,
Point,3.3650662,6.4587516,way/133800602,yes,motorway_link,1,,yes,,center,,,unpaved,,,,,,,,,,,,,,,,,,,,,,,,,,,,,,,,,,,,,,,,,,,,,,,,,,,,,,A1,,,,,,,,,,,,,,,,,,,,,,,,,,,
Point,3.36428,6.4635568,way/133800607,yes,motorway_link,1,,yes,,center,,,asphalt,,,,,,,,,,,,,,,,,,,,,,,,,,,,,,,,,,,,,,,,,,,,,,,,,,,,,,,,,,,,,,,,,,,,,,,,,,,,,,,,,
Point,3.3640936,6.4619675,way/133800614,yes,motorway_link,1,,yes,,center,,,asphalt,,,,,,,,,,,,,,,,,,,,,,,,,,,,,,,,,,,,,,,,,,,,,,,,,,,,,,,,,,,,,,,,,,,,,,,,,,,,,,,,,
Point,3.3643324,6.4617242,way/133800618,yes,motorway_link,1,,yes,,center,,,asphalt,,,,,,,,,,,,,,,,,,,,,,,,,,,,,,,,,,,,,,,,,,,,,,,,,,,,,,,,,,,,,,,,,,,,,,,,,,,,,,,,,
Point,3.3640202,6.464084,way/133800624,yes,motorway_link,1,,yes,,center,,,asphalt,,,,,,,,,,,,,,,,,,,,,,,,,,,,,,,,,,,,,,,,,,,,,,,,,,,,,,,,,,,,,,,,,,,,,,,,,,,,,,,,,
Point,3.3644367,6.4574997,way/133800629,yes,motorway_link,1,,yes,,center,,,,,,,,,,,,,,,,,,,,,,,,,,,,,,,,,,,,,,,,,,,,,,,,,,,,,,,,,A1-1,,,,,,,,,,,,,,,,,,,,,,,,,,,
Point,3.3648707,6.4575859,way/133800631,yes,motorway_link,1,,yes,,center,,,unpaved,,,,,,,,,,,,,,,,,,,,,,,,,,,,,,,,,,,,,,,,,,,,,,,,,,,,,,A1-1,,,,,,,,,,,,,,,,,,,,,,,,,,,
Point,3.3656938,6.4549246,way/133801176,yes,motorway_link,2,,yes,,center,,,asphalt,,,,,,,,,,,,,,,,,,,,,,,,,,,,,,,,,,,,,,,,,,,,,,,,,,,,,,A1,,,,,,,,,,,,,,,,,,,,,,,,,,,
Point,3.3798299,6.4413124,way/133801681,yes,tertiary_link,1,,yes,,center,,,paved,,,,,,,,,,,,,,,,,,,,,,,,,,,,,,,,,,,,,,,,,,,,,,,,,,,,,,,,,,,,,,,,,,,,,,,,,,,,,,,,,
Point,3.3799183,6.4413219,way/133801687,yes,tertiary_link,1,,yes,,center,,,paved,,,,,,,,,,,,,,,,,,,,,,,,,,,,,,,,,,,,,,,,,,,,,,,,,,,,,,,,,,,,,,,,,,,,,,,,,,,,,,,,,
Point,3.3619982,6.4978933,way/133803785,yes,motorway,1,Western Avenue,yes,A1,center,2,80,paved,,,,,,,,,,,,,,,,,,,,,,,,,,,,,,,,,,,,,,,,,,,,,,,,,,,,,,,,,,,,,,,,,,,,,,,,,,,,,,,,,
Point,3.361879,6.4979096,way/133803793,yes,motorway,1,Western Avenue,yes,A1,center,2,80,paved,,,,,,,,,,,,,,,,,,,,,,,,,,,,,,,,,,,,,,,,,,,,,,,,,,,,,,,,,,,,,,,,,,,,,,,,,,,,,,,,,
Point,3.3662886,6.5182531,way/133803796,yes,motorway,1,Ikorodu Road,yes,A1,center,2,,paved,,,,,,,,,,,,,,,,,,,,,,,,,,,,,,,,,,,,,,,,,,,,,,,,,,,,,,,,,,,,,,,,,,,,,,,,,,,,,,,,,
Point,3.3634363,6.5100281,way/133805220,yes,motorway,1,Western Avenue,yes,A1,center,2,80,paved,,,,,,,,,,,,,,,,,,,,,,,,,,,,,,,,,,,,,,,,,,,,,,,,,,,,,,,,,,,,,,,,,,,,,,,,,,,,,,,,,
Point,3.363309,6.5100392,way/133805227,yes,motorway,1,Western Avenue,yes,A1,center,2,80,paved,,,,,,,,,,,,,,,,,,,,,,,,,,,,,,,,,,,,,,,,,,,,,,,,,,,,,,,,,,,,,,,,,,,,,,,,,,,,,,,,,
Point,3.3686741,6.5165715,way/133870582,yes,secondary,1,Murtala Mohammed Way,yes,,center,,,paved,,,,,,,,,,,,,,,,,,,,,,,,,,,,,,,,,,,,,,,,,,,,,,,,,,,,,,,,,,,,,,,,,,,,,,,,,,,,,,,,,
Point,3.367003,6.5583443,way/133875222,yes,motorway,1,Apapa-Oworonshoki Expressway,yes,F265,center,,,paved,,,,,,,,,,,,,,,,,,,,,,,,,,,,,,,,,,,,,,,,,,,,,,,,,,,,,,,,,,,,,,,,,,,,,,,,,,,,,,,,,
Point,3.3669367,6.5584672,way/133875243,yes,motorway,1,Apapa-Oworonsoki Expressway,yes,F265,center,,,paved,,Bing,,,,,,,,,,,,,,,,,,,,,,,,,,,,,,,,,,,,,,,,,,,,,,,,,,,,,,,,,,,,,,,,,,,,,,,,,,,,,,,
Point,3.3732146,6.5800486,way/133879433,yes,motorway,2,Ikorodu Road,yes,A1,center,2,,paved,,,,,,,,,,,,,,,,,,,,,,,,,,,,,,,,,,,,,,,,,,,,,,,,,,,,,,,,,,,,,,,,,,,,,,,,,,,,,,,,,
Point,3.3732372,6.5799158,way/133879440,yes,motorway,2,Ikorodu Road,yes,A1,center,2,,paved,,,,,,,,,,,,,,,,,,,,,,,,,,,,,,,,,,,,,,,,,,,,,,,,,,,,,,,,,,,,,,,,,,,,,,,,,,,,,,,,,
Point,3.3831065,6.5936887,way/133882119,yes,motorway_link,1,,yes,,center,,,paved,,,,,,,,,,,,,,,,,,,,,,,,,,,,,,,,,,,,,,,,,,,,,,,,,,,,,,,,,,,,,,,,,,,,,,,,,,,,,,,,,
Point,3.3828175,6.5933489,way/133882125,yes,motorway_link,1,,yes,,center,,,paved,,,,,,,,,,,,,,,,,,,,,,,,,,,,,,,,,,,,,,,,,,,,,,,,,,,,,,,,,,,,,,,,,,,,,,,,,,,,,,,,,
Point,3.3990862,6.6064225,way/133882127,yes,motorway,1,Ikorodu Road,yes,A1,center,2,,paved,,,,,,,,,,,,,,,,,,,,,,,,,,,,,,,,,,,,,,,,,,,,,,,,,,,,,,,,,,,,,,,,,,,,,,,,,,,,,,,,,
Point,3.4028763,6.6039083,way/133882135,yes,motorway,1,Ikorodu Road,yes,A1,center,2,,paved,,,,,,,,,,,,,,,,,,,,,,,,,,,,,,,,,,,,,,,,,,,,,,,,,,,,,,,,,,,,,,,,,,,,,,,,,,,,,,,,,
Point,3.40293,6.6040161,way/133882137,yes,motorway,1,Ikorodu Road,yes,A1,center,2,,paved,,,,,,,,,,,,,,,,,,,,,,,,,,,,,,,,,,,,,,,,,,,,,,,,,,,,,,,,,,,,,,,,,,,,,,,,,,,,,,,,,
Point,3.3990333,6.6063382,way/133882138,yes,motorway,1,Ikorodu Road,yes,A1,center,2,,paved,,,,,,,,,,,,,,,,,,,,,,,,,,,,,,,,,,,,,,,,,,,,,,,,,,,,,,,,,,,,,,,,,,,,,,,,,,,,,,,,,
Point,3.3520873,6.5557861,way/134140054,yes,motorway,1,Apapa-Oworonshoki Expressway,yes,F265,center,,,asphalt,,Bing,,,,,,,,,,,,,,,,,,,,,,,,,,,,,,,,,,,,,,,,,,,,,,,,,,,,,,,,,,,,,,,,,,,,,,,,,,,,,,,
Point,3.3346807,6.5495298,way/134144374,yes,primary,1,Apapa-Oworonshoki Expressway,yes,,center,,,,,,,,,,,,,,,,,,,,,,,,,,,,,,,,,,,,,,,,,,,,,,,,,,,,,,,,,,,,,,,,,,,,,,,,,,,,,,,,,,,,
Point,3.3372497,6.5489182,way/134144377,yes,motorway_link,1,,yes,,center,,,asphalt,,,,,,,,,,,,,,,,,,,,,,,,,,,,,,,,,,,,,,,,,,,,,,,,,,,,,,F265,,,,,,,,,,,,,,,,,,,,,,,,,,,
Point,3.3375956,6.5473121,way/134144378,yes,motorway_link,1,,yes,,center,,,asphalt,,,,,,,,,,,,,,,,,,,,,,,,,,,,,,,,,,,,,,,,,,,,,,,,,,,,,,F269,,,,,,,,,,,,,,,,,,,,,,,,,,,
Point,3.3359461,6.5494236,way/134144381,yes,primary,1,Apapa-Oworonshoki Expressway,yes,,center,,,,,,,,,,,,,,,,,,,,,,,,,,,,,,,,,,,,,,,,,,,,,,,,,,,,,,,,,,,,,,,,,,,,,,,,,,,,,,,,,,,,
Point,3.3358007,6.5491218,way/134144383,yes,motorway_link,1,,yes,,center,,,asphalt,,,,,,,,,,,,,,,,,,,,,,,,,,,,,,,,,,,,,,,,,,,,,,,,,,,,,,F269,,,,,,,,,,,,,,,,,,,,,,,,,,,
Point,3.3358183,6.5491631,way/134144387,yes,motorway_link,1,,yes,,center,,,asphalt,,,,,,,,,,,,,,,,,,,,,,,,,,,,,,,,,,,,,,,,,,,,,,,,,,,,,,F269,,,,,,,,,,,,,,,,,,,,,,,,,,,
Point,3.3355097,6.5484772,way/134144413,yes,primary,1,Apapa-Oworonshoki Expressway,yes,,center,,,,,,,,,,,,,,,,,,,,,,,,,,,,,,,,,,,,,,,,,,,,,,,,,,,,,,,,,,,,,,,,,,,,,,,,,,,,,,,,,,,,
Point,3.3375359,6.5437725,way/134147962,yes,motorway,1,Apapa-Oworonshoki Expressway,yes,F265,center,,,paved,,Bing,,,,,,,,,,,,,,,,,,,,,,,,,,,,,,,,,,,,,,,,,,,,,,,,,,,,,,,,,,,,,,,,,,,,,,,,,,,,,,,
Point,3.3356278,6.53151,way/134147964,yes,primary,1,Isolo Road,no,,center,,,paved,,,,,,,,,,,,,,,,,,,,,,,,,,,,,,,,,,,,,,,,,,,,,,,,,,,,,,,,,,,,,,,,,,,,,,,,,,,,,,,,,
Point,3.3374027,6.5437772,way/134147970,yes,motorway,1,Apapa-Oworonshoki Expressway,yes,F265,center,,,asphalt,,Bing,,,,,,,,,,,,,,,,,,,,,,,,,,,,,,,,,,,,,,,,,,,,,,,,,,,,,,,,,,,,,,,,,,,,,,,,,,,,,,,
Point,3.337277,6.5437712,way/134147977,yes,primary,1,Apapa-Oworonshoki Expressway,yes,,center,,,,,,,,,,,,,,,,,,,,,,,,,,,,,,,,,,,,,,,,,,,,,,,,,,,,,,,,,,,,,,,,,,,,,,,,,,,,,,,,,,,,
Point,3.3376876,6.5437602,way/134147979,yes,primary,1,Apapa-Oworonshoki Expressway,yes,,center,,,,,,,,,,,,,,,,,,,,,,,,,,,,,,,,,,,,,,,,,,,,,,,,,,,,,,,,,,,,,,,,,,,,,,,,,,,,,,,,,,,,
Point,3.3243081,6.5074959,way/134153440,yes,primary,1,Apapa-Oworonshoki Expressway,yes,,center,,,,,,,,,,,,,,,,,,,,,,,,,,,,,,,,,,,,,,,,,,,,,,,,,,,,,,,,,,,,,,,,,,,,,,,,,,,,,,,,,,,,
Point,3.3240063,6.5076011,way/134153472,yes,primary,1,Apapa-Oworonshoki Expressway,yes,,center,,,,,,,,,,,,,,,,,,,,,,,,,,,,,,,,,,,,,,,,,,,,,,,,,,,,,,,,,,,,,,,,,,,,,,,,,,,,,,,,,,,,
Point,3.3225678,6.5072912,way/134153473,yes,primary,1,Okota Road,yes,,center,2,,paved,,,,,,,,,,,,,,,,,,,,,,,,,,,,,,,,,,,,,,,,,,,,,,,,,,,,,,,,,,,,,,,,,,,,,,,,,,,,,,,,,
Point,3.3240918,6.5075667,way/134153478,yes,motorway,1,Apapa-Oworonshoki Expressway,yes,F265,center,,,asphalt,,Bing,,,,,,,,,,,,,,,,,,,,,,,,,,,,,,,,,,,,,,,,,,,,,,,,,,,,,,,,,,,,,,,,,,,,,,,,,,,,,,,
Point,3.324224,6.5075481,way/134153489,yes,motorway,1,Apapa-Oworonshoki Expressway,yes,F265,center,,,asphalt,,Bing,,,,,,,,,,,,,,,,,,,,,,,,,,,,,,,,,,,,,,,,,,,,,,,,,,,,,,,,,,,,,,,,,,,,,,,,,,,,,,,
Point,3.3153548,6.4598901,way/134163191,yes,primary,1,Apapa-Oworonshoki Expressway,yes,,center,,,,,,,,,,,,,,,,,,,,,,,,,,,,,,,,,,,,,,,,,,,,,,,,,,,,,,,,,,,,,,,,,,,,,,,,,,,,,,,,,,,,
Point,3.3156,6.4598945,way/134163192,yes,motorway,1,Apapa-Oworonshoki Expressway,yes,F265,center,,,paved,,Bing,,,,,,,,,,,,,,,,,,,,,,,,,,,,,,,,,,,,,,,,,,,,,,,,,,,,,,,,,,,,,,,,,,,,,,,,,,,,,,,
Point,3.3154702,6.459887,way/134163194,yes,motorway,1,Apapa-Oworonshoki Expressway,yes,F265,center,,,paved,,Bing,,,,,,,,,,,,,,,,,,,,,,,,,,,,,,,,,,,,,,,,,,,,,,,,,,,,,,,,,,,,,,,,,,,,,,,,,,,,,,,
Point,3.3157074,6.459889,way/134163210,yes,primary,1,Apapa-Oworonshoki Expressway,yes,,center,,,,,,,,,,,,,,,,,,,,,,,,,,,,,,,,,,,,,,,,,,,,,,,,,,,,,,,,,,,,,,,,,,,,,,,,,,,,,,,,,,,,
Point,3.3188233,6.4489014,way/134164094,yes,secondary,1,,yes,A1-1,center,,,,,,,,,,,,,,,,,,,,,,,,,,,,,,,,,,,,,,,,,,,,,,,,,,,,,,,,,,,,,,,,,,,,,,,,,,,,,,,,,,,,
Point,3.3152186,6.4467876,way/134164095,yes,secondary,1,,yes,A1-1,center,,,,,,,,,,,,,,,,,,,,,,,,,,,,,,,,,,,,,,,,,,,,,,,,,,,,,,,,,,,,,,,,,,,,,,,,,,,,,,,,,,,,
Point,3.3187914,6.4490232,way/134164096,yes,secondary,1,,yes,A1-1,center,,,paved,,,,,,,,,,,,,,,,,,,,,,,,,,,,,,,,,,,,,,,,,,,,,,,,,,,,,,,,,,,,,,,,,,,,,,,,,,,,,,,,,
Point,3.3151411,6.4468733,way/134164104,yes,secondary,1,,yes,A1-1,center,,,,,,,,,,,,,,,,,,,,,,,,,,,,,,,,,,,,,,,,,,,,,,,,,,,,,,,,,,,,,,,,,,,,,,,,,,,,,,,,,,,,
Point,3.3230496,6.4425195,way/134165690,yes,tertiary,1,,no,,center,,,,,,,,,,,,,,,,,,,,,,,,,,,,,,,,,,,,,,,,,,,,,,,,,,,,,,,,,,,,,,,,,,,,,,,,,,,,,,,,,,,,
Point,3.3372279,6.4376895,way/134167565,yes,motorway,1,Apapa-Oworonshoki Expressway,yes,F265,center,,,asphalt,,Bing,,,,,,,,,,,,,,,,,,,,,,,,,,,,,,,,,,,,,,,,,,,,,,,,,,,,,,,,,,,,,,,,,,,,,,,,,,,,,,,
Point,3.3373263,6.4378017,way/134167585,yes,motorway,1,Apapa-Oworonshoki Expressway,yes,F265,center,,,paved,,Bing,,,,,,,,,,,,,,,,,,,,,,,,,,,,,,,,,,,,,,,,,,,,,,,,,,,,,,,,,,,,,,,,,,,,,,,,,,,,,,,
Point,3.3595492,6.4388506,way/134170075,yes,motorway,1,Apapa-Oworonshoki Expressway,yes,F265,center,,,paved,,Bing,,,,,,,,,,,,,,,,,,,,,,,,,,,,,,,,,,,,,,,,,,,,,,,,,,,,,,,,,,,,,,,,,,,,,,,,,,,,,,,
Point,3.3596147,6.4387091,way/134170095,yes,motorway,1,Apapa-Oworonshoki Expressway,yes,F265,center,,,paved,,Bing,,,,,,,,,,,,,,,,,,,,,,,,,,,,,,,,,,,,,,,,,,,,,,,,,,,,,,,,,,,,,,,,,,,,,,,,,,,,,,,
Point,3.358522,6.4388247,way/134170101,yes,motorway_link,1,,yes,,center,,,paved,,,,,,,,,,,,,,,,,,,,,,,,,,,,,,,,,,,,,,,,,,,,,,,,,,,,,,,,,,,,,,,,,,,,,,,,,,,,,,,,,
Point,3.358682,6.4387293,way/134170107,yes,motorway_link,1,,yes,,center,,,paved,,,,,,,,,,,,,,,,,,,,,,,,,,,,,,,,,,,,,,,,,,,,,,,,,,,,,,,,,,,,,,,,,,,,,,,,,,,,,,,,,
Point,3.3911941,6.5498096,way/134221193,yes,primary_link,1,,yes,,center,,,,,,,,,,,,,,,,,,,,,,,,,,,,,,,,,,,,,,,,,,,,,,,,,,,,,,,,,,,,,,,,,,,,,,,,,,,,,,,,,,,,
Point,3.3972781,6.5473804,way/134221198,yes,secondary,3,Diya Street,no,,center,,,,,,,,,,,,,,,,,,,,,,,,,,,,,,,,,,,,,,,,,,,,,,,,,,,,,,,,,,,,,,,,,,,,,,,,,,,,,,,,,,,,
Point,3.3929338,6.5502863,way/134221211,yes,secondary,1,Diya Street,no,,center,,,,,,,,,,,,,,,,,,,,,,,,,,,,,,,,,,,,,,,,,,,,,,,,,,,,,,,,,,,,,,,,,,,,,,,,,,,,,,,,,,,,
Point,3.3964264,6.5468029,way/134222247,yes,motorway_link,1,,yes,,center,,,asphalt,,,,,,,,,,,,,,,,,,,,,,,,,,,,,,,,,,,,,,,,,,,,,,,,,,,,,,,,,,,,,,,,,,,,,,,,,,,,,,,,,
Point,3.3955337,6.5499494,way/134222251,yes,motorway_link,1,,yes,F265,center,,,,,,,,,,,,,,,,,,,,,,,,,,,,,,,,,,,,,,,,,,,,,,,,,,,,,,,,,,,,,,,,,,,,,,,,,,,,,,,,,,,,
Point,3.3978173,6.5035941,way/134222253,yes,motorway,1,Third Mainland Bridge,yes,F265,center,,100,paved,,,,,,,,,,,,,,,,,,,,,,,,,,,,,,,,,,,,,,,,,,,,,,,,,,,,,,,,,,,,,,,,,,,,,,,,,,,,,,,,,
Point,3.3954478,6.5507771,way/134222254,yes,motorway_link,1,,yes,,center,,,asphalt,,,,,,,,,,,,,,,,,,,,,,,,,,,,,,,,,,,,,,,,,,,,,,,,,,,,,,,,,,,,,,,,,,,,,,,,,,,,,,,,,
Point,3.3984305,6.5473299,way/134222262,yes,motorway_link,1,,yes,,center,,,asphalt,,,,,,,,,,,,,,,,,,,,,,,,,,,,,,,,,,,,,,,,,,,,,,,,,,,,,,,,,,,,,,,,,,,,,,,,,,,,,,,,,
Point,3.3961658,6.5498779,way/134222263,yes,motorway_link,1,,yes,F265,center,,,asphalt,,,,,,,,,,,,,,,,,,,,,,,,,,,,,,,,,,,,,,,,,,,,,,,,,,,,,,,,,,,,,,,,,,,,,,,,,,,,,,,,,
Point,3.3961746,6.5511979,way/134222265,yes,motorway_link,2,,yes,,center,,,,,,,,,,,,,,,,,,,,,,,,,,,,,,,,,,,,,,,,,,,,,,,,,,,,,,,,,,,,,,,,,,,,,,,,,,,,,,,,,,,,
Point,3.3954122,6.5498247,way/134223817,yes,residential,1,,no,,center,,,,,,,,,,,,,,,,,,,,,,,,,,,,,,,,,,,,,,,,,,,,,,,,,,,,,,,,,,,,,,,,,,,,,,,,,,,,,,,,,,,,
Point,3.3974724,6.5742077,way/134230090,yes,secondary,1,Agboyi Road,no,,center,,,,,,,,,,no,,,,,,,,,,,,,,,,,,,,,,,,,,,,,,,,,,,,,,,,,,,,,,,,,,,,,,,,,,,,,,,,,,,,,,,,,,
Point,3.3965261,6.5672388,way/134230116,yes,motorway,1,Third Axial Road,yes,,center,,,asphalt,,,,,,,,,,,,,,,,,,,,,,,,,,,,,,,,,,,,,,,,,,,,,,,,,,,,,,,,,,,,,,,,,,,,,,,,,,,,,,,,,
Point,3.3963067,6.5672825,way/134230137,yes,motorway,1,Third Axial Road,yes,,center,,,asphalt,,,,,,,,,,,,,,,,,,,,,,,,,,,,,,,,,,,,,,,,,,,,,,,,,,,,,,,,,,,,,,,,,,,,,,,,,,,,,,,,,
Point,3.3930615,6.4861603,way/134234987,yes,motorway_link,1,,yes,,center,,,paved,,,,,,,,,,,,,,,,,,,,,,,,,,,,,,,,,,,,,,,,,,,,,,,,,,,,,,,,,,,,,,,,,,,,,,,,,,,,,,,,,
Point,3.3912699,6.4899705,way/134234988,yes,primary,1,,yes,,center,,,paved,,,,,,,,,,,,,,,,,,,,,,,,,,,,,,,,,,,,,,,,,,,,,,,,,,,,,,,,,,,,,,,,,,,,,,,,,,,,,,,,,
Point,3.3939014,6.4836728,way/134234990,yes,motorway_link,1,,yes,,center,,,paved,,,,,,,,,,,,,,,,,,,,,,,,,,,,,,,,,,,,,,,,,,,,,,,,,,,,,,,,,,,,,,,,,,,,,,,,,,,,,,,,,
Point,3.3936214,6.4882544,way/134234991,yes,motorway_link,1,,yes,,center,,,paved,,,,,,,,,,,,,,,,,,,,,,,,,,,,,,,,,,,,,,,,,,,,,,,,,,,,,,,,,,,,,,,,,,,,,,,,,,,,,,,,,
Point,3.3938856,6.4892452,way/134234994,yes,motorway_link,1,,yes,,center,,,paved,,,,,,,,,,,,,,,,,,,,,,,,,,,,,,,,,,,,,,,,,,,,,,,,,,,,,,,,,,,,,,,,,,,,,,,,,,,,,,,,,
Point,3.3974361,6.4897971,way/134234995,yes,motorway_link,1,,yes,,center,,,,,,,,,,,,,,,,,,,,,,,,,,,,,,,,,,,,,,,,,,,,,,,,,,,,,,,,,,,,,,,,,,,,,,,,,,,,,,,,,,,,
Point,3.3906922,6.4908025,way/134234998,yes,primary,1,,yes,,center,,,paved,,,,,,,,,,,,,,,,,,,,,,,,,,,,,,,,,,,,,,,,,,,,,,,,,,,,,,,,,,,,,,,,,,,,,,,,,,,,,,,,,
Point,3.3921132,6.4895326,way/134235000,yes,motorway_link,1,,yes,,center,,,paved,,,,,,,,,,,,,,,,,,,,,,,,,,,,,,,,,,,,,,,,,,,,,,,,,,,,,,,,,,,,,,,,,,,,,,,,,,,,,,,,,
Point,3.3426196,6.5927083,way/134396662,yes,primary,1,Mobolaji Bank-Anthony Way,yes,A152,center,2,,,,,,,,,,,,,,,,,,,,,,,,,,,,,,,,,,,,,,,,,,,,,,,,,,,,,,,,,,,,,,,,,,,,,,,,,,,,,,,,,,,
Point,3.3378464,6.5904169,way/134396664,yes,primary,1,Mobolaji Bank-Anthony Way,yes,A152,center,2,,,,,,,,,,,,,,,,,,,,,,,,,,,,,,,,,,,,,,,,,,,,,,,,,,,,,,,,,,"Ikeja,Lagos,Nigeria",,,,,,,,,,,,,,,,,,,,,,,,,
Point,3.3379144,6.5902679,way/134396668,yes,primary,1,Mobolaji Bank-Anthony Way,yes,A152,center,2,,,,,,,,,,,,,,,,,,,,,,,,,,,,,,,,,,,,,,,,,,,,,,,,,,,,,,,,,,,,,,,,,,,,,,,,,,,,,,,,,,,
Point,3.3425975,6.5927626,way/134396672,yes,primary,1,Mobolaji Bank-Anthony Way,yes,A152,center,2,,,,,,,,,,,,,,,,,,,,,,,,,,,,,,,,,,,,,,,,,,,,,,,,,,,,,,,,,,"Ikeja,Lagos,Nigeria",,,,,,,,,,,,,,,,,,,,,,,,,
Point,3.3408811,6.5970523,way/134396677,yes,secondary,1,Oba Akran Avenue,yes,,center,,,,,,,,,,,,,,,,,,,,,,,,,,,,,,,,,,,,,,,,,,,,,,,,,,,,,,,,,,,,,,,,,,,,,,,,,,,,,,,,,,,,
Point,3.340846,6.5970363,way/134396678,yes,secondary,1,Oba Akran Avenue,yes,,center,,,,,,,,,,,,,,,,,,,,,,,,,,,,,,,,,,,,,,,,,,,,,,,,,,,,,,,,,,,,,,,,,,,,,,,,,,,,,,,,,,,,
Point,3.3370035,6.5958876,way/134400934,yes,primary,1,Ikeja Flyover Bridge,yes,,center,,,,,,,,,,,,,,,,,,,,,,,,,,,,,,,,,,,,,,,,,,,,,,,,,,,,,,,,,,,,,,,,,,,,,,,,,,,,,,,,,,,,
Point,3.3235094,6.6081528,way/134414153,yes,trunk,1,Lagos-Abeokuta Expressway,yes,A5,center,2,,asphalt,,,,,,,yes,,,,,,,,,,,,,,,,,,,,,,,,,,,,,,,,,,,,,,,,,,,,,,,,,,,,,,,,,,,,,,,,,,,,,,,,,,
Point,3.3161265,6.6055021,way/134414154,yes,trunk,1,Lagos-Abeokuta Expressway,yes,A5,center,2,,asphalt,,,,,,,yes,,,,,,,,,,,,,,,,,,,,,,,,,,,,,,,,,,,,,,,,,,,,,,,,,,,,,,,,,,,,,,,,,,,,,,,,,,
Point,3.3103735,6.6078554,way/134414156,yes,secondary,1,Shasha Road,yes,,center,,,paved,,,,,,,,,,,,,,,,,,,,,,,,,,,,,,,,,,,,,,,,,,,,,,,,,,,,,,,,,,,,,,,,,,,,,,,,,,,,,,,,,
Point,3.3235178,6.6083029,way/134414157,yes,trunk,1,Lagos-Abeokuta Expressway,yes,A5,center,2,,asphalt,,,,,,,yes,,,,,,,,,,,,,,,,,,,,,,,,,,,,,,,,,,,,,,,,,,,,,,,,,,,,,,,,,,,,,,,,,,,,,,,,,,
Point,3.3162445,6.6053793,way/134414165,yes,trunk,1,Lagos-Abeokuta Expressway,yes,A5,center,2,,asphalt,,,,,,,yes,,,,,,,,,,,,,,,,,,,,,,,,,,,,,,,,,,,,,,,,,,,,,,,,,,,,,,,,,,,,,,,,,,,,,,,,,,
Point,3.3103129,6.6078594,way/134414169,yes,secondary,1,Shasha Road,yes,,center,,,paved,,,,,,,,,,,,,,,,,,,,,,,,,,,,,,,,,,,,,,,,,,,,,,,,,,,,,,,,,,,,,,,,,,,,,,,,,,,,,,,,,
Point,3.3010764,6.6195352,way/134431408,yes,primary,1,Iyana-Ipaja New Road,yes,,center,,,,,,,,,,,,,,,,,,,,,,,,,,,,,,,,,,,,,,,,,,,,,,,,,,,,,,,,,,,,,,,,,,,,,,,,,,,,,,,,,,,,
Point,3.3011051,6.6194931,way/134431424,yes,primary,1,Iyana-Ipaja New Road,yes,,center,,,,,,,,,,,,,,,,,,,,,,,,,,,,,,,,,,,,,,,,,,,,,,,,,,,,,,,,,,,,,,,,,,,,,,,,,,,,,,,,,,,,
Point,3.4406988,6.6108987,way/134580938,yes,trunk,1,Ikorodu Road,yes,A1,center,2,,paved,,,,,,,yes,,,,,,,,,,,,,,,,,,,,,,,,,,,,,,,,,,,,,,,,,,,,,,,,,,,,,,,,,,,,,,,,,,,,,,,,,,
Point,3.4470928,6.6167606,way/134580941,yes,trunk,1,Ikorodu Road,yes,A1,center,2,,paved,,,,,,,yes,,,,,,,,,,,,,,,,,,,,,,,,,,,,,,,,,,,,,,,,,,,,,,,,,,,,,,,,,,,,,,,,,,,,,,,,,,
Point,3.4692023,6.6189777,way/134580942,yes,trunk,1,Ikorodu Road,yes,A1,center,2,,asphalt,,,,,,,yes,,,,,,,,,,,,,,,,,,,,,,,,,,,,,,,,,,,,,,,,,,,,,,,,,,,,,,,,,,,,,,,,,,,,,,,,,,
Point,3.4469008,6.6169175,way/134580943,yes,trunk,1,Ikorodu Road,yes,A1,center,2,,paved,,,,,,,yes,,,,,,,,,,,,,,,,,,,,,,,,,,,,,,,,,,,,,,,,,,,,,,,,,,,,,,,,,,,,,,,,,,,,,,,,,,
Point,3.4690833,6.6191988,way/134580945,yes,trunk,1,Ikorodu Road,yes,A1,center,2,,paved,,,,,,,yes,,,,,,,,,,,,,,,,,,,,,,,,,,,,,,,,,,,,,,,,,,,,,,,,,,,,,,,,,,,,,,,,,,,,,,,,,,
Point,3.4408698,6.6108174,way/134580949,yes,trunk,1,Ikorodu Road,yes,A1,center,2,,paved,,,,,,,yes,,,,,,,,,,,,,,,,,,,,,,,,,,,,,,,,,,,,,,,,,,,,,,,,,,,,,,,,,,,,,,,,,,,,,,,,,,
Point,3.399513,6.5458979,way/135176559,yes,residential,1,,no,,center,,,,,,,,,,,,,,,,,,,,,,,,,,,,,,,,,,,,,,,,,,,,,,,,,,,,,,,,,,,,,,,,,,,,,,,,,,,,,,,,,,,,
Point,3.3645335,6.6291512,way/135199758,yes,motorway,2,Lagos-Ibadan Expressway,yes,E1,center,3,,paved,,,,,,,,,,,,,,,,,,,,,,,,,,,,,,,,,,,,,,,,,,,,,,,,,,,,,,,,,,,,,,,,,,,,,,,,,,,,,,,,,
Point,3.3643535,6.6291494,way/135199769,yes,motorway,2,Lagos-Ibadan Expressway,yes,E1,center,3,,paved,,,,,,,,,,,,,,,,,,,,,,,,,,,,,,,,,,,,,,,,,,,,,,,,,,,,,,,,,,,,,,,,,,,,,,,,,,,,,,,,,
Point,3.337828,6.6492986,way/135922383,yes,residential,1,,,,center,,,unpaved,,,,,,,,,,,,,,,,,,,,,,,,,,,,,,,,,,,,,,,,,,,,,,,,,,,,,,,,,,,,,,,,,,,,,,,,,,,,,,,,,
Point,3.3639447,6.595217,way/136333529,yes,secondary,1,Opebi Link Road,,,center,,,,,,,,,,,,,,,,,,,,,,,,,,,,,,,,,,,,,,,,,,,,,,,,,,,,,,,,,,,,,,,,,,,,,,,,,,,,,,,,,,,,
Point,3.3629124,6.5853456,way/136341467,yes,primary,1,Opebi Link Road,yes,,center,,,,,,,,,,,,,,,,,,,,,,,,,,,,,,,,,,,,,,,,,,,,,,,,,,,,,,,,,,,,,,,,,,,,,,,,,,,,,,,,,,,,
Point,3.3628648,6.5854134,way/136341468,yes,primary,1,Opebi Link Road,yes,,center,,,,,,,,,,,,,,,,,,,,,,,,,,,,,,,,,,,,,,,,,,,,,,,,,,,,,,,,,,,,,,,,,,,,,,,,,,,,,,,,,,,,
Point,-8.654882,37.1132589,way/143876876,yes,steps,1,,,,center,,,wood,,,,,,,,,,,,,,,,,,,,,,,,,,,,,,,,,,,,,,,,,,,,,,,,,,,,,,,,,,,,,,,,,,,,,,,,,,,,,,,,,
Point,-8.6292455,37.134976,way/143889804,yes,unclassified,1,,,,center,,,,,,,,,,,,,,,,,,,,,,,,,,,,,,,,,,,,,,,,,,,4,,,,,,,,,,,,,,,,,,,,,,,,,,,,,,,,,,,,,,,,,
Point,-8.6256726,37.1348232,way/143889861,yes,unclassified,1,,,,center,,,,,,,,,,,,,,,,,,,,,,,,,,,,,,,,,,,,,,,,,,,4,,,,,,,,,,,,,,,,,,,,,,,,,,,,,,,,,,,,,,,,,
Point,-8.6295388,37.1366539,way/143889901,yes,unclassified,1,Rua Joaquim Eugénio Neves Calado,,,center,,,,,,,,,,,,,,,,,,,,,,,,,,,,,,,,,,,,,,,,,,,4,,,,,,,,,,,,,,,,,,,,,,,,,,,,,,,,,,,,,,,,,
Point,3.2462996,6.4555869,way/144077062,yes,primary_link,1,,yes,,center,,,paved,,,,,,,,,,,,,,,,,,,,,,,,,,,,,,,,,,,,,,,,,,,,,,,,,,,,,,,,,,,,,,,,,,,,,,,,,,,,,,,,,
Point,3.2461602,6.4556082,way/144077088,yes,primary_link,1,,yes,,center,,,paved,,,,,,,,,,,,,,,,,,,,,,,,,,,,,,,,,,,,,,,,,,,,,,,,,,,,,,,,,,,,,,,,,,,,,,,,,,,,,,,,,
Point,3.2990562,6.4674829,way/144077111,yes,secondary,1,New Festac Bridge Road,yes,,center,,,,,,,,,,,,,,,,,,,,,,,,,,,,,,,,,,,,,,,,,,,,,,,,,,,,,,,,,,,,,,,,,,,,,,,,,,,,,,,,,,,,
Point,3.3266428,6.613982,way/144455366,yes,residential,1,,no,,center,,,,,,,,,,,,,,,,,,,,,,,,,,,,,,,,,,,,,,,,,,,,,,,,,,,,,,,,,,,,,,,,,,,,,,,,,,,,,,,,,,,,
Point,3.3126268,6.6122668,way/144455367,yes,secondary,1,Oniwaya Road,,,center,,,unpaved,,,,,,,,,,,,,,,,,,,,,,,,,,,,,,,,,,,,,,,,,,,,,,,,,,,,,,,,,,,,,,,,,,,,,,,,,,,,,,,,,
Point,3.3249132,6.6118888,way/144455372,yes,residential,1,,no,,center,,,unpaved,,,,,,,,,,,,,,,,,,,,,,,,,,,,,,,,,,,,,,,,,,,,,,,,,,,,,,,,,,,,,,,,,,,,,,,,,,,,,,,,,
Point,3.3129109,6.6109049,way/144455383,yes,residential,1,,no,,center,,,unpaved,,,,,,,,,,,,,,,,,,,,,,,,,,,,,,,,,,,,,,,,,,,,,,,,,,,,,,,,,,,,,,,,,,,,,,,,,,,,,,,,,
Point,3.3250056,6.6110993,way/144455394,yes,residential,1,,no,,center,,,unpaved,,,,,,,,,,,,,,,,,,,,,,,,,,,,,,,,,,,,,,,,,,,,,,,,,,,,,,,,,,,,,,,,,,,,,,,,,,,,,,,,,
Point,3.3238811,6.6090789,way/144455400,yes,tertiary,1,Sule Road,no,,center,,,,,,,,,,,,,,,,,,,,,,,,,,,,,,,,,,,,,,,,,,,,,,,,,,,,,,,,,,,,,,,,,,,,,,,,,,,,,,,,,,,,
Point,3.3127328,6.611524,way/144455463,yes,residential,1,,no,,center,,,unpaved,,,,,,,,,,,,,,,,,,,,,,,,,,,,,,,,,,,,,,,,,,,,,,,,,,,,,,,,,,,,,,,,,,,,,,,,,,,,,,,,,
Point,3.324985,6.6135707,way/144455467,yes,residential,1,,no,,center,,,unpaved,,,,,,,,,,,,,,,,,,,,,,,,,,,,,,,,,,,,,,,,,,,,,,,,,,,,,,,,,,,,,,,,,,,,,,,,,,,,,,,,,
Point,3.3694222,6.4364144,way/144530735,yes,primary,1,Apapa-Oworonshoki Expressway,yes,F265,center,2,,,,,,,,,,,,,,,,,,,,,,,,,,,,,,,,,,,,,,,,,,,,,,,,,,,,,,,,,,,,,,,,,,,,,,,,,,,,,,,,,,,
Point,3.3684516,6.4394287,way/144530737,yes,secondary,1,Warehouse Road,no,,center,,,,,,,,,,,,,,,,,,,,,,,,,,,,,,,,,,,,,,,,,,,,,,,,,,,,,,,,,,,,,,,,,,,,,,,,,,,,,,,,,,,,
Point,3.3688502,6.4381236,way/144530739,yes,unclassified,1,Burma Road,,,center,,,,,,,,,,,,,,,,,,,,,,,,,,,,,,,,,,,,,,,,,,,,,,,,,,,,,,,,,,,,,,,,,,,,,,,,,,,,,,,,,,,,
Point,3.3671539,6.4358205,way/144530740,yes,primary,1,Apapa-Oworonshoki Expressway,yes,F265,center,2,,,,,,,,,,,,,,,,,,,,,,,,,,,,,,,,,,,,,,,,,,,,,,,,,,,,,,,,,,,,,,,,,,,,,,,,,,,,,,,,,,,
Point,3.3693814,6.4365442,way/144530758,yes,primary,1,Apapa-Oworonshoki Expressway,yes,F265,center,2,,,,,,,,,,,,,,,,,,,,,,,,,,,,,,,,,,,,,,,,,,,,,,,,,,,,,,,,,,,,,,,,,,,,,,,,,,,,,,,,,,,
Point,3.3691606,6.4450318,way/144532248,yes,residential,1,,no,,center,,,unpaved,,,,,,,,,,,,,,,,,,,,,,,,,,,,,,,,,,,,,,,,,,,,,,,,,,,,,,,,,,,,,,,,,,,,,,,,,,,,,,,,,
Point,3.3676397,6.4419758,way/144532267,yes,residential,1,,no,,center,,,paved,,,,,,,,,,,,,,,,,,,,,,,,,,,,,,,,,,,,,,,,,,,,,,,,,,,,,,,,,,,,,,,,,,,,,,,,,,,,,,,,,
Point,3.3666447,6.4374141,way/144532288,yes,unclassified,1,Burma Road,,,center,,,,,,,,,,,,,,,,,,,,,,,,,,,,,,,,,,,,,,,,,,,,,,,,,,,,,,,,,,,,,,,,,,,,,,,,,,,,,,,,,,,,
Point,3.3671884,6.4356905,way/144532292,yes,primary,1,Apapa-Oworonshoki Expressway,yes,F265,center,2,,,,,,,,,,,,,,,,,,,,,,,,,,,,,,,,,,,,,,,,,,,,,,,,,,,,,,,,,,,,,,,,,,,,,,,,,,,,,,,,,,,
Point,3.3567251,6.4534605,way/144838177,yes,residential,1,,no,,center,,,unpaved,,,,,,,,,,,,,,,,,,,,,,,,,,,,,,,,,,,,,,,,,,,,,,,,,,,,,,,,,,,,,,,,,,,,,,,,,,,,,,,,,
Point,3.3560999,6.455211,way/144838178,yes,secondary,1,Malu Road,yes,A1-1,center,2,,unpaved,,,,,,,,,,,,,,,,,,,,,,,,,,,,,,,,,,,,,,,,,,,,,,,,,,,,,,,,,,,,,,,,,,,,,,,,,,,,,,,,,
Point,3.3561085,6.4551267,way/144838181,yes,secondary,1,Malu Road,yes,A1-1,center,2,,unpaved,,,,,,,,,,,,,,,,,,,,,,,,,,,,,,,,,,,,,,,,,,,,,,,,,,,,,,,,,,,,,,,,,,,,,,,,,,,,,,,,,
Point,-8.6820936,37.1253193,way/145018926,yes,track,1,,,,center,,,,,,,,,,,,,,,,,,,,,,,,,,,,,,,,,,,,,,,,,,grade2,,,,,,,,,,,,,,,,,,,,,,,,,,,,,,,,,,,,,,,,,,
Point,-8.6978101,37.1730127,way/157912313,yes,track,1,,,,center,,,,,,,,,,,,,,,,,,,,,,,,,,,,,,,,,,,,,,,,,,,,,,,,,,,,,,,,,,,,,,,,,,,,,,,,,,,,,,,,,,,,
Point,-8.7335825,37.1568942,way/158027275,yes,residential,1,,,,center,,,,,,,,,,,,,,,,,,,,,,,,,,,,,,,,,,,,,,,,,,,,,,,,,,,,,,,,,,,,,,,,,,,,,,,,,,,,,,,,,,,,
Point,-8.74432,37.1645209,way/158027279,yes,primary,1,,,EN 120,center,,,,,,,,,,,,,,,,,,,,,,,,,,,,,,,,,,,,,,,,,,,,,,,,,,,,,,,,,,,,IC 4,,,,,,,,,,,,,,,,,,,,,,,,
Point,-8.7310907,37.1558575,way/158027280,yes,unclassified,1,,,,center,,,,,,,,,,,,,,,,,,,,,,,,,,,,,,,,,,,,,,,,,,,,,,,,,,,,,,,,,,,,,,,,,,,,,,,,,,,,,,,,,,,,
Point,-8.7347532,37.1568067,way/158027283,yes,footway,1,,,,center,,,,,,,,,,,,,,,,,,,,,,,,,,,,,,,,,,,,,,,,,,,,,,,,,,,,,,,,,,,,,,,,,,,,,,,,,,,,,,,,,,,,
Point,-8.7358955,37.1568393,way/158027288,yes,residential,1,,,,center,,,,,,,,,,,,,,,,,,,,,,,,,,,,,,,,,,,,,,,,,,,,,,,,,,,,,,,,,,,,,,,,,,,,,,,,,,,,,,,,,,,,
Point,-8.7325135,37.1571828,way/158056006,yes,footway,1,,,,center,,,,,,,,,,,,,,,,,,,,,,,,,,,,,,,,,,,,,,,,,,,,,,,,,,,,,,,,,,,,,,,,,,,,,,,,,,,,,,,,,,,,
Point,-8.6309607,37.1409709,way/158450729,yes,track,1,,,,center,,,,,,,,,,,,,,,,,,,,,,,,,,,,,,,,,,,,,,,,,,,4,,,,,,,,,,,,,,,,,,,,,,,,,,,,,,,,,,,,,,,,,
Point,-8.6301517,37.1398346,way/158450748,yes,track,1,,,,center,,,,,,,,,,,,,,,,,,,,,,,,,,,,,,,,,,,,,,,,,,,4,,,,,,,,,,,,,,,,,,,,,,,,,,,,,,,,,,,,,,,,,
Point,-8.6304301,37.1405671,way/158450754,yes,track,1,,,,center,,,,,,,,,,,,,,,,,,,,,,,,,,,,,,,,,,,,,,,,,,,4,,,,,,,,,,,,,,,,,,,,,,,,,,,,,,,,,,,,,,,,,
Point,-8.6392383,37.1464757,way/158450757,yes,unclassified,1,,,,center,,,,,,,,,,,,,,,,,,,,,,,,,,,,,,,,,,,,,,,,,,,4,,,,,,,,,,,,,,,,,,,,,,,,,,,,,,,,,,,,,,,,,
Point,-8.6309782,37.1451433,way/158450776,yes,track,1,,,,center,,,,,,,,,,,,,,,,,,,,,,,,,,,,,,,,,,,,,,,,,,,,,,,,,,,,,,,,,,,,,,,,,,,,,,,,,,,,,,,,,,,,
Point,-8.6333545,37.1459426,way/158450780,yes,service,1,,,,center,,,ground,,,,,,,,,,,,,,,,,,,,,,,,,,,,,,,,,,,,,,,,,,,,,,,bad,,,,,,,,,,,,,,,,,,,,,,,,,,,,,,,,,,
Point,-8.6288726,37.1462049,way/158450804,yes,track,1,,,,center,,,,,,,,,,,,,,,,,,,,,,,,,,,,,,,,,,,,,,,,,,,,,,,,,,,,,,,,,,,,,,,,,,,,,,,,,,,,,,,,,,,,
Point,-8.6335756,37.1472233,way/158450819,yes,track,1,,,,center,,,,,,,,,,,,,,,,,,,,,,,,,,,,,,,,,,,,,,,,,,,,,,,,,,,,,,,,,,,,,,,,,,,,,,,,,,,,,,,,,,,,
Point,-8.7469969,37.1516007,way/158954095,yes,track,1,,,,center,,,,,,,,,,,,,,,,,,,,,,,,,,,,,,,,,,,,,,,,,,,,,,,,,,,,,,,,,,,,,,,,,,,,,,,,,,,,,,,,,,,,
Point,-8.7510036,37.15133,way/158954225,yes,unclassified,1,,,,center,,,,,,,,,,,,,,,,,,,,,,,,,,,,,,,,,,,,,,,,,,,,,,,,,,,,,,,,,,,,,,,,,,,,,,,,,,,,,,,,,,,,
Point,-8.7218392,37.1550073,way/158973972,yes,unclassified,1,,,,center,2,,asphalt,,,no,,,,,,,,,,,,,,,,,,,,,,,,,,,,,,,,,,,,,,,,,,,,good,,,,,,,,,,,no,,,,,,,,,,,,,,,,,,,,,,,
Point,-8.6743243,37.1077791,way/164462361,yes,path,1,,,,center,,,asphalt,,,,,,dismount,yes,down,no,,,,,,,,,,,,,,,,,,,,,,,,,,,,,,,,,,,,,,,,,,,,,,,,,,,,,,,,,,,,,,,,,,,,,,,,
Point,-8.7420296,37.1631425,way/165027251,yes,track,1,,,,center,,,,,,,,,,,,,,,,,,,,,,,,,,,,,,,,,,,,,,,,,,,,,,,,,,,,,,,,,,,,,,,,,,,,,,,,,,,,,,,,,,,,
Point,-8.7313602,37.1562265,way/165027252,yes,track,1,,,,center,,,,,,,,,,,,,,,,,,,,,,,,,,,,,,,,,,,,,,,,,,grade1,,,,,,,,,,,,,,,,,,,,,,,,,,,,,,,,,,,,,,,,,,
Point,-8.7471238,37.166266,way/165473071,yes,track,1,,,,center,,,,,,,,,,,,,,,,,,,,,,,,,,,,,,,,,,,,,,,,,,,,,,,,,,,,,,,,,,,,,,,,,,,,,,,,,,,,,,,,,,,,
Point,3.3335317,6.4510801,way/167069002,yes,residential,1,Wilmer Crescent,,,center,,,unpaved,,bing,,,,,,,,,,,,,,,,,,,,,,,,,,,,,,,,,,,,,,,,,,,,,,,,,,,,,,,,,,,,,,,,,,,,,,,,,,,,,,,
Point,3.3452529,6.4599369,way/167116412,yes,unclassified,1,,,,center,,,unpaved,,bing,,,,,,,,,,,,,,,,,,,,,,,,,,,,,,,,,,,,,,,,,,,,,,,,,,,,,,,,,,,,,,,,,,,,,,,,,,,,,,,
Point,3.3376551,6.463153,way/167404414,yes,path,1,Oguniyi Street,,,center,,,unpaved,,bing,,,,,,,,,,,,,,,,,,,,,,,,,,,,,,,,,,,,,,,,,,,,,,,,,,,,,,,,,,,,,,,,,,,,,,,,,,,,,,,
Point,3.3401002,6.4628864,way/167404434,yes,unclassified,1,Bakare Faro Street,,,center,,,unpaved,,bing,,,,,,,,,,,,,,,,,,,,,,,,,,,,,,,,,,,,,,,,,,,,,,,,,,,,,,,,,,,,,,,,,,,,,,,,,,,,,,,
Point,3.3066563,6.4597761,way/180099815,yes,motorway,1,Lagos-Badagry Expressway,yes,F100,center,,,paved,,,,,,,,,,,,,,,,,,,,,,,,,,,,,,,,,,,,,,,,,,,,,,,,,,,,,,,,,,,,,,,,,,,,,,,,,,,,,,,,,
Point,3.3063465,6.460174,way/180099816,yes,motorway,1,Lagos-Badagry Expressway,yes,F100,center,,,,,,,,,,no,,,,,,,,,,,,,,,,,,,,,,,,,,,,,,,,,,,,,,,,,,,,,,,,,,,,,,,,,,,,,,,,,,,,,,,,,,
Point,3.332916,6.4795986,way/206634566,yes,tertiary,1,Idowu Odenuga Crescent,,,center,,,unpaved,,,,,,,,,,,,,,,,,,,,,,,,,,,,,,,,,,,,,,,,,,,,,,,,,,,,,,,,,,,,,,,,,,,,,,,,,,,,,,,,,
Point,3.3822569,6.4684789,way/207402234,yes,primary,1,Carter Bridge,yes,A151,center,,,paved,,,,,,,,,,,,,,,,,,,,,,,,,,,,,,,,,,,,,,,,,,,,,,,,,,,,,,,,,,,,,,,,,,,,,,,,,,,,,,,,,
Point,3.3633496,6.4767742,way/207462073,yes,trunk,1,Lagos Badagry Expressway,yes,F100,center,,,paved,,,,,,,,,,,,,,,,,,,,,,,,,,,,,,,,,,,,,,,,,,,,,,,,,,,,,,,,,,,,,,,,,,,,,,,,,,,,,,,,,
Point,3.3633963,6.476882,way/207462074,yes,trunk,1,Lagos Badagry Expressway,yes,F100,center,,,paved,,,,,,,,,,,,,,,,,,,,,,,,,,,,,,,,,,,,,,,,,,,,,,,,,,,,,,,,,,,,,,,,,,,,,,,,,,,,,,,,,
Point,2.864435,6.4202609,way/207504270,yes,trunk,1,,yes,F100,center,2,,asphalt,,,,,,,,,,,,,,,,,,,,,,,,,,,,,,,,,,,,,,,,,,,,,,,,,,,,,,,,,,,TAH 7,,,,,,,,,,,,,,,,,,,,,,
Point,2.8643357,6.4203183,way/207504277,yes,trunk,1,,yes,F100,center,2,,asphalt,,,,,,,,,,,,,,,,,,,,,,,,,,,,,,,,,,,,,,,,,,,,,,,,,,,,,,,,,,,TAH 7,,,,,,,,,,,,,,,,,,,,,,
Point,-0.2236497,43.2109109,way/209588535,yes,footway,1,,,,center,,,,,Bing ; cadastre-dgi-fr source : Direction Générale des Impôts - Cadastre. Mise à jour : 2013,,,,,,,,,,,,,,,,,,,,,,,,,,,,,,,,,,,,,,,,,,,,,,,,,,,,,,,,,,,,,,,,,,,,,,,,,,,,,,,
Point,-0.2223856,43.2084534,way/209588536,yes,service,1,,,,center,,,,,Bing ; cadastre-dgi-fr source : Direction Générale des Impôts - Cadastre. Mise à jour : 2013,,,,,,,,,,,,,,,,,,,,,,,,,,,,,,,,,,,,,,,,,,,,,,,driveway,,,,,,,,,,,,,,,,,,,,,,,,,,,,,,,,
Point,3.3981457,6.4600494,way/215118920,yes,motorway,1,Third Axial Road,yes,F265,center,,,,,,,,,,,,,,,,,,,,,,,,,,,,,,,,,,,,,,,,,,,,,,,,,,,,,,,,,,,,,,,,,,,,,,,,,,,,,,,,,,,,
Point,3.3949779,6.4602491,way/215118922,yes,secondary,1,Idumagbo Avenue,yes,,center,,,,,,,,,,,,,,,,,,,,,,,,,,,,,,,,,,,,,,,,,,,,,,,,,,,,,,,,,,,,,,,,,,,,,,,,,,,,,,,,,,,,
Point,3.3934315,6.447296,way/215118923,yes,motorway,1,New Marina Road,yes,F264,center,,,paved,Lagos Island Inner Ring Road,,,,,,,,,,,,,,,,,,,,,,,,,,,,,,,,,,,,,,,,,,,,,,,,,,,,,,,,,,,,,,,,,,,,,,,,,,,,,,,,
Point,3.4057017,6.4471757,way/215573636,yes,motorway,2,Ring Road,yes,F264,center,,,asphalt,Lagos Island Inner Ring Road,,,,,,,,,,,,,,,,,,,,,,,,,,,,,,,,,,,,,,,,,,,,,,,,,,,,,,,,,,,,,,,,,,,,,,,,,,,,,,,,
Point,3.3226631,6.5073474,way/215641732,yes,primary,1,Okota Road,yes,,center,2,,paved,,,,,,,,,,,,,,,,,,,,,,,,,,,,,,,,,,,,,,,,,,,,,,,,,,,,,,,,,,,,,,,,,,,,,,,,,,,,,,,,,
Point,3.324362,6.5065349,way/215641750,yes,primary,1,,yes,,center,2,,paved,,,,,,,,,,,,,,,,,,,,,,,,,,,,,,,,,,,,,,,,,,,,,,,,,,,,,,,,,,,,,,,,,,,,,,,,,,,,,,,,,
Point,3.3242828,6.5066237,way/215641751,yes,primary,1,,yes,,center,2,,paved,,,,,,,,,,,,,,,,,,,,,,,,,,,,,,,,,,,,,,,,,,,,,,,,,,,,,,,,,,,,,,,,,,,,,,,,,,,,,,,,,
Point,3.3550531,6.5000038,way/215667085,yes,tertiary,1,Alhaji Masha Road,yes,,center,2,,unpaved,,,,,,,,,,,,,,,,,,,,,,,,,,,,,,,,,,,,,,,,,,,,,,,,,,,,,,,,"Surulere,Lagos,Nigeria",,,,,,,,,,,,,,,,,,,,,,,,,
Point,3.3507454,6.5018649,way/215667089,yes,tertiary,1,Alhaji Masha Road,yes,,center,1,,paved,,,,,,,,,,,,,,,,,,,,,,,,,,,,,,,,,,,,,,,,,,,,,,,,,,,,,,,,,,,,,,,,,,,,,,,,,,,,,,,,,
Point,3.3584188,6.4988358,way/215667099,yes,tertiary,1,Alhaji Masha Road,yes,,center,1,,paved,,,,,,,,,,,,,,,,,,,,,,,,,,,,,,,,,,,,,,,,,,,,,,,,,,,,,,,,"Surulere,Lagos,Nigeria",,,,,,,,,,,,,,,,,,,,,,,,,
Point,3.3507694,6.5019061,way/215667103,yes,tertiary,1,Alhaji Masha Road,yes,,center,1,,paved,,,,,,,,,,,,,,,,,,,,,,,,,,,,,,,,,,,,,,,,,,,,,,,,,,,,,,,,"Surulere,Lagos,Nigeria",,,,,,,,,,,,,,,,,,,,,,,,,
Point,3.358407,6.4988011,way/215667123,yes,tertiary,1,Alhaji Masha Road,yes,,center,1,,paved,,,,,,,,,,,,,,,,,,,,,,,,,,,,,,,,,,,,,,,,,,,,,,,,,,,,,,,,,,,,,,,,,,,,,,,,,,,,,,,,,
Point,3.355024,6.4999253,way/215667135,yes,tertiary,1,Alhaji Masha Road,yes,,center,2,,paved,,,,,,,,,,,,,,,,,,,,,,,,,,,,,,,,,,,,,,,,,,,,,,,,,,,,,,,,,,,,,,,,,,,,,,,,,,,,,,,,,
Point,3.301374,6.485701,way/216239503,yes,secondary,1,Ago Okota Expressway,yes,,center,,,,,,,,,,,,,,,,,,,,,,,,,,,,,,,,,,,,,,,,,,,,,,,,,,,,,,,,,,,,,,,,,,,,,,,,,,,,,,,,,,,,
Point,3.3160901,6.5293807,way/216613129,yes,primary,1,Isolo - Ejigo Road,yes,,center,,,,,,,,,,,,,,,,,,,,,,,,,,,,,,,,,,,,,,,,,,,,,,,,,,,,,,,,,,,,,,,,,,,,,,,,,,,,,,,,,,,,
Point,3.3161607,6.5296238,way/216613132,yes,primary,1,Isolo - Ejibgo Road,yes,,center,,,,,,,,,,,,,,,,,,,,,,,,,,,,,,,,,,,,,,,,,,,,,,,,,,,,,,,,,,,,,,,,,,,,,,,,,,,,,,,,,,,,
Point,3.7937019,6.6540406,way/216691449,yes,primary,1,Old Lagos Road,no,F101,center,2,,paved,,,,,,,,,,,,,,,,,,,,,,,,,,,,,,,,,,,,,,,,,,,,,,,,,,,,,,,,,,,,,,,,,,,,,,,,,,,,,,,,,
Point,3.4397,6.4369229,way/216768514,yes,service,1,Mobil Lane,,,center,,,,,bing,,,,,,,,,,,,,,,,,,,,,,,,,,,,,,,,,,,,,,,,,,,,,,,driveway,,,,,,,,,,,,,,,,,,,,,,,,,,,,,,,,
Point,3.4399047,6.4374088,way/216768516,yes,trunk,3,Maroko Road,yes,,center,2,,,,,,,,,,,,,,,,,,,,,,,,,,,,,,,,,,,,,,,,,,,,,,,,,,,,,,,,,,"Victoria Island,Lagos,Nigeria",,,,,,,,,,,,,,,,,,,,,,,,,
Point,3.4398307,6.4372975,way/216768520,yes,trunk,3,Maroko Road,yes,,center,2,,,,,,,,,,,,,,,,,,,,,,,,,,,,,,,,,,,,,,,,,,,,,,,,,,,,,,,,,,"Ozumba Mbadiwe Victoria Island,Lagos,Nigeria",,,,,,,,,,,,,,,,,,,,,,,,,
Point,3.3243694,6.4684544,way/217003242,yes,secondary,1,,yes,,center,,,paved,,,,,,,,,,,,,,,,,,,,,,,,,,,,,,,,,,,,,,,,,,,,,,,,,,,,,,,,,,,,,,,,,,,,,,,,,,,,,,,,,
Point,3.3708514,6.4733546,way/217574048,yes,unclassified,1,,yes,,center,,,unpaved,,,,,,,,,,,,,,,,,,,,,,,,,,,,,,,,,,,,,,,,,,,,,,,,,,,,,,,customers,,,,,,,,,,,,,,,,,,,,,,,,,,
Point,3.3653085,6.4758249,way/217574049,yes,unclassified,1,,yes,,center,,,unpaved,,,,,,,,,,,,,,,,,,,,,,,,,,,,,,,,,,,,,,,,,,,,,,,,,,,,,,,,,,,,,,,,,,,,,,,,,,,,,,,,,
Point,3.3774739,6.4689959,way/217574062,yes,service,1,,yes,,center,,,unpaved,,,,,,,,,,,,,,,,,,,,,,,,,,,,,,,,,,,,,,,,,,,,,,,,,,,,,,,no,,,,,,,,,,,,,,,,,,,,,,,,,,
Point,3.3714859,6.4716653,way/217574070,yes,unclassified,1,,yes,,center,,,unpaved,,,,,,,,,,,,,,,,,,,,,,,,,,,,,,,,,,,,,,,,,,,,,,,,,,,,,,,customers,,,,,,,,,,,,,,,,,,,,,,,,,,
Point,3.3714224,6.4716442,way/217574071,yes,unclassified,1,,yes,,center,,,unpaved,,,,,,,,,,,,,,,,,,,,,,,,,,,,,,,,,,,,,,,,,,,,,,,,,,,,,,,customers,,,,,,,,,,,,,,,,,,,,,,,,,,
Point,3.3858135,6.495648,way/217793808,yes,tertiary,1,Makoko Road,,,center,,,unpaved,,Bing,,,,,,,,,,,,,,,,,,,,,,,,,,,,,,,,,,,,,,,,,,,,,,,,,,,,,,,,,,,,,,,,,,,,,,,,,,,,,,,
Point,3.3894345,6.5002084,way/217793817,yes,tertiary,1,,,,center,,,,,,,,,,,,,,,,,,,,,,,,,,,,,,,,,,,,,,,,,,,,,,,,,,,,,,,,,,,,,,,,,,,,,,,,,,,,,,,,,,,,
Point,3.389189,6.5080601,way/217801507,yes,residential,1,,,,center,,,unpaved,,,,,,,,,,,,,,,,,,,,,,,,,,,,,,,,,,,,,,,,,,,,,,,,,,,,,,,,,,,,,,,,,,,,,,,,,,,,,,,,,
Point,3.3887163,6.5112897,way/217853787,yes,tertiary,1,International School Road,yes,,center,,,unpaved,,,,,,,,,,,,,,,,,,,,,,,,,,,,,,,,,,,,,,,,,,,,,,,,,,,,,,,,,,,,,,,,,,,,,,,,,,,,,,,,,
Point,3.3886686,6.5113557,way/217853791,yes,tertiary,1,International School Road,yes,,center,,,unpaved,,,,,,,,,,,,,,,,,,,,,,,,,,,,,,,,,,,,,,,,,,,,,,,,,,,,,,,,,,,,,,,,,,,,,,,,,,,,,,,,,
Point,3.3896041,6.5267196,way/218869611,yes,residential,1,,,,center,,,,,,,,,,,,,,,,,,,,,,,,,,,,,,,,,,,,,,,,,,,,,,,,,,,,,,,,,,,,,,,,,,,,,,,,,,,,,,,,,,,,
Point,3.3947399,6.5248673,way/218869621,yes,residential,1,,,,center,,,,,,,,,,,,,,,,,,,,,,,,,,,,,,,,,,,,,,,,,,,,,,,,,,,,,,,,,,,,,,,,,,,,,,,,,,,,,,,,,,,,
Point,3.3972255,6.537964,way/219055667,yes,residential,1,,,,center,,,,,,,,,,,,,,,,,,,,,,,,,,,,,,,,,,,,,,,,,,,,,,,,,,,,,,,,,,,,,,,,,,,,,,,,,,,,,,,,,,,,
Point,3.3973093,6.5445164,way/219055686,yes,residential,1,,,,center,,,,,,,,,,,,,,,,,,,,,,,,,,,,,,,,,,,,,,,,,,,,,,,,,,,,,,,,,,,,,,,,,,,,,,,,,,,,,,,,,,,,
Point,3.3971402,6.5349649,way/219055709,yes,residential,1,,,,center,,,,,,,,,,,,,,,,,,,,,,,,,,,,,,,,,,,,,,,,,,,,,,,,,,,,,,,,,,,,,,,,,,,,,,,,,,,,,,,,,,,,
Point,3.3951652,6.5337135,way/219055712,yes,residential,1,,,,center,,,,,,,,,,,,,,,,,,,,,,,,,,,,,,,,,,,,,,,,,,,,,,,,,,,,,,,,,,,,,,,,,,,,,,,,,,,,,,,,,,,,
Point,3.3985693,6.5415061,way/219055716,yes,residential,1,,,,center,,,,,,,,,,,,,,,,,,,,,,,,,,,,,,,,,,,,,,,,,,,,,,,,,,,,,,,,,,,,,,,,,,,,,,,,,,,,,,,,,,,,
Point,3.3968144,6.5372456,way/219055722,yes,residential,1,,,,center,,,,,,,,,,,,,,,,,,,,,,,,,,,,,,,,,,,,,,,,,,,,,,,,,,,,,,,,,,,,,,,,,,,,,,,,,,,,,,,,,,,,
Point,3.3961545,6.545481,way/219055723,yes,residential,1,Adetoke Street,,,center,,,,,,,,,,,,,,,,,,,,,,,,,,,,,,,,,,,,,,,,,,,,,,,,,,,,,,,,,,,,,,,,,,,,,,,,,,,,,,,,,,,,
Point,3.3966777,6.5342534,way/219055724,yes,residential,1,,,,center,,,,,,,,,,,,,,,,,,,,,,,,,,,,,,,,,,,,,,,,,,,,,,,,,,,,,,,,,,,,,,,,,,,,,,,,,,,,,,,,,,,,
Point,3.3993135,6.5417353,way/219055750,yes,residential,1,,,,center,,,,,,,,,,,,,,,,,,,,,,,,,,,,,,,,,,,,,,,,,,,,,,,,,,,,,,,,,,,,,,,,,,,,,,,,,,,,,,,,,,,,
Point,3.3971859,6.5377666,way/219055764,yes,residential,1,Bamiji Lawal Street,,,center,,,,,,,,,,,,,,,,,,,,,,,,,,,,,,,,,,,,,,,,,,,,,,,,,,,,,,,,,,,,,,,,,,,,,,,,,,,,,,,,,,,,
Point,3.3920622,6.5267015,way/219055766,yes,residential,1,,,,center,,,,,,,,,,,,,,,,,,,,,,,,,,,,,,,,,,,,,,,,,,,,,,,,,,,,,,,,,,,,,,,,,,,,,,,,,,,,,,,,,,,,
Point,3.3821,6.5248646,way/219056597,yes,residential,1,,,,center,,,unpaved,,,,,,,,,,,,,,,,,,,,,,,,,,,,,,,,,,,,,,,,,,,,,,,,,,,,,,,,,,,,,,,,,,,,,,,,,,,,,,,,,
Point,3.3843134,6.5301509,way/219056612,yes,residential,1,,,,center,,,,,,,,,,,,,,,,,,,,,,,,,,,,,,,,,,,,,,,,,,,,,,,,,,,,,,,,,,,,,,,,,,,,,,,,,,,,,,,,,,,,
Point,3.3800097,6.5481181,way/220332220,yes,primary,1,Apapa-Oworonshoki Expressway,yes,,center,,,,,,,,,,,,,,,,,,,,,,,,,,,,,,,,,,,,,,,,,,,,,,,,,,,,,,,,,,,,,,,,,,,,,,,,,,,,,,,,,,,,
Point,3.3799477,6.5479905,way/220332222,yes,residential,1,,yes,,center,,,,,,,,,,,,,,,,,,,,,,,,,,,,,,,,,,,,,,,,,,,,,,,,,,,,,,,,,,,,,,,,,,,,,,,,,,,,,,,,,,,,
Point,3.3801401,6.5484402,way/220332226,yes,primary,1,Apapa-Oworonshoki Expressway,yes,,center,,,,,,,,,,,,,,,,,,,,,,,,,,,,,,,,,,,,,,,,,,,,,,,,,,,,,,,,,,,,,,,,,,,,,,,,,,,,,,,,,,,,
Point,3.3901863,6.5391731,way/220332232,yes,residential,1,,,,center,,,,,,,,,,,,,,,,,,,,,,,,,,,,,,,,,,,,,,,,,,,,,,,,,,,,,,,,,,,,,,,,,,,,,,,,,,,,,,,,,,,,
Point,3.390103,6.5398086,way/220332238,yes,residential,1,Olokodana Street,,,center,,,,,,,,,,,,,,,,,,,,,,,,,,,,,,,,,,,,,,,,,,,,,,,,,,,,,,,,,,,,,,,,,,,,,,,,,,,,,,,,,,,,
Point,3.3883539,6.5438053,way/220332240,yes,residential,1,,,,center,,,,,,,,,,,,,,,,,,,,,,,,,,,,,,,,,,,,,,,,,,,,,,,,,,,,,,,,,,,,,,,,,,,,,,,,,,,,,,,,,,,,
Point,3.3890439,6.5417817,way/220332243,yes,residential,1,,,,center,,,,,,,,,,,,,,,,,,,,,,,,,,,,,,,,,,,,,,,,,,,,,,,,,,,,,,,,,,,,,,,,,,,,,,,,,,,,,,,,,,,,
Point,3.3898877,6.5405665,way/220332245,yes,residential,1,,,,center,,,,,,,,,,,,,,,,,,,,,,,,,,,,,,,,,,,,,,,,,,,,,,,,,,,,,,,,,,,,,,,,,,,,,,,,,,,,,,,,,,,,
Point,3.3800489,6.5482264,way/220332246,yes,motorway,1,Apapa-Oworonsoki Expressway,yes,F265,center,,,paved,,,,,,,,,,,,,,,,,,,,,,,,,,,,,,,,,,,,,,,,,,,,,,,,,,,,,,,,,,,,,,,,,,,,,,,,,,,,,,,,,
Point,3.380089,6.548345,way/220332247,yes,motorway,1,Apapa-Oworonsoki Expressway,yes,F265,center,,,paved,,Bing,,,,,,,,,,,,,,,,,,,,,,,,,,,,,,,,,,,,,,,,,,,,,,,,,,,,,,,,,,,,,,,,,,,,,,,,,,,,,,,
Point,3.3963471,6.5474144,way/220465501,yes,residential,1,,no,,center,,,,,,,,,,,,,,,,,,,,,,,,,,,,,,,,,,,,,,,,,,,,,,,,,,,,,,,,,,,,,,,,,,,,,,,,,,,,,,,,,,,,
Point,3.3961188,6.5482196,way/220465505,yes,residential,1,,no,,center,,,,,,,,,,,,,,,,,,,,,,,,,,,,,,,,,,,,,,,,,,,,,,,,,,,,,,,,,,,,,,,,,,,,,,,,,,,,,,,,,,,,
Point,3.3729988,6.5495708,way/220465509,yes,residential,1,,,,center,,,,,Bing,,,,,,,,,,,,,,,,,,,,,,,,,,,,,,,,,,,,,,,,,,,,,,,,,,,,,,,,,,,,,,,,,,,,,,,,,,,,,,,
Point,3.2145782,6.4472543,way/220639910,yes,tertiary,1,,,,center,,,,,,,,,,,,,,,,,,,,,,,,,,,,,,,,,,,,,,,,,,,,,,,,,,,,,,,,,,,,,,,,,,,,,,,,,,,,,,,,,,,,
Point,3.2799195,6.6104151,way/220671959,yes,residential,1,,,,center,,,,,,,,,,,,,,,,,,,,,,,,,,,,,,,,,,,,,,,,,,,,,,,,,,,,,,,,,,,,,,,,,,,,,,,,,,,,,,,,,,,,
Point,3.3961296,6.5775244,way/221871383,yes,motorway,1,Third Axial Road,yes,,center,,,asphalt,,,,,,,,,,,,,,,,,,,,,,,,,,,,,,,,,,,,,,,,,,,,,,,,,,,,,,,,,,,,,,,,,,,,,,,,,,,,,,,,,
Point,3.3963489,6.577629,way/221871388,yes,motorway,1,Third Axial Road,yes,,center,,,asphalt,,,,,,,,,,,,,,,,,,,,,,,,,,,,,,,,,,,,,,,,,,,,,,,,,,,,,,,,,,,,,,,,,,,,,,,,,,,,,,,,,
Point,3.4031058,6.5753486,way/221886747,yes,residential,1,,,,center,,,,,,,,,,,,,,,,,,,,,,,,,,,,,,,,,,,,,,,,,,,,,,,,,,,,,,,,,,,,,,,,,,,,,,,,,,,,,,,,,,,,
Point,3.3986472,6.5873463,way/223403411,yes,tertiary,1,,yes,,center,,,,,,,,,,,,,,,,,,,,,,,,,,,,,,,,,,,,,,,,,,,,,,,,,,,,,,,,,,,,,,,,,,,,,,,,,,,,,,,,,,,,
Point,3.3970014,6.5859073,way/223533459,yes,residential,1,,,,center,,,,,,,,,,,,,,,,,,,,,,,,,,,,,,,,,,,,,,,,,,,,,,,,,,,,,,,,,,,,,,,,,,,,,,,,,,,,,,,,,,,,
Point,3.3929329,6.5857672,way/223533485,yes,tertiary,1,,,,center,,,,,,,,,,,,,,,,,,,,,,,,,,,,,,,,,,,,,,,,,,,,,,,,,,,,,,,,,,,,,,,,,,,,,,,,,,,,,,,,,,,,
Point,3.3888185,6.5976392,way/223533492,yes,tertiary,1,Demurin Street,yes,,center,,,,,,,,,,,,,,,,,,,,,,,,,,,,,,,,,,,,,,,,,,,,,,,,,,,,,,,,,,,,,,,,,,,,,,,,,,,,,,,,,,,,
Point,3.3953005,6.5972389,way/223672739,yes,tertiary,1,Demurin Street,yes,,center,,,,,,,,,,,,,,,,,,,,,,,,,,,,,,,,,,,,,,,,,,,,,,,,,,,,,,,,,,,,,,,,,,,,,,,,,,,,,,,,,,,,
Point,3.3929856,6.5927231,way/223672741,yes,tertiary,1,,,,center,,,,,,,,,,,,,,,,,,,,,,,,,,,,,,,,,,,,,,,,,,,,,,,,,,,,,,,,,,,,,,,,,,,,,,,,,,,,,,,,,,,,
Point,3.3924675,6.5912643,way/223672749,yes,footway,1,,,,center,,,,,,,,,,,,,,,,,,,,,,,,,,,,,,,,,,,,,,,,,,,,,,,,,,,,,,,,,,,,,,,,,,,,,,,,,,,,,,,,,,,,
Point,3.3969061,6.5912557,way/223672750,yes,tertiary,1,,,,center,,,,,,,,,,,,,,,,,,,,,,,,,,,,,,,,,,,,,,,,,,,,,,,,,,,,,,,,,,,,,,,,,,,,,,,,,,,,,,,,,,,,
Point,3.3987875,6.5928769,way/224228760,yes,residential,1,,,,center,,,,,,,,,,,,,,,,,,,,,,,,,,,,,,,,,,,,,,,,,,,,,,,,,,,,,,,,,,,,,,,,,,,,,,,,,,,,,,,,,,,,
Point,3.3984863,6.5926233,way/224228761,yes,residential,1,,,,center,,,,,,,,,,,,,,,,,,,,,,,,,,,,,,,,,,,,,,,,,,,,,,,,,,,,,,,,,,,,,,,,,,,,,,,,,,,,,,,,,,,,
Point,3.3888533,6.5953262,way/224353572,yes,residential,1,Ogunsowobo Street,,,center,,,,,,,,,,,,,,,,,,,,,,,,,,,,,,,,,,,,,,,,,,,,,,,,,,,,,,,,,,,,,,,,,,,,,,,,,,,,,,,,,,,,
Point,3.3914335,6.5899774,way/224353584,yes,residential,1,,,,center,,,,,,,,,,,,,,,,,,,,,,,,,,,,,,,,,,,,,,,,,,,,,,,,,,,,,,,,,,,,,,,,,,,,,,,,,,,,,,,,,,,,
Point,3.3897709,6.5932642,way/224353594,yes,residential,1,,,,center,,,,,,,,,,,,,,,,,,,,,,,,,,,,,,,,,,,,,,,,,,,,,,,,,,,,,,,,,,,,,,,,,,,,,,,,,,,,,,,,,,,,
Point,3.3783019,6.5691701,way/226068948,yes,residential,1,Sunmola Street,,,center,,,,,,,,,,,,,,,,,,,,,,,,,,,,,,,,,,,,,,,,,,,,,,,,,,,,,,,,,,,,,,,,,,,,,,,,,,,,,,,,,,,,
Point,3.4420905,6.612782,way/231644577,yes,trunk,1,Ikorodu Road,yes,A1,center,2,,paved,,,,,,,yes,,,,,,,,,,,,,,,,,,,,,,,,,,,,,,,,,,,,,,,,,,,,,,,,,,,,,,,,,,,,,,,,,,,,,,,,,,
Point,3.4504059,6.6203625,way/231644581,yes,trunk,1,Ikorodu Road,yes,A1,center,2,,paved,,,,,,,,,,,,,,,,,,,,,,,,,,,,,,,,,,,,,,,,,,,,,,,,,,,,,,,,,,,,,,,,,,,,,,,,,,,,,,,,,
Point,3.4067288,6.6055163,way/231644583,yes,trunk,1,Ikorodu Road,yes,A1,center,2,,paved,,,,,,,,,,,,,,,,,,,,,,,,,,,,,,,,,,,,,,,,,,,,,,,,,,,,,,,,,,,,,,,,,,,,,,,,,,,,,,,,,
Point,3.4419647,6.6128926,way/231644584,yes,trunk,1,Ikorodu Road,yes,A1,center,2,,paved,,,,,,,yes,,,,,,,,,,,,,,,,,,,,,,,,,,,,,,,,,,,,,,,,,,,,,,,,,,,,,,,,,,,,,,,,,,,,,,,,,,
Point,3.4066339,6.6056112,way/231644585,yes,trunk,1,Ikorodu Road,yes,A1,center,2,,paved,,,,,,,,,,,,,,,,,,,,,,,,,,,,,,,,,,,,,,,,,,,,,,,,,,,,,,,,,,,,,,,,,,,,,,,,,,,,,,,,,
Point,3.4505007,6.6202367,way/231644587,yes,trunk,1,Ikorodu Road,yes,A1,center,2,,paved,,,,,,,,,,,,,,,,,,,,,,,,,,,,,,,,,,,,,,,,,,,,,,,,,,,,,,,,,,,,,,,,,,,,,,,,,,,,,,,,,
Point,3.3632891,6.4899272,way/231756298,yes,motorway,1,Western Avenue,yes,A1,center,2,,paved,,,,,,,,,,,,,,,,,,,,,,,,,,,,,,,,,,,,,,,,,,,,,,,,,,,,,,,,,,,,,,,,,,,,,,,,,,,,,,,,,
Point,3.3634065,6.4899706,way/231756310,yes,motorway,1,Western Avenue,yes,A1,center,2,,paved,,,,,,,,,,,,,,,,,,,,,,,,,,,,,,,,,,,,,,,,,,,,,,,,,,,,,,,,,,,,,,,,,,,,,,,,,,,,,,,,,
Point,3.3632033,6.4899027,way/231756314,yes,primary,1,Western Avenue,yes,,center,,,,,,,,,,,,,,,,,,,,,,,,,,,,,,,,,,,,,,,,,,,,,,,,,,,,,,,,,,,,,,,,,,,,,,,,,,,,,,,,,,,,
Point,3.3634874,6.4899887,way/231756317,yes,primary,1,Western Avenue,yes,,center,,,,,,,,,,,,,,,,,,,,,,,,,,,,,,,,,,,,,,,,,,,,,,,,,,,,,,,,,,,,,,,,,,,,,,,,,,,,,,,,,,,,
Point,-8.6669968,37.0957785,way/233089724,yes,footway,1,Ponte do Antigo Forte do Pinhão,,,center,,,,,,,,,,,,,,,,,,,,,,,,,,,,,,,,,,,,,,,,,,,,,,,,,,,,,,,,,,private,,,,,private area - no public access,attraction,,,,,,,,,,,,,,,,,,,,
Point,-8.6447957,37.148876,way/233538729,yes,unclassified,1,,,,center,,,,,,,,,,,,,,,,,,,,,,,,,,,,,,,,,,,,,,,,,,,,,,,,,,,,,,,,,,,,,,,,,,,,,,,,,,,,,,,,,,,,
Point,-8.6344921,37.1587243,way/240327653,yes,primary,1,,yes,EN 125,center,1,,asphalt,,,no,,,yes,,,,,,,,,,,,,,,,,,,,,,,,,,,,,,,,,,,,,,,,,good,,,,,,,,,,,,,,,,,,,,,,,,,,,,,,,,,,
Point,-8.6698625,37.1586782,way/254848748,yes,track,1,,,,center,,,gravel,,survey,,,,,,,,,,,,,,,,,,,,,,,,,,,,,,,,,,,,,grade3,,,,,,,,,,,,,,,,,,,,,,,,,,,,,,,,,,,,,,,,,,
Point,-8.6712421,37.1564947,way/255067257,yes,track,1,,,,center,,,concrete,,survey,,,,,,,,,,,,,,,,,,,,,,,,,,,,,,,,,,,,,grade3,,,,,,,,,,,,,,,,,,,,,,,,,,,,,,,,,,,,,,,,,,
Point,3.3636896,6.4678305,way/264916640,yes,motorway,1,Apapa Road,yes,A1,center,,,unpaved,,,,,,,,,,,,,,,,,,,,,,,,,,,,,,,,,,,,,,,,,,,,,,,,,,,,,,,,,,,,,,,,,,,,,,,,,,,,,,,,,
Point,3.3632874,6.4700603,way/264916641,yes,motorway,1,Apapa Road,yes,A1,center,,,unpaved,,,,,,,,,,,,,,,,,,,,,,,,,,,,,,,,,,,,,,,,,,,,,,,,,,,,,,,,,,,,,,,,,,,,,,,,,,,,,,,,,
Point,3.3641402,6.4641677,way/264916643,yes,motorway,1,Apapa Road,yes,A1,center,,,paved,,,,,,,,,,,,,,,,,,,,,,,,,,,,,,,,,,,,,,,,,,,,,,,,,,,,,,,,,,,,,,,,,,,,,,,,,,,,,,,,,
Point,3.3643411,6.4762886,way/264916645,yes,trunk,1,Lagos Badagry Expressway,yes,F100,center,,,unpaved,,,,,,,,,,,,,,,,,,,,,,,,,,,,,,,,,,,,,,,,,,,,,,,,,,,,,,,,,,,,,,,,,,,,,,,,,,,,,,,,,
Point,3.3637257,6.475769,way/264916673,yes,trunk_link,1,,yes,,center,,,unpaved,,,,,,,,,,,,,,,,,,,,,,,,,,,,,,,,,,,,,,,,,,,,,,,,,,,,,,,,,,,,,,,,,,,,,,,,,,,,,,,,,
Point,3.3649843,6.4769249,way/264916674,yes,trunk_link,1,,yes,,center,,,unpaved,,,,,,,,,,,,,,,,,,,,,,,,,,,,,,,,,,,,,,,,,,,,,,,,,,,,,,,,,,,,,,,,,,,,,,,,,,,,,,,,,
Point,3.3388449,6.4747344,way/279848224,yes,motorway,1,Lagos-Badagry Expressway,yes,F100,center,,,unpaved,,,,,,,,,,,,,,,,,,,,,,,,,,,,,,,,,,,,,,,,,,,,,,,,,,,,,,,,,,,,,,,,,,,,,,,,,,,,,,,,,
Point,3.3380962,6.4995244,way/280363732,yes,path,1,,,,center,,,,,Bing,,,,,,,,,,,,,,,,,,,,,,,,,,,,,,,,,,,,,,,,,,,,,,,,,,,,,,,,,,,,,,,,,,,,,,,,,,,,,,,
Point,3.3388769,6.5014332,way/280363736,yes,residential,1,,,,center,,,unpaved,,Bing,,,,,,,,,,,,,,,,,,,,,,,,,,,,,,,,,,,,,,,,,,,,,,,,,,,,,,,,,,,,,,,,,,,,,,,,,,,,,,,
Point,3.3388654,6.5034232,way/280385615,yes,residential,1,Kadiri Street,,,center,,,unpaved,,,,,,,,,,,,,,,,,,,,,,,,,,,,,,,,,,,,,,,,,,,,,,,,,,,,,,,,,,,,,,,,,,,,,,,,,,,,,,,,,
Point,3.3399705,6.5067777,way/280385620,yes,residential,1,Onibuore Street,,,center,,,,,,,,,,,,,,,,,,,,,,,,,,,,,,,,,,,,,,,,,,,,,,,,,,,,,,,,,,,,,,,,,,,,,,,,,,,,,,,,,,,,
Point,3.3235642,6.4623308,way/280385622,yes,tertiary,1,Suru Alaba Road,no,,center,,,unpaved,,,,,,,,,,,,,,,,,,,,,,,,,,,,,,,,,,,,,,,,,,,,,,,,,,,,,,,,,,,,,,,,,,,,,,,,,,,,,,,,,
Point,3.3542822,6.5055165,way/280398132,yes,tertiary,1,Akerele Road,yes,,center,4,,,,,,,,,,,,,,,,,,,,,,,,,,,,,,,,,,,,,,,,,,,,,,,,,,,,,,,,,,"Surulere,Lagos,Nigeria",,,,,,,,,,,,,,,,,,,,,,,,,
Point,3.3587692,6.5032756,way/280398133,yes,tertiary,1,Akerele Road,yes,,center,4,,,,,,,,,,,,,,,,,,,,,,,,,,,,,,,,,,,,,,,,,,,,,,,,,,,,,,,,,,"Surulere,Lagos,Nigeria",,,,,,,,,,,,,,,,,,,,,,,,,
Point,3.3486398,6.4919161,way/280398136,yes,secondary,1,Babs Animashaun Street,,,center,,,,,,,,,,,,,,,,,,,,,,,,,,,,,,,,,,,,,,,,,,,,,,,,,,,,,,,,,,,"Surulere,Lagos,Nigeria",,,,,,,,,,,,,,,,,,,,,,,,,
Point,3.361143,6.4882365,way/280398138,yes,secondary,1,Bode Thomas Street,,,center,1,,,,,,,,,,,,,,,,,,,,,,,,,,,,,,,,,,,,,,,,,,,,,,,,,,,,,,,,,,"Surulere,Lagos,Nigeria",,,,,,,,,,,,,,,,,,,,,,,,,
Point,3.3593109,6.5042986,way/280398142,yes,residential,1,Gbaja Street,,,center,,,,,,,,,,,,,,,,,,,,,,,,,,,,,,,,,,,,,,,,,,,,,,,,,,,,,,,,,,,,,,,,,,,,,,,,,,,,,,,,,,,,
Point,3.3331881,6.4626543,way/280398148,yes,unclassified,1,Itire Road,,,center,,,unpaved,,bing,,,,,,,,,,,,,,,,,,,,,,,,,,,,,,,,,,,,,,,,,,,,,,,,,,,,,,,,,,,,,,,,,,,,,,,,,,,,,,,
Point,3.3423678,6.451861,way/280570882,yes,residential,1,Achakpo Street,,,center,,,unpaved,,bing,,,,,,,,,,,,,,,,,,,,,,,,,,,,,,,,,,,,,,,,,,,,,,,,,,,,,,,,,,,,,,,,,,,,,,,,,,,,,,,
Point,3.3682539,6.4400575,way/280570883,yes,residential,1,Adele Road,no,,center,,,,,,,,,,,,,,,,,,,,,,,,,,,,,,,,,,,,,,,,,,,,,,,,,,,,,,,,,,,,,,,,,,,,,,,,,,,,,,,,,,,,
Point,3.3503953,6.4528728,way/280570885,yes,secondary,1,Amore Street,,A1-1,center,,,unpaved,,bing,,,,,,,,,,,,,,,,,,,,,,,,,,,,,,,,,,,,,,,,,,,,,,,,,,,,,,,,,,,,,,,,,,,,,,,,,,,,,,,
Point,3.3677804,6.4414253,way/280570887,yes,residential,1,Ashanti Road,no,,center,,,unpaved,,,,,,,,,,,,,,,,,,,,,,,,,,,,,,,,,,,,,,,,,,,,,,,,,,,,,,,,,,,,,,,,,,,,,,,,,,,,,,,,,
Point,3.3427555,6.4588278,way/280570889,yes,tertiary,1,Baale Adeyemo Street,no,,center,,,unpaved,,,,,,,,,,,,,,,,,,,,,,,,,,,,,,,,,,,,,,,,,,,,,,,,,,,,,,,,,,,,,,,,,,,,,,,,,,,,,,,,,
Point,3.3554521,6.4665217,way/280570895,yes,secondary,1,Gaskiya College Road,yes,,center,,,,,bing,,,,,,,,,,,,,,,,,,,,,,,,,,,,,,,,,,,,,,,,,,,,,,,,,,,,,,,,,,,,,,,,,,,,,,,,,,,,,,,
Point,3.3679721,6.4408512,way/280570901,yes,residential,1,Odoula Road,no,,center,,,unpaved,,,,,,,,,,,,,,,,,,,,,,,,,,,,,,,,,,,,,,,,,,,,,,,,,,,,,,,,,,,,,,,,,,,,,,,,,,,,,,,,,
Point,3.3481129,6.4631938,way/280570904,yes,unclassified,1,Olayinka Street,,,center,,,unpaved,,bing,,,,,,,,,,,,,,,,,,,,,,,,,,,,,,,,,,,,,,,,,,,,,,,,,,,,,,,,,,,,,,,,,,,,,,,,,,,,,,,
Point,3.3680329,6.4426453,way/280570905,yes,service,1,Queens Barracks,no,,center,,,unpaved,,,,,,,,,,,,,,,,,,,,,,,,,,,,,,,,,,,,,,,,,,,,,,,,,,,,,,,,,,,,,,,,,,,,,,,,,,,,,,,,,
Point,3.3296111,6.4844317,way/280570907,yes,residential,1,Sanya Street,,,center,,,,,Bing,,,,,,,,,,,,,,,,,,,,,,,,,,,,,,,,,,,,,,,,,,,,,,,,,,,,,,,,,,,,,,,,,,,,,,,,,,,,,,,
Point,3.3679093,6.4804342,way/280570911,yes,primary,1,,yes,,center,,,unpaved,,,,,,,,,,,,,,,,,,,,,,,,,,,,,,,,,,,,,,,,,,,,,,,,,,,,,,,,,,,,,,,,,,,,,,,,,,,,,,,,,
Point,3.3674862,6.4809747,way/280570915,yes,primary,1,,yes,,center,,,unpaved,,,,,,,,,,,,,,,,,,,,,,,,,,,,,,,,,,,,,,,,,,,,,,,,,,,,,,,,,,,,,,,,,,,,,,,,,,,,,,,,,
Point,3.3621126,6.5062903,way/280570916,yes,residential,1,,,,center,,,unpaved,,,,,,,,,,,,,,,,,,,,,,,,,,,,,,,,,,,,,,,,,,,,,,,,,,,,,,,,,,,,,,,,,,,,,,,,,,,,,,,,,
Point,3.3383667,6.5155446,way/280602470,yes,footway,1,Abeokuta Street,,,center,,,,,BING,,,,,,,,,,,,,,,,,,,,,,,,,,,,,,,,,,,,,,,,,,,,,,,,,,,,,,,,,,,,,,,,,,,,,,,,,,,,,,,
Point,3.3385358,6.5000568,way/280602478,yes,residential,1,,,,center,,,,,,,,,,,,,,,,,,,,,,,,,,,,,,,,,,,,,,,,,,,,,,,,,,,,,,,,,,,,,,,,,,,,,,,,,,,,,,,,,,,,
Point,3.8961792,6.6328167,way/282425744,yes,primary,1,,no,F101,center,2,,paved,,,,,,,,,,,,,,,,,,,,,,,,,,,,,,,,,,,,,,,,,,,,,,,,,,,,,,,,,,,,,,,,,,,,,,,,,,,,,,,,,
Point,3.9468078,6.5786997,way/282425754,yes,trunk,1,Lekki-Epe Expressway,no,,center,2,,paved,,,,,,,,,,,,,,,,,,,,,,,,,,,,,,,,,,,,,,,,,,,,,,,,,,,,,,,,,,,,,,,,,,,,,,,,,,,,,,,,,
Point,-8.6779112,37.09645,way/284326299,yes,tertiary,1,Avenida das Comunidades Portuguesas,,,center,2,,asphalt,,,,,,,,,,,,,,,,,,,,,,,,,,,,,,,,,,,,,,,,,,,,,,,,,,,,yes,,,,,,,,,,EN 125,separate,,,,,,,,,,,,,,,,,,
Point,3.3783897,6.5994757,way/292634029,yes,footway,1,,,,center,,,,,,,,,,,,,,,,,,,,,,,,,,,,,,,,,,,,,,,,,,,,,,,,,,,,,,,,,,,,,,,,,,,,,,,,,,,,,,,,,,,,
Point,3.466239,6.4474994,way/294599771,yes,primary,1,Admiralty Way,yes,,center,2,,paving_stones,,,,,,,,,,,,,,,,,,,,,,,,,,,,,,,,,,,,,,,,,,,,,,,,,,,,,,,,,,,,,,,,,,,,,,,,,,,,,,,,,
Point,3.46629,6.447401,way/294599773,yes,primary,1,Admiralty Way,yes,,center,2,,paving_stones,,,,,,,,,,,,,,,,,,,,,,,,,,,,,,,,,,,,,,,,,,,,,,,,,,,,,,,,,,,,,,,,,,,,,,,,,,,,,,,,,
Point,3.4713581,6.4426416,way/294603096,yes,tertiary,1,Fola Osibo Street,,,center,,,paving_stones,,,,,,,,,,,,,,,,,,,,,,,,,,,,,,,,,,,,,,,,,,,,,,,,,,,,,,,,,,,,,,,,,,,,,,,,,,,,,,,,,
Point,3.4745915,6.4396347,way/294603116,yes,tertiary,1,Hakeem Dickson Road,,,center,,,paving_stones,,,,,,,,,,,,,,,,,,,,,,,,,,,,,,,,,,,,,,,,,,,,,,,,,,,,,,,,,,,,,,,,,,,,,,,,,,,,,,,,,
Point,3.4690347,6.4448247,way/294603119,yes,unclassified,1,Kayode Animashaun Street,,,center,,,,,Bing,,,,,,,,,,,,,,,,,,,,,,,,,,,,,,,,,,,,,,,,,,,,,,,,,,,,,,,,,,,,,,,,,,,,,,,,,,,,,,,
Point,3.4535248,6.4380301,way/294812840,yes,unclassified,1,,no,,center,,,,,,,,,,,,,,,,,,,,,,,,,,,,,,,,,,,,,,,,,,,,,,,,,,,,,,,,,,,,,,,,,,,,,,,,,,,,,,,,,,,,
Point,3.5475383,6.4482128,way/294887040,yes,trunk,1,Lekki-Epe Expressway,yes,,center,2,,paved,,,,,,,,,,,,,,,,,,,,,,,,,,,,,,,,,,,,,,,,,,,,,,,,,,,,,,,,,,,,,,,,,,,,,,,,,,,,,,,,,
Point,3.5074796,6.4407107,way/294887064,yes,secondary,1,Hon. Yaya Dosunmu Way,,,center,,,,,,,,,,,,,,,,,,,,,,,,,,,,,,,,,,,,,,,,,,,,,,,,,,,,,,,,,,,,,,,,,,,,,,,,,,,,,,,,,,,,
Point,3.5105101,6.4371566,way/294887113,yes,trunk,1,Lekki-Epe Expressway,yes,,center,2,,paved,,,,,,,,,,,,,,,,,,,,,,,,,,,,,,,,,,,,,,,,,,,,,,,,,,,,,,,,,,,,,,,,,,,,,,,,,,,,,,,,,
Point,3.5105845,6.4370519,way/294887117,yes,trunk,1,Lekki-Epe Expressway,yes,,center,2,50,paved,,,,,separate,,,,,,,,,,,,,,,,,,,,,,,,,,,,,,,,,,,,,,,,,,,,,,,,,,,,,,,,,,,,,,,,,,,,,,,,,,,,
Point,3.5475685,6.4480921,way/294887118,yes,trunk,1,Lekki-Epe Expressway,yes,,center,2,,paved,,,,,,,,,,,,,,,,,,,,,,,,,,,,,,,,,,,,,,,,,,,,,,,,,,,,,,,,,,,,,,,,,,,,,,,,,,,,,,,,,
Point,-8.6731969,37.1040034,way/304228046,yes,footway,2,,,,center,,,,,,,,,,designated,down,,,,,,,,,,,,,,,,,,,,,,,,,,,,,,,,1,,,,,,,,,,,,yes,,,,,,,,,,,,,,,,,,,,,,,,,,,,,
Point,4.1530262,6.4012817,way/314238799,yes,tertiary,1,Eleko-Folu Road,,,center,,,asphalt,,,,,,,,,,,,,,,,,,,,,,,,,,,,,,,,,,,,,,,,,,,,,,,,,,,,,,,,,,,,,,,,,,,,,,,,,,,,,,,,,
Point,-8.7107489,37.1443333,way/321923999,yes,track,1,,,,center,,,asphalt,,,,,,,,,,,,,,,,,,,,,,,,,,,,,,,,,,,,,,,,,,,,,,,,,,,,,,,,,,,,,,,,,,,,,,,,,,,,,,,,,
Point,-8.6920104,37.1271311,way/323676334,yes,track,1,,,,center,,,,,,,,,,,,,,,,,,,,,,,,,,,,,,,,,,,,,,,,,,,,,,,,,,,,,,,,,,,,,,,,,,,,,,,,,,,,,,,,,,,,
Point,-8.6927674,37.1272707,way/323676351,yes,unclassified,1,,,,center,1,,asphalt,,,,,,,,,,,,,,,,,,,,,,,,,,,,,,,,,,,,,,,,,,,,,,,,,,,,,,,,,,,,,,,,,,,,,,,,,,,,,,,,,
Point,-8.6510657,37.1584074,way/326065620,yes,track,1,,,,center,,,,,,,,,,,,,,,,,,,,,,,,,,,,,,,,,,,,,,,,,,,,,,,,,,,,,,,,,,,,,,,,,,,,,,,,,,,,,,,,,,,,
Point,-8.6538777,37.173167,way/326463754,yes,track,1,,,,center,,,,,,,,,,,,,,,,,,,,,,,,,,,,,,,,,,,,,,,,,,,,,,,,,,,,,,,,,,,,,,,,,,,,,,,,,,,,,,,,,,,,
Point,-8.6494327,37.1733531,way/326463768,yes,tertiary,1,,,,center,2,,,,,,,,,,,,,,,,,,,,,,,,,,,,,,,,,,,,,,,,,,,,,,,,,,,,,,,,,,,,,,,,,,,,,,,,,,,,,,,,,,,
Point,-8.6564979,37.1716483,way/326463782,yes,track,1,,,,center,,,,,,,,,,,,,,,,,,,,,,,,,,,,,,,,,,,,,,,,,,,,,,,,,,,,,,,,,,,,,,,,,,,,,,,,,,,,,,,,,,,,
Point,-8.6503195,37.1593066,way/327464983,yes,track,1,,,,center,,,,,,,,,,,,,,,,,,,,,,,,,,,,,,,,,,,,,,,,,,,,,,,,,,,,,,,,,,,,,,,,,,,,,,,,,,,,,,,,,,,,
Point,-8.6441021,37.1610407,way/327464989,yes,track,1,,,,center,,,,,,,,,,,,,,,,,,,,,,,,,,,,,,,,,,,,,,,,,,,,,,,,,,,,,,,,,,,,,,,,,,,,,,,,,,,,,,,,,,,,
Point,3.3891723,6.4653792,way/328558520,yes,primary,1,Ring Road,yes,F264,center,2,,,Lagos Island Inner Ring Road,,,,,,,,,,,,,,,,,,,,,,,,,,,,,,,,,,,,,,,,,,,,,,,,,,,,,,,,,,,,,,,,,,,,,,,,,,,,,,,,
Point,3.3839724,6.4632437,way/328558525,yes,primary,1,Ring Road,yes,F264,center,2,,,Lagos Island Inner Ring Road,,,,,,,,,,,,,,,,,,,,,,,,,,,,,,,,,,,,,,,,,,,,,,,,,,,,,,,,,,,,,,,,,,,,,,,,,,,,,,,,
Point,3.3861001,6.4640148,way/328558538,yes,secondary,1,Carter Bridge,yes,A5,center,,,,,,,,,,,,,,,,,,,,,,,,,,,,,,,,,,,,,,,,,,,,,,,,,,,,,,,,,,,,,,,,,,,,,,,,,,,,,,,,,,,,
Point,3.3851971,6.4665384,way/328558539,yes,primary,1,Carter Bridge,yes,A5,center,,,,,,,,,,,,,,,,,,,,,,,,,,,,,,,,,,,,,,,,,,,,,,,,,,,,,,,,,,,,,,,,,,,,,,,,,,,,,,,,,,,,
Point,3.3961055,6.4619413,way/328558540,yes,primary,1,Ring Road,yes,,center,,,,,,,,,,,,,,,,,,,,,,,,,,,,,,,,,,,,,,,,,,,,,,,,,,,,,,,,,,,,,,,,,,,,,,,,,,,,,,,,,,,,
Point,-8.7729463,37.140815,way/334028399,yes,tertiary,1,,,,center,1,,asphalt,,,,,,,,,,,,,,,,,,,,,,,,,,,,,,,,,,,,,,,,4,,,,,,,,,,,,,,,,,,,,,,,,,,,,,,,,,,,,,,,,,
Point,3.3211534,6.5775765,way/352229466,yes,primary,1,MMIA Departures,yes,,center,2,,asphalt,,,,,,,,,,,,,,,,,,,,,,,,,,,,,,,,,,,,,,,,,,,,,,,,,,,,,,,,,,,,,,,,,,,,,,,,,,,,,,,,,
Point,-8.6767849,37.1115938,way/367088179,yes,footway,1,Ponte Dona Maria II,,,center,,,,,,,,,yes,,,,,,,,,,,,,,,,,,,,,,,,,,,,,,,,,,,,,,,,,,,,,,yes,,,,,,,,,,,,sidewalk,,,,,,,,,,,,,,,,,
Point,-8.6767038,37.1115627,way/367088180,yes,footway,1,Ponte Dona Maria II,,,center,,,asphalt,,,,,,yes,,,,,,,,,,,,,,,,,,,,,,,,,,,,,,,,,,,,,,,,,,,,,,yes,,,,,,,,,,,,sidewalk,,,,,,,,,,,,,,,,,
Point,3.4694354,6.6433733,way/370182610,yes,unclassified,1,,,,center,,,unpaved,,,,,,,,,,,,,,,,,,,,,,,,,,,,,,,,,,,,,,,,,,,,,,,,,,,,,,,,,,,,,,,,,,,,,,,,,,,,,,,,,
Point,2.9095779,6.4740098,way/370575839,yes,tertiary,,,,,center,,,unpaved,,,,,,,,,,,,,,,,,,,,,,,,,,,,,,,,,,,,,,,,,,,,,,,,,,,,,,,,,,,,,,,,,cloud cover present,,,,,,,,,,,,,,,,
Point,2.89747,6.4480399,way/370575840,yes,tertiary,1,,,,center,,,unpaved,,,,,,,,,,,,,,,,,,,,,,,,,,,,,,,,,,,,,,,,,,,,,,,,,,,,,,,,,,,,,,,,,cloud cover present,,,,,,,,,,,,,,,,
Point,3.903695,6.4876238,way/371191075,yes,unclassified,1,,,,center,,,unpaved,,,,,,,,,,,,,,,,,,,,,,,,,,,,,,,,,,,,,,,,,,,,,,,,,,,,,,,,,,,,,,,,,,,,,,,,,,,,,,,,,
Point,-8.6718329,37.1022218,way/374954762,yes,footway,1,,,,center,,,wood,,,,,,,,,,,,,,,,,,,,,,,,,,,,,,,,,,,,,,,,,,,,,,,,,,,,,,,,,,,,,,,,,,,,,,,,,,,,,,,,,
Point,3.4142588,6.4125242,way/399403548,yes,secondary,1,Avenue 1,yes,,center,3,,,,,,,,,,,,,,,,,,,,,,,,,,,,,,,,,,,,,,,,,,,,,,,,,,,,,,,,,,,,,,,,,,,,,,,,,,,,,,,,,,,
Point,3.4143666,6.4125589,way/399403551,yes,secondary,1,Avenue 1,yes,,center,3,,,,,,,,,,,,,,,,,,,,,,,,,,,,,,,,,,,,,,,,,,,,,,,,,,,,,,,,,,,,,,,,,,,,,,,,,,,,,,,,,,,
Point,3.4163621,6.4133154,way/399403554,yes,primary,1,Eko Boulevard,yes,,center,4,,paving_stones,,,,,,,,,,,,,,,,,,,,,,,,,,,,,,,,,,,,,,,,,,,,,,,,,,,,,,,,,,,,,,,,,,,,,,,,,,,,,,,,,
Point,3.4162462,6.4132729,way/399403555,yes,primary,1,Eko Boulevard,yes,,center,4,,paving_stones,,,,,,,,,,,,,,,,,,,,,,,,,,,,,,,,,,,,,,,,,,,,,,,,,,,,,,,,,,,,,,,,,,,,,,,,,,,,,,,,,
Point,3.4181555,6.4140678,way/399403563,yes,secondary,1,Avenue 2,yes,,center,3,,,,,,,,,,,,,,,,,,,,,,,,,,,,,,,,,,,,,,,,,,,,,,,,,,,,,,,,,,,,,,,,,,,,,,,,,,,,,,,,,,,
Point,3.418276,6.4141019,way/399403564,yes,secondary,1,Avenue 2,yes,,center,3,,,,,,,,,,,,,,,,,,,,,,,,,,,,,,,,,,,,,,,,,,,,,,,,,,,,,,,,,,,,,,,,,,,,,,,,,,,,,,,,,,,
Point,3.4260104,6.4394705,way/406227367,yes,trunk_link,1,,yes,,center,,,,,,,,,,,,,,,,,,,,,,,,,,,,,,,,,,,,,,,,,,,,,,,,,,,,,,,,,,,,,,,,,,,,,,,,,,,,,,,,,,,,
Point,-8.6767446,37.1115797,way/406854751,yes,tertiary,1,Ponte Dona Maria II,,,center,2,40,asphalt,,,,,,,,,,,,,,,,,,,,,,,,,,,,,,,,,,,,,,,,,,,,,,,,,,,,yes,,,,,,yes,,,,,separate,,,,,,,,,,,,,,,,,,
Point,3.3881756,6.4930433,way/407972971,yes,path,1,,,,center,,,,,,,,,,,,,,,,,,,,,,,,,,,,,,,,,,,,,,,,,,,,,,,,,,,,,,,,,,,,,,,,,,,,,,,,,,,,,,,,,,,,
Point,3.3879492,6.4927945,way/407972972,yes,residential,1,,,,center,,,unpaved,,,,,,,,,,,,,,,,,,,,,,,,,,,,,,,,,,,,,,,,,,,,,,,,,,,,,,,,,,,,,,,,,,,,,,,,,,,,,,,,,
Point,3.3872946,6.494573,way/407972973,yes,path,1,,,,center,,,,,,,,,,,,,,,,,,,,,,,,,,,,,,,,,,,,,,,,,,,,,,,,,,,,,,,,,,,,,,,,,,,,,,,,,,,,,,,,,,,,
Point,3.3884806,6.4932486,way/407972975,yes,path,1,,,,center,,,,,,,,,,,,,,,,,,,,,,,,,,,,,,,,,,,,,,,,,,,,,,,,,,,,,,,,,,,,,,,,,,,,,,,,,,,,,,,,,,,,
Point,3.3877031,6.4922708,way/407972976,yes,primary,1,Clinic Road Lagos Mainland,yes,,center,,80,paved,,,,,,,,,,,,,,,,,,,,,,,,,,,,,,,,,,,,,,,,,,,,,,,,,,,,,,,,,,,,,,,,,,,,,,,,,,,,,,,,,
Point,3.3958256,6.500099,way/407972978,yes,path,1,,,,center,,,,,,,,,,,,,,,,,,,,,,,,,,,,,,,,,,,,,,,,,,,,,,,,,,,,,,,,,,,,,,,,,,,,,,,,,,,,,,,,,,,,
Point,3.3939417,6.5001545,way/407972979,yes,path,1,,,,center,,,,,,,,,,,,,,,,,,,,,,,,,,,,,,,,,,,,,,,,,,,,,,,,,,,,,,,,,,,,,,,,,,,,,,,,,,,,,,,,,,,,
Point,3.3877192,6.4923679,way/407972980,yes,primary,1,Clinic Road Lagos Mainland,yes,,center,,80,paved,,,,,,,,,,,,,,,,,,,,,,,,,,,,,,,,,,,,,,,,,,,,,,,,,,,,,,,,,,,,,,,,,,,,,,,,,,,,,,,,,
Point,3.3948066,6.5009769,way/407972981,yes,path,1,,,,center,,,unpaved,,,,,,,,,,,,,,,,,,,,,,,,,,,,,,,,,,,,,,,,,,,,,,,,,,,,,,,,,,,,,,,,,,,,,,,,,,,,,,,,,
Point,3.3871643,6.4924192,way/407972983,yes,path,1,,,,center,,,unpaved,,,,,,,,,,,,,,,,,,,,,,,,,,,,,,,,,,,,,,,,,,,,,,,,,,,,,,,,,,,,,,,,,,,,,,,,,,,,,,,,,
Point,-8.6937361,37.1853689,way/428744091,yes,track,1,,,,center,,,ground,,,,,,,,0%,,,,,,,,,,,,,,,,,,,,,,,,,,,,,,,grade2,2,,,,,,,horrible,,,,,,,,,,,,,,,,,,,,,,,,,,,,,,,,,,
Point,3.1901501,6.467591,way/438025871,yes,residential,1,,,,center,,,unpaved,,,,,,,,,,,,,,,,,,,,,,,,,,,,,,,,,,,,,,,,,,,,,,,,,,,,,,,,,,,,,,,,,,,,,,,,,,,,,,,,,
Point,3.4565548,6.4348149,way/448988890,yes,footway,4,,,,center,,,,,,,,,,,,,,,,,,,,,,,,,,,,,,,,,,,,,,,,,,,,,,,,,,,,,,,,,,,,,,,,,,,,,,,,,,,,,,,,,,,,
Point,-8.7475682,37.1047337,way/461310049,yes,unclassified,1,,,,center,1,,asphalt,,,,,,,,,,,,,,,,,,,,,,,,,,,,,,,,,,,,,,,,4,,,,,,,,,,,,,,,,,,,,,,,,,,,,,,,,,,,,,,,,,
Point,-8.7654895,37.0942437,way/461314432,yes,track,1,,,,center,,,,,,,,,,,,,,,,,,,,,,,,,,,,,,,,,,,,,,,,,,grade3,,,,,,,,,,,,,,,,,,,,,,,,,,,,,,,,,,,,,,,,,,
Point,-8.7703666,37.0912369,way/461315382,yes,unclassified,1,,,,center,,,asphalt,,,,,,,,,,,,,,,,,,,,,,,,,,,,,,,,,,,,,,,,,,,,,,,,,,,,,,,,,,,,,,,,,,,,,,,,,,,,,,,,,
Point,-8.7647948,37.0954067,way/462856750,yes,primary,1,,,,center,2,,asphalt,,,no,,,,,,,,,,,,,,,,,,,,,,,,,,,,,,,,,,,,,,,,,,,,,,,,,no,,,,,,,,,,,,,,,,,,,,,,,,,,,,,
Point,-8.6836168,37.1103072,way/462928702,yes,footway,1,,,,center,,,,,,,,,,,,,,,,,,,,,,,,,,,,,,,,,,,,,,,,,,,,,,,,,,,,,,,,,,,,,,,,,,,,,,,,,,,,,,,,,,,,
Point,3.4400149,6.4372639,way/484704051,yes,footway,4,,,,center,,,,,,,,,,,,,,,,,,,,,,,,,,,,,,,,,,,,,,,,,,,,,,,,,,,,,,,,,,,,,,,,,,,,,,,,,,,,,,,,,,,,
Point,3.4429345,6.4355527,way/484704065,yes,footway,4,,,,center,,,,,,,,,,,,,,,,,,,,,,,,,,,,,,,,,,,,,,,,,,,,,,,,,,,,,,,,,,,,,,,,,,,,,,,,,,,,,,,,,,,,
Point,-8.7035143,37.0963344,way/493709861,yes,path,1,Swilcan Bridge Replica,,,center,,,paving_stones,,,,,,,,,,,,,,,,,,,,,,,,,,,,,,,,,,,,,,,,2,,,,,,,,,,,,,,,,,,,,,,,,,,,,,,,,,,,,,,,,,
Point,3.3339614,6.5847121,way/496529833,yes,footway,1,,,,center,,,,,,,,,,,,no,,,,,,,,,,,,,,,,,,,,,,,,,,,,,,,,,,,,,,,,,,,,,,,,,,,,,,,,,,,,,,,,,,,,,,,,
Point,3.4553043,6.448721,way/499678924,yes,primary,1,Lekki - Ikoyi Bridge,yes,,center,,,,,,,,,,,,,,,,,,,,,,,,,,,,,,,,,,,,,,,,,,,,,,,,,,,,,,,,,,,,,,,,,,,,,,,,,,,,,,,,,,,,
Point,3.4552785,6.4486579,way/499678925,yes,primary,1,Lekki - Ikoyi Bridge,yes,,center,,,,,,,,,,,,,,,,,,,,,,,,,,,,,,,,,,,,,,,,,,,,,,,,,,,,,,,,,,,,,,,,,,,,,,,,,,,,,,,,,,,,
Point,3.4244591,6.4163896,way/505413825,yes,secondary,1,,yes,,center,,,,,,,,,,,,,,,,,,,,,,,,,,,,,,,,,,,,,,,,,,,,,,,,,,,,,,,,,,,,,,,,,,,,,,,,,,,,,,,,,,,,
Point,3.408512,6.4611674,way/507242103,yes,unclassified,1,Acacia Drive,,,center,,,,,,,,,,,,,,,,,,,,,,,,,,,,,,,,,,,,,,,,,,,,,,,,,,,,,,,,,,,,,,,,,,,,,,,,,,,,,,,,,,,,
Point,3.4093072,6.4600381,way/507242111,yes,unclassified,1,Royal Palm Drive,,,center,,,,,,,,,,,,,,,,,,,,,,,,,,,,,,,,,,,,,,,,,,,,,,,,,,,,,,,,,,,,,,,,,,,,,35,,,,,,,,,,,,,,,
Point,3.410671,6.4578348,way/507242121,yes,motorway_link,1,,yes,,center,,,paved,,,,,,,,,,,,,,,,,,,,,,,,,,,,,,,,,,,,,,,,,,,,,,,,,,,,,,,,,,,,,,,,,,,,,,,,,,,,,,,,,
Point,3.4106336,6.4578991,way/507242126,yes,primary,1,Osborne Road,yes,F265,center,,,,,,,,,,,,,,,,,,,,,,,,,,,,,,,,,,,,,,,,,,,,,,,,,,,,,,,,,,,,,,,,,,,,,,,,,,,,,,,,,,,,
Point,3.4105827,6.457973,way/507242140,yes,primary,1,Osborne Road,yes,,center,,,,,,,,,,,,,,,,,,,,,,,,,,,,,,,,,,,,,,,,,,,,,,,,,,,,,,,,,,,,,,,,,,,,,,,,,,,,,,,,,,,,
Point,3.4105516,6.4580112,way/507242145,yes,motorway_link,1,,yes,F265,center,,,,,,,,,,,,,,,,,,,,,,,,,,,,,,,,,,,,,,,,,,,,,,,,,,,,,,,,,,,,,,,,,,,,,,,,,,,,,,,,,,,,
Point,3.3795196,6.5485328,way/517114602,yes,footway,1,,,,center,,,,,,,,,,,,,,,,,,,,,,,,,,,,,,,,,,,,,,,,,,,,,,,,,,,,,,,,,,,,,,,,,,,,,,,,,,,,,,,,,,,,
Point,3.4390547,6.4351885,way/525377047,yes,tertiary,1,Ligali Ayorinde Street,yes,,center,,,,,,,,,,,,,,,,,,,,,,,,,,,,,,,,,,,,,,,,,,,,,,,,,,,,,,,,,,,,,,,,,,,,,,,,,,,,,,,,,,,,
Point,3.4315699,6.4309293,way/529444300,yes,tertiary,1,Ajose Adeogun Street,yes,,center,,,,,,,,,,,,,,,,,,,,,,,,,,,,,,,,,,,,,,,,,,,,,,,,,,,,,,,,,,,,,,,,,,,,,,,,,,,,,,,,,,,,
Point,3.4315621,6.431038,way/529444303,yes,tertiary,1,Ajose Adeogun Street,yes,,center,,,,,,,,,,,,,,,,,,,,,,,,,,,,,,,,,,,,,,,,,,,,,,,,,,,,,,,,,,,,,,,,,,,,,,,,,,,,,,,,,,,,
Point,3.3706867,6.5094041,way/535027936,yes,secondary,1,Yaba Flyover Bridge,,,center,,,paved,,,,,,,,,,,,,,,,,,,,,,,,,,,,,,,,,,,,,,,,,,,,,,,,,,,,,,,,,,,,,,,,,,,,,,,,,,,,,,,,,
Point,3.3342412,6.5127306,way/535992605,yes,tertiary,1,Adeniyi Street,yes,,center,,,,,,,,,,,,,,,,,,,,,,,,,,,,,,,,,,,,,,,,,,,,,,,,,,,,,,,,,,,,,,,,,,,,,,,,,,,,,,,,,,,,
Point,3.5033256,6.4360521,way/536134445,yes,footway,4,,,,center,,,,,,,,,,,,,,,,,,,,,,,,,,,,,,,,,,,,,,,,,,,,,,,,,,,,,,,,,,,,,,,,,,,,,,,,,,,,,,,,,,,,
Point,3.5094874,6.4368932,way/536134448,yes,footway,4,,,,center,,,,,,,,,,,,,,,,,,,,,,,,,,,,,,,,,,,,,,,,,,,,,,,,,,,,,,,,,,,,,,,,,,,,,,,,,,,,,,,,,,,,
Point,3.4400143,6.4376386,way/537017445,yes,footway,2,,,,center,,,,,,,,,,,,,,,,,,,,,,,,,,,,,,,,,,,,,,,,,,,,,,,,,,,,,,,,,,,,,,,,,,,,,,,,,,,,,,,,,,,,
Point,3.3590342,6.5818736,way/541689653,yes,footway,1,,,,center,,,concrete,,,,,,,,,,,,,,,,,,,,,,,,,,,,,,,,,,,,,,,,,,,,,,,,,,,,yes,,,,,,,,,,,,,,,,,,,,,,,,,,,,,
Point,3.6403064,6.4492008,way/542661124,yes,tertiary,1,Cardinal Anthony Olubunmi Okogie Road,yes,,center,,,,,,,,,,,,,,,,,,,,,,,,,,,,,,,,,,,,,,,,,,,,,,,,,,,,,,,,,,,,,,,,,,,,,,,,,,,,,,,,,,,,
Point,3.6402114,6.4491946,way/542661127,yes,tertiary,1,Cardinal Anthony Olubunmi Okogie Road,yes,,center,,,,,,,,,,,,,,,,,,,,,,,,,,,,,,,,,,,,,,,,,,,,,,,,,,,,,,,,,,,,,,,,,,,,,,,,,,,,,,,,,,,,
Point,3.4552685,6.4486151,way/554716705,yes,footway,1,,,,center,,,,,,,,,,,,,,,,,,,,,,,,,,,,,,,,,,,,,,,,,,,,,,,,,,,,,,,,,,,,,,,,,,,sidewalk,,,,,,,,,,,,,,,,,
Point,3.4553211,6.4487598,way/554716706,yes,footway,1,,,,center,,,,,,,,,,,,,,,,,,,,,,,,,,,,,,,,,,,,,,,,,,,,,,,,,,,,,,,,,,,,,,,,,,,sidewalk,,,,,,,,,,,,,,,,,
Point,3.4711602,6.4313298,way/555290585,yes,footway,1,,,,center,,,,,,,,,,,,,,,,,,,,,,,,,,,,,,,,,,,,,,,,,,,,,,,,,,,,,,,,,,,,,,,,,,,,,,,,,,,,,,,,,,,,
Point,3.5557563,6.4615696,way/556245670,yes,footway,4,,,,center,,,,,,,,,,,,,,,,,,,,,,,,,,,,,,,,,,,,,,,,,,,,,,,,,,,,,,,,,,,,,,,,,,,,,,,,,,,,,,,,,,,,
Point,3.5553166,6.4593077,way/556245686,yes,trunk,1,Lekki-Epe Expressway,yes,,center,2,,paved,,,,,,,,,,,,,,,,,,,,,,,,,,,,,,,,,,,,,,,,,,,,,,,,,,,,,,,,,,,,,,,,,,,,,,,,,,,,,,,,,
Point,3.5551077,6.4593209,way/556245689,yes,trunk,1,Lekki-Epe Expressway,yes,,center,2,,paved,,,,,,,,,,,,,,,,,,,,,,,,,,,,,,,,,,,,,,,,,,,,,,,,,,,,,,,,,,,,,,,,,,,,,,,,,,,,,,,,,
Point,3.5428009,6.4348338,way/557738452,yes,primary,1,Orchid Road,,,center,,,,,,,,,,,,,,,,,,,,,,,,,,,,,,,,,,,,,,,,,,,,,,,,,,,,,,,,,,,,,,,,,,,,,,,,,,,,,,,,,,,,
Point,3.1421368,6.4756147,way/558865311,yes,secondary,1,,yes,,center,,,paved,,,,,,,,,,,,,,,,,,,,,,,,,,,,,,,,,,,,,,,,,,,,,,,,,,,,,,,,,,,,,,,,,,,,,,,,,,,,,,,,,
Point,3.1420657,6.4756147,way/558865313,yes,secondary,1,,yes,,center,,,paved,,,,,,,,,,,,,,,,,,,,,,,,,,,,,,,,,,,,,,,,,,,,,,,,,,,,,,,,,,,,,,,,,,,,,,,,,,,,,,,,,
Point,4.1859709,6.3978534,way/558906207,yes,tertiary,1,Eleko-Folu Road,no,,center,,,paved,,,,,,,,,,,,,,,,,,,,,,,,,,,,,,,,,,,,,,,,,,,,,,,,,,,,,,,,,,,,,,,,,,,,,,,,,,,,,,,,,
Point,4.2035332,6.3937871,way/558906210,yes,tertiary,1,Eleko-Folu Road,,,center,,,unpaved,,,,,,,,,,,,,,,,,,,,,,,,,,,,,,,,,,,,,,,,,,,,,,,,,,,,,,,,,,,,,,,,,,,,,,,,,,,,,,,,,
Point,3.1548662,6.4751803,way/559065055,yes,path,1,,,,center,,,,,,,,,,,,,,,,,,,,,,,,,,,,,,,,,,,,,,,,,,,,,,,,,,,,,,,,,,,,,,,,,,,,,,,,,,,,,,,,,,,,
Point,3.3966391,6.4586111,way/559069088,yes,residential,1,,,,center,,,,,Bing,,,,,,,,,,,,,,,,,,,,,,,,,,,,,,,,,,,,,,,,,,,,,,,,,,,,,,,,,,,,,,,,,,,,,,,,,,,,,,,
Point,3.3958996,6.4589026,way/559069091,yes,residential,1,,,,center,,,,,bing,,,,,,,,,,,,,,,,,,,,,,,,,,,,,,,,,,,,,,,,,,,,,,,,,,,,,,,,,,,,,,,,,,,,,,,,,,,,,,,
Point,3.3893388,6.4653473,way/559174570,yes,primary,1,Ring Road,yes,F264,center,,,,Lagos Island Inner Ring Road,,,,,,,,,,,,,,,,,,,,,,,,,,,,,,,,,,,,,,,,,,,,,,,,,,,,,,,,,,,,,,,,,,,,,,,,,,,,,,,,
Point,3.3341971,6.5127125,way/559336295,yes,tertiary,1,Adeniyi Street,yes,,center,,,,,,,,,,,,,,,,,,,,,,,,,,,,,,,,,,,,,,,,,,,,,,,,,,,,,,,,,,,,,,,,,,,,,,,,,,,,,,,,,,,,
Point,3.4844474,6.433289,way/559542307,yes,footway,4,,,,center,,,,,,,,,,,,,,,,,,,,,,,,,,,,,,,,,,,,,,,,,,,,,,,,,,,,,,,,,,,,,,,,,,,,,,,,,,,,,,,,,,,,
Point,3.3416241,6.5514893,way/560546954,yes,footway,1,,,,center,,,,,,,,,,,,,,,,,,,,,,,,,,,,,,,,,,,,,,,,,,,,,,,,,,,,,,,,,,,,,,,,,,,,,,,,,,,,,,,,,,,,
Point,3.3518364,6.5560983,way/560546961,yes,footway,1,,,,center,,,,,,,,,,,,,,,,,,,,,,,,,,,,,,,,,,,,,,,,,,,,,,,,,,,,,,,,,,,,,,,,,,,,,,,,,,,,,,,,,,,,
Point,3.3519672,6.5551253,way/560546965,yes,footway,1,,,,center,,,,,,,,,,,,,,,,,,,,,,,,,,,,,,,,,,,,,,,,,,,,,,,,,,,,,,,,,,,,,,,,,,,,,,,,,,,,,,,,,,,,
Point,3.3727399,6.5544799,way/560546966,yes,primary,1,Apapa-Oworonshoki Expressway,yes,,center,,,,,,,,,,,,,,,,,,,,,,,,,,,,,,,,,,,,,,,,,,,,,,,,,,,,,,,,,,,,,,,,,,,,,,,,,,,,,,,,,,,,
Point,3.3728329,6.5545643,way/560546967,yes,motorway,1,Apapa-Oworonsoki Expressway,yes,F265,center,,,asphalt,,,,,,,,,,,,,,,,,,,,,,,,,,,,,,,,,,,,,,,,,,,,,,,,,,,,,,,,,,,,,,,,,,,,,,,,,,,,,,,,,
Point,3.3730222,6.5547284,way/560546970,yes,primary,1,Apapa-Oworonshoki Expressway,yes,,center,,,,,,,,,,,,,,,,,,,,,,,,,,,,,,,,,,,,,,,,,,,,,,,,,,,,,,,,,,,,,,,,,,,,,,,,,,,,,,,,,,,,
Point,3.372936,6.5546518,way/560546971,yes,motorway,1,Apapa-Oworonsoki Expressway,yes,F265,center,,,asphalt,,Bing,,,,,,,,,,,,,,,,,,,,,,,,,,,,,,,,,,,,,,,,,,,,,,,,,,,,,,,,,,,,,,,,,,,,,,,,,,,,,,,
Point,3.5893496,6.4353454,way/563078100,yes,tertiary,1,Okun-Ajah Community Road,,,center,,,,,bing,,,,,,,,,,,,,,,,,,,,,,,,,,,,,,,,,,,,,,,,,,,,,,,,,,,,,,,,,,,,,,,,,,,,,,,,,,,,,,,
Point,3.5926326,6.4343533,way/563090757,yes,secondary,1,,,,center,,,,,bing,,,,,,,,,,,,,,,,,,,,,,,,,,,,,,,,,,,,,,,,,,,,,,,,,,,,,,,,,,,,,,,,,,,,,,,,,,,,,,,
Point,-8.6779788,37.0964398,way/563144654,yes,footway,1,,,,center,,,sett,,,,,,,,,,,,,,,,,,,,,,,,,,,,,,,,,,,,,,,,,,,,,,,,,,,,,,,,,,,,,,,,sidewalk,,,,,,,,,,,,,,,,,
Point,-8.6778472,37.0964595,way/563144657,yes,footway,1,,,,center,,,sett,,,,,,,,,,,,,,,,,,,,,,,,,,,,,,,,,,,,,,,,,,,,,,,,,,,,,,,,,,,,,,,,sidewalk,,,,,,,,,,,,,,,,,
Point,-8.6724005,37.0954942,way/563144667,yes,footway,1,,,,center,,,sett,,,,,,,,,,,,,,,,,,,,,,,,,,,,,,,,,,,,,,,,,,,,,,,,,,,,,,,,,,,,,,,,sidewalk,,,,,,,,,,,,,,,,,
Point,-8.6723686,37.0954173,way/563144670,yes,footway,1,,,,center,,,sett,,,,,,,,,,,,,,,,,,,,,,,,,,,,,,,,,,,,,,,,,,,,,,,,,,,,,,,,,,,,,,,,sidewalk,,,,,,,,,,,,,,,,,
Point,3.5532449,6.4401659,way/563329127,yes,residential,1,Road 1,,,center,,,,,,,,,,,,,,,,,,,,,,,,,,,,,,,,,,,,,,,,,,,,,,,,,,,,,,,,,,,,,,,,,,,,,,,,,,,,,,,,,,,,
Point,3.0289355,6.4944045,way/563374674,yes,unclassified,1,,,,center,,,,,,,,,,,,,,,,,,,,,,,,,,,,,,,,,,,,,,,,,,,,,,,,,,,,,,,,,,,,,,,,,,,,,,,,,,,,,,,,,,,,
Point,3.6389796,6.4707795,way/564321925,yes,trunk,1,Lekki-Epe Expressway,yes,,center,2,,paved,,,,,,,,,,,,,,,,,,,,,,,,,,,,,,,,,,,,,,,,,,,,,,,,,,,,,,,,,,,,,,,,,,,,,,,,,,,,,,,,,
Point,3.6389766,6.470669,way/564321929,yes,trunk,1,Lekki-Epe Expressway,yes,,center,2,,paved,,,,,,,,,,,,,,,,,,,,,,,,,,,,,,,,,,,,,,,,,,,,,,,,,,,,,,,,,,,,,,,,,,,,,,,,,,,,,,,,,
Point,3.3312567,6.4881673,way/564963989,yes,residential,1,,,,center,,,unpaved,,,,,,,,,,,,,,,,,,,,,,,,,,,,,,,,,,,,,,,,,,,,,,,,,,,,,,,,,,,,,,,,,,,,,,,,,,,,,,,,,
Point,2.9640652,6.4906816,way/565215751,yes,tertiary,1,,,,center,,,paved,,,,,,,,,,,,,,,,,,,,,,,,,,,,,,,,,,,,,,,,,,,,,,,,,,,,,,,,,,,,,,,,,blurred imagery,,,,,,,,,,,,,,,,
Point,3.3138365,6.4181978,way/567221652,yes,unclassified,1,,,,center,,,,,,,,,,,,,,,,,,,,,,,,,,,,,,,,,,,,,,,,,,,,,,,,,,,,,,,,,,,,,,,,,,,,,,,,,,,,,,,,,,,,
Point,3.1747716,6.4785597,way/569994594,yes,residential,1,,,,center,,,,,,,,,,,,,,,,,,,,,,,,,,,,,,,,,,,,,,,,,,,,,,,,,,,,,,,,,,,,,,,,,,,,,,,,,,,,,,,,,,,,
Point,3.1740292,6.4788602,way/569994596,yes,residential,1,,,,center,,,,,,,,,,,,,,,,,,,,,,,,,,,,,,,,,,,,,,,,,,,,,,,,,,,,,,,,,,,,,,,,,,,,,,,,,,,,,,,,,,,,
Point,3.1721614,6.4789887,way/569994597,yes,residential,1,,,,center,,,,,,,,,,,,,,,,,,,,,,,,,,,,,,,,,,,,,,,,,,,,,,,,,,,,,,,,,,,,,,,,,,,,,,,,,,,,,,,,,,,,
Point,3.3297118,6.6143948,way/570268610,yes,residential,1,,,,center,,,,,,,,,,,,,,,,,,,,,,,,,,,,,,,,,,,,,,,,,,,,,,,,,,,,,,,,,,,,,,,,,,,,,,,,,,,,,,,,,,,,
Point,3.5312462,6.4308652,way/570657216,yes,unclassified,1,,,,center,,,,,,,,,,,,,,,,,,,,,,,,,,,,,,,,,,,,,,,,,,,,,,,,,,,,,,,,,,,,,,,,,,,,,,,,,,,,,,,,,,,,
Point,3.319108,6.5413195,way/570828976,yes,tertiary,1,Kudirat Adenekan Street,yes,,center,,,,,,,,,,,,,,,,,,,,,,,,,,,,,,,,,,,,,,,,,,,,,,,,,,,,,,,,,,,,,,,,,,,,,,,,,,,,,,,,,,,,
Point,3.3189641,6.540657,way/570828979,yes,tertiary,1,Kudirat Adenekan Street,yes,,center,,,unpaved,,,,,,,,,,,,,,,,,,,,,,,,,,,,,,,,,,,,,,,,,,,,,,,,,,,,,,,,,,,,,,,,,,,,,,,,,,,,,,,,,
Point,3.2525341,6.4170501,way/570953572,yes,unclassified,1,,no,,center,,,unpaved,,,,,,,,,,,,,,,,,,,,,,,,,,,,,,,,,,,,,,,,,,,,,,,,,,,,,,,,,,,,,,,,,,,,,,,,,,,,,,,,,
Point,3.2481636,6.5449378,way/571523774,yes,path,1,,,,center,,,,,,,,,,,,,,,,,,,,,,,,,,,,,,,,,,,,,,,,,,,,,,,,,,,,,,,,,,,,,,,,,,,,,,,,,,,,,,,,,,,,
Point,3.2460087,6.544166,way/571550886,yes,residential,1,,,,center,,,unpaved,,,,,,,,,,,,,,,,,,,,,,,,,,,,,,,,,,,,,,,,,,,,,,,,,,,,,,,,,,,,,,,,,,,,,,,,,,,,,,,,,
Point,3.6130726,6.5632229,way/573586441,yes,unclassified,1,,,,center,,,paved,,,,,,,,,,,,,,,,,,,,,,,,,,,,,,,,,,,,,,,,,,,,,,,,,,,,,,,,,,,,,,,,,,,,,,,,,,,,,,,,,
Point,3.3184915,6.6216646,way/574545009,yes,residential,1,Owo Street,,,center,,,unpaved,,,,,,,,,,,,,,,,,,,,,,,,,,,,,,,,,,,,,,,,,,,,,,,,,,,,,,,,,,,,,,,,,,,,,,,,,,,,,,,,,
Point,3.318366,6.6203556,way/574545011,yes,residential,1,,,,center,,,,,,,,,,,,,,,,,,,,,,,,,,,,,,,,,,,,,,,,,,,,,,,,,,,,,,,,,,,,,,,,,,,,,,,,,,,,,,,,,,,,
Point,3.318403,6.6198159,way/574545013,yes,residential,1,Ayeni Street,,,center,,,,,,,,,,,,,,,,,,,,,,,,,,,,,,,,,,,,,,,,,,,,,,,,,,,,,,,,,,,,,,,,,,,,,,,,,,,,,,,,,,,,
Point,3.4771457,6.6670928,way/575988515,yes,tertiary,1,,,,center,,,,,,,,,,,,,,,,,,,,,,,,,,,,,,,,,,,,,,,,,,,,,,,,,,,,,,,,,,,,,,,,,,,,,,,,,,,,,,,,,,,,
Point,3.4793009,6.6672944,way/575999624,yes,residential,1,,,,center,,,,,,,,,,,,,,,,,,,,,,,,,,,,,,,,,,,,,,,,,,,,,,,,,,,,,,,,,,,,,,,,,,,,,,,,,,,,,,,,,,,,
Point,3.4764241,6.6594565,way/575999635,yes,tertiary,1,,,,center,,,,,,,,,,,,,,,,,,,,,,,,,,,,,,,,,,,,,,,,,,,,,,,,,,,,,,,,,,,,,,,,,,,,,,,,,,,,,,,,,,,,
Point,3.1393627,6.4567002,way/578572323,yes,tertiary,1,,,,center,,,,,,,,,,,,,,,,,,,,,,,,,,,,,,,,,,,,,,,,,,,,,,,,,,,,,,,,,,,,,,,,,,,,,,,,,,,,,,,,,,,,
Point,3.1656839,6.4602375,way/578809223,yes,secondary,1,,,,center,,,paved,,,,,,,,,,,,,,,,,,,,,,,,,,,,,,,,,,,,,,,,,,,,,,,,,,,,,,,,,,,,,,,,,,,,,,,,,,,,,,,,,
Point,3.1720235,6.4594267,way/578829724,yes,residential,1,,,,center,,,,,,,,,,,,,,,,,,,,,,,,,,,,,,,,,,,,,,,,,,,,,,,,,,,,,,,,,,,,,,,,,,,,,,,,,,,,,,,,,,,,
Point,3.1698135,6.4601305,way/578829727,yes,residential,1,,,,center,,,,,,,,,,,,,,,,,,,,,,,,,,,,,,,,,,,,,,,,,,,,,,,,,,,,,,,,,,,,,,,,,,,,,,,,,,,,,,,,,,,,
Point,3.1727049,6.4593834,way/578829731,yes,residential,1,,,,center,,,,,,,,,,,,,,,,,,,,,,,,,,,,,,,,,,,,,,,,,,,,,,,,,,,,,,,,,,,,,,,,,,,,,,yes,,,,,,,,,,,,,,
Point,3.1682991,6.4602648,way/578829733,yes,residential,1,,,,center,,,,,,,,,,,,,,,,,,,,,,,,,,,,,,,,,,,,,,,,,,,,,,,,,,,,,,,,,,,,,,,,,,,,,,,,,,,,,,,,,,,,
Point,3.1669346,6.4600469,way/578829734,yes,residential,1,,,,center,,,,,,,,,,,,,,,,,,,,,,,,,,,,,,,,,,,,,,,,,,,,,,,,,,,,,,,,,,,,,,,,,,,,,,,,,,,,,,,,,,,,
Point,3.1738845,6.4697527,way/578942930,yes,residential,1,,,,center,,,,,,,,,,,,,,,,,,,,,,,,,,,,,,,,,,,,,,,,,,,,,,,,,,,,,,,,,,,,,,,,,,,,,,,,,,,,,,,,,,,,
Point,3.1703228,6.4709474,way/578942934,yes,unclassified,1,,,,center,,,,,,,,,,,,,,,,,,,,,,,,,,,,,,,,,,,,,,,,,,,,,,,,,,,,,,,,,,,,,,,,,,,,,,,,,,,,,,,,,,,,
Point,3.1857469,6.4673465,way/579281746,yes,residential,1,,,,center,,,,,,,,,,,,,,,,,,,,,,,,,,,,,,,,,,,,,,,,,,,,,,,,,,,,,,,,,,,,,,,,,,,,,,,,,,,,,,,,,,,,
Point,3.1796388,6.4625553,way/579281751,yes,tertiary,1,,,,center,,,,,,,,,,,,,,,,,,,,,,,,,,,,,,,,,,,,,,,,,,,,,,,,,,,,,,,,,,,,,,,,,,,,,,,,,,,,,,,,,,,,
Point,3.1871957,6.4682129,way/579281753,yes,residential,1,,,,center,,,unpaved,,,,,,,,,,,,,,,,,,,,,,,,,,,,,,,,,,,,,,,,,,,,,,,,,,,,,,,,,,,,,,,,,,,,,,,,,,,,,,,,,
Point,3.5131694,6.621574,way/579331725,yes,unclassified,1,,,,center,,,,,,,,,,,,,,,,,,,,,,,,,,,,,,,,,,,,,,,,,,,,,,,,,,,,,,,,,,,,,,,,,,,,,,,,,,,,,,,,,,,,
Point,3.1894776,6.467789,way/579333704,yes,residential,1,,,,center,,,unpaved,,,,,,,,,,,,,,,,,,,,,,,,,,,,,,,,,,,,,,,,,,,,,,,,,,,,,,,,,,,,,,,,,,,,,,,,,,,,,,,,,
Point,3.5072566,6.6202629,way/579335079,yes,unclassified,1,,,,center,,,,,,,,,,,,,,,,,,,,,,,,,,,,,,,,,,,,,,,,,,,,,,,,,,,,,,,,,,,,,,,,,,,,,,,,,,,,,,,,,,,,
Point,3.513373,6.6158817,way/579335085,yes,secondary,1,Awolowo Road,yes,,center,,,paved,,,,,,,,,,,,,,,,,,,,,,,,,,,,,,,,,,,,,,,,,,,,,,,,,,,,,,,,,,,,,,,,,,,,,,,,,,,,,,,,,
Point,3.5133297,6.615933,way/579335087,yes,secondary,1,Awolowo Road,yes,,center,,,paved,,,,,,,,,,,,,,,,,,,,,,,,,,,,,,,,,,,,,,,,,,,,,,,,,,,,,,,,,,,,,,,,,,,,,,,,,,,,,,,,,
Point,3.5260697,6.624642,way/579349363,yes,secondary,1,Awolowo Road,yes,,center,,,paved,,,,,,,,,,,,,,,,,,,,,,,,,,,,,,,,,,,,,,,,,,,,,,,,,,,,,,,,,,,,,,,,,,,,,,,,,,,,,,,,,
Point,3.5260457,6.62468,way/579349365,yes,secondary,1,Awolowo Road,yes,,center,,,paved,,,,,,,,,,,,,,,,,,,,,,,,,,,,,,,,,,,,,,,,,,,,,,,,,,,,,,,,,,,,,,,,,,,,,,,,,,,,,,,,,
Point,3.1584755,6.4620158,way/579351427,yes,residential,1,,,,center,,,,,,,,,,,,,,,,,,,,,,,,,,,,,,,,,,,,,,,,,,,,,,,,,,,,,,,,,,,,,,,,,,,,,,,,,,,,,,,,,,,,
Point,3.2878411,6.5389317,way/579528224,yes,primary,1,Ikotun - Ejigbo Road,yes,,center,,,,,,,,,,,,,,,,,,,,,,,,,,,,,,,,,,,,,,,,,,,,,,,,,,,,,,,,,,,,,,,,,,,,,,,,,,,,,,,,,,,,
Point,3.2878406,6.5389763,way/579528225,yes,primary,1,Ikotun - Ejigbo Road,yes,,center,,,,,,,,,,,,,,,,,,,,,,,,,,,,,,,,,,,,,,,,,,,,,,,,,,,,,,,,,,,,,,,,,,,,,,,,,,,,,,,,,,,,
Point,3.1547504,6.4617184,way/579632109,yes,path,1,,,,center,,,,,,,,,,,,,,,,,,,,,,,,,,,,,,,,,,,,,,,,,,,,,,,,,,,,,,,,,,,,,,,,,,,,,,,,,,,,,,,,,,,,
Point,3.1537841,6.4712362,way/580831118,yes,residential,1,,,,center,,,unpaved,,,,,,,,,,,,,,,,,,,,,,,,,,,,,,,,,,,,,,,,,,,,,,,,,,,,,,,,,,,,,,,,,,,,,,,,,,,,,,,,,
Point,3.157551,6.4696342,way/580831122,yes,residential,1,,,,center,,,,,,,,,,,,,,,,,,,,,,,,,,,,,,,,,,,,,,,,,,,,,,,,,,,,,,,,,,,,,,,,,,,,,,,,,,,,,,,,,,,,
Point,3.1450262,6.4641826,way/580831123,yes,secondary,1,,yes,,center,,,paved,,,,,,,,,,,,,,,,,,,,,,,,,,,,,,,,,,,,,,,,,,,,,,,,,,,,,,,,,,,,,,,,,,,,,,,,,,,,,,,,,
Point,3.1450667,6.4641224,way/580831126,yes,secondary,1,,yes,,center,,,paved,,,,,,,,,,,,,,,,,,,,,,,,,,,,,,,,,,,,,,,,,,,,,,,,,,,,,,,,,,,,,,,,,,,,,,,,,,,,,,,,,
Point,3.487629,6.6388419,way/580881697,yes,residential,1,,,,center,,,,,,,,,,,,,,,,,,,,,,,,,,,,,,,,,,,,,,,,,,,,,,,,,,,,,,,,,,,,,,,,,,,,,,,,,,,,,,,,,,,,
Point,3.4892699,6.6360295,way/580881699,yes,residential,1,,,,center,,,,,,,,,,,,,,,,,,,,,,,,,,,,,,,,,,,,,,,,,,,,,,,,,,,,,,,,,,,,,,,,,,,,,,,,,,,,,,,,,,,,
Point,3.1922046,6.4619193,way/581225852,yes,residential,1,Alaba Street,,,center,,,,,,,,,,,,,,,,,,,,,,,,,,,,,,,,,,,,,,,,,,,,,,,,,,,,,,,,,,,,,,,,,,,,,,,,,,,,,,,,,,,,
Point,3.1981293,6.4614435,way/581225854,yes,residential,1,,,,center,,,,,,,,,,,,,,,,,,,,,,,,,,,,,,,,,,,,,,,,,,,,,,,,,,,,,,,,,,,,,,,,,,,,,,,,,,,,,,,,,,,,
Point,3.1966496,6.4575064,way/581238081,yes,residential,1,,,,center,,,,,Bing,,,,,,,,,,,,,,,,,,,,,,,,,,,,,,,,,,,,,,,,,,,,,,,,,,,,,,,,,,,,,,,,,,,,,,,,,,,,,,,
Point,3.1387148,6.4133355,way/581895694,yes,unclassified,1,,,,center,,,unpaved,,,,,,,,,,,,,,,,,,,,,,,,,,,,,,,,,,,,,,,,,,,,,,,,,,,,,,,,,,,,,,,,,,,,,,,,,,,,,,,,,
Point,3.1945083,6.4600961,way/581920136,yes,secondary,1,,,,center,,,,,Bing,,,,,,,,,,,,,,,,,,,,,,,,,,,,,,,,,,,,,,,,,,,,,,,,,,,,,,,,,,,,,,,,,,,,,,,,,,,,,,,
Point,3.4320518,6.4327041,way/582795420,yes,residential,1,Bendel Calle,,,center,,,,,,,,,,,,,,,,,,,,,,,,,,,,,,,,,,,,,,,,,,,,,,,,,,,,,,,,,,,,,,,,,,,,,,,,,,,,,,,,,,,,
Point,3.4736461,6.6390497,way/583236028,yes,residential,1,,,,center,,,,,,,,,,,,,,,,,,,,,,,,,,,,,,,,,,,,,,,,,,,,,,,,,,,,,,,,,,,,,,,,,,,,,,,,,,,,,,,,,,,,
Point,3.3442738,6.5170236,way/583244652,yes,secondary,1,Mushin Road,,,center,,,,,BING,,,,,,,,,,,,,,,,,,,,,,,,,,,,,,,,,,,,,,,,,,,,,,,,,,,,,,,,,,,,,,,,,,,,,,,,,,,,,,,
Point,3.3549845,6.5157964,way/583292497,yes,secondary,1,Ishaga Road,yes,,center,,,,,,,,,,,,,,,,,,,,,,,,,,,,,,,,,,,,,,,,,,,,,,,,,,,,,,,,,,,,,,,,,,,,,,,,,,,,,,,,,,,,
Point,3.3549381,6.5157599,way/583292499,yes,secondary,1,Ishaga Road,yes,,center,,,,,,,,,,,,,,,,,,,,,,,,,,,,,,,,,,,,,,,,,,,,,,,,,,,,,,,,,,,,,,,,,,,,,,,,,,,,,,,,,,,,
Point,3.3587342,6.5032203,way/583328789,yes,tertiary,1,,yes,,center,,,,,,,,,,,,,,,,,,,,,,,,,,,,,,,,,,,,,,,,,,,,,,,,,,,,,,,,,,,,,,,,,,,,,,,,,,,,,,,,,,,,
Point,3.3542554,6.5054718,way/583328791,yes,tertiary,1,,yes,,center,,,paved,,,,,,,,,,,,,,,,,,,,,,,,,,,,,,,,,,,,,,,,,,,,,,,,,,,,,,,,,,,,,,,,,,,,,,,,,,,,,,,,,
Point,3.2890184,6.6448837,way/583487671,yes,tertiary,1,Old Otta Road,yes,,center,,,,,,,,,,,,,,,,,,,,,,,,,,,,,,,,,,,,,,,,,,,,,,,,,,,,,,,,,,,,,,,,,,,,,,,,,,,,,,,,,,,,
Point,3.267329,6.6566553,way/583487673,yes,tertiary,1,,yes,,center,,,,,,,,,,,,,,,,,,,,,,,,,,,,,,,,,,,,,,,,,,,,,,,,,,,,,,,,,,,,,,,,,,,,,,,,,,,,,,,,,,,,
Point,3.2521464,6.6764766,way/583527311,yes,unclassified,1,,,,center,,,unpaved,,,,,,,,,,,,,,,,,,,,,,,,,,,,,,,,,,,,,,,,,,,,,,,,,,,,,,,,,,,,,,,,,,,,,,,,,,,,,,,,,
Point,3.2984197,6.6257803,way/583527314,yes,trunk,1,Lagos-Abeokuta Expressway,yes,A5,center,2,,unpaved,,,,,,,yes,,,,,,,,,,,,,,,,,,,,,,,,,,,,,,,,,,,,,,,,,,,,,,,,,,,,,,,,,,,,,,,,,,,,,,,,,,
Point,3.2982458,6.6258197,way/583527318,yes,trunk,1,Lagos-Abeokuta Expressway,yes,A5,center,2,,paved,,,,,,,yes,,,,,,,,,,,,,,,,,,,,,,,,,,,,,,,,,,,,,,,,,,,,,,,,,,,,,,,,,,,,,,,,,,,,,,,,,,
Point,3.3553556,6.5015367,way/583688459,yes,residential,1,,,,center,,,,,,,,,,,,,,,,,,,,,,,,,,,,,,,,,,,,,,,,,,,,,,,,,,,,,,,,,,,,,,,,,,,,,,,,,,,,,,,,,,,,
Point,3.3598666,6.5184255,way/583709124,yes,residential,1,,,,center,,,,,,,,,,,,,,,,,,,,,,,,,,,,,,,,,,,,,,,,,,,,,,,,,,,,,,,,,,,,,,,,,,,,,,,,,,,,,,,,,,,,
Point,3.3604864,6.5185732,way/583709125,yes,residential,1,,,,center,,,unpaved,,,,,,,,,,,,,,,,,,,,,,,,,,,,,,,,,,,,,,,,,,,,,,,,,,,,,,,,,,,,,,,,,,,,,,,,,,,,,,,,,
Point,3.2646888,6.6385747,way/585147797,yes,secondary,1,Command Secondary School Road,yes,,center,,,,,,,,,,,,,,,,,,,,,,,,,,,,,,,,,,,,,,,,,,,,,,,,,,,,,,,,,,,,,,,,,,,,,,,,,,,,,,,,,,,,
Point,3.2566553,6.6176141,way/585147799,yes,secondary,1,Command Secondary School Road,,,center,,,,,,,,,,,,,,,,,,,,,,,,,,,,,,,,,,,,,,,,,,,,,,,,,,,,,,,,,,,,,,,,,,,,,,,,,,,,,,,,,,,,
Point,3.289302,6.6439624,way/585162642,yes,primary,1,Ekoro Agbelekale,yes,,center,,,,,,,,,,,,,,,,,,,,,,,,,,,,,,,,,,,,,,,,,,,,,,,,,,,,,,,,,,,,,,,,,,,,,,,,,,,,,,,,,,,,
Point,3.2892477,6.6439978,way/585162644,yes,primary,1,Ekoro Agbelekale,yes,,center,,,,,,,,,,,,,,,,,,,,,,,,,,,,,,,,,,,,,,,,,,,,,,,,,,,,,,,,,,,,,,,,,,,,,,,,,,,,,,,,,,,,
Point,3.3645131,6.509909,way/585187762,yes,secondary,1,Ojuelegba Road,yes,,center,,,,,,,,,,,,,,,,,,,,,,,,,,,,,,,,,,,,,,,,,,,,,,,,,,,,,,,,,,,,,,,,,,,,,,,,,,,,,,,,,,,,
Point,3.3644988,6.5099751,way/585187764,yes,secondary,1,Ojuelegba Road,yes,,center,,,,,,,,,,,,,,,,,,,,,,,,,,,,,,,,,,,,,,,,,,,,,,,,,,,,,,,,,,,,,,,,,,,,,,,,,,,,,,,,,,,,
Point,3.3787617,6.5263072,way/585203603,yes,residential,1,,,,center,,,unpaved,,,,,,,,,,,,,,,,,,,,,,,,,,,,,,,,,,,,,,,,,,,,,,,,,,,,,,,,,,,,,,,,,,,,,,,,,,,,,,,,,
Point,3.3758766,6.525696,way/585203605,yes,unclassified,1,,,,center,,,,,,,,,,,,,,,,,,,,,,,,,,,,,,,,,,,,,,,,,,,,,,,,,,,,,,,,,,,,,,,,,,,,,,,,,,,,,,,,,,,,
Point,3.287349,6.652337,way/585352804,yes,residential,1,Ona Opepo Street,,,center,,,,,,,,,,,,,,,,,,,,,,,,,,,,,,,,,,,,,,,,,,,,,,,,,,,,,,,,,,,,,,,,,,,,,,,,,,,,,,,,,,,,
Point,3.3765867,6.5262723,way/585400691,yes,residential,1,Odunnukan Street,,,center,,,,,,,,,,,,,,,,,,,,,,,,,,,,,,,,,,,,,,,,,,,,,,,,,,,,,,,,,,,,,,,,,,,,,,,,,,,,,,,,,,,,
Point,3.5182777,6.4608488,way/585575320,yes,residential,1,,,,center,,,,,,,,,,,,,,,,,,,,,,,,,,,,,,,,,,,,,,,,,,,,,,,,,,,,,,,,,,,,,,,,,,,,,,,,,,,,,,,,,,,,
Point,3.5180377,6.4537131,way/585575324,yes,tertiary,1,,,,center,,,,,,,,,,,,,,,,,,,,,,,,,,,,,,,,,,,,,,,,,,,,,,,,,,,,,,,,,,,,,,,,,,,,,,,,,,,,,,,,,,,,
Point,3.2917436,6.6198986,way/585724784,yes,tertiary,1,,,,center,,,,,,,,,,,,,,,,,,,,,,,,,,,,,,,,,,,,,,,,,,,,,,,,,,,,,,,,,,,,,,,,,,,,,,,,,,,,,,,,,,,,
Point,3.2925809,6.6210056,way/585726969,yes,residential,1,,,,center,,,,,,,,,,,,,,,,,,,,,,,,,,,,,,,,,,,,,,,,,,,,,,,,,,,,,,,,,,,,,,,,,,,,,,,,,,,,,,,,,,,,
Point,3.3357398,6.5950162,way/586130211,yes,footway,2,,,,center,,,,,,,,,,,,,,,,,,,,,,,,,,,,,,,,,,,,,,,,,,,,,,,,,,,,,,,,,,,,,,,,,,,,,,,,,,,,,,,,,,,,
Point,3.314114,6.6482517,way/586339468,yes,secondary,1,Agege Motor Road,yes,,center,,,unpaved,,,,,,,,,,,,,,,,,,,,,,,,,,,,,,,,,,,,,,,,,,,,,,,,,,,,,,,,,,,,,,,,,,,,,,,,,,,,,,,,,
Point,3.3140651,6.6481734,way/586339470,yes,secondary,1,Agege Motor Road,yes,,center,,,unpaved,,,,,,,,,,,,,,,,,,,,,,,,,,,,,,,,,,,,,,,,,,,,,,,,,,,,,,,,,,,,,,,,,,,,,,,,,,,,,,,,,
Point,3.3102232,6.6426985,way/586339472,yes,residential,1,Alexander Street,,,center,,,,,,,,,,,,,,,,,,,,,,,,,,,,,,,,,,,,,,,,,,,,,,,,,,,,,,,,,,,,,,,,,,,,,,,,,,,,,,,,,,,,
Point,3.3084105,6.6394443,way/586339474,yes,unclassified,1,Oyatoki Street,,,center,,,unpaved,,,,,,,,,,,,,,,,,,,,,,,,,,,,,,,,,,,,,,,,,,,,,,,,,,,,,,,,,,,,,,,,,,,,,,,,,,,,,,,,,
Point,3.3079731,6.6383019,way/586339476,yes,residential,1,Alhaji Oladipupo Street,,,center,,,,,,,,,,,,,,,,,,,,,,,,,,,,,,,,,,,,,,,,,,,,,,,,,,,,,,,,,,,,,,,,,,,,,,,,,,,,,,,,,,,,
Point,3.3076187,6.6375636,way/586339478,yes,residential,1,,,,center,,,unpaved,,,,,,,,,,,,,,,,,,,,,,,,,,,,,,,,,,,,,,,,,,,,,,,,,,,,,,,,,,,,,,,,,,,,,,,,,,,,,,,,,
Point,3.3072364,6.6356965,way/586339480,yes,residential,1,,,,center,,,unpaved,,,,,,,,,,,,,,,,,,,,,,,,,,,,,,,,,,,,,,,,,,,,,,,,,,,,,,,,,,,,,,,,,,,,,,,,,,,,,,,,,
Point,3.3061052,6.6335816,way/586339482,yes,unclassified,1,Old Ota Road,,,center,,,unpaved,,,,,,,,,,,,,,,,,,,,,,,,,,,,,,,,,,,,,,,,,,,,,,,,,,,,,,,,,,,,,,,,,,,,,,,,,,,,,,,,,
Point,3.3037506,6.6291187,way/586339484,yes,residential,1,,,,center,,,,,,,,,,,,,,,,,,,,,,,,,,,,,,,,,,,,,,,,,,,,,,,,,,,,,,,,,,,,,,,,,,,,,,,,,,,,,,,,,,,,
Point,3.3073192,6.6363185,way/586376224,yes,residential,1,Shoretire Street,,,center,,,,,,,,,,,,,,,,,,,,,,,,,,,,,,,,,,,,,,,,,,,,,,,,,,,,,,,,,,,,,,,,,,,,,,,,,,,,,,,,,,,,
Point,3.5684658,6.4479622,way/586456118,yes,residential,1,,,,center,,,,,,,,,,,,,,,,,,,,,,,,,,,,,,,,,,,,,,,,,,,,,,,,,,,,,,,,,,,,,,,,,,,,,,,,,,,,,,,,,,,,
Point,3.5661538,6.4476824,way/586456119,yes,residential,1,,,,center,,,,,,,,,,,,,,,,,,,,,,,,,,,,,,,,,,,,,,,,,,,,,,,,,,,,,,,,,,,,,,,,,,,,,,,,,,,,,,,,,,,,
Point,3.5639651,6.4474292,way/586456121,yes,secondary,1,Mobil Estate Road,,,center,,,,,,,,,,,,,,,,,,,,,,,,,,,,,,,,,,,,,,,,,,,,,,,,,,,,,,,,,,,,,,,,,,,,,,,,,,,,,,,,,,,,
Point,3.5767666,6.4493788,way/586456123,yes,residential,1,Engr. Kola Ajibola Street,,,center,,,,,,,,,,,,,,,,,,,,,,,,,,,,,,,,,,,,,,,,,,,,,,,,,,,,,,,,,,,,,,,,,,,,,,,,,,,,,,,,,,,,
Point,3.3120089,6.6445788,way/586478065,yes,residential,1,,,,center,,,unpaved,,,,,,,,,,,,,,,,,,,,,,,,,,,,,,,,,,,,,,,,,,,,,,,,,,,,,,,,,,,,,,,,,,,,,,,,,,,,,,,,,
Point,3.392912,6.5889301,way/586557443,yes,residential,1,,,,center,,,,,,,,,,,,,,,,,,,,,,,,,,,,,,,,,,,,,,,,,,,,,,,,,,,,,,,,,,,,,,,,,,,,,,,,,,,,,,,,,,,,
Point,3.3963066,6.5812435,way/586557446,yes,footway,1,,,,center,,,,,,,,,,,,,,,,,,,,,,,,,,,,,,,,,,,,,,,,,,,,,,,,,,,,,,,,,,,,,,,,,,,,,,,,,,,,,,,,,,,,
Point,3.290247,6.6383339,way/586615426,yes,residential,1,,,,center,,,,,,,,,,,,,,,,,,,,,,,,,,,,,,,,,,,,,,,,,,,,,,,,,,,,,,,,,,,,,,,,,,,,,,,,,,,,,,,,,,,,
Point,3.2917976,6.6336155,way/586615427,yes,path,1,,,,center,,,,,,,,,,,,,,,,,,,,,,,,,,,,,,,,,,,,,,,,,,,,,,,,,,,,,,,,,,,,,,,,,,,,,,,,,,,,,,,,,,,,
Point,3.381139,6.5240278,way/586621042,yes,tertiary,1,Fola Agoro Street,,,center,,,unpaved,,,,,,,,,,,,,,,,,,,,,,,,,,,,,,,,,,,,,,,,,,,,,,,,,,,,,,,,,,,,,,,,,,,,,,,,,,,,,,,,,
Point,3.3795552,6.5263856,way/586621044,yes,residential,1,,,,center,,,unpaved,,,,,,,,,,,,,,,,,,,,,,,,,,,,,,,,,,,,,,,,,,,,,,,,,,,,,,,,,,,,,,,,,,,,,,,,,,,,,,,,,
Point,3.3104366,6.6709913,way/586745535,yes,residential,1,Amusan Street,,,center,,,unpaved,,,,,,,,,,,,,,,,,,,,,,,,,,,,,,,,,,,,,,,,,,,,,,,,,,,,,,,,,,,,,,,,,,,,,,,,,,,,,,,,,
Point,3.3155199,6.6514916,way/586763553,yes,residential,1,Akinsegun Street,,,center,,,unpaved,,,,,,,,,,,,,,,,,,,,,,,,,,,,,,,,,,,,,,,,,,,,,,,,,,,,,,,,,,,,,,,,,,,,,,,,,,,,,,,,,
Point,3.3213573,6.649915,way/586763561,yes,service,1,,,,center,,,unpaved,,,,,,,,,,,,,,,,,,,,,,,,,,,,,,,,,,,,,,,,,,,,,,,,,,,,,,,,,,,,,,,,,,,,,,,,,,,,,,,,,
Point,3.3147386,6.6494051,way/586770837,yes,residential,1,Agric Road,,,center,,,,,,,,,,,,,,,,,,,,,,,,,,,,,,,,,,,,,,,,,,,,,,,,,,,,,,,,,,,,,,,,,,,,,,,,,,,,,,,,,,,,
Point,3.3386018,6.6405386,way/586782268,yes,residential,1,,,,center,,,unpaved,,,,,,,,,,,,,,,,,,,,,,,,,,,,,,,,,,,,,,,,,,,,,,,,,,,,,,,,,,,,,,,,,,,,,,,,,,,,,,,,,
Point,3.3380284,6.6400085,way/586782270,yes,residential,1,,,,center,,,unpaved,,,,,,,,,,,,,,,,,,,,,,,,,,,,,,,,,,,,,,,,,,,,,,,,,,,,,,,,,,,,,,,,,,,,,,,,,,,,,,,,,
Point,3.3418551,6.4404348,way/586955540,yes,residential,1,Ojoku Street,no,,center,,,unpaved,,Bing,,,,,,,,,,,,,,,,,,,,,,,,,,,,,,,,,,,,,,,,,,,,,,,,,,,,,,,,,,,,,,,,,,,,,,,,,,,,,,,
Point,3.3498551,6.6518297,way/587089918,yes,residential,1,,no,,center,,,,,,,,,,,,,,,,,,,,,,,,,,,,,,,,,,,,,,,,,,,,,,,,,,,,,,,,,,,,,,,,,,,,,,,,,,,,,,,,,,,,
Point,3.389997,6.6128117,way/587388854,yes,residential,1,,,,center,,,paved,,,,,,,,,,,,,,,,,,,,,,,,,,,,,,,,,,,,,,,,,,,,,,,,,,,,,,,,,,,,,,,,,,,,,,,,,,,,,,,,,
Point,3.376219,6.4895493,way/588150736,yes,residential,1,,,,center,,,unpaved,,,,,,,,,,,,,,,,,,,,,,,,,,,,,,,,,,,,,,,,,,,,,,,,,,,,,,,,,,,,,,,,,,,,,,,,,,,,,,,,,
Point,3.3857602,6.6071227,way/588252338,yes,path,1,,,,center,,,,,,,,,,,,,,,,,,,,,,,,,,,,,,,,,,,,,,,,,,,,,,,,,,,,,,,,,,,,,,,,,,,,,,,,,,,,,,,,,,,,
Point,3.3856566,6.6066097,way/588252341,yes,path,1,,,,center,,,,,,,,,,,,,,,,,,,,,,,,,,,,,,,,,,,,,,,,,,,,,,,,,,,,,,,,,,,,,,,,,,,,,,,,,,,,,,,,,,,,
Point,3.2886498,6.4799754,way/588270802,yes,residential,1,1st Avenue,yes,,center,,,,,,,,,,,,,,,,,,,,,,,,,,,,,,,,,,,,,,,,,,,,,,,,,,,,,,,,,,,,,,,,,,,,,,,,,,,,,,,,,,,,
Point,3.2887162,6.4799717,way/588270805,yes,residential,1,1st Avenue,yes,,center,,,,,,,,,,,,,,,,,,,,,,,,,,,,,,,,,,,,,,,,,,,,,,,,,,,,,,,,,,,,,,,,,,,,,,,,,,,,,,,,,,,,
Point,3.3794654,6.5431612,way/588320745,yes,residential,1,,,,center,,,,,Bing,,,,,,,,,,,,,,,,,,,,,,,,,,,,,,,,,,,,,,,,,,,,,,,,,,,,,,,,,,,,,,,,,,,,,,,,,,,,,,,
Point,3.3792924,6.5439698,way/588320747,yes,residential,1,,,,center,,,,,Bing,,,,,,,,,,,,,,,,,,,,,,,,,,,,,,,,,,,,,,,,,,,,,,,,,,,,,,,,,,,,,,,,,,,,,,,,,,,,,,,
Point,3.3793109,6.5453682,way/588320749,yes,residential,1,,,,center,,,,,Bing,,,,,,,,,,,,,,,,,,,,,,,,,,,,,,,,,,,,,,,,,,,,,,,,,,,,,,,,,,,,,,,,,,,,,,,,,,,,,,,
Point,3.3722773,6.5396663,way/588326031,yes,residential,1,Apata Street,,,center,,,,,Bing,,,,,,,,,,,,,,,,,,,,,,,,,,,,,,,,,,,,,,,,,,,,,,,,,,,,,,,,,,,,,,,,,,,,,,,,,,,,,,,
Point,3.3732775,6.4911825,way/588409510,yes,unclassified,1,Oke-Ira Road,,,center,,,unpaved,,bing,,,,,,,,,,,,,,,,,,,,,,,,,,,,,,,,,,,,,,,,,,,,,,,,,,,,,,,,,,,,,,,,,,,,,,,,,,,,,,,
Point,3.3729549,6.4885617,way/588409512,yes,,1,,,,center,,,unpaved,,,,,,,,,,,,no,,1067,,,,,,,,rail,,,,,,,,,,,,,industrial,,,,,,,,,,,,,,,,,,,,,,,,,,,,,,,,,,,,,,,,,,,,,,
Point,3.37061,6.4738411,way/588668068,yes,unclassified,1,,yes,,center,,,unpaved,,,,,,,,,,,,,,,,,,,,,,,,,,,,,,,,,,,,,,,,,,,,,,,,,,,,,,,customers,,,,,,,,,,,,,,,,,,,,,,,,,,
Point,3.3384011,6.558578,way/588965956,yes,residential,1,Adesanya Street,,,center,,,,,BING,,,,,,,,,,,,,,,,,,,,,,,,,,,,,,,,,,,,,,,,,,,,,,,,,,,,,,,,,,,,,,,,,,,,,,,,,,,,,,,
Point,3.3334832,6.5438455,way/589001485,yes,secondary,1,Osolo Way,,,center,,,,,,,,,,,,,,,,,,,,,,,,,,,,,,,,,,,,,,,,,,,,,,,,,,,,,,,,,,,,,,,,,,,,,,,,,,,,,,,,,,,,
Point,3.3374634,6.5550623,way/589001488,yes,residential,1,Agboola Street,,,center,,,,,,,,,,,,,,,,,,,,,,,,,,,,,,,,,,,,,,,,,,,,,,,,,,,,,,,,,,,,,,,,,,,,,,,,,,,,,,,,,,,,
Point,3.3362824,6.5502493,way/589001489,yes,unclassified,1,Eyinogun Street,,,center,,,,,BING,,,,,,,,,,,,,,,,,,,,,,,,,,,,,,,,,,,,,,,,,,,,,,,,,,,,,,,,,,,,,,,,,,,,,,,,,,,,,,,
Point,3.337792,6.5566916,way/589001491,yes,tertiary,1,Mafoluku Road,,,center,,,unpaved,,BING,,,,,,,,,,,,,,,,,,,,,,,,,,,,,,,,,,,,,,,,,,,,,,,,,,,,,,,,,,,,,,,,,,,,,,,,,,,,,,,
Point,3.3388376,6.5611662,way/589014132,yes,unclassified,1,Adeyemi Street,,,center,,,asphalt,,BING,,,,,,,,,,,,,,,,,,,,,,,,,,,,,,,,,,,,,,,,,,,,,,,,,,,,,,,,,,,,,,,,,,,,,,,,,,,,,,,
Point,3.3347627,6.5461002,way/589030660,yes,residential,1,,,,center,,,,,,,,,,,,,,,,,,,,,,,,,,,,,,,,,,,,,,,,,,,,,,,,,,,,,,,,,,,,,,,,,,,,,,,,,,,,,,,,,,,,
Point,3.3190801,6.5524718,way/589238913,yes,residential,1,Chief Owho Ovuakporie Street,,,center,,,,,,,,,,,,,,,,,,,,,,,,,,,,,,,,,,,,,,,,,,,,,,,,,,,,,,,,,,,,,,,,,,,,,,,,,,,,,,,,,,,,
Point,3.3184398,6.552191,way/589238916,yes,residential,1,,,,center,,,,,,,,,,,,,,,,,,,,,,,,,,,,,,,,,,,,,,,,,,,,,,,,,,,,,,,,,,,,,,,,,,,,,,,,,,,,,,,,,,,,
Point,3.319931,6.5528755,way/589238917,yes,residential,1,Nelson Abido Street,,,center,,,,,,,,,,,,,,,,,,,,,,,,,,,,,,,,,,,,,,,,,,,,,,,,,,,,,,,,,,,,,,,,,,,,,,,,,,,,,,,,,,,,
Point,3.4005012,6.5441692,way/589739791,yes,residential,1,,no,,center,,,,,,,,,,,,,,,,,,,,,,,,,,,,,,,,,,,,,,,,,,,,,,,,,,,,,,,,,,,,,,,,,,,,,,,,,,,,,,,,,,,,
Point,3.4220353,6.4342543,way/594743330,yes,service,1,,,,center,,,,,,,,,,,,,,,,,,,,,,,,,,,,,,,,,,,,,,,,,,,,,,,,,,,,,,,,,,,,,,,,,,,,,,,,,,,,,,,,,,,,
Point,3.3667219,6.5666966,way/595880639,yes,footway,1,,,,center,,,,,,,,,,,,,,,,,,,,,,,,,,,,,,,,,,,,,,,,,,,,,,,,,,,,,,,,,,,,,,,,,,,,,,,,,,,,,,,,,,,,
Point,3.4078446,6.4493525,way/598412505,yes,secondary,1,Obalende Road,yes,F271,center,2,,paved,,,,,,,,,,,,,,,,,,,,,,,,,,,,,,,,,,,,,,,,,,,,,,,,,,,,,,,,,,,,,,,,,,,,,,,,,,,,,,,,,
Point,3.4078766,6.4495441,way/598412507,yes,secondary,1,Obalende Road,yes,F271,center,2,,paved,,,,,,,,,,,,,,,,,,,,,,,,,,,,,,,,,,,,,,,,,,,,,,,,,,,,,,,,,,,,,,,,,,,,,,,,,,,,,,,,,
Point,3.4063027,6.4442037,way/598412510,yes,secondary,1,Awolowo Road,yes,,center,2,,paved,,,,,,,,,,,,,,,,,,,,,,,,,,,,,,,,,,,,,,,,,,,,,,,,,,,,,,,,,,,,,,,,,,,,,,,,,,,,,,,,,
Point,3.4063497,6.4442672,way/598412512,yes,secondary,1,Awolowo Road,yes,,center,2,,paved,,,,,,,,,,,,,,,,,,,,,,,,,,,,,,,,,,,,,,,,,,,,,,,,,,,,,,,,,,,,,,,,,,,,,,,,,,,,,,,,,
Point,3.4336218,6.6091669,way/606928462,yes,trunk,1,Ikorodu Road,yes,A1,center,2,,paved,,,,,,,,,,,,,,,,,,,,,,,,,,,,,,,,,,,,,,,,,,,,,,,,,,,,,,,,,,,,,,,,,,,,,,,,,,,,,,,,,
Point,3.4336433,6.6093507,way/606928464,yes,trunk,1,Ikorodu Road,yes,A1,center,2,,paved,,,,,,,,,,,,,,,,,,,,,,,,,,,,,,,,,,,,,,,,,,,,,,,,,,,,,,,,,,,,,,,,,,,,,,,,,,,,,,,,,
Point,3.2074825,6.5211215,way/608816304,yes,primary,1,Lasu-Isheri Road,yes,,center,,,paved,,,,,,,,,,,,,,,,,,,,,,,,,,,,,,,,,,,,,,,,,,,,,,,,,,,,,,,,,,,,,,,,,,,,,,,,,,,,,,,,,
Point,3.2073922,6.5212188,way/608816306,yes,primary,1,Lasu-Isheri Road,yes,,center,4,,paved,,,,,,,,,,,,,,,,,,,,,,,,,,,,,,,,,,,,,,,,,,,,,,,,,,,,,,,,,,,,,,,,,,,,,,,,,,,,,,,,,
Point,-99.5275711,27.4436029,way/609913254,yes,residential,1,,,,center,,,,,,,,,,,,,,,,,,,,,,,,,,,,,,,,,,,,,,,,,,,,,,,,,,,,,,,,,,,,,,,,,,,,,,,,,,,,,,,,,,,,
Point,3.3510237,6.60839,way/610011090,yes,primary,1,Obafemi Awolowo Way,yes,,center,2,,,,,,,,,,,,,,,,,,,,,,,,,,,,,,,,,,,,,,,,,,,,,,,,,,,,,,,,,,,,,,,,,,,,,,,,,,,,,,,,,,,
Point,3.3510988,6.608278,way/610011091,yes,primary,1,Obafemi Awolowo Way,yes,,center,2,,,,,,,,,,,,,,,,,,,,,,,,,,,,,,,,,,,,,,,,,,,,,,,,,,,,,,,,,,,,,,,,,,,,,,,,,,,,,,,,,,,
Point,3.3613994,6.6147437,way/610896848,yes,service,1,,yes,,center,,,,,,,,,,,,,,,,,,,,,,,,,,,,,,,,,,,,,,,,,,,,,,,,,,,,,,,,,,private,,,,,,,,,,,,,,,,,,,,,,,,,,
Point,3.4243666,6.4163699,way/626035341,yes,secondary,1,,yes,,center,,,,,,,,,,,,,,,,,,,,,,,,,,,,,,,,,,,,,,,,,,,,,,,,,,,,,,,,,,,,,,,,,,,,,,,,,,,,,,,,,,,,
Point,3.411084,6.412993,way/626035356,yes,secondary,1,,yes,,center,,,,,,,,,,,,,,,,,,,,,,,,,,,,,,,,,,,,,,,,,,,,,,,,,,,,,,,,,,,,,,,,,,,,,,,,,,,,,,,,,,,,
Point,3.4107192,6.413369,way/626035359,yes,secondary,1,,yes,,center,,,,,,,,,,,,,,,,,,,,,,,,,,,,,,,,,,,,,,,,,,,,,,,,,,,,,,,,,,,,,,,,,,,,,,,,,,,,,,,,,,,,
Point,3.4038819,6.4051251,way/626035370,yes,tertiary,1,,yes,,center,,,,,,,,,,,,,,,,,,,,,,,,,,,,,,,,,,,,,,,,,,,,,,,,,,,,,,,,,,,,,,,,,,,,,,,,,,,,,,,,,,,,
Point,3.4039909,6.4051092,way/626035371,yes,tertiary,1,,yes,,center,,,,,,,,,,,,,,,,,,,,,,,,,,,,,,,,,,,,,,,,,,,,,,,,,,,,,,,,,,,,,,,,,,,,,,,,,,,,,,,,,,,,
Point,3.4089411,6.4092528,way/626035377,yes,secondary,1,,yes,,center,,,,,,,,,,,,,,,,,,,,,,,,,,,,,,,,,,,,,,,,,,,,,,,,,,,,,,,,,,,,,,,,,,,,,,,,,,,,,,,,,,,,
Point,3.4088809,6.4091526,way/626035379,yes,secondary,1,,yes,,center,,,,,,,,,,,,,,,,,,,,,,,,,,,,,,,,,,,,,,,,,,,,,,,,,,,,,,,,,,,,,,,,,,,,,,,,,,,,,,,,,,,,
Point,3.4270761,6.4431997,way/627612283,yes,primary_link,1,,yes,,center,,,,,,,,,,,,,,,,,,,,,,,,,,,,,,,,,,,,,,,,,,,,,,,,,,,,,,,,,,,,,,,,,,,,,,,,,,,,,,,,,,,,
Point,3.4264887,6.4423383,way/627612284,yes,primary_link,1,,yes,,center,,,,,,,,,,,,,,,,,,,,,,,,,,,,,,,,,,,,,,,,,,,,,,,,,,,,,,,,,,,,,,,,,,,,,,,,,,,,,,,,,,,,
Point,3.5655998,6.4681954,way/627612308,yes,trunk,1,Lekki-Ajah Flyover,yes,,center,,,,,,,,,,,,,,,,,,,,,,,,,,,,,,,,,,,,,,,,,,,,,,,,,,,,,,,,,,,,,,,,,,,,,,,,,,,,,,,,,,,,
Point,3.3404592,6.5659136,way/637910692,yes,residential,1,Oseni Ewu Street,,,center,,,,,BING,,,,,,,,,,,,,,,,,,,,,,,,,,,,,,,,,,,,,,,,,,,,,,,,,,,,,,,,,,,,,,,,,,,,,,,,,,,,,,,
Point,3.3201207,6.600252,way/637910696,yes,service,1,,,,center,,,,,,,,,,,,,,,,,,,,,,,,,,,,,,,,,,,,,,,,,,,,,,,,,,,,,,,,,,private,,,,,,,,,,,,,,,,,,,,,,,,,,
Point,3.3901772,6.4494782,way/640507507,yes,footway,2,,,,center,,,,,,,,,,,,,,,,,,,,,,,,,,,,,,,,,,,,,,,,,,,,,,,,,,,,,,,,,,,,,,,,,,,,,,,,,,,,,,,,,,,,
Point,3.3827521,6.459234,way/640507510,yes,footway,2,,,,center,,,,,,,,,,,,,,,,,,,,,,,,,,,,,,,,,,,,,,,,,,,,,,,,,,,,,,,,,,,,,,,,,,,,,,,,,,,,,,,,,,,,
Point,3.3657525,6.4549695,way/642340877,yes,motorway,2,Apapa Road,yes,A1,center,,,asphalt,,,,,,,,,,,,,,,,,,,,,,,,,,,,,,,,,,,,,,,,,,,,,,,,,,,,,,,,,,,,,,,,,,,,,,,,,,,,,,,,,
Point,3.3652431,6.4562542,way/642340880,yes,motorway,1,Apapa Road,yes,A1,center,,,unpaved,,,,,,,,,,,,,,,,,,,,,,,,,,,,,,,,,,,,,,,,,,,,,,,,,,,,,,,,,,,,,,,,,,,,,,,,,,,,,,,,,
Point,3.5153818,6.4377766,way/643481447,yes,footway,1,,,,center,,,,,,,,,,,,,,,,,,,,,,,,,,,,,,,,,,,,,,,,,,,,,,,,,,,,,,,,,,,,,,,,,,,,,,,,,,,,,,,,,,,,
Point,3.3389334,6.4745901,way/662455003,yes,,1,LRMT Blue Line,,,center,,,,,,,,,,,,,,,,,1435,,,,,,,,subway,,,,,,,,,,,,,,750,,,,,,,,,,,,,,,,,,,,,,,,,,,,,,,,rail,,,,,,,,,,,,,
Point,3.3236926,6.4638276,way/662455007,yes,footway,2,,,,center,,,unpaved,,,,,,,,,,,,,,,,,,,,,,,,,,,,,,,,,,,,,,,,,,,,,,,,,,,,,,,,,,,,,,,,,,,,,yes,,,,,,,,,,,,
Point,3.3251158,6.4648296,way/662455010,yes,footway,2,,,,center,,,unpaved,,,,,,,,,,,,,,,,,,,,,,,,,,,,,,,,,,,,,,,,,,,,,,,,,,,,,,,,,,,,,,,,,,,,,yes,,,,,,,,,,,,
Point,3.3065479,6.4599818,way/662455014,yes,,1,LRMT Blue Line,,,center,,,paved,,,,,,,,,,,,,,,,,,,,,,construction,,,,,,,,,,,,,,,,,,,,,,,,,,,,,,,,,,,,,,,,,,,,,,,,subway,subway,,,,,,,,,,
Point,3.3582617,6.438794,way/670148878,yes,service,1,Tincan Transit Park Access,,,center,,,,,,,,,,,,,,,,,,,,,,,,,,,,,,,,,,,,,,,,,,,,,,,,,,,,,,,,,,,,,,,,,,,,,,,,,,,designated,,,,,,,,,
Point,3.3006228,6.4598554,way/671558209,yes,footway,1,,,,center,,,,,,,,,,,,,,,,,,,,,,,,,,,,,,,,,,,,,,,,,,,,,,,,,,,,,,,,,,,,,,,,,,,,,,,,,,,,,,,,,,,,
Point,3.312516,6.4598299,way/671558214,yes,footway,1,,,,center,,,,,,,,,,,,,,,,,,,,,,,,,,,,,,,,,,,,,,,,,,,,,,,,,,,,,,,,,,,,,,,,,,,,,,,,,,,,,,,,,,,,
Point,3.3107735,6.4598587,way/671558215,yes,footway,1,,,,center,,,,,,,,,,,,,,,,,,,,,,,,,,,,,,,,,,,,,,,,,,,,,,,,,,,,,,,,,,,,,,,,,,,,,,,,,,,,,,,,,,,,
Point,3.3306216,6.4687632,way/671558225,yes,footway,1,,,,center,,,,,,,,,,,,,,,,,,,,,,,,,,,,,,,,,,,,,,,,,,,,,,,,,,,,,,,,,,,,,,,,,,,,,,,,,,,,,,,,,,,,
Point,3.3380574,6.4740473,way/671558228,yes,footway,1,,,,center,,,,,,,,,,,,,,,,,,,,,,,,,,,,,,,,,,,,,,,,,,,,,,,,,,,,,,,,,,,,,,,,,,,,,,,,,,,,,,,,,,,,
Point,3.3427549,6.4773262,way/671558232,yes,footway,1,,,,center,,,unpaved,,,,,,,,,,,,,,,,,,,,,,,,,,,,,,,,,,,,,,,,,,,,,,,,,,,,,,,,,,,,,,,,,,,,,,,,,,,,,,,,,
Point,3.4923366,6.6245719,way/671812006,yes,footway,1,,,,center,,,,,,,,,,,,,,,,,,,,,,,,,,,,,,,,,,,,,,,,,,,,,,,,,,,,,,,,,,,,,,,,,,,,,,,,yes,,,,,,,,,,,,
Point,3.4923517,6.6247371,way/671812019,yes,footway,1,,,,center,,,,,,,,,,,,,,,,,,,,,,,,,,,,,,,,,,,,,,,,,,,,,,,,,,,,,,,,,,,,,,,,,,,,,,,,yes,,,,,,,,,,,,
Point,3.492355,6.6246558,way/671812020,yes,footway,2,,,,center,,,,,,,,,,,,,,,,,,,,,,,,,,,,,,,,,,,,,,,,,,,,,,,,,,,,,,,,,,,,,,,,,,,,,,,,yes,,,,,,,,,,,,
Point,3.4872105,6.6253543,way/671812028,yes,footway,1,,,,center,,,,,,,,,,,,,,,,,,,,,,,,,,,,,,,,,,,,,,,,,,,,,,,,,,,,,,,,,,,,,,,,,,,,,,,,yes,,,,,,,,,,,,
Point,3.4872245,6.6255197,way/671812041,yes,footway,1,,,,center,,,,,,,,,,,,,,,,,,,,,,,,,,,,,,,,,,,,,,,,,,,,,,,,,,,,,,,,,,,,,,,,,,,,,,,,yes,,,,,,,,,,,,
Point,3.4872287,6.6254378,way/671812042,yes,footway,2,,,,center,,,,,,,,,,,,,,,,,,,,,,,,,,,,,,,,,,,,,,,,,,,,,,,,,,,,,,,,,,,,,,,,,,,,,,,,yes,,,,,,,,,,,,
Point,3.4691441,6.619086,way/671812063,yes,busway,1,,,,center,2,,,,,,,,,,,,,,,,,,,,,,,,,,,,,,,,,,,,,,,,,,,,,,,,,,,,,,,,,,,,,,,,,,,,,,,,,,,,,,,,,,,
Point,3.4691184,6.6191337,way/671812067,yes,trunk,1,Ikorodu Road,yes,A1,center,,,paved,,,,,,,,,,,,,,,,,,,,,,,,,,,,,,,,,,,,,,,,,,,,,,,,,,,,,,,,,,,,,,,,,,,,,,,,,,,,,,,,,
Point,3.4691719,6.6190343,way/671812073,yes,trunk,1,Ikorodu Road,yes,A1,center,,,paved,,,,,,,,,,,,,,,,,,,,,,,,,,,,,,,,,,,,,,,,,,,,,,,,,,,,,,,,,,,,,,,,,,,,,,,,,,,,,,,,,
Point,3.4728462,6.6195504,way/671812075,yes,footway,1,,,,center,,,,,,,,,,,,,,,,,,,,,,,,,,,,,,,,,,,,,,,,,,,,,,,,,,,,,,,,,,,,,,,,,,,,,,,,yes,,,,,,,,,,,,
Point,3.4728557,6.6196349,way/671812089,yes,footway,2,,,,center,,,,,,,,,,,,,,,,,,,,,,,,,,,,,,,,,,,,,,,,,,,,,,,,,,,,,,,,,,,,,,,,,,,,,,,,yes,,,,,,,,,,,,
Point,3.4728433,6.619716,way/671812090,yes,footway,1,,,,center,,,,,,,,,,,,,,,,,,,,,,,,,,,,,,,,,,,,,,,,,,,,,,,,,,,,,,,,,,,,,,,,,,,,,,,,yes,,,,,,,,,,,,
Point,3.4504594,6.620293,way/671812091,yes,busway,,,,,center,2,,,,,,,,,,,,,,,,,,,,,,,,,,,,,,,,,,,,,,,,,,,,,,,,,,,,,,,,,,,,,,,,,,,,,,,,,,,,,,,,,,,
Point,3.4626417,6.6188004,way/671812093,yes,footway,1,,,,center,,,,,,,,,,,,,,,,,,,,,,,,,,,,,,,,,,,,,,,,,,,,,,,,,,,,,,,,,,,,,,,,,,,,,,,,yes,,,,,,,,,,,,
Point,3.4626186,6.6188952,way/671812108,yes,footway,2,,,,center,,,,,,,,,,,,,,,,,,,,,,,,,,,,,,,,,,,,,,,,,,,,,,,,,,,,,,,,,,,,,,,,,,,,,,,,yes,,,,,,,,,,,,
Point,3.4625844,6.6189772,way/671812109,yes,footway,1,,,,center,,,,,,,,,,,,,,,,,,,,,,,,,,,,,,,,,,,,,,,,,,,,,,,,,,,,,,,,,,,,,,,,,,,,,,,,yes,,,,,,,,,,,,
Point,3.4470018,6.616835,way/671812120,yes,busway,,,,,center,2,,,,,,,,,,,,,,,,,,,,,,,,,,,,,,,,,,,,,,,,,,,,,,,,,,,,,,,,,,,,,,,,,,,,,,,,,,,,,,,,,,,
Point,3.4336299,6.6092687,way/671812126,yes,busway,1,,,,center,2,,,,,,,,,,,,,,,,,,,,,,,,,,,,,,,,,,,,,,,,,,,,,,,,,,,,,,,,,,,,,,,,,,,,,,,,,,,,,,,,,,,
Point,3.4216928,6.6099638,way/671812142,yes,footway,1,,,,center,,,,,,,,,,,,,,,,,,,,,,,,,,,,,,,,,,,,,,,,,,,,,,,,,,,,,,,,,,,,,,,,,,,,,,,,yes,,,,,,,,,,,,
Point,3.42174,6.6100331,way/671812157,yes,footway,2,,,,center,,,,,,,,,,,,,,,,,,,,,,,,,,,,,,,,,,,,,,,,,,,,,,,,,,,,,,,,,,,,,,,,,,,,,,,,yes,,,,,,,,,,,,
Point,3.4217673,6.6101112,way/671812160,yes,footway,1,,,,center,,,,,,,,,,,,,,,,,,,,,,,,,,,,,,,,,,,,,,,,,,,,,,,,,,,,,,,,,,,,,,,,,,,,,,,,yes,,,,,,,,,,,,
Point,3.4291988,6.6069148,way/671812163,yes,path,1,,,,center,,,,,,,,,,,,,,,,,,,,,,,,,,,,,,,,,,,,,,,,,,,,,,,,,,,,,,,,,,,,,,,,,,,,,,,,,,,,,,,,,,,,
Point,3.4292056,6.6080821,way/671812167,yes,path,1,,,,center,,,,,,,,,,,,,,,,,,,,,,,,,,,,,,,,,,,,,,,,,,,,,,,,,,,,,,,,,,,,,,,,,,,,,,,,,,,,,,,,,,,,
Point,3.4407954,6.6108621,way/671812173,yes,busway,1,,,,center,2,,,,,,,,,,,,,,,,,,,,,,,,,,,,,,,,,,,,,,,,,,,,,,,,,,,,,,,,,,,,,,,,,,,,,,,,,,,,,,,,,,,
Point,3.4420208,6.6128426,way/671812175,yes,busway,1,,,,center,2,,,,,,,,,,,,,,,,,,,,,,,,,,,,,,,,,,,,,,,,,,,,,,,,,,,,,,,,,,,,,,,,,,,,,,,,,,,,,,,,,,,
Point,3.4155102,6.6118239,way/671812190,yes,footway,1,,,,center,,,,,,,,,,,,,,,,,,,,,,,,,,,,,,,,,,,,,,,,,,,,,,,,,,,,,,,,,,,,,,,,,,,,,,,,yes,,,,,,,,,,,,
Point,3.4148893,6.6121583,way/671812191,yes,footway,1,,,,center,,,,,,,,,,,,,,,,,,,,,,,,,,,,,,,,,,,,,,,,,,,,,,,,,,,,,,,,,,,,,,,,,,,,,,,,yes,,,,,,,,,,,,
Point,3.4151668,6.6120783,way/671812192,yes,footway,1,,,,center,,,,,,,,,,,,,,,,,,,,,,,,,,,,,,,,,,,,,,,,,,,,,,,,,,,,,,,,,,,,,,,,,,,,,,,,yes,,,,,,,,,,,,
Point,3.4152119,6.6118926,way/671812193,yes,footway,1,,,,center,,,,,,,,,,,,,,,,,,,,,,,,,,,,,,,,,,,,,,,,,,,,,,,,,,,,,,,,,,,,,,,,,,,,,,,,yes,,,,,,,,,,,,
Point,3.4151991,6.6119931,way/671812198,yes,footway,2,,,,center,,,,,,,,,,,,,,,,,,,,,,,,,,,,,,,,,,,,,,,,,,,,,,,,,,,,,,,,,,,,,,,,,,,,,,,,yes,,,,,,,,,,,,
Point,3.4028915,6.6039389,way/671812205,yes,busway,1,,yes,,center,1,,,,,,,,,,,,,,,,,,,,,,,,,,,,,,,,,,,,,,,,,,,,,,,,,,,,,,,,,,,,,,,,,,,,,,,,,,,,,,,,,,,
Point,3.4029121,6.6039801,way/671812210,yes,busway,1,,yes,,center,1,,,,,,,,,,,,,,,,,,,,,,,,,,,,,,,,,,,,,,,,,,,,,,,,,,,,,,,,,,,,,,,,,,,,,,,,,,,,,,,,,,,
Point,3.4029554,6.6040672,way/671812216,yes,tertiary,1,Ikorodu Road,yes,,center,,,,,,,,,,,,,,,,,,,,,,,,,,,,,,,,,,,,,,,,,,,,,,,,,,,,,,,,,,,,,,,,,,,,,,,,,,,,,,,,,,,,
Point,3.4028448,6.6038454,way/671812220,yes,tertiary,1,Ikorodu Road,yes,,center,,,,,,,,,,,,,,,,,,,,,,,,,,,,,,,,,,,,,,,,,,,,,,,,,,,,,,,,,,,,,,,,,,,,,,,,,,,,,,,,,,,,
Point,3.4065892,6.6056558,way/671812234,yes,trunk,1,Ikorodu Road,yes,A1,center,,,paved,,,,,,,yes,,,,,,,,,,,,,,,,,,,,,,,,,,,,,,,,,,,,,,,,,,,,,,,,,,,,,,,,,,,,,,,,,,,,,,,,,,
Point,3.4067622,6.6054826,way/671812242,yes,trunk,1,Ikorodu Road,yes,A1,center,,,paved,,,,,,,yes,,,,,,,,,,,,,,,,,,,,,,,,,,,,,,,,,,,,,,,,,,,,,,,,,,,,,,,,,,,,,,,,,,,,,,,,,,
Point,3.3789794,6.5878967,way/671841228,yes,footway,1,,,,center,,,,,,,,,,,,,,,,,,,,,,,,,,,,,,,,,,,,,,,,,,,,,,,,,,,,,,,,,,,,,,,,,,,,,,,,,,,,,,,,,,,,
Point,3.3865754,6.5982112,way/671841231,yes,footway,1,,,,center,,,,,,,,,,,,,,,,,,,,,,,,,,,,,,,,,,,,,,,,,,,,,,,,,,,,,,,,,,,,,,,,,,,,,,,,,,,,,,,,,,,,
Point,3.3941627,6.6080526,way/671841256,yes,footway,1,,,,center,,,,,,,,,,,,,,,,,,,,,,,,,,,,,,,,,,,,,,,,,,,,,,,,,,,,,,,,,,,,,,,,,,,,,,,,,,,,,,,,,,,,
Point,3.3154668,6.6614001,way/671844409,yes,residential,1,Shoyinka Street,,,center,,,unpaved,,,,,,,,,,,,,,,,,,,,,,,,,,,,,,,,,,,,,,,,,,,,,,,,,,,,,,,,,,,,,,,,,,,,,,,,,,,,,,,,,
Point,3.3672482,6.5334556,way/671850878,yes,footway,1,,,,center,,,,,,,,,,,,,,,,,,,,,,,,,,,,,,,,,,,,,,,,,,,,,,,,,,,,,,,,,,,,,,,,,,,,,,,,,,,,,,,,,,,,
Point,-8.7563798,37.0755571,way/675372354,yes,footway,1,,,,center,,,,,,,,,,,,,,,,,,,,,,,,,,,,,,,,,,,,,,,,,,,,,,,,,,,,,,,,,,,,,,,,,,,,,,,,,,,,,,,,,,,,
Point,-8.7560644,37.0754103,way/675372357,yes,footway,1,,,,center,,,wood,,,,,,,,,,,,,,,,,,,,,,,,,,,,,,,,,,,,,,,,,,,,,,,,,,,,,,,,,,,,,,,,,,,,,,,,,,,,,,,,,
Point,-8.7676568,37.0928688,way/685307541,yes,unclassified,1,,,,center,,,asphalt,,,,,,,,,,,,,,,,,,,,,,,,,,,,,,,,,,,,,,,,,,,,,,,,,,,,,,,,,,,,,,,,,,,,,,,,,,,,,,,,,
Point,-8.6946843,37.1105073,way/687617783,yes,service,1,,,,center,,,,,,,,,,,,,,,,,,,,,,,,,,,,,,,,,,,,,,,,,,,,,,,,,,,,,,,,,,,,,,,,,,,,,,,,,,,,,,,,,,,,
Point,-8.6957049,37.1098234,way/687617784,yes,service,1,,,,center,,,,,,,,,,,,,,,,,,,,,,,,,,,,,,,,,,,,,,,,,,,,,,,,,,,,,,,,,,,,,,,,,,,,,,,,,,,,,,,,,,,,
Point,-8.6915868,37.1107738,way/687618391,yes,primary,1,,,,center,2,,asphalt,,,,,,,,,,,,,,,,,,,,,,,,,,,,,,,,,,,,,,,,,,,,,,,,,,,,,,,,,,,,,,,,,,,,,,,,,,,,,,,,,
Point,-8.6709363,37.109157,way/688110492,yes,path,1,Bailey's Bridge,,,center,,,wood,,,,,,yes,,,,,,,,,,,,,,,,,,,,,,,,,,,,,,,,,,,,,,,,,,,,,,no,,,,,,,,,,,,,,,,,,,,,,,,,,,,,
Point,-8.6496656,37.1692704,way/690198412,yes,residential,1,,,,center,,,,,,,,,,,,,,,,,,,,,,,,,,,,,,,,,,,,,,,,,,,,,,,,,,,,,,,,,,,,,,,,,,,,,,,,,,,,,,,,,,,,
Point,-8.6412688,37.1648657,way/690199790,yes,unclassified,1,,,,center,,,,,,,,,,,,,,,,,,,,,,,,,,,,,,,,,,,,,,,,,,,,,,,,,,,,,,,,,,,,,,,,,,,,,,,,,,,,,,,,,,,,
Point,-8.6458433,37.1506023,way/690200141,yes,track,1,,,,center,,,,,,,,,,,,,,,,,,,,,,,,,,,,,,,,,,,,,,,,,,,,,,,,,,,,,,,,,,,,,,,,,,,,,,,,,,,,,,,,,,,,
Point,-8.671441,37.1536246,way/690213784,yes,track,1,,,,center,,,,,,,,,,,,,,,,,,,,,,,,,,,,,,,,,,,,,,,,,,,,,,,,,,,,,,,,,,,,,,,,,,,,,,,,,,,,,,,,,,,,
Point,-8.6633808,37.1492085,way/690213786,yes,unclassified,1,,,,center,2,,asphalt,,,,,,,,,,,,,,,,,,,,,,,,,,,,,,,,,,,,,,,,4,,,,,,,,,,,,,,,,,,,,,,,,,,,,,,,,,,,,,,,,,
Point,-8.6576255,37.1591831,way/690214459,yes,tertiary,1,,,,center,,,,,,,,,,,,,,,,,,,,,,,,,,,,,,,,,,,,,,,,,,,,,,,,,,,,,,,,,,,,,,,,,,,,,,,,,,,,,,,,,,,,
Point,-8.662594,37.1588547,way/690214462,yes,track,1,,,,center,,,,,,,,,,,,,,,,,,,,,,,,,,,,,,,,,,,,,,,,,,,,,,,,,,,,,,,,,,,,,,,,,,,,,,,,,,,,,,,,,,,,
Point,3.3339992,6.5499634,way/693542458,yes,secondary_link,1,,yes,,center,,,,,,,,,,,,,,,,,,,,,,,,,,,,,,,,,,,,,,,,,,,,,,,,,,,,,,,,,,,,,,,,,,,,,,,,,,,,,,,,,,,,
Point,3.3357537,6.5490213,way/693546085,yes,motorway_link,1,,yes,,center,,,asphalt,,,,,,,,,,,,,,,,,,,,,,,,,,,,,,,,,,,,,,,,,,,,,,,,,,,,,,F265,,,,,,,,,,,,,,,,,,,,,,,,,,,
Point,3.3357341,6.5489875,way/693546086,yes,primary_link,1,,yes,,center,,,asphalt,,,,,,,,,,,,,,,,,,,,,,,,,,,,,,,,,,,,,,,,,,,,,,,,,,,,,,,,,,,,,,,,,,,,,,,,,,,,,,,,,
Point,3.3214474,6.5661338,way/693546088,yes,motorway,1,International Airport Road,yes,F269,center,2,,paved,,,,,,,,,,,,,,,,,,,,,,,,,,,,,,,,,,,,,,,,,,,,,,,,,,,,,,,,,,,,,,,,,,,,,,,,,,,,,,,,,
Point,3.3211366,6.5661045,way/693546090,yes,motorway,1,International Airport Road,yes,F269,center,2,,paved,,,,,,,,,,,,,,,,,,,,,,,,,,,,,,,,,,,,,,,,,,,,,,,,,,,,,,,,,,,,,,,,,,,,,,,,,,,,,,,,,
Point,3.3838071,6.5175253,way/693550311,yes,secondary,1,University Road,no,,center,,,unpaved,,,,,,,,,,,,,,,,,,,,,,,,,,,,,,,,,,,,,,,,,,,,,,,,,,,,,,,,,,,,,,,,,,,,,,,,,,,,,,,,,
Point,-8.6952919,37.1874607,way/694098351,yes,track,1,,,,center,,,,,,,,,,,,,,,,,,,,,,,,,,,,,,,,,,,,,,,,,,,2,,,,,,,,,,,,,,,,,,,,,,,,,,,,,,,,,,,,,,,,,
Point,-8.6939108,37.1740771,way/694098837,yes,unclassified,1,,,,center,,,,,,,,,,,,,,,,,,,,,,,,,,,,,,,,,,,,,,,,,,,,,,,,,,,,,,,,,,,,,,,,,,,,,,,,,,,,,,,,,,,,
Point,-8.6306894,37.1376511,way/694116684,yes,track,1,,,,center,,,,,,,,,,,,,,,,,,,,,,,,,,,,,,,,,,,,,,,,,,,,,,,,,,,,,,,,,,,,,,,,,,,,,,,,,,,,,,,,,,,,
Point,3.3419992,6.5797222,way/704971721,yes,footway,1,,,,center,,,,,,,,,,,,,,,,,,,,,,,,,,,,,,,,,,,,,,,,,,,,,,,,,,,,,,,,,,,,,,,,,,,,,,,,,,,,,,,,,,,,
Point,3.3456952,6.5705903,way/704971733,yes,footway,1,,,,center,,,,,,,,,,,,,,,,,,,,,,,,,,,,,,,,,,,,,,,,,,,,,,,,,,,,,,,,,,,,,,,,,,,,,,,,,,,,,,,,,,,,
Point,4.0187666,6.4317624,way/705155926,yes,service,1,,,,center,,,unpaved,,,,,,,,,,,,,,,,,,,,,,,,,,,,,,,,,,,,,,,,,,,,,,,,,,,,,,,,,,,,,,,,,,,,,,,,,,,,,,,,,
Point,3.3866381,6.4628497,way/705789477,yes,footway,2,,,,center,,,,,,,,,,,,,,,,,,,,,,,,,,,,,,,,,,,,,,,,,,,,,,,,,,,,,,,,,,,,,,,,,,,,,,,,yes,,,,,,,,,,,,
Point,3.3017642,6.634619,way/705854794,yes,footway,1,,,,center,,,,,,,,,,,,,,,,,,,,,,,,,,,,,,,,,,,,,,,,,,,,,,,,,,,,,,,,,,,,,,,,,,,,,,,,yes,,,,,,,,,,,,
Point,3.4010533,6.4618243,way/707240935,yes,residential,,,,,center,,,,,,,,,,,,,,,,,,,,,,,,,,,,,,,,,,,,,,,,,,,,,,,,,,,,,,,,,,,,,,,,,,,,,,,,,,,,,,,,,,,,
Point,3.3353176,6.5225352,way/707248863,yes,footway,1,,,,center,,,,,,,,,,,,,,,,,,,,,,,,,,,,,,,,,,,,,,,,,,,,,,,,,,,,,,,,,,,,,,,,,,,,,,,,,,,,,,,,,,,,
Point,3.4096683,6.5795535,way/707733137,yes,path,1,,,,center,,,,,,,,,,,,,,,,,,,,,,,,,,,,,,,,,,,,,,,,,,,,,,,,,,,,,,,,,,,,,,,,,,,,,,,,,,,,,,,,,,,,
Point,3.3982975,6.6118874,way/707733144,yes,footway,1,,,,center,,,,,,,,,,,,,,,,,,,,,,,,,,,,,,,,,,,,,,,,,,,,,,,,,,,,,,,,,,,,,,,,,,,,,,,,,,,,,,,,,,,,
Point,3.294267,6.5083543,way/713060802,yes,residential,1,Community Road,,,center,,,,,,,,,,,,,,,,,,,,,,,,,,,,,,,,,,,,,,,,,,,,,,,,,,,,,,,,,,,,,,,,,,,,,,,,,,,,,,,,,,,,
Point,3.3001384,6.5135557,way/713061928,yes,residential,1,,,,center,,,asphalt,,,,,,,,,,,,,,,,,,,,,,,,,,,,,,,,,,,,,,,,,,,,,,,,,,,,,,,,,,no,,,,,,,,,,,,,,,,,,,,,,,
Point,3.3564041,6.4362978,way/713089191,yes,footway,1,,,,center,,,,,,,,,,,,,,,,,,,,,,,,,,,,,,,,,,,,,,,,,,,,,,,,,,,,,,,,,,,,,,,,,,,,,,,,,,,,,,,,,,,,
Point,3.3252122,6.5597877,way/726190616,yes,tertiary,1,Ajibulu Street,,,center,,,,,BING,,,,,,,,,,,,,,,,,,,,,,,,,,,,,,,,,,,,,,,,,,,,,,,,,,,,,,,,,,,,,,,,,,,,,,,,,,,,,,,
Point,3.3824463,6.5230052,way/726763341,yes,residential,1,,,,center,,,unpaved,,,,,,,,,,,,,,,,,,,,,,,,,,,,,,,,,,,,,,,,,,,,,,,,,,,,,,,,,,,,,,,,,,,,,,,,,,,,,,,,,
Point,3.4673144,6.4464457,way/727749119,yes,service,1,,,,center,,,,,,,,,,,,,,,,,,,,,,,,,,,,,,,,,,,,,,,,,,,,,,,,,,,,,,,,,,,,,,,,,,,,,,,,,,,,,,,,,,,,
Point,3.3542708,6.657401,way/731798569,yes,secondary,1,Yakoyo Road,yes,,center,1,,,,,,,,,,,,,,,,,,,,,,,,,,,,,,,,,,,,,,,,,,,,,,,,,,,,,,,,,,,,,,,,,,,,,,,,,,,,,,,,,,,
Point,3.3543837,6.6574427,way/731798570,yes,secondary,1,Oremeta/Yakoyo Road,yes,,center,1,,,,,,,,,,,,,,,,,,,,,,,,,,,,,,,,,,,,,,,,,,,,,,,,,,,,,,,,,,,,,,,,,,,,,,,,,,,,,,,,,,,
Point,3.2294251,6.5314669,way/732679120,yes,residential,1,,,,center,,,unpaved,,,,,,,,,,,,,,,,,,,,,,,,,,,,,,,,,,,,,,,,,,,,,,,,,,,,,,,,,,,,,,,,,,,,,,,,,,,,,,,,,
Point,3.1570962,6.4546003,way/732942167,yes,tertiary,1,,,,center,,,,,,,,,,,,,,,,,,,,,,,,,,,,,,,,,,,,,,,,,,,,,,,,,,,,,,,,,,,,,,,,,,,,,,,,,,,,,,,,,,,,
Point,3.2338173,6.4239743,way/732942844,yes,path,1,,,,center,,,,,,,,,,,,,,,,,,,,,,,,,,,,,,,,,,,,,,,,,,,,,,,,,,,,,,,,,,,,,,,,,,,,,,,,,,,,,,,,,,,,
Point,3.3783662,6.6346443,way/733601649,yes,path,1,,,,center,,,,,,,,,,,,,,,,,,,,,,,,,,,,,,,,,,,,,,,,,,,,,,,,,,,,,,,,,,,,,,,,,,,,,,,,,,,,,,,,,,,,
Point,3.4037092,6.5972417,way/733621334,yes,residential,1,,,,center,,,,,,,,,,,,,,,,,,,,,,,,,,,,,,,,,,,,,,,,,,,,,,,,,,,,,,,,,,,,,,,,,,,,,,,,,,,,,,,,,,,,
Point,3.4025292,6.5979644,way/733621337,yes,residential,1,,,,center,,,,,,,,,,,,,,,,,,,,,,,,,,,,,,,,,,,,,,,,,,,,,,,,,,,,,,,,,,,,,,,,,,,,,,,,,,,,,,,,,,,,
Point,3.3998313,6.5979032,way/733621339,yes,residential,1,,,,center,,,,,,,,,,,,,,,,,,,,,,,,,,,,,,,,,,,,,,,,,,,,,,,,,,,,,,,,,,,,,,,,,,,,,,,,,,,,,,,,,,,,
Point,3.4050044,6.5854979,way/733621396,yes,path,1,,,,center,,,,,,,,,,,,,,,,,,,,,,,,,,,,,,,,,,,,,,,,,,,,,,,,,,,,,,,,,,,,,,,,,,,,,,,,,,,,,,,,,,,,
Point,3.3652219,6.6172778,way/733621420,yes,footway,1,,,,center,,,,,,,,,,,,,,,,,,,,,,,,,,,,,,,,,,,,,,,,,,,,,,,,,,,,,,,,,,,,,,,,,,,,,,,,,,,,,,,,,,,,
Point,3.374302,6.4866838,way/734446301,yes,residential,1,Park Road,,,center,,,unpaved,,bing,,,,,,,,,,,,,,,,,,,,,,,,,,,,,,,,,,,,,,,,,,,,,,,,,,,,,,,,,,,,,,,,,,,,,,,,,,,,,,,
Point,3.3817467,6.4764515,way/735339471,yes,footway,1,,,,center,,,,,,,,,,,,,,,,,,,,,,,,,,,,,,,,,,,,,,,,,,,,,,,,,,,,,,,,,,,,,,,,,,,,,,,,,,,,,,,,,,,,
Point,3.3830571,6.470186,way/735339486,yes,footway,1,,,,center,,,,,,,,,,,,,,,,,,,,,,,,,,,,,,,,,,,,,,,,,,,,,,,,,,,,,,,,,,,,,,,,,,,,,,,,,,,,,,,,,,,,
Point,3.1783988,6.5030249,way/737433295,yes,tertiary,1,,,,center,,,asphalt,,,,,,,,,,,,,,,,,,,,,,,,,,,,,,,,,,,,,,,,,,,,,,,,,,,,,,,,,,,,,,,,,,,,,,,,,,,,,,,,,
Point,3.3639566,6.5055807,way/738970334,yes,footway,1,,,,center,,,,,,,,,,,,,,,,,,,,,,,,,,,,,,,,,,,,,,,,,,,,,,,,,,,,,,,,,,,,,,,,,,,,,,,,,,,,,,,,,,,,
Point,3.5433966,6.4574327,way/739554779,yes,residential,1,,,,center,,,,,,,,,,,,,,,,,,,,,,,,,,,,,,,,,,,,,,,,,,,,,,,,,,,,,,,,,,private,,,,,,,,,,,,,,,,,,,,,,,,,,
Point,3.2836785,6.6159397,way/741129302,yes,path,1,,,,center,,,,,,,,,,,,,,,,,,,,,,,,,,,,,,,,,,,,,,,,,,,,,,,,,,,,,,,,,,,,,,,,,,,,,,,,,,,,,,,,,,,,
Point,3.3048251,6.6424545,way/741129304,yes,footway,1,,,,center,,,,,,,,,,,,,,,,,,,,,,,,,,,,,,,,,,,,,,,,,,,,,,,,,,,,,,,,,,,,,,,,,,,,,,,,,,,,,,,,,,,,
Point,3.3051213,6.6123779,way/741129676,yes,footway,1,,,,center,,,,,,,,,,,,,,,,,,,,,,,,,,,,,,,,,,,,,,,,,,,,,,,,,,,,,,,,,,,,,,,,,,,,,,,,,,,,,,,,,,,,
Point,3.3073904,6.4887617,way/741201107,yes,residential,1,Ojefia Crescent,,,center,,,,,,,,,,,,,,,,,,,,,,,,,,,,,,,,,,,,,,,,,,,,,,,,,,,,,,,,,,,,,,,,,,,,,,,,,,,,,,,,,,,,
Point,3.3777025,6.6118636,way/741208574,yes,path,1,,,,center,,,,,,,,,,,,,,,,,,,,,,,,,,,,,,,,,,,,,,,,,,,,,,,,,,,,,,,,,,,,,,,,,,,,,,,,,,,,,,,,,,,,
Point,3.3742478,6.6118982,way/741208577,yes,residential,1,,,,center,,,paved,,,,,,,,,,,,,,,,,,,,,,,,,,,,,,,,,,,,,,,,,,,,,,,,,,,,,,,,,,,,,,,,,,,,,,,,,,,,,,,,,
Point,3.3968869,6.6135791,way/741212615,yes,tertiary,1,,yes,,center,,,paved,,,,,,,,,,,,,,,,,,,,,,,,,,,,,,,,,,,,,,,,,,,,,,,,,,,,,,,,,,,,,,,,,,,,,,,,,,,,,,,,,
Point,3.3969615,6.6135596,way/741212616,yes,tertiary,1,,yes,,center,,,,,,,,,,,,,,,,,,,,,,,,,,,,,,,,,,,,,,,,,,,,,,,,,,,,,,,,,,,,,,,,,,,,,,,,,,,,,,,,,,,,
Point,3.3880976,6.5666225,way/741212633,yes,residential,1,,,,center,2,20,asphalt,,,,,,,,,,,Yetunde Brown,,,,,,,,,,,,,,,,,,,,,,,,,,,,,,,,,,,,,,,,,,,,,,,,,,,,,,,,,,,,,,,,,,,,,,
Point,3.299882,6.6297467,way/741343427,yes,footway,1,,,,center,,,,,,,,,,,,,,,,,,,,,,,,,,,,,,,,,,,,,,,,,,,,,,,,,,,,,,,,,,,,,,,,,,,,,,,,,,,,,,,,,,,,
Point,3.3283354,6.6566359,way/741343451,yes,residential,1,,no,,center,,,,,,,,,,,,,,,,,,,,,,,,,,,,,,,,,,,,,,,,,,,,,,,,,,,,,,,,,,,,,,,,,,,,cloud cover present,,,,,,,,,,,,,,,,
Point,3.3408619,6.6422573,way/742021471,yes,residential,1,,no,,center,,,unpaved,,,,,,,,,,,,,,,,,,,,,,,,,,,,,,,,,,,,,,,,,,,,,,,,,,,,,,,,,,,,,,,,,,,,,,,,,,,,,,,,,
Point,3.338169,6.6402411,way/742021477,yes,residential,1,,,,center,,,unpaved,,,,,,,,,,,,,,,,,,,,,,,,,,,,,,,,,,,,,,,,,,,,,,,,,,,,,,,,,,,,,,,,,,,,,,,,,,,,,,,,,
Point,3.4108707,6.4134762,way/743474214,yes,secondary_link,1,,yes,,center,,,,,,,,,,,,,,,,,,,,,,,,,,,,,,,,,,,,,,,,,,,,,,,,,,,,,,,,,,,,,,,,,,,,,,,,,,,,,,,,,,,,
Point,3.4111867,6.4129391,way/743474232,yes,residential,1,,yes,,center,,,,,,,,,,,,,,,,,,,,,,,,,,,,,,,,,,,,,,,,,,,,,,,,,,,,,,,,,,,,,,,,,,,,,,,,,,,,,,,,,,,,
Point,3.3238762,6.5066683,way/744371650,yes,footway,1,,,,center,,,,,,,,,,,,,,,,,,,,,,,,,,,,,,,,,,,,,,,,,,,,,,,,,,,,,,,,,,,,,,,,,,,,,,,,,,,,,,,,,,,,
Point,3.3227798,6.4923497,way/744376359,yes,footway,1,,,,center,,,,,,,,,,,,,,,,,,,,,,,,,,,,,,,,,,,,,,,,,,,,,,,,,,,,,,,,,,,,,,,,,,,,,,,,,,,,,,,,,,,,
Point,3.3269774,6.4836614,way/744376366,yes,footway,1,,,,center,,,,,,,,,,,,,,,,,,,,,,,,,,,,,,,,,,,,,,,,,,,,,,,,,,,,,,,,,,,,,,,,,,,,,,,,,,,,,,,,,,,,
Point,3.3706479,6.5568689,way/744407412,yes,footway,1,,,,center,,,,,,,,,,,,,,,,,,,,,,,,,,,,,,,,,,,,,,,,,,,,,,,,,,,,,,,,,,,,,,,,,,,,,,,,,,,,,,,,,,,,
Point,3.3668725,6.5577251,way/744407437,yes,footway,1,,,,center,,,,,,,,,,,,,,,,,,,,,,,,,,,,,,,,,,,,,,,,,,,,,,,,,,,,,,,,,,,,,,,,,,,,,,,,,,,,,,,,,,,,
Point,3.3452423,6.5551541,way/744486422,yes,residential,1,,,,center,,,,,,,,,,,,,,,,,,,,,,,,,,,,,,,,,,,,,,,,,,,,,,,,,,,,,,,,,,,,,,,,,,,,,,,,,,,,,,,,,,,,
Point,3.1310462,6.4617277,way/744502251,yes,unclassified,1,,,,center,,,,,,,,,,,,,,,,,,,,,,,,,,,,,,,,,,,,,,,,,,,,,,,,,,,,,,,,,,,,,,,,,,,,,,,,,,,,,,,,,,,,
Point,3.1434119,6.482501,way/744502265,yes,secondary,1,Era Road,yes,,center,,,paved,,,,,,,,,,,,,,,,,,,,,,,,,,,,,,,,,,,,,,,,,,,,,,,,,,,,,,,,,,,,,,,,,,,,,,,,,,,,,,,,,
Point,3.1434705,6.4824954,way/744502268,yes,secondary,1,,yes,,center,,,paved,,,,,,,,,,,,,,,,,,,,,,,,,,,,,,,,,,,,,,,,,,,,,,,,,,,,,,,,,,,,,,,,,,,,,,,,,,,,,,,,,
Point,3.1991332,6.4863436,way/744502288,yes,primary,1,Lasu-Isheri Road,yes,,center,4,,,,,,,,,,,,,,,,,,,,,,,,,,,,,,,,,,,,,,,,,,,,,,,,,,,,,,,,,,,,,,,,,,,,,,,,,,,,,,,,,,,
Point,3.1992604,6.4863474,way/744502290,yes,primary,1,Lasu-Isheri Road,yes,,center,,,paved,,,,,,,,,,,,,,,,,,,,,,,,,,,,,,,,,,,,,,,,,,,,,,,,,,,,,,,,,,,,,,,,,,,,,,,,,,,,,,,,,
Point,3.2694286,6.5447541,way/744690456,yes,path,1,,,,center,,,unpaved,,,,,,,,,,,,,,,,,,,,,,,,,,,,,,,,,,,,,,,,,,,,,,,,,,,,,,,,,,,,,,,,,,,,,,,,,,,,,,,,,
Point,3.1117963,6.4980481,way/745382214,yes,footway,1,,,,center,,,,,,,,,,,,,,,,,,,,,,,,,,,,,,,,,,,,,,,,,,,,,,,,,,,,,,,,,,,,,,,,,,,,,,,,,,,,,,,,,,,,
Point,3.3904444,6.5030214,way/745969905,yes,path,1,,,,center,,,unpaved,,,,,,,,,,,,,,,,,,,,,,,,,,,,,,,,,,,,,,,,,,,,,,,,,,,,,,,,,,,,,,,,,,,,,,,,,,,,,,,,,
Point,3.3964923,6.4996493,way/746459145,yes,path,1,,,,center,,,,,,,,,,,,,,,,,,,,,,,,,,,,,,,,,,,,,,,,,,,,,,,,,,,,,,,,,,,,,,,,,,,,,,,,,,,,,,,,,,,,
Point,3.3958541,6.5016991,way/746459146,yes,track,1,,,,center,,,,,,,,,,,,,,,,,,,,,,,,,,,,,,,,,,,,,,,,,,,,,,,,,,,,,,,,,,,,,,,,,,,,,,,,,,,,,,,,,,,,
Point,3.2562787,6.4558944,way/746475119,yes,footway,1,,,,center,,,,,,,,,,,,,,,,,,,,,,,,,,,,,,,,,,,,,,,,,,,,,,,,,,,,,,,,,,,,,,,,,,,,,,,,,,,,,,,,,,,,
Point,3.2779397,6.4585575,way/746475126,yes,footway,1,,,,center,,,,,,,,,,,,,,,,,,,,,,,,,,,,,,,,,,,,,,,,,,,,,,,,,,,,,,,,,,,,,,,,,,,,,,,,,,,,,,,,,,,,
Point,3.3059458,6.6479724,way/746506430,yes,trunk,1,Lagos-Abeokuta Expressway,yes,A5,center,2,,,,,,,,,,,,,,,,,,,,,,,,,,,,,,,,,,,,,,,,,,,,,,,,,,,,,,,,,,,,,,,,,,,,,,,,,,,,,,,,,,,
Point,3.3060216,6.648009,way/746506432,yes,trunk,1,Lagos-Abeokuta Expressway,yes,A5,center,2,,paved,,,,,,,,,,,,,,,,,,,,,,,,,,,,,,,,,,,,,,,,,,,,,,,,,,,,,,,,,,,,,,,,,,,,,,,,,,,,,,,,,
Point,3.2983416,6.6257864,way/746511212,yes,service,1,BRT Lane,,,center,,,,,,,,,,,,,,,,,,,,,,,,,,,,,,,,,,,,,,,,,,,,,,,,,,,,,,,,,,no,,,,,,,,,,,,,,,,,,designated,,,,,,,,
Point,3.3001796,6.6202945,way/746511217,yes,footway,1,,,,center,,,,,,,,,,,,,,,,,,,,,,,,,,,,,,,,,,,,,,,,,,,,,,,,,,,,,,,,,,,,,,,,,,,,,,,,,,,,,,,,,,,,
Point,3.3388861,6.5874582,way/746512960,yes,footway,1,,,,center,,,,,,,,,,,,,,,,,,,,,,,,,,,,,,,,,,,,,,,,,,,,,,,,,,,,,,,,,,,,,,,,,,,,,,,,,,,,,,,,,,,,
Point,3.3235085,6.6082264,way/746512966,yes,service,1,BRT Lane,,,center,,,,,,,,,,,,,,,,,,,,,,,,,,,,,,,,,,,,,,,,,,,,,,,,,,,,,,,,,,no,,,,,,,,,,,,,,,,,,designated,,,,,,,,
Point,3.3161944,6.6054271,way/746512968,yes,service,1,BRT Lane,,,center,,,,,,,,,,,,,,,,,,,,,,,,,,,,,,,,,,,,,,,,,,,,,,,,,,,,,,,,,,no,,,,,,,,,,,,,,,,,,designated,,,,,,,,
Point,3.309239,6.6085021,way/746513659,yes,footway,1,,,,center,,,,,,,,,,,,,,,,,,,,,,,,,,,,,,,,,,,,,,,,,,,,,,,,,,,,,,,,,,,,,,,,,,,,,,,,,,,,,,,,,,,,
Point,3.3525274,6.4532365,way/746662236,yes,footway,1,,,,center,,,unpaved,,,,,,,,,,,,,,,,,,,,,,,,,,,,,,,,,,,,,,,,,,,,,,,,,,,,,,,,,,,,,,,,,,,,,,,,,,,,,,,,,
Point,3.3950356,6.5963866,way/747161011,yes,residential,1,Idofian,,,center,,,,,,,,,,,,,,,,,,,,,,,,,,,,,,,,,,,,,,,,,,,,,,,,,,,,,,,,,,,,,,,,,,,,,,,,,,,,,,,,,,,,
Point,3.3644802,6.6292469,way/747457395,yes,secondary,1,,yes,,center,2,,paved,,,,,,,,,,,,,,,,,,,,,,,,,,,,,,,,,,,,,,,,,,,,,,,,,,,,,,,,,,,,,,,,,,,,,,,,,,,,,,,,,
Point,3.3647951,6.6291198,way/747457396,yes,secondary,1,,yes,,center,2,,paved,,,,,,,,,,,,,,,,,,,,,,,,,,,,,,,,,,,,,,,,,,,,,,,,,,,,,,,,,,,,,,,,,,,,,,,,,,,,,,,,,
Point,3.5515973,6.4497836,way/781775382,yes,footway,1,,,,center,,,,,,,,,,,,,,,,,,,,,,,,,,,,,,,,,,,,,,,,,,,,,,,,,,,,,,,,,,,,,,,,,,,,,,,,,,,,,,,,,,,,
Point,2.8830449,6.4249201,way/783301358,yes,unclassified,1,Joe Farm Road,,,center,,,paved,,,,,,,,,,,,,,,,,,,,,,,,,,,,,,,,,,,,,,,,,,,,,,,,,,,,,,,,,,,,,,,,,,,,,,,,,,,,,,,,,
Point,3.3198708,6.4455601,way/783912365,yes,footway,1,,,,center,,,,,,,,,,,,,,,,,,,,,,,,,,,,,,,,,,,,,,,,,,,,,,,,,,,,,,,,,,,,,,,,,,,,,,,,,,,,,,,,,,,,
Point,3.3788808,6.5627015,way/784961091,yes,residential,1,Adeyeye Street,,,center,,,,,,,,,,,,,,,,,,,,,,,,,,,,,,,,,,,,,,,,,,,,,,,,,,,,,,,,,,,,,,,,,,,,,,,,,,,,,,,,,,,,
Point,3.3573234,6.5174506,way/784967713,yes,service,1,,,,center,,,,,,,,,,,,,,,,,,,,,,,,,,,,,,,,,,,,,,,,,,,,,,,,,,,,,,,,,,,,,,,,,,,,,,,,,,,,,,,,,,,,
Point,3.3697099,6.5665548,way/784975078,yes,residential,1,,,,center,,,,,,,,,,,,,,,,,,,,,,,,,,,,,,,,,,,,,,,,,,,,,,,,,,,,,,,,,,private,,,,,,,,,,,,,,,,,,,,,,,,,,
Point,3.6060766,6.5123179,way/785338420,yes,residential,,Unity Road,,,center,,,,,,,,,,,,,,,,,,,,,,,,,,,,,,,,,,,,,,,,,,,,,,,,,,,,,,,,,,,,,,,,,,,,,,,,,,,,,,,,,,,,
Point,3.5656444,6.4681283,way/785635405,yes,trunk,1,Lekki-Ajah Flyover,yes,,center,,,,,,,,,,,,,,,,,,,,,,,,,,,,,,,,,,,,,,,,,,,,,,,,,,,,,,,,,,,,,,,,,,,,,,,,,,,,,,,,,,,,
Point,3.5171459,6.4460366,way/785691909,yes,tertiary,1,Agungi Ajiran Road,,,center,,,,,,,,,,,,,,,,,,,,,,,,,,,,,,,,,,,,,,,,,,,,,,,,,,,,,,,,,,,,,,,,,,,,,,,,,,,,,,,,,,,,
Point,3.1674305,6.4798904,way/786056353,yes,path,,,,,center,,,,,,,,,,,,,,,,,,,,,,,,,,,,,,,,,,,,,,,,,,,,,,,,,,,,,,,,,,,,,,,,,,,,,,,,,,,,,,,,,,,,
Point,3.6173327,6.4849417,way/786077554,yes,residential,1,,,,center,,,,,,,,,,,,,,,,,,,,,,,,,,,,,,,,,,,,,,,,,,,,,,,,,,,,,,,,,,,,,,,,,,,,,,,,,,,,,,,,,,,,
Point,3.5948793,6.4792727,way/786371332,yes,residential,1,,,,center,,,,,,,,,,,,,,,,,,,,,,,,,,,,,,,,,,,,,,,,,,,,,,,,,,,,,,,,,,private,,,,,,,,,,,,,,,,,,,,,,,,,,
Point,3.3712576,6.4775885,way/786535516,yes,path,1,,,,center,,,,,,,,,,,,,,,,,,,,,,,,,,,,,,,,,,,,,,,,,,,,,,,,,,,,,,,,,,,,,,,,,,,,,,,,,,,,,,,,,,,,
Point,3.3716306,6.4758799,way/786535518,yes,path,,,,,center,,,,,,,,,,,,,,,,,,,,,,,,,,,,,,,,,,,,,,,,,,,,,,,,,,,,,,,,,,,,,,,,,,,,,,,,,,,,,,,,,,,,
Point,3.3739199,6.4744766,way/786535522,yes,path,1,,,,center,,,,,,,,,,,,,,,,,,,,,,,,,,,,,,,,,,,,,,,,,,,,,,,,,,,,,,,,,,,,,,,,,,,,,,,,,,,,,,,,,,,,
Point,3.3704973,6.4738184,way/786535529,yes,unclassified,1,,yes,,center,,,unpaved,,,,,,,,,,,,,,,,,,,,,,,,,,,,,,,,,,,,,,,,,,,,,,,,,,,,,,,customers,,,,,,,,,,,,,,,,,,,,,,,,,,
Point,3.5840308,6.4346798,way/787296093,yes,residential,1,,,,center,,,,,,,,,,,,,,,,,,,,,,,,,,,,,,,,,,,,,,,,,,,,,,,,,,,,,,,,,,,,,,,,,,,,,,,,,,,,,,,,,,,,
Point,3.773947,6.6813832,way/787524709,yes,unclassified,,,,,center,,,,,,,,,,,,,,,,,,,,,,,,,,,,,,,,,,,,,,,,,,,,,,,,,,,,,,,,,,private,,,,,,,,,,,,,,,,,,,,,,,,,,
Point,3.3980132,6.5580603,way/788672492,yes,footway,1,,,,center,,,,,,,,,,,,,,,,,,,,,,,,,,,,,,,,,,,,,,,,,,,,,,,,,,,,,,,,,,,,,,,,,,,,,,,,,,,,,,,,,,,,
Point,3.3857779,6.6075449,way/789336908,yes,path,1,,,,center,,,,,,,,,,,,,,,,,,,,,,,,,,,,,,,,,,,,,,,,,,,,,,,,,,,,,,,,,,,,,,,,,,,,,,,,,,,,,,,,,,,,
Point,3.2871474,6.6635159,way/791164485,yes,footway,1,,,,center,,,,,,,,,,,,,,,,,,,,,,,,,,,,,,,,,,,,,,,,,,,,,,,,,,,,,,,,,,,,,,,,,,,,,,,,,,,,,,,,,,,,
Point,3.3784219,6.5427131,way/791933195,yes,tertiary,1,Onisemo Street,,,center,,,,,Bing,,,,,,,,,,,,,,,,,,,,,,,,,,,,,,,,,,,,,,,,,,,,,,,,,,,,,,,,,,,,,,,,,,,,,,,,,,,,,,,
Point,3.3674346,6.5277084,way/791944562,yes,footway,1,,,,center,,,,,,,,,,,,,,,,,,,,,,,,,,,,,,,,,,,,,,,,,,,,,,,,,,,,,,,,,,,,,,,,,,,,,,,,,,,,,,,,,,,,
Point,3.3991581,6.5592424,way/794157414,yes,residential,1,,,,center,,,,,,,,,,,,,,,,,,,,,,,,,,,,,,,,,,,,,,,,,,,,,,,,,,,,,,,,,,,,,,,,,,,,,,,,,,,,,,,,,,,,
Point,3.5100111,6.5358849,way/794999006,yes,tertiary,1,Offin Oreta Road,,,center,,,,,,,,,,,,,,,,,,,,,,,,,,,,,,,,,,,,,,,,,,,,,,,,,,,,,,,,,,,,,,,,,,,,,,,,,,,,,,,,,,,,
Point,3.3654896,6.4959224,way/795797097,yes,footway,1,,,,center,,,,,,,,,,,,,,,,,,,,,,,,,,,,,,,,,,,,,,,,,,,,,,,,,,,,,,,,,,,,,,,,,,,,,,,,,,,,,,,,,,,,
Point,3.3649708,6.4957353,way/795797098,yes,footway,1,,,,center,,,,,,,,,,,,,,,,,,,,,,,,,,,,,,,,,,,,,,,,,,,,,,,,,,,,,,,,,,,,,,,,,,,,,,,,,,,,,,,,,,,,
Point,3.3644086,6.4958643,way/795797099,yes,footway,1,,,,center,,,,,,,,,,,,,,,,,,,,,,,,,,,,,,,,,,,,,,,,,,,,,,,,,,,,,,,,,,,,,,,,,,,,,,,,,,,,,,,,,,,,
Point,3.3640319,6.4962568,way/795797100,yes,footway,1,,,,center,,,,,,,,,,,,,,,,,,,,,,,,,,,,,,,,,,,,,,,,,,,,,,,,,,,,,,,,,,,,,,,,,,,,,,,,,,,,,,,,,,,,
Point,3.3639462,6.4966104,way/795797101,yes,footway,1,,,,center,,,,,,,,,,,,,,,,,,,,,,,,,,,,,,,,,,,,,,,,,,,,,,,,,,,,,,,,,,,,,,,,,,,,,,,,,,,,,,,,,,,,
Point,3.3642485,6.4979524,way/795797102,yes,footway,1,,,,center,,,,,,,,,,,,,,,,,,,,,,,,,,,,,,,,,,,,,,,,,,,,,,,,,,,,,,,,,,,,,,,,,,,,,,,,,,,,,,,,,,,,
Point,3.3649873,6.4984183,way/795797103,yes,footway,1,,,,center,,,,,,,,,,,,,,,,,,,,,,,,,,,,,,,,,,,,,,,,,,,,,,,,,,,,,,,,,,,,,,,,,,,,,,,,,,,,,,,,,,,,
Point,3.3644551,6.4982615,way/795797104,yes,footway,1,,,,center,,,,,,,,,,,,,,,,,,,,,,,,,,,,,,,,,,,,,,,,,,,,,,,,,,,,,,,,,,,,,,,,,,,,,,,,,,,,,,,,,,,,
Point,3.3655239,6.4983003,way/795797105,yes,footway,1,,,,center,,,,,,,,,,,,,,,,,,,,,,,,,,,,,,,,,,,,,,,,,,,,,,,,,,,,,,,,,,,,,,,,,,,,,,,,,,,,,,,,,,,,
Point,3.3659283,6.4979128,way/795797106,yes,footway,1,,,,center,,,,,,,,,,,,,,,,,,,,,,,,,,,,,,,,,,,,,,,,,,,,,,,,,,,,,,,,,,,,,,,,,,,,,,,,,,,,,,,,,,,,
Point,3.3660426,6.4972054,way/795797108,yes,footway,1,,,,center,,,,,,,,,,,,,,,,,,,,,,,,,,,,,,,,,,,,,,,,,,,,,,,,,,,,,,,,,,,,,,,,,,,,,,,,,,,,,,,,,,,,
Point,3.3658933,6.4965107,way/795797109,yes,footway,1,,,,center,,,,,,,,,,,,,,,,,,,,,,,,,,,,,,,,,,,,,,,,,,,,,,,,,,,,,,,,,,,,,,,,,,,,,,,,,,,,,,,,,,,,
Point,3.326603,6.5062617,way/795831098,yes,footway,1,,,,center,,,,,,,,,,,,,,,,,,,,,,,,,,,,,,,,,,,,,,,,,,,,,,,,,,,,,,,,,,,,,,,,,,,,,,,,,,,,,,,,,,,,
Point,3.328455,6.5075172,way/795831102,yes,footway,1,,,,center,,,,,,,,,,,,,,,,,,,,,,,,,,,,,,,,,,,,,,,,,,,,,,,,,,,,,,,,,,,,,,,,,,,,,,,,,,,,,,,,,,,,
Point,3.3632944,6.490072,way/795831155,yes,footway,2,,,,center,,,,,,,,,,,,,,,,,,,,,,,,,,,,,,,,,,,,,,,,,,,,,,,,,,,,,,,,,,,,,,,,,,,,,,,,,,,,,,,,,,,,
Point,3.5307962,6.4563835,way/795962942,yes,residential,1,,,,center,,,,,,,,,,,,,,,,,,,,,,,,,,,,,,,,,,,,,,,,,,,,,,,,,,,,,,,,,,private,,,,,,,,,,,,,,,,,,,,,,,,,,
Point,3.5356423,6.4362302,way/796421398,yes,footway,1,,,,center,,,,,,,,,,,,,,,,,,,,,,,,,,,,,,,,,,,,,,,,,,,,,,,,,,,,,,,,,,,,,,,,,,,,,,,,,,,,,,,,,,,,
Point,3.5088574,6.6185993,way/797705021,yes,footway,1,,,,center,,,,,,,,,,,,,,,,,,,,,,,,,,,,,,,,,,,,,,,,,,,,,,,,,,,,,,,,,,,,,,,,,,,,,,,,,,,,,,,,,,,,
Point,-8.6355184,37.1610869,way/804784793,yes,track,1,,,,center,,,,,,,,,,,,,,,,,,,,,,,,,,,,,,,,,,,,,,,,,,,,,,,,,,,,,,,,,,,,,,,,,,,,,,,,,,,,,,,,,,,,
Point,3.3244462,6.4685215,way/829092432,yes,secondary,1,,yes,,center,,,paved,,,,,,,,,,,,,,,,,,,,,,,,,,,,,,,,,,,,,,,,,,,,,,,,,,,,,,,,,,,,,,,,,,,,,,,,,,,,,,,,,
Point,3.3386353,6.474889,way/829092434,yes,primary,1,Lagos-Badagry Expressway,yes,,center,,,paved,,,,,,,,,,,,,,,,,,,,,,,,,,,,,,,,,,,,,,,,,,,,,,,,,,,,,,,,,,,,,,,,,,,,,,,,,,,,,,,,,
Point,3.3061996,6.4602761,way/833815004,yes,primary,1,Lagos-Badagry Expressway,yes,,center,,,paved,,,,,,,,,,,,,,,,,,,,,,,,,,,,,,,,,,,,,,,,,,,,,,,,,,,,,,,,,,,,,,,,,,,,,,,,,,,,,,,,,
Point,3.4017889,6.5758305,way/844423379,yes,tertiary,1,,yes,,center,,,,,,,,,,,,,,,,,,,,,,,,,,,,,,,,,,,,,,,,,,,,,,,,,,,,,,,,,,,,,,,,,,,,,,,,,,,,,,,,,,,,
Point,3.4050103,6.5524265,way/844424507,yes,residential,1,Oluwaseun Street,no,,center,,,,,,,,,,,,,,,,,,,,,,,,,,,,,,,,,,,,,,,,,,,,,,,,,,,,,,,,,,,,,,,,,,,,,,,,,,,,,,,,,,,,
Point,3.4017214,6.5758515,way/865563780,yes,tertiary,1,,yes,,center,,,,,,,,,,,,,,,,,,,,,,,,,,,,,,,,,,,,,,,,,,,,,,,,,,,,,,,,,,,,,,,,,,,,,,,,,,,,,,,,,,,,
Point,3.3753217,6.5402045,way/870597708,yes,residential,1,Shodimu Street,,,center,,,,,,,,,,,,,,,,,,,,,,,,,,,,,,,,,,,,,,,,,,,,,,,,,,,,,,,,,,,,,,,,,,,,,,,,,,,,,,,,,,,,
Point,3.3067292,6.4596213,way/893293870,yes,primary,1,Lagos-Badagry Expressway,yes,,center,,,paved,,,,,,,,,,,,,,,,,,,,,,,,,,,,,,,,,,,,,,,,,,,,,,,,,,,,,,,,,,,,,,,,,,,,,,,,,,,,,,,,,
Point,3.3390623,6.4744873,way/893293876,yes,motorway,1,Lagos-Badagry Expressway,yes,F100,center,,30,paved,,,,,,,,,,,,,,,,,,,,,,,,,,,,,,,,,,,,,,,,,,,,,,,,,,,,,,,,,,,,,,,,,,,,,,,,,,,,,,,,,
Point,3.3640818,6.4764862,way/893293880,yes,trunk_link,1,,yes,,center,,,paved,,,,,,,,,,,,,,,,,,,,,,,,,,,,,,,,,,,,,,,,,,,,,,,,,,,,,,,,,,,,,,,,,,,,,,,,,,,,,,,,,
Point,3.3643969,6.4764064,way/893293881,yes,trunk,1,Lagos Badagry Expressway,yes,F100,center,,,paved,,,,,,,,,,,,,,,,,,,,,,,,,,,,,,,,,,,,,,,,,,,,,,,,,,,,,,,,,,,,,,,,,,,,,,,,,,,,,,,,,
Point,3.3646562,6.4762087,way/893293883,yes,trunk_link,1,,yes,,center,,,unpaved,,,,,,,,,,,,,,,,,,,,,,,,,,,,,,,,,,,,,,,,,,,,,,,,,,,,,,,,,,,,,,,,,,,,,,,,,,,,,,,,,
Point,3.2654238,6.4574612,way/893293887,yes,tertiary,1,,yes,,center,,,paved,,,,,,,,,,,,,,,,,,,,,,,,,,,,,,,,,,,,,,,,,,,,,,,,,,,,,,,,,,,,,,,,,,,,,,,,,,roundabout,,,,,,,
Point,3.2655147,6.4566187,way/893293888,yes,tertiary,1,,yes,,center,,,paved,,,,,,,,,,,,,,,,,,,,,,,,,,,,,,,,,,,,,,,,,,,,,,,,,,,,,,,,,,,,,,,,,,,,,,,,,,roundabout,,,,,,,
Point,3.2656487,6.4570662,way/893293889,yes,tertiary,1,,yes,,center,,,paved,,,,,,,,,,,,,,,,,,,,,,,,,,,,,,,,,,,,,,,,,,,,,,,,,,,,,,,,,,,,,,,,,,,,,,,,,,roundabout,,,,,,,
Point,3.2652865,6.4570257,way/893293890,yes,tertiary,1,,yes,,center,,,paved,,,,,,,,,,,,,,,,,,,,,,,,,,,,,,,,,,,,,,,,,,,,,,,,,,,,,,,,,,,,,,,,,,,,,,,,,,roundabout,,,,,,,
Point,3.3391749,6.474414,way/893293904,yes,primary,1,Lagos-Badagry Expressway,yes,,center,,,unpaved,,,,,,,,,,,,,,,,,,,,,,,,,,,,,,,,,,,,,,,,,,,,,,,,,,,,,,,,,,,,,,,,,,,,,,,,,,,,,,,,,
Point,3.3682876,6.4832438,way/907495983,yes,primary,1,Western Avenue,yes,,center,,,,,,,,,,,,,,,,,,,,,,,,,,,,,,,,,,,,,,,,,,,,,,,,,,,,,,,,,,,,,,,,,,,,,,,,,,,,,,,,,,,,
Point,3.3683664,6.4833221,way/907495984,yes,primary,1,Western Avenue,yes,,center,,,,,,,,,,,,,,,,,,,,,,,,,,,,,,,,,,,,,,,,,,,,,,,,,,,,,,,,,,,,,,,,,,,,,,,,,,,,,,,,,,,,
Point,3.323129,6.6278405,way/919669844,yes,secondary_link,1,,yes,,center,,,paved,,,,,,,,,,,,,,,,,,,,,,,,,,,,,,,,,,,,,,,,,,,,,,,,,,,,,,,,,,,,,,,,,,,,,,,,,,,,,,,,,
Point,3.3517843,6.5560921,way/936728640,yes,footway,3,,,,center,,,,,,,,,,,,,,,,,,,,,,,,,,,,,,,,,,,,,,,,,,,,,,,,,,,,,,,,,,,,,,,,,,,,,,,,,,,,,,,,,,,,
Point,3.3512932,6.5554415,way/936728641,yes,footway,3,,,,center,,,,,,,,,,,,,,,,,,,,,,,,,,,,,,,,,,,,,,,,,,,,,,,,,,,,,,,,,,,,,,,,,,,,,,,,,,,,,,,,,,,,
Point,3.3506857,6.5550439,way/936728660,yes,motorway_link,1,,yes,,center,,,asphalt,,,,,,,,,,,,,,,,,,,,,,,,,,,,,,,,,,,,,,,,,,,,,,,,,,,,,,,,,,,,,,,,,,,,,,,,,,,,,,,,,
Point,3.3504023,6.5554369,way/936728663,yes,motorway_link,1,,yes,,center,,,asphalt,,,,,,,,,,,,,,,,,,,,,,,,,,,,,,,,,,,,,,,,,,,,,,,,,,,,,,,,,,,,,,,,,,,,,,,,,,,,,,,,,
Point,3.2673733,6.6567383,way/961846643,yes,tertiary,1,,yes,,center,,,,,,,,,,,,,,,,,,,,,,,,,,,,,,,,,,,,,,,,,,,,,,,,,,,,,,,,,,,,,,,,,,,,,,,,,,,,,,,,,,,,
Point,3.4906694,6.4493338,way/965865362,yes,service,1,,,,center,,,,,,,,,,,,,,,,,,,,,,,,,,,,,,,,,,,,,,,,,,,,,,,,,,,,,,,,,,,,,,,,,,,,,,,,,,,,,,,,,,,,
Point,3.3235541,6.6278245,way/987499806,yes,secondary,1,,yes,,center,,,paved,,,,,,,,,,,,,,,,,,,,,,,,,,,,,,,,,,,,,,,,,,,,,,,,,,,,,,,,,,,,,,,,,,,,,,,,,,,,,,,,,
Point,3.3235846,6.6277369,way/987499807,yes,secondary,1,,yes,,center,,,paved,,,,,,,,,,,,,,,,,,,,,,,,,,,,,,,,,,,,,,,,,,,,,,,,,,,,,,,,,,,,,,,,,,,,,,,,,,,,,,,,,
Point,3.3498599,6.5603632,way/987499823,yes,footway,1,,,,center,,,,,,,,,,,,,,,,,,,,,,,,,,,,,,,,,,,,,,,,,,,,,,,,,,,,,,,,,,,,,,,,,,,,,,,,,,,,,,,,,,,,
Point,3.3712607,6.5177322,way/987499832,yes,footway,1,,,,center,,,unpaved,,,,,,,,,,,,,,,,,,,,,,,,,,,,,,,,,,,,,,,,,,,,,,,,,,,,,,,,,,,,,,,,,,,,,,,,,,,,,,,,,
Point,-8.7591974,37.1135489,way/1008895456,yes,unclassified,1,Estrada de Barão de São João,,,center,,,asphalt,,,,,,,,,,,,,,,,,,,,,,,,,,,,,,,,,,,,,,,,4,,,,,,,,,,,,,,,,,,,,,,,,,,,,,,,,,,,,,,,,,
Point,-8.771539,37.1390951,way/1008895458,yes,tertiary,1,,,,center,2,,asphalt,,,,,,,,,,,,,,,,,,,,,,,,,,,,,,,,,,,,,,,,,,,,,,,,,,,,,,,,,,,,,,,,,,,,,,,,,,,,,,,,,
Point,-8.7046062,37.0984637,way/1021650688,yes,footway,2,,,,center,,,,,,,,,,,,,,,,,,,,,,,,,,,,,,,,,,,,,,,,,,,,,,,,,,,,,,,,,,,,,,,,,,,,,,,,,,,,,,,,,,,,
Point,3.4066944,6.6055504,way/1040059127,yes,busway,1,,yes,,center,1,,,,,,,,,,,,,,,,,,,,,,,,,,,,,,,,,,,,,,,,,,,,,,,,,,,,,,,,,,,,,,,,,,,,,,,,,,,,,,,,,,,
Point,3.4066577,6.6055871,way/1040059129,yes,busway,1,,yes,,center,1,,,,,,,,,,,,,,,,,,,,,,,,,,,,,,,,,,,,,,,,,,,,,,,,,,,,,,,,,,,,,,,,,,,,,,,,,,,,,,,,,,,
Point,3.2719832,6.458024,way/1043797275,yes,motorway,1,Lagos-Badagry Expressway,yes,F100,center,,,paved,,,,,,,,,,,,,,,,,,,,,,,,,,,,,,,,,,,,,,,,,,,,,,,,,,,,,,,,,,,,,,,,,,,,,,,,,,,,,,,,,
Point,3.2720321,6.457646,way/1043797277,yes,motorway,1,Lagos-Badagry Expressway,yes,F100,center,,,paved,,,,,,,,,,,,,,,,,,,,,,,,,,,,,,,,,,,,,,,,,,,,,,,,,,,,,,,,,,,,,,,,,,,,,,,,,,,,,,,,,
Point,3.265537,6.4583662,way/1043797283,yes,tertiary,1,2nd Avenue,yes,,center,,,paved,,,,,,,,,,,,,,,,,,,,,,,,,,,,,,,,,,,,,,,,,,,,,,,,,,,,,,,,,,,,,,,,,,,,,,,,,,,,,,,,,
Point,3.2654831,6.4583977,way/1043797284,yes,tertiary,1,2nd Avenue,yes,,center,,,paved,,,,,,,,,,,,,,,,,,,,,,,,,,,,,,,,,,,,,,,,,,,,,,,,,,,,,,,,,,,,,,,,,,,,,,,,,,,,,,,,,
Point,3.2648015,6.4566568,way/1043797288,yes,motorway_link,1,,yes,,center,,,paved,,,,,,,,,,,,,,,,,,,,,,,,,,,,,,,,,,,,,,,,,,,,,,,,,,,,,,,,,,,,,,,,,,,,,,,,,,,,,,,,,
Point,3.2647145,6.4572634,way/1043797289,yes,motorway_link,1,,yes,,center,,,paved,,,,,,,,,,,,,,,,,,,,,,,,,,,,,,,,,,,,,,,,,,,,,,,,,,,,,,,,,,,,,,,,,,,,,,,,,,,,,,,,,
Point,3.266165,6.4573922,way/1043797290,yes,motorway_link,1,,yes,,center,,,paved,,,,,,,,,,,,,,,,,,,,,,,,,,,,,,,,,,,,,,,,,,,,,,,,,,,,,,,,,,,,,,,,,,,,,,,,,,,,,,,,,
Point,3.2662502,6.4568055,way/1043797291,yes,motorway_link,1,,yes,,center,,,paved,,,,,,,,,,,,,,,,,,,,,,,,,,,,,,,,,,,,,,,,,,,,,,,,,,,,,,,,,,,,,,,,,,,,,,,,,,,,,,,,,
Point,3.2719901,6.4579635,way/1043797294,yes,busway,1,BRT Lane,yes,,center,,,paved,,,,,,,,,,,,,,,,,,,,,,,,,,,,,,,,,,,,,,,,,,,,,,,,,,,,,,,,,,,,,,,,,,,,,,,,,,,,,,,,,
Point,3.2720239,6.4577059,way/1043797297,yes,busway,1,BRT Lane,yes,,center,,,paved,,,,,,,,,,,,,,,,,,,,,,,,,,,,,,,,,,,,,,,,,,,,,,,,,,,,,,,,,,,,,,,,,,,,,,,,,,,,,,,,,
Point,3.3066287,6.4598399,way/1043797300,yes,busway,1,BRT Lane,yes,,center,,,paved,,,,,,,,,,,,,,,,,,,,,,,,,,,,,,,,,,,,,,,,,,,,,,,,,,,,,,,,,,,,,,,,,,,,,,,,,,,,,,,,,
Point,3.3063439,6.4601142,way/1043797303,yes,busway,1,BRT Lane,yes,,center,,,paved,,,,,,,,,,,,,,,,,,,,,,,,,,,,,,,,,,,,,,,,,,,,,,,,,,,,,,,,,,,,,,,,,,,,,,,,,,,,,,,,,
Point,3.3267731,6.4660111,way/1043800920,yes,secondary,1,,yes,,center,,,paved,,,,,,,,,,,,,,,,,,,,,,,,,,,,,,,,,,,,,,,,,,,,,,,,,,,,,,,,,,,,,,,,,,,,,,,,,,,,,,,,,
Point,3.3263425,6.4653509,way/1043800922,yes,motorway_link,1,,yes,,center,,,paved,,,,,,,,,,,,,,,,,,,,,,,,,,,,,,,,,,,,,,,,,,,,,,,,,,,,,,,,,,,,,,,,,,,,,,,,,,,,,,,,,
Point,3.3259925,6.4658425,way/1043800923,yes,motorway_link,1,,yes,,center,,,paved,,,,,,,,,,,,,,,,,,,,,,,,,,,,,,,,,,,,,,,,,,,,,,,,,,,,,,,,,,,,,,,,,,,,,,,,,,,,,,,,,
Point,3.3275349,6.4661993,way/1043800929,yes,motorway_link,1,,yes,,center,,,paved,,,,,,,,,,,,,,,,,,,,,,,,,,,,,,,,,,,,,,,,,,,,,,,,,,,,,,,,,,,,,,,,,,,,,,,,,,,,,,,,,
Point,3.3271983,6.4666936,way/1043800930,yes,motorway_link,1,,yes,,center,,,paved,,,,,,,,,,,,,,,,,,,,,,,,,,,,,,,,,,,,,,,,,,,,,,,,,,,,,,,,,,,,,,,,,,,,,,,,,,,,,,,,,
Point,-8.7522147,37.167994,way/1051933323,yes,track,1,,,,center,,,,,,,,,,,,,,,,,,,,,,,,,,,,,,,,,,,,,,,,,,,,,,,,,,,,,,,,,,,,,,,,,,,,,,,,,,,,,,,,,,,,
Point,-8.7502522,37.1664289,way/1051933325,yes,track,1,,,,center,,,,,,,,,,,,,,,,,,,,,,,,,,,,,,,,,,,,,,,,,,,,,,,,,,,,,,,,,,,,,,,,,,,,,,,,,,,,,,,,,,,,
Point,3.4260008,6.4408241,way/1061545449,yes,primary,1,Falomo Bridge,yes,F265,center,,,,,,,,,,,,,,,,,,,,,,,,,,,,,,,,,,,,,,,,,,,,,,,,,,,,,,,,,,,,,,,,,,,,,,,,,,,,,,,,,,,,
Point,3.4251243,6.4388344,way/1061545450,yes,primary,1,Falomo Bridge,yes,F265,center,,,,,,,,,,,,,,,,,,,,,,,,,,,,,,,,,,,,,,,,,,,,,,,,,,,,,,,,,,,,,,,,,,,,,,,,,,,,,,,,,,,,
Point,3.2075301,6.4603291,way/1061807513,yes,secondary,1,,yes,,center,,,,,,,,,,,,,,,,,,,,,,,,,,,,,,,,,,,,,,,,,,,,,,,,,,,,,,,,,,,,,,,,,,,,,,,,,,,,,,,,,,,,
Point,3.207433,6.4602794,way/1061807514,yes,secondary,1,,yes,,center,,,,,,,,,,,,,,,,,,,,,,,,,,,,,,,,,,,,,,,,,,,,,,,,,,,,,,,,,,,,,,,,,,,,,,,,,,,,,,,,,,,,
Point,3.2087727,6.4593627,way/1061807515,yes,trunk_link,1,,yes,,center,,,,,,,,,,,,,,,,,,,,,,,,,,,,,,,,,,,,,,,,,,,,,,,,,,,,,,,,,,,,,,,,,,,,,,,,,,,,,,,,,,,,
Point,3.2088238,6.4599006,way/1061807517,yes,trunk_link,1,,yes,,center,,,,,,,,,,,,,,,,,,,,,,,,,,,,,,,,,,,,,,,,,,,,,,,,,,,,,,,,,,,,,,,,,,,,,,,,,,,,,,,,,,,,
Point,3.207359,6.4600318,way/1061807519,yes,trunk_link,1,,yes,,center,,,,,,,,,,,,,,,,,,,,,,,,,,,,,,,,,,,,,,,,,,,,,,,,,,,,,,,,,,,,,,,,,,,,,,,,,,,,,,,,,,,,
Point,3.2072922,6.4595249,way/1061807521,yes,trunk_link,1,,yes,,center,,,,,,,,,,,,,,,,,,,,,,,,,,,,,,,,,,,,,,,,,,,,,,,,,,,,,,,,,,,,,,,,,,,,,,,,,,,,,,,,,,,,
Point,3.2080297,6.459316,way/1061807523,yes,secondary,1,,yes,,center,,,,,,,,,,,,,,,,,,,,,,,,,,,,,,,,,,,,,,,,,,,,,,,,,,,,,,,,,,,,,,,,,,,,,,,,,,,,,,,,,,,,
Point,3.2080882,6.4600319,way/1061807524,yes,secondary,1,,yes,,center,,,,,,,,,,,,,,,,,,,,,,,,,,,,,,,,,,,,,,,,,,,,,,,,,,,,,,,,,,,,,,,,,,,,,,,,,,,,,,,,,,,,
Point,3.2078691,6.4596963,way/1061807525,yes,secondary,1,,yes,,center,,,,,,,,,,,,,,,,,,,,,,,,,,,,,,,,,,,,,,,,,,,,,,,,,,,,,,,,,,,,,,,,,,,,,,,,,,,,,,,,,,,,
Point,3.2082496,6.4596595,way/1061807526,yes,secondary,1,,yes,,center,,,,,,,,,,,,,,,,,,,,,,,,,,,,,,,,,,,,,,,,,,,,,,,,,,,,,,,,,,,,,,,,,,,,,,,,,,,,,,,,,,,,
Point,3.372919,6.4885873,way/1071098795,yes,,1,,,,center,,,unpaved,,,,,,,,,,,,no,,1435,,,,,,,,rail,,,,,,,,,,,,,industrial,,,,,,,,,,,,,,,,,,,,,,,,,,,,,,,,,,,,,,,,,,,,,,
Point,3.366478,6.4812475,way/1071098797,yes,,1,,,,center,,,,,,,,,,,,,,,no,,1067,,,,,,,,rail,,,,,,,,,,,,,industrial,,,,,,,,,,,,,,,,,,,,,,,,,,,,,,,,,,,,,,,,,,,,,,
Point,3.3664626,6.4812935,way/1071098799,yes,,1,,,,center,,,,,,,,,,,,,,,no,,1435,,,,,,,,rail,,,,,,,,,,,,,industrial,,,,,,,,,,,,,,,,,,,,,,,,,,,,,,,,,,,,,,,,,,,,,,
Point,3.3657345,6.483908,way/1071098801,yes,motorway,1,Apapa Road,yes,A1,center,,,paved,,,,,,,,,,,,,,,,,,,,,,,,,,,,,,,,,,,,,,,,,,,,,,,,,,,,,,,,,,,,,,,,,,,,,,,,,,,,,,,,,
Point,4.2655451,6.3878748,way/1113158589,yes,unclassified,1,,,,center,,,unpaved,,,,,,,,,,,,,,,,,,,,,,,,,,,,,,,,,,,,,,,,,,,,,,,,,,,,,,,,,,,,,,,,,,,,,,,,,,,,,,,,,
Point,4.0145881,6.4629609,way/1115080788,yes,residential,1,,,,center,,,,,,,,,,,,,,,,,,,,,,,,,,,,,,,,,,,,,,,,,,,,,,,,,,,,,,,,,,,,,,,,,,,,,,,,,,,,,,,,,,,,
Point,4.0146002,6.4655338,way/1115080797,yes,residential,1,,,,center,,,,,,,,,,,,,,,,,,,,,,,,,,,,,,,,,,,,,,,,,,,,,,,,,,,,,,,,,,,,,,,,,,,,,,,,,,,,,,,,,,,,
Point,4.017884,6.4479897,way/1115468506,yes,service,1,,,,center,,,,,,,,,,,,,,,,,,,,,,,,,,,,,,,,,,,,,,,,,,,,,,,,,,,,,,,,,,,,,,,,,,,,,,,,,,,,,,,,,,,,
Point,4.017848,6.4493399,way/1115468509,yes,service,1,,,,center,,,,,,,,,,,,,,,,,,,,,,,,,,,,,,,,,,,,,,,,,,,,,,,,,,,,,,,,,,,,,,,,,,,,,,,,,,,,,,,,,,,,
Point,4.0178479,6.4509004,way/1115468512,yes,service,1,,,,center,,,,,,,,,,,,,,,,,,,,,,,,,,,,,,,,,,,,,,,,,,,,,,,,,,,,,,,,,,,,,,,,,,,,,,,,,,,,,,,,,,,,
Point,4.0178418,6.452342,way/1115468514,yes,service,1,,,,center,,,,,,,,,,,,,,,,,,,,,,,,,,,,,,,,,,,,,,,,,,,,,,,,,,,,,,,,,,,,,,,,,,,,,,,,,,,,,,,,,,,,
Point,4.0178552,6.453682,way/1115468517,yes,service,1,,,,center,,,,,,,,,,,,,,,,,,,,,,,,,,,,,,,,,,,,,,,,,,,,,,,,,,,,,,,,,,,,,,,,,,,,,,,,,,,,,,,,,,,,
Point,4.0178669,6.4552456,way/1115468520,yes,service,1,,,,center,,,,,,,,,,,,,,,,,,,,,,,,,,,,,,,,,,,,,,,,,,,,,,,,,,,,,,,,,,,,,,,,,,,,,,,,,,,,,,,,,,,,
Point,4.0197932,6.4523454,way/1115468524,yes,service,1,,,,center,,,,,,,,,,,,,,,,,,,,,,,,,,,,,,,,,,,,,,,,,,,,,,,,,,,,,,,,,,,,,,,,,,,,,,,,,,,,,,,,,,,,
Point,4.0200913,6.4521722,way/1115468525,yes,service,1,,,,center,,,,,,,,,,,,,,,,,,,,,,,,,,,,,,,,,,,,,,,,,,,,,,,,,,,,,,,,,,,,,,,,,,,,,,,,,,,,,,,,,,,,
Point,4.0217503,6.447983,way/1115468549,yes,service,1,,,,center,,,,,,,,,,,,,,,,,,,,,,,,,,,,,,,,,,,,,,,,,,,,,,,,,,,,,,,,,,,,,,,,,,,,,,,,,,,,,,,,,,,,
Point,4.0198665,6.4479863,way/1115468551,yes,service,1,,,,center,,,,,,,,,,,,,,,,,,,,,,,,,,,,,,,,,,,,,,,,,,,,,,,,,,,,,,,,,,,,,,,,,,,,,,,,,,,,,,,,,,,,
Point,4.019789,6.4508971,way/1115468553,yes,service,1,,,,center,,,,,,,,,,,,,,,,,,,,,,,,,,,,,,,,,,,,,,,,,,,,,,,,,,,,,,,,,,,,,,,,,,,,,,,,,,,,,,,,,,,,
Point,4.0198315,6.4493334,way/1115468555,yes,service,1,,,,center,,,,,,,,,,,,,,,,,,,,,,,,,,,,,,,,,,,,,,,,,,,,,,,,,,,,,,,,,,,,,,,,,,,,,,,,,,,,,,,,,,,,
Point,4.0217467,6.449327,way/1115468558,yes,service,1,,,,center,,,,,,,,,,,,,,,,,,,,,,,,,,,,,,,,,,,,,,,,,,,,,,,,,,,,,,,,,,,,,,,,,,,,,,,,,,,,,,,,,,,,
Point,4.0217544,6.450894,way/1115468560,yes,service,1,,,,center,,,,,,,,,,,,,,,,,,,,,,,,,,,,,,,,,,,,,,,,,,,,,,,,,,,,,,,,,,,,,,,,,,,,,,,,,,,,,,,,,,,,
Point,4.0219926,6.4521912,way/1115468562,yes,service,1,,,,center,,,,,,,,,,,,,,,,,,,,,,,,,,,,,,,,,,,,,,,,,,,,,,,,,,,,,,,,,,,,,,,,,,,,,,,,,,,,,,,,,,,,
Point,4.0219879,6.4510941,way/1115468564,yes,service,1,,,,center,,,,,,,,,,,,,,,,,,,,,,,,,,,,,,,,,,,,,,,,,,,,,,,,,,,,,,,,,,,,,,,,,,,,,,,,,,,,,,,,,,,,
Point,4.0219888,6.4504606,way/1115468566,yes,service,1,,,,center,,,,,,,,,,,,,,,,,,,,,,,,,,,,,,,,,,,,,,,,,,,,,,,,,,,,,,,,,,,,,,,,,,,,,,,,,,,,,,,,,,,,
Point,4.0219945,6.449135,way/1115468568,yes,service,1,,,,center,,,,,,,,,,,,,,,,,,,,,,,,,,,,,,,,,,,,,,,,,,,,,,,,,,,,,,,,,,,,,,,,,,,,,,,,,,,,,,,,,,,,
Point,4.0242179,6.4479859,way/1115468570,yes,service,1,,,,center,,,,,,,,,,,,,,,,,,,,,,,,,,,,,,,,,,,,,,,,,,,,,,,,,,,,,,,,,,,,,,,,,,,,,,,,,,,,,,,,,,,,
Point,4.0242299,6.4493237,way/1115468572,yes,service,1,,,,center,,,,,,,,,,,,,,,,,,,,,,,,,,,,,,,,,,,,,,,,,,,,,,,,,,,,,,,,,,,,,,,,,,,,,,,,,,,,,,,,,,,,
Point,4.0242313,6.4508899,way/1115468574,yes,service,1,,,,center,,,,,,,,,,,,,,,,,,,,,,,,,,,,,,,,,,,,,,,,,,,,,,,,,,,,,,,,,,,,,,,,,,,,,,,,,,,,,,,,,,,,
Point,4.0240446,6.4521943,way/1115468575,yes,service,1,,,,center,,,,,,,,,,,,,,,,,,,,,,,,,,,,,,,,,,,,,,,,,,,,,,,,,,,,,,,,,,,,,,,,,,,,,,,,,,,,,,,,,,,,
Point,4.0198071,6.4536741,way/1115468578,yes,service,1,,,,center,,,,,,,,,,,,,,,,,,,,,,,,,,,,,,,,,,,,,,,,,,,,,,,,,,,,,,,,,,,,,,,,,,,,,,,,,,,,,,,,,,,,
Point,4.0149062,6.4520548,way/1115468580,yes,service,1,,,,center,,,,,,,,,,,,,,,,,,,,,,,,,,,,,,,,,,,,,,,,,,,,,,,,,,,,,,,,,,,,,,,,,,,,,,,,,,,,,,,,,,,,
Point,4.014904,6.4505815,way/1115468582,yes,residential,1,,,,center,,,,,,,,,,,,,,,,,,,,,,,,,,,,,,,,,,,,,,,,,,,,,,,,,,,,,,,,,,,,,,,,,,,,,,,,,,,,,,,,,,,,
Point,4.0173181,6.4465214,way/1115468586,yes,service,1,,,,center,,,,,,,,,,,,,,,,,,,,,,,,,,,,,,,,,,,,,,,,,,,,,,,,,,,,,,,,,,,,,,,,,,,,,,,,,,,,,,,,,,,,
Point,4.0214,6.4463453,way/1115468589,yes,service,1,,,,center,,,,,,,,,,,,,,,,,,,,,,,,,,,,,,,,,,,,,,,,,,,,,,,,,,,,,,,,,,,,,,,,,,,,,,,,,,,,,,,,,,,,
Point,4.022806,6.4463505,way/1115468591,yes,service,1,,,,center,,,,,,,,,,,,,,,,,,,,,,,,,,,,,,,,,,,,,,,,,,,,,,,,,,,,,,,,,,,,,,,,,,,,,,,,,,,,,,,,,,,,
Point,4.028868,6.4458355,way/1115468610,yes,service,1,,,,center,,,,,,,,,,,,,,,,,,,,,,,,,,,,,,,,,,,,,,,,,,,,,,,,,,,,,,,,,,,,,,,,,,,,,,,,,,,,,,,,,,,,
Point,4.0313502,6.447542,way/1115468612,yes,service,1,,,,center,,,,,,,,,,,,,,,,,,,,,,,,,,,,,,,,,,,,,,,,,,,,,,,,,,,,,,,,,,,,,,,,,,,,,,,,,,,,,,,,,,,,
Point,4.0270405,6.4458532,way/1115468624,yes,service,1,,,,center,,,,,,,,,,,,,,,,,,,,,,,,,,,,,,,,,,,,,,,,,,,,,,,,,,,,,,,,,,,,,,,,,,,,,,,,,,,,,,,,,,,,
Point,4.0178893,6.4560911,way/1115468635,yes,service,1,,,,center,,,,,,,,,,,,,,,,,,,,,,,,,,,,,,,,,,,,,,,,,,,,,,,,,,,,,,,,,,,,,,,,,,,,,,,,,,,,,,,,,,,,
Point,3.991774,6.4490974,way/1115827534,yes,service,1,,,,center,,,,,,,,,,,,,,,,,,,,,,,,,,,,,,,,,,,,,,,,,,,,,,,,,,,,,,,,,,,,,,,,,,,,,,,,,,,,,,,,,,,,
Point,3.9897398,6.4458335,way/1115827536,yes,service,1,,,,center,,,,,,,,,,,,,,,,,,,,,,,,,,,,,,,,,,,,,,,,,,,,,,,,,,,,,,,,,,,,,,,,,,,,,,,,,,,,,,,,,,,,
Point,3.9877461,6.4458272,way/1115827538,yes,service,1,,,,center,,,unpaved,,,,,,,,,,,,,,,,,,,,,,,,,,,,,,,,,,,,,,,,,,,,,,,,,,,,,,,,,,,,,,,,,,,,,,,,,,,,,,,,,
Point,3.987762,6.4490578,way/1115827540,yes,service,1,,,,center,,,unpaved,,,,,,,,,,,,,,,,,,,,,,,,,,,,,,,,,,,,,,,,,,,,,,,,,,,,,,,,,,,,,,,,,,,,,,,,,,,,,,,,,
Point,3.9897525,6.4490148,way/1115827542,yes,service,1,,,,center,,,,,,,,,,,,,,,,,,,,,,,,,,,,,,,,,,,,,,,,,,,,,,,,,,,,,,,,,,,,,,,,,,,,,,,,,,,,,,,,,,,,
Point,3.9867212,6.4449446,way/1115827545,yes,service,1,,,,center,,,unpaved,,,,,,,,,,,,,,,,,,,,,,,,,,,,,,,,,,,,,,,,,,,,,,,,,,,,,,,,,,,,,,,,,,,,,,,,,,,,,,,,,
Point,4.0144127,6.4660781,way/1115827563,yes,service,1,,,,center,,,,,,,,,,,,,,,,,,,,,,,,,,,,,,,,,,,,,,,,,,,,,,,,,,,,,,,,,,,,,,,,,,,,,,,,,,,,,,,,,,,,
Point,3.3802028,6.4566295,way/1117087941,yes,footway,1,,,,center,,,,,,,,,no,yes,,no,,,,,,,,,,,,,,,,,,,,,,,,,,,,,,,,,,,,,,,,,,,,,,,,,,,,,,,,,,,,,,,,,,,,,,,,
Point,3.5245099,6.4541769,way/1135639992,yes,residential,1,Pinewood Road,,,center,,,,,,,,,,,,,,,,,,,,,,,,,,,,,,,,,,,,,,,,,,,,,,,,,,,,,,,,,,,,,,,,,,,,,,,,,,,,,,,,,,,,
Point,3.5228848,6.4540315,way/1135639994,yes,residential,1,,,,center,,,,,,,,,,,,,,,,,,,,,,,,,,,,,,,,,,,,,,,,,,,,,,,,,,,,,,,,,,,,,,,,,,,,,,,,,,,,,,,,,,,,
Point,3.521823,6.4539763,way/1135639995,yes,residential,1,,,,center,,,,,,,,,,,,,,,,,,,,,,,,,,,,,,,,,,,,,,,,,,,,,,,,,,,,,,,,,,,,,,,,,,,,,,,,,,,,,,,,,,,,
Point,3.5676029,6.4478623,way/1137498819,yes,residential,1,,,,center,,,,,,,,,,,,,,,,,,,,,,,,,,,,,,,,,,,,,,,,,,,,,,,,,,,,,,,,,,,,,,,,,,,,,,,,,,,,,,,,,,,,
Point,-8.7428225,37.158562,way/1152279573,yes,primary,1,,,EN 120,center,2,,asphalt,,,no,,,,yes,,,,,,,,,,,,,,,,,,,,,,,,,,,,,,,,,,,,,,,,good,,,,,,,,,,IC 4,,,,,,,,,,,,,,,,,,no,,,,,,
Point,3.439007,6.435174,way/1156532567,yes,tertiary,1,Ligali Ayorinde Street,yes,,center,,,,,,,,,,,,,,,,,,,,,,,,,,,,,,,,,,,,,,,,,,,,,,,,,,,,,,,,,,,,,,,,,,,,,,,,,,,,,,,,,,,,
Point,3.3695932,6.5089645,way/1157078040,yes,secondary,1,Ojuelegba Road,,,center,,,,,,,,,,,,,,,,,,,,,,,,,,,,,,,,,,,,,,,,,,,,,,,,,,,,,,,,,,,,,,,,,,,,,,,,,,,,,,,,,,,,
Point,3.3714316,6.5097275,way/1157078045,yes,secondary,1,,yes,,center,,,unpaved,,,,,,,,,,,,,,,,,,,,,,,,,,,,,,,,,,,,,,,,,,,,,,,,,,,,,,,,,,,,,,,,,,,,,,,,,,,,,,,,,
Point,3.3616952,6.5306205,way/1157079484,yes,tertiary,1,Mushin Flyover Bridge,,,center,,,asphalt,,,,,,,,,,,,,,,,,,,,,,,,,,,,,,,,,,,,,,,,,,,,,,,,,,,,,,,,,,,,,,,,,,,,,,,,,,,,,,,,,
Point,3.3824758,6.4821474,way/1157080487,yes,tertiary,1,Oyingbo Flyover Bridge,,,center,,,,,,,,,,,,,,,,,,,,,,,,,,,,,,,,,,,,,,,,,,,,,,,,,,,,,,,,,,,,,,,,,,,,,,,,,,,,,,,,,,,,
Point,3.3829613,6.4822184,way/1157080491,yes,tertiary,1,,yes,,center,,,,,,,,,,no,,,,,,,,,,,,,,,,,,,,,,,,,,,,,,,,,,,,,,,,,,,,,,,,,,,,,,,,,,,,,,,,,,,,,,,,,,
Point,3.3494095,6.562336,way/1157247970,yes,footway,1,,,,center,,,,,,,,,,,,,,,,,,,,,,,,,,,,,,,,,,,,,,,,,,,,,,,,,,,,,,,,,,,,,,,,,,,,,,,,,,,,,,,,,,,,
Point,3.3347513,6.5984458,way/1157269493,yes,footway,1,,,,center,,,,,,,,,,,,,,,,,,,,,,,,,,,,,,,,,,,,,,,,,,,,,,,,,,,,,,,,,,,,,,,,,,,,,,,,,,,,,,,,,,,,
Point,3.3863073,6.5840782,way/1165532922,yes,residential,1,,yes,,center,,,,,,,,,,,,,,,,,,,,,,,,,,,,,,,,,,,,,,,,,,,,,,,,,,,,,,,,,,,,,,,,,,,,,,,,,,,,,,,,,,,,
Point,3.2646678,6.6386485,way/1173213634,yes,secondary,1,Command Secondary School Road,yes,,center,,,,,,,,,,,,,,,,,,,,,,,,,,,,,,,,,,,,,,,,,,,,,,,,,,,,,,,,,,,,,,,,,,,,,,,,,,,,,,,,,,,,
Point,3.9986587,6.4443428,way/1176088102,yes,service,1,,,,center,,,,,,,,,,,,,,,,,,,,,,,,,,,,,,,,,,,,,,,,,,,,,,,,,,,,,,,,,,,,,,,,,,,,,,,,,,,,,,,,,,,,
Point,3.9986815,6.4541455,way/1176088104,yes,service,1,,,,center,,,,,,,,,,,,,,,,,,,,,,,,,,,,,,,,,,,,,,,,,,,,,,,,,,,,,,,,,,,,,,,,,,,,,,,,,,,,,,,,,,,,
Point,4.0031259,6.4586997,way/1176088112,yes,service,1,,,,center,,,,,,,,,,,,,,,,,,,,,,,,,,,,,,,,,,,,,,,,,,,,,,,,,,,,,,,,,,,,,,,,,,,,,,,,,,,,,,,,,,,,
Point,3.3322709,6.5851881,way/1203922979,yes,footway,,,,,center,,,,,,,,,,,,,,,,,,,,,,,,,,,,,,,,,,,,,,,,,,,,,,,,,,,,,,,,,,private,,,,,,,,,,,,,,,,,,,,,jet_bridge,2,,,,
Point,3.3322105,6.5851114,way/1203922980,yes,footway,,,,,center,,,,,,,,,,,,,,,,,,,,,,,,,,,,,,,,,,,,,,,,,,,,,,,,,,,,,,,,,,private,,,,,,,,,,,,,,,,,,,,,jet_bridge,2,,,,
Point,3.3322061,6.5847035,way/1203922981,yes,footway,,,,,center,,,,,,,,,,,,,,,,,,,,,,,,,,,,,,,,,,,,,,,,,,,,,,,,,,,,,,,,,,private,,,,,,,,,,,,,,,,,,,,,jet_bridge,2,,,,
Point,3.3321946,6.5846079,way/1203922982,yes,footway,,,,,center,,,,,,,,,,,,,,,,,,,,,,,,,,,,,,,,,,,,,,,,,,,,,,,,,,,,,,,,,,private,,,,,,,,,,,,,,,,,,,,,jet_bridge,2,,,,
Point,3.3322468,6.5842111,way/1203922983,yes,footway,,,,,center,,,,,,,,,,,,,,,,,,,,,,,,,,,,,,,,,,,,,,,,,,,,,,,,,,,,,,,,,,private,,,,,,,,,,,,,,,,,,,,,jet_bridge,2,,,,
Point,3.332313,6.5841308,way/1203922984,yes,footway,,,,,center,,,,,,,,,,,,,,,,,,,,,,,,,,,,,,,,,,,,,,,,,,,,,,,,,,,,,,,,,,private,,,,,,,,,,,,,,,,,,,,,jet_bridge,2,,,,
Point,3.3928566,6.4604532,way/1207723667,yes,tertiary,1,Princess Street,,,center,,,,,Bing,,,,,,,,,,,,,,,,,,,,,,,,,,,,,,,,,,,,,,,,,,,,,,,,,,,,,,,,,,,,,,,,,,,,,,,,,,,,,,,
Point,-8.6651698,37.1074034,way/1215765693,yes,,1,,,,center,,,wood,,,,,,,,,,,,,,,,,,,,,,,,,,,,,,,,,,,,,,,,,,,,,,,,,,,,,,,,,,,,,,,,,,,,,,,,,,,,,,footway,,,
Point,-8.6625914,37.1094202,way/1215765694,yes,,1,,,,center,,,wood,,,,,,,,,,,,,,,,,,,,,,,,,,,,,,,,,,,,,,,,,,,,,,,,,,,,,,,,,,,,,,,,,,,,,,,,,,,,,,footway,,,
Point,-8.6589251,37.1118452,way/1215765695,yes,,1,,,,center,,,wood,,,,,,,,,,,,,,,,,,,,,,,,,,,,,,,,,,,,,,,,,,,,,,,,,,,,,,,,,,,,,,,,,,,,,,,,,,,,,,footway,,,
Point,-8.657389,37.11286,way/1215765696,yes,,1,,,,center,,,wood,,,,,,,,,,,,,,,,,,,,,,,,,,,,,,,,,,,,,,,,,,,,,,,,,,,,,,,,,,,,,,,,,,,,,,,,,,,,,,footway,,,
Point,-8.6554131,37.1139798,way/1215765699,yes,,1,,,,center,,,wood,,,,,,,,,,,,,,,,,,,,,,,,,,,,,,,,,,,,,,,,,,,,,,,,,,,,,,,,,,,,,,,,,,,,,,,,,,,,,,footway,,,
Point,-8.6533816,37.1150178,way/1215765700,yes,,1,,,,center,,,wood,,,,,,,,,,,,,,,,,,,,,,,,,,,,,,,,,,,,,,,,,,,,,,,,,,,,,,,,,,,,,,,,,,,,,,,,,,,,,,footway,,,
Point,3.3554627,6.4665938,way/1218697072,yes,secondary,1,Gaskiya College Road,yes,,center,,,,,bing,,,,,,,,,,,,,,,,,,,,,,,,,,,,,,,,,,,,,,,,,,,,,,,,,,,,,,,,,,,,,,,,,,,,,,,,,,,,,,,
Point,3.350426,6.4729525,way/1218697078,yes,secondary,1,Iganmu Road,yes,,center,,,paved,,bing,,,,,,,,,,,,,,,,,,,,,,,,,,,,,,,,,,,,,,,,,,,,,,,,,,,,,,,,,,,,,,,,,,,,,,,,,,,,,,,
Point,-8.6738247,37.1120543,way/1219380757,yes,path,1,,,,center,,,,,,,,,,,,,,,,,,,,,,,,,,,,,,,,,,,,,,,,,,,,,,,,,,,,,,,,,,,,,,,,,,,,,,,,,,,,,,,,,,,,
Point,3.3522766,6.6445956,way/1219711030,yes,residential,1,,no,,center,,,,,,,,,,,,,,,,,,,,,,,,,,,,,,,,,,,,,,,,,,,,,,,,,,,,,,,,,,,,,,,,,,,,,,,,,,,,,,,,,,,,
Point,3.3424104,6.6522278,way/1220191622,yes,path,1,,,,center,,,,,,,,,,,,,,,,,,,,,,,,,,,,,,,,,,,,,,,,,,,,,,,,,,,,,,,,,,,,,,,,,,,,,,,,,,,,,,,,,,,,
Point,3.2531598,6.5543237,way/1220439239,yes,residential,1,,,,center,,,,,,,,,,,,,,,,,,,,,,,,,,,,,,,,,,,,,,,,,,,,,,,,,,,,,,,,,,,,,,,,,,,,,,,,,,,,,,,,,,,,
Point,3.3655175,6.4673423,way/1222390333,yes,motorway_link,1,,yes,,center,,,unpaved,,,,,,,,,,,,,,,,,,,,,,,,,,,,,,,,,,,,,,,,,,,,,,,,,,,,,Ijora Causeway,A151,,,,,,,,,,,,,,,,,,,,,,,,,,,
Point,3.2708537,6.5420185,way/1226069627,yes,path,1,,,,center,,,,,,,,,,,,,,,,,,,,,,,,,,,,,,,,,,,,,,,,,,,,,,,,,,,,,,,,,,,,,,,,,,,,,,,,,,,,,,,,,,,,
Point,3.2714672,6.5355858,way/1226069628,yes,residential,1,,,,center,,,unpaved,,,,,,,,,,,,,,,,,,,,,,,,,,,,,,,,,,,,,,,,,,,,,,,,,,,,,,,,,,,,,,,,,,,,,,,,,,,,,,,,,
Point,3.2264413,6.5280613,way/1227073603,yes,residential,1,,,,center,,,,,,,,,,,,,,,,,,,,,,,,,,,,,,,,,,,,,,,,,,,,,,,,,,,,,,,,,,,,,,,,,,,,,,,,,,,,,,,,,,,,
Point,3.5539024,6.4407122,way/1229580613,yes,residential,1,,,,center,,,,,,,,,,,,,,,,,,,,,,,,,,,,,,,,,,,,,,,,,,,,,,,,,,,,,,,,,,,,,,,,,,,,,,,,,,,,,,,,,,,,
Point,3.5224965,6.4540083,way/1230238115,yes,residential,1,,,,center,,,,,,,,,,,,,,,,,,,,,,,,,,,,,,,,,,,,,,,,,,,,,,,,,,,,,,,,,,,,,,,,,,,,,,,,,,,,,,,,,,,,
Point,3.3757316,6.56726,way/1230267158,yes,residential,1,Olasani Owoseje Street,,,center,,,,,,,,,,,,,,,,,,,,,,,,,,,,,,,,,,,,,,,,,,,,,,,,,,,,,,,,,,,,,,,,,,,,,,,,,,,,,,,,,,,,
Point,3.375035,6.5669149,way/1230267160,yes,residential,1,Akinfe Street,,,center,,,,,,,,,,,,,,,,,,,,,,,,,,,,,,,,,,,,,,,,,,,,,,,,,,,,,,,,,,,,,,,,,,,,,,,,,,,,,,,,,,,,
Point,-8.6709407,37.1149961,way/1233820004,yes,footway,1,,,,center,,,,,,,,,,,,,,,,,,,,,,,,,,,,,,,,,,,,,,,,,,,,,,,,,,,,,,,,,,,,,,,,,,,,,,,,,,,,,,,,,,,,
Point,-8.6786731,37.1169158,way/1241322266,yes,footway,1,,,,center,,,,,,,,,,,,,,,,,,,,,,,,,,,,,,,,,,,,,,,,,,,,,,,,,,,,,,,,,,,,,,,,,,,,,,,,,,,,,,,,,,,,
Point,-8.6788063,37.1166559,way/1241322267,yes,footway,1,,,,center,,,,,,,,,,,,,,,,,,,,,,,,,,,,,,,,,,,,,,,,,,,,,,,,,,,,,,,,,,,,,,,,,,,,,,,,,,,,,,,,,,,,
Point,3.2889822,6.6449935,way/1256416219,yes,tertiary,1,Old Otta Road,yes,,center,,,,,,,,,,,,,,,,,,,,,,,,,,,,,,,,,,,,,,,,,,,,,,,,,,,,,,,,,,,,,,,,,,,,,,,,,,,,,,,,,,,,
Point,3.3358105,6.5956355,way/1262784042,yes,primary,1,Ikeja Flyover Bridge,yes,,center,,,,,,,,,,,,,,,,,,,,,,,,,,,,,,,,,,,,,,,,,,,,,,,,,,,,,,,,,,,,,,,,,,,,,,,,,,,,,,,,,,,,
Point,3.3357661,6.5957582,way/1262784043,yes,primary,1,Ikeja Flyover Bridge,yes,,center,,,,,,,,,,,,,,,,,,,,,,,,,,,,,,,,,,,,,,,,,,,,,,,,,,,,,,,,,,,,,,,,,,,,,,,,,,,,,,,,,,,,
Point,3.2038128,6.4606114,way/1262842143,yes,trunk,1,Lagos-Badagry Expressway,yes,F100,center,,,,,,,,,,,,,,,,,,,,,,,,,,,,,,,,,,,,,,,,,,,,,,,,,,,,,,,,,,,,,,,,,,,,,,,,,,,,,,,,,,,,
Point,3.203916,6.4609036,way/1262842145,yes,trunk,1,Lagos-Badagry Expressway,yes,F100,center,,,asphalt,,,,,,,,,,,,,,,,,,,,,,,,,,,,,,,,,,,,,,,,,,,,,,,,,,,,,,,,,,,,,,,,,,,,,,,,,,,,,,,,,
Point,-8.7622877,37.1244557,way/1264559746,yes,residential,1,,,,center,,,unpaved,,,,,,,,,,,,,,,,,,,,,,,,,,,,,,,,,,,,,,,,,,,,,,,,,,,,,,,,,,,,,,,,,,,,,,,,,,,,,,,,,
Point,3.239491,6.6371054,way/1264996946,yes,residential,1,,,,center,,,,,,,,,,,,,,,,,,,,,,,,,,,,,,,,,,,,,,,,,,,,,,,,,,,,,,,,,,,,,,,,,,,,,,,,,,,,,,,,,,,,
Point,3.2700952,6.4772038,way/1266395294,yes,residential,1,,,,center,,,unpaved,,,,,,,,,,,,,,,,,,,,,,,,,,,,,,,,,,,,,,,,,,,,,,,,,,,,,,,,,,,,,,,,,,,,,,,,,,,,,,,,,
Point,3.3125015,6.4797235,way/1267486453,yes,service,1,,,,center,,,unpaved,,,,,,,,,,,,,,,,,,,,,,,,,,,,,,,,,,,,,,,,,,,,,,,,,,,,,,,,,,,,,,,,,,,,,,,,,,,,,,,,,
Point,3.2705591,6.5425789,way/1268155457,yes,path,1,,,,center,,,,,maxar,,,,,,,,,,,,,,,,,,,,,,,,,,,,,,,,,,,,,,,,,,,,,,,,,,,,,,,,,,,,,,,,,,,,,,,,,,,,,,,
Point,3.4905386,6.4512789,way/1268599101,yes,residential,1,,,,center,,,,,,,,,,,,,,,,,,,,,,,,,,,,,,,,,,,,,,,,,,,,,,,,,,,,,,,,,,,,,,,,,,,,,,,,,,,,,,,,,,,,
Point,3.2398698,6.5751793,way/1268886767,yes,residential,1,,,,center,,,unpaved,,,,,,,,,,,,,,,,,,,,,,,,,,,,,,,,,,,,,,,,,,,,,,,,,,,,,,,,,,,,,,,,,,,,,,,,,,,,,,,,,
Point,3.3379672,6.5573892,way/1279347656,yes,residential,1,Olaiya Street,,,center,,,unpaved,,BING,,,,,,,,,,,,,,,,,,,,,,,,,,,,,,,,,,,,,,,,,,,,,,,,,,,,,,,,,,,,,,,,,,,,,,,,,,,,,,,
Point,3.1451744,6.4691051,way/1285065586,yes,residential,1,,,,center,,,paved,,,,,,,,,,,,,,,,,,,,,,,,,,,,,,,,,,,,,,,,,,,,,,,,,,,,,,,,,,,,,,,,,,,,,,,,,,,,,,,,,
Point,3.1607771,6.4680744,way/1285065588,yes,residential,1,,,,center,,,unpaved,,,,,,,,,,,,,,,,,,,,,,,,,,,,,,,,,,,,,,,,,,,,,,,,,,,,,,,,,,,,,,,,,,,,,,,,,,,,,,,,,
Point,3.2191973,6.4499704,way/1285460924,yes,residential,1,Church Street,,,center,,,,,,,,,,,,,,,,,,,,,,,,,,,,,,,,,,,,,,,,,,,,,,,,,,,,,,,,,,,,,,,,,,,,,,,,,,,,,,,,,,yes,,
Point,3.2414533,6.5239713,way/1285511990,yes,path,1,,,,center,,,,,,,,,,,,,,,,,,,,,,,,,,,,,,,,,,,,,,,,,,,,,,,,,,,,,,,,,,,,,,,,,,,,,,,,,,,,,,,,,,,,
Point,3.2409303,6.5233031,way/1285521695,yes,path,1,,,,center,,,,,,,,,,,,,,,,,,,,,,,,,,,,,,,,,,,,,,,,,,,,,,,,,,,,,,,,,,,,,,,,,,,,,,,,,,,,,,,,,,,,
Point,3.364539,6.5088177,way/1287643230,yes,residential,1,Clegg Street,,,center,,,unpaved,,bing,,,,,,,,,,,,,,,,,,,,,,,,,,,,,,,,,,,,,,,,,,,,,,,,,,,,,,,,,,,,,,,,,,,,,,,,,,,,,,,
Point,3.3659419,6.4800307,way/1287699024,yes,motorway,1,Apapa Road,yes,A1,center,,,paved,,,,,,,,,,,,,,,,,,,,,,,,,,,,,,,,,,,,,,,,,,,,,,,,,,,,,,,,,,,,,,,,,,,,,,,,,,,,,,,,,
Point,3.3663071,6.4815106,way/1287699025,yes,motorway,1,Apapa Road,yes,A1,center,,,paved,,,,,,,,,,,,,,,,,,,,,,,,,,,,,,,,,,,,,,,,,,,,,,,,,,,,,,,,,,,,,,,,,,,,,,,,,,,,,,,,,
Point,3.3365235,6.4965375,way/1288254092,yes,tertiary,1,Kusimo Street,,,center,,,unpaved,,Bing,,,,,,,,,,,,,,,,,,,,,,,,,,,,,,,,,,,,,,,,,,,,,,,,,,,,,,,,,,,,,,,,,,,,,,,,,,,,,,,
Point,3.3415861,6.4422763,way/1289009115,yes,residential,1,,,,center,,,unpaved,,,,,,,,,,,,,,,,,,,,,,,,,,,,,,,,,,,,,,,,,,,,,,,,,,,,,,,,,,,,,,,,,,,,,,,,,,,,,,,,,
Point,3.3416828,6.4455924,way/1289009117,yes,residential,1,,,,center,,,unpaved,,,,,,,,,,,,,,,,,,,,,,,,,,,,,,,,,,,,,,,,,,,,,,,,,,,,,,,,,,,,,,,,,,,,,,,,,,,,,,,,,
Point,3.3399813,6.5067606,way/1289343120,yes,residential,1,Ashimowu Bakare Street,,,center,,,unpaved,,,,,,,,,,,,,,,,,,,,,,,,,,,,,,,,,,,,,,,,,,,,,,,,,,,,,,,,,,,,,,,,,,,,,,,,,,,,,,,,,
Point,3.3332786,6.462147,way/1289504253,yes,unclassified,1,,,,center,,,unpaved,,bing,,,,,,,,,,,,,,,,,,,,,,,,,,,,,,,,,,,,,,,,,,,,,,,,,,,,,,,,,,,,,,,,,,,,,,,,,,,,,,,
Point,3.3292421,6.463274,way/1289504254,yes,residential,1,,,,center,,,unpaved,,bing,,,,,,,,,,,,,,,,,,,,,,,,,,,,,,,,,,,,,,,,,,,,,,,,,,,,,,,,,,,,,,,,,,,,,,,,,,,,,,,
Point,3.3299355,6.4632602,way/1289504257,yes,residential,1,,,,center,,,unpaved,,bing,,,,,,,,,,,,,,,,,,,,,,,,,,,,,,,,,,,,,,,,,,,,,,,,,,,,,,,,,,,,,,,,,,,,,,,,,,,,,,,
Point,3.330678,6.4631978,way/1289504258,yes,residential,1,,,,center,,,unpaved,,bing,,,,,,,,,,,,,,,,,,,,,,,,,,,,,,,,,,,,,,,,,,,,,,,,,,,,,,,,,,,,,,,,,,,,,,,,,,,,,,,
Point,3.3311811,6.4634178,way/1289504260,yes,residential,1,,,,center,,,unpaved,,bing,,,,,,,,,,,,,,,,,,,,,,,,,,,,,,,,,,,,,,,,,,,,,,,,,,,,,,,,,,,,,,,,,,,,,,,,,,,,,,,
Point,3.3413937,6.46195,way/1289507300,yes,residential,1,,no,,center,,,unpaved,,,,,,,,,,,,,,,,,,,,,,,,,,,,,,,,,,,,,,,,,,,,,,,,,,,,,,,,,,,,,,,,,,,,,,,,,,,,,,,,,
Point,3.3538621,6.4729056,way/1289507306,yes,residential,1,,,,center,,,unpaved,,bing,,,,,,,,,,,,,,,,,,,,,,,,,,,,,,,,,,,,,,,,,,,,,,,,,,,,,,,,,,,,,,,,,,,,,,,,,,,,,,,
Point,3.3426227,6.462071,way/1289507310,yes,residential,1,,no,,center,,,unpaved,,,,,,,,,,,,,,,,,,,,,,,,,,,,,,,,,,,,,,,,,,,,,,,,,,,,,,,,,,,,,,,,,,,,,,,,,,,,,,,,,
Point,3.3453168,6.4619935,way/1289507313,yes,residential,1,,no,,center,,,unpaved,,,,,,,,,,,,,,,,,,,,,,,,,,,,,,,,,,,,,,,,,,,,,,,,,,,,,,,,,,,,,,,,,,,,,,,,,,,,,,,,,
Point,3.3415273,6.4416177,way/1289623042,yes,residential,1,,,,center,,,unpaved,,Bing,,,,,,,,,,,,,,,,,,,,,,,,,,,,,,,,,,,,,,,,,,,,,,,,,,,,,,,,,,,,,,,,,,,,,,,,,,,,,,,
Point,3.3480836,6.4622711,way/1289653457,yes,unclassified,1,Olayinka Street,,,center,,,unpaved,,bing,,,,,,,,,,,,,,,,,,,,,,,,,,,,,,,,,,,,,,,,,,,,,,,,,,,,,,,,,,,,,,,,,,,,,,,,,,,,,,,
Point,3.3748888,6.4798222,way/1290010333,yes,residential,1,,,,center,,,unpaved,,,,,,,,,,,,,,,,,,,,,,,,,,,,,,,,,,,,,,,,,,,,,,,,,,,,,,,,,,,,,,,,,,,,,,,,,,,,,,,,,
Point,3.3500792,6.4391182,way/1293529597,yes,residential,1,,,,center,,,unpaved,,,,,,,,,,,,,,,,,,,,,,,,,,,,,,,,,,,,,,,,,,,,,,,,,,,,,,,,,,,,,,,,,,,,,,,,,,,,,,,,,
Point,3.355367,6.4504292,way/1293616836,yes,tertiary,1,Park Lane,,,center,,,unpaved,,,,,,,,,,,,,,,,,,,,,,,,,,,,,,,,,,,,,,,,,,,,,,,,,,,,,,,,,,,,,,,,,,,,,,,,,,,,,,,,,
Point,3.3685221,6.4648401,way/1293625665,yes,residential,1,,,,center,,,unpaved,,,,,,,,,,,,,,,,,,,,,,,,,,,,,,,,,,,,,,,,,,,,,,,,,,,,,,,,,,,,,,,,,,,,,,,,,,,,,,,,,
Point,3.3986358,6.5872925,way/1300160659,yes,tertiary,1,,yes,,center,,,,,,,,,,,,,,,,,,,,,,,,,,,,,,,,,,,,,,,,,,,,,,,,,,,,,,,,,,,,,,,,,,,,,,,,,,,,,,,,,,,,
Point,3.497617,6.4357469,way/1315774075,yes,unclassified,1,Prince Olanrewaju A. Elegushi Street,,,center,,,,,,,,,,,,,,,,,,,,,,,,,,,,,,,,,,,,,,,,,,,,,,,,,,,,,,,,,,,,,,,,,,,,,,,,,,,,,,,,,,,,
Point,3.3262318,6.6195102,way/1321564891,yes,footway,1,,,,center,,,,,,,,,,,,,,,,,,,,,,,,,,,,,,,,,,,,,,,,,,,,,,,,,,,,,,,,,,,,,,,,,,,,,,,,,,,,,,,,,,,,
Point,3.3256583,6.621042,way/1321564897,yes,footway,1,,,,center,,,,,,,,,,,,,,,,,,,,,,,,,,,,,,,,,,,,,,,,,,,,,,,,,,,,,,,,,,,,,,,,,,,,,,,,,,,,,,,,,,,,
Point,3.3367868,6.593148,way/1321574983,yes,footway,2,,,,center,,,,,,,,,,,,,,,,,,,,,,,,,,,,,,,,,,,,,,,,,,,,,,,,,,,,,,,,,,,,,,,,,,,,,,,,,,,,,,,,,,,,
Point,3.3950502,6.4461795,way/1321599126,yes,footway,1,,,,center,,,,,,,,,,,,,,,,,,,,,,,,,,,,,,,,,,,,,,,,,,,,,,,,,,,,,,,,,,,,,,,,,,,,,,,,,,,,,,,,,,,,
Point,3.3902234,6.5845328,way/1321608724,yes,footway,1,,,,center,,,,,,,,,,,,,,,,,,,,,,,,,,,,,,,,,,,,,,,,,,,,,,,,,,,,,,,,,,,,,,,,,,,,,,,,,,,,,,,,,,,,
Point,3.3437133,6.5754559,way/1321704384,yes,footway,1,,,,center,,,,,,,,,,,,,,,,,,,,,,,,,,,,,,,,,,,,,,,,,,,,,,,,,,,,,,,,,,,,,,,,,,,,,,,,,,,,,,,,,,,,
Point,3.3356795,6.5956373,way/1321712201,yes,trunk,1,Agege Motor Road,yes,A5,center,2,,paved,,,,,,,,,,,,,,,,,,,,,,,,,,,,,,,,,,,,,,,,,,,,,,,,,,,,,,,,,,,,,,,,,,,,,,,,,,,,,,,,,
Point,3.3478471,6.5541299,way/1321791679,yes,footway,1,,,,center,,,,,,,,,,,,,,,,,,,,,,,,,,,,,,,,,,,,,,,,,,,,,,,,,,,,,,,,,,,,,,,,,,,,,,,,,,,,,,,,,,,,
Point,3.3369994,6.5386544,way/1321793302,yes,footway,1,,,,center,,,,,,,,,,,,,,,,,,,,,,,,,,,,,,,,,,,,,,,,,,,,,,,,,,,,,,,,,,,,,,,,,,,,,,,,,,,,,,,,,,,,
Point,3.3265629,6.6081987,way/1321825066,yes,footway,1,,,,center,,,,,,,,,,,,,,,,,,,,,,,,,,,,,,,,,,,,,,,,,,,,,,,,,,,,,,,,,,,,,,,,,,,,,,,,,,,,,,,,,,,,
Point,3.3182398,6.6065192,way/1321832379,yes,footway,1,,,,center,,,,,,,,,,,,,,,,,,,,,,,,,,,,,,,,,,,,,,,,,,,,,,,,,,,,,,,,,,,,,,,,,,,,,,,,,,,,,,,,,,,,
Point,3.3204079,6.4671487,way/1323825179,yes,footway,1,,,,center,,,,,,,,,,,,,,,,,,,,,,,,,,,,,,,,,,,,,,,,,,,,,,,,,,,,,,,,,,,,,,,,,,,,,,,,,,,,,,,,,,,,
Point,3.367103,6.5414942,way/1323963145,yes,footway,1,,,,center,,,,,,,,,,,,,,,,,,,,,,,,,,,,,,,,,,,,,,,,,,,,,,,,,,,,,,,,,,,,,,,,,,,,,,,,,,,,,,,,,,,,
Point,3.3670516,6.5465158,way/1323963665,yes,footway,1,,,,center,,,,,,,,,,,,,,,,,,,,,,,,,,,,,,,,,,,,,,,,,,,,,,,,,,,,,,,,,,,,,,,,,,,,,,,,,,,,,,,,,,,,
Point,3.3798861,6.5891539,way/1323966850,yes,footway,1,,,,center,,,,,,,,,,,,,,,,,,,,,,,,,,,,,,,,,,,,,,,,,,,,,,,,,,,,,,,,,,,,,,,,,,,,,,,,,,,,,,,,,,,,
Point,3.5693458,6.4690016,way/1327116859,yes,footway,1,,,,center,,,,,,,,,,,,,,,,,,,,,,,,,,,,,,,,,,,,,,,,,,,,,,,,,,,,,,,,,,,,,,,,,,,,,,,,,,,,,,,,,,,,
Point,3.5624301,6.4662065,way/1327117716,yes,footway,1,,,,center,,,,,,,,,,,,,,,,,,,,,,,,,,,,,,,,,,,,,,,,,,,,,,,,,,,,,,,,,,,,,,,,,,,,,,,,,,,,,,,,,,,,
Point,3.3198216,6.580468,way/1332764270,yes,footway,,,,,center,,,,,,,,,,,,,,,,,,,,,,,,,,,,,,,,,,,,,,,,,,,,,,,,,,,,,,,,,,private,,,,,,,,,,,,,,,,,,,,,jet_bridge,2,,,,
Point,3.3194242,6.5802718,way/1332764271,yes,footway,,,,,center,,,,,,,,,,,,,,,,,,,,,,,,,,,,,,,,,,,,,,,,,,,,,,,,,,,,,,,,,,private,,,,,,,,,,,,,,,,,,,,,jet_bridge,2,,,,
Point,3.3192233,6.5801741,way/1332764272,yes,footway,,,,,center,,,,,,,,,,,,,,,,,,,,,,,,,,,,,,,,,,,,,,,,,,,,,,,,,,,,,,,,,,private,,,,,,,,,,,,,,,,,,,,,jet_bridge,2,,,,
Point,3.319608,6.5795669,way/1332764273,yes,footway,,,,,center,,,,,,,,,,,,,,,,,,,,,,,,,,,,,,,,,,,,,,,,,,,,,,,,,,,,,,,,,,private,,,,,,,,,,,,,,,,,,,,,jet_bridge,2,,,,
Point,3.3195742,6.579536,way/1332764274,yes,footway,,,,,center,,,,,,,,,,,,,,,,,,,,,,,,,,,,,,,,,,,,,,,,,,,,,,,,,,,,,,,,,,private,,,,,,,,,,,,,,,,,,,,,jet_bridge,2,,,,
Point,3.3198888,6.5789816,way/1332764275,yes,footway,,,,,center,,,,,,,,,,,,,,,,,,,,,,,,,,,,,,,,,,,,,,,,,,,,,,,,,,,,,,,,,,private,,,,,,,,,,,,,,,,,,,,,jet_bridge,2,,,,
Point,3.3197634,6.5789317,way/1332764276,yes,footway,,,,,center,,,,,,,,,,,,,,,,,,,,,,,,,,,,,,,,,,,,,,,,,,,,,,,,,,,,,,,,,,private,,,,,,,,,,,,,,,,,,,,,jet_bridge,2,,,,
Point,3.3200671,6.5799161,way/1332764277,yes,footway,,,,,center,,,,,,,,,,,,,,,,,,,,,,,,,,,,,,,,,,,,,,,,,,,,,,,,,,,,,,,,,,private,,,,,,,,,,,,,,,,,,,,,jet_bridge,2,,,,
Point,3.3202708,6.5794489,way/1332764278,yes,footway,,,,,center,,,,,,,,,,,,,,,,,,,,,,,,,,,,,,,,,,,,,,,,,,,,,,,,,,,,,,,,,,private,,,,,,,,,,,,,,,,,,,,,jet_bridge,2,,,,
Point,3.32044,6.5789324,way/1332764279,yes,footway,,,,,center,,,,,,,,,,,,,,,,,,,,,,,,,,,,,,,,,,,,,,,,,,,,,,,,,,,,,,,,,,private,,,,,,,,,,,,,,,,,,,,,jet_bridge,2,,,,
Point,3.3224102,6.580106,way/1332764280,yes,footway,,,,,center,,,,,,,,,,,,,,,,,,,,,,,,,,,,,,,,,,,,,,,,,,,,,,,,,,,,,,,,,,private,,,,,,,,,,,,,,,,,,,,,jet_bridge,2,,,,
Point,3.3228121,6.5798902,way/1332764281,yes,footway,,,,,center,,,,,,,,,,,,,,,,,,,,,,,,,,,,,,,,,,,,,,,,,,,,,,,,,,,,,,,,,,private,,,,,,,,,,,,,,,,,,,,,jet_bridge,2,,,,
Point,3.3226568,6.579468,way/1332764282,yes,footway,,,,,center,,,,,,,,,,,,,,,,,,,,,,,,,,,,,,,,,,,,,,,,,,,,,,,,,,,,,,,,,,private,,,,,,,,,,,,,,,,,,,,,jet_bridge,2,,,,
Point,3.322193,6.5796226,way/1332764283,yes,footway,,,,,center,,,,,,,,,,,,,,,,,,,,,,,,,,,,,,,,,,,,,,,,,,,,,,,,,,,,,,,,,,private,,,,,,,,,,,,,,,,,,,,,jet_bridge,2,,,,
Point,3.3219871,6.579115,way/1332764284,yes,footway,,,,,center,,,,,,,,,,,,,,,,,,,,,,,,,,,,,,,,,,,,,,,,,,,,,,,,,,,,,,,,,,private,,,,,,,,,,,,,,,,,,,,,jet_bridge,2,,,,
Point,3.3225086,6.5791032,way/1332764285,yes,footway,,,,,center,,,,,,,,,,,,,,,,,,,,,,,,,,,,,,,,,,,,,,,,,,,,,,,,,,,,,,,,,,private,,,,,,,,,,,,,,,,,,,,,jet_bridge,2,,,,
Point,3.3223375,6.578725,way/1332764286,yes,footway,,,,,center,,,,,,,,,,,,,,,,,,,,,,,,,,,,,,,,,,,,,,,,,,,,,,,,,,,,,,,,,,private,,,,,,,,,,,,,,,,,,,,,jet_bridge,2,,,,
Point,3.3238741,6.5776273,way/1332764288,yes,footway,,,,,center,,,,,,,,,,,,,,,,,,,,,,,,,,,,,,,,,,,,,,,,,,,,,,,,,,,,,,,,,,private,,,,,,,,,,,,,,,,,,,,,jet_bridge,2,,,,
Point,3.323685,6.577574,way/1332764289,yes,footway,,,,,center,,,,,,,,,,,,,,,,,,,,,,,,,,,,,,,,,,,,,,,,,,,,,,,,,,,,,,,,,,private,,,,,,,,,,,,,,,,,,,,,jet_bridge,2,,,,
Point,3.3245804,6.5778348,way/1332764290,yes,footway,,,,,center,,,,,,,,,,,,,,,,,,,,,,,,,,,,,,,,,,,,,,,,,,,,,,,,,,,,,,,,,,private,,,,,,,,,,,,,,,,,,,,,jet_bridge,2,,,,
Point,3.3243973,6.5777901,way/1332764291,yes,footway,,,,,center,,,,,,,,,,,,,,,,,,,,,,,,,,,,,,,,,,,,,,,,,,,,,,,,,,,,,,,,,,private,,,,,,,,,,,,,,,,,,,,,jet_bridge,2,,,,
Point,3.3244578,6.5770073,way/1332764292,yes,footway,,,,,center,,,,,,,,,,,,,,,,,,,,,,,,,,,,,,,,,,,,,,,,,,,,,,,,,,,,,,,,,,private,,,,,,,,,,,,,,,,,,,,,jet_bridge,2,,,,
Point,3.3239437,6.5768484,way/1332764293,yes,footway,,,,,center,,,,,,,,,,,,,,,,,,,,,,,,,,,,,,,,,,,,,,,,,,,,,,,,,,,,,,,,,,private,,,,,,,,,,,,,,,,,,,,,jet_bridge,2,,,,
Point,3.3237148,6.5767816,way/1332764294,yes,footway,,,,,center,,,,,,,,,,,,,,,,,,,,,,,,,,,,,,,,,,,,,,,,,,,,,,,,,,,,,,,,,,private,,,,,,,,,,,,,,,,,,,,,jet_bridge,2,,,,
Point,3.4010102,6.5396942,way/1343965578,yes,residential,1,,,,center,,,,,,,,,,,,,,,,,,,,,,,,,,,,,,,,,,,,,,,,,,,,,,,,,,,,,,,,,,,,,,,,,,,,,,,,,,,,,,,,,,,,
Point,3.324346,6.4696055,way/1357176390,yes,primary_link,1,,yes,,center,,,,,,,,,,,,,,,,,,,,,,,,,,,,,,,,,,,,,,,,,,,,,,,,,,,,,,,,,,,,,,,,,,,,,,,,,,,,,,,,,,,,
Point,3.3239008,6.4695798,way/1357176391,yes,primary_link,1,,yes,,center,,,,,,,,,,,,,,,,,,,,,,,,,,,,,,,,,,,,,,,,,,,,,,,,,,,,,,,,,,,,,,,,,,,,,,,,,,,,,,,,,,,,
Point,3.4244062,6.4290014,way/1364680257,yes,footway,1,,,,center,,,,,,,,,,,,,,,,,,,,,,,,,,,,,,,,,,,,,,,,,,,,,,,,,,,,,,,,,,,,,,,,,,,,,,,,,,,,,,,,,,,,
Point,3.3266882,6.5196641,way/1364959440,yes,service,1,,,,center,,,,,,,,,,,,,,,,,,,,,,,,,,,,,,,,,,,,,,,,,,,,,,,,,,,,,,,,,,,,,,,,,,,,,,,,,,,,,,,,,,,,
Point,3.2379086,6.5363677,way/1365140676,yes,path,1,,,,center,,,paved,,Bing,,,,,,,,,,,,,,,,,,,,,,,,,,,,,,,,,,,,,,,,,,,,,,,,,,,,,,,,,,,,,,,,,,,,,,,,,,,,,,,
Point,3.2374713,6.5370336,way/1365140679,yes,path,1,,,,center,,,paved,,,,,,,,,,,,,,,,,,,,,,,,,,,,,,,,,,,,,,,,,,,,,,,,,,,,,,,,,,,,,,,,,,,,,,,,,,,,,,,,,
Point,3.3164467,6.5057437,way/1365222283,yes,residential,1,,,,center,,,,,,,,,,,,,,,,,,,,,,,,,,,,,,,,,,,,,,,,,,,,,,,,,,,,,,,,,,,,,,,,,,,,,,,,,,,,,,,,,,,,
Point,3.2737196,6.5910244,way/1365868747,yes,residential,1,Federal Road,yes,,center,,,unpaved,,,,,,,,,,,,,,,,,,,,,,,,,,,,,,,,,,,,,,,,,,,,,,,,,,,,,,,,,,,,,,,,,,,,,,,,,,,,,,,,,
Point,3.2737042,6.5909251,way/1365868749,yes,residential,1,Federal Road,yes,,center,,,,,,,,,,,,,,,,,,,,,,,,,,,,,,,,,,,,,,,,,,,,,,,,,,,,,,,,,,,,,,,,,,,,,,,,,,,,,,,,,,,,
Point,3.3863519,6.5840285,way/1366519487,yes,residential,1,,yes,,center,,,,,,,,,,,,,,,,,,,,,,,,,,,,,,,,,,,,,,,,,,,,,,,,,,,,,,,,,,,,,,,,,,,,,,,,,,,,,,,,,,,,
Point,3.3416255,6.4466918,way/1372247998,yes,residential,1,,,,center,,,unpaved,,bing,,,,,,,,,,,,,,,,,,,,,,,,,,,,,,,,,,,,,,,,,,,,,,,,,,,,,,,,,,,,,,,,,,,,,,,,,,,,,,,
Point,3.3732285,6.5667027,way/1372259607,yes,residential,1,Opeifa Crescent,,,center,,,,,,,,,,,,,,,,,,,,,,,,,,,,,,,,,,,,,,,,,,,,,,,,,,,,,,,,,,,,,,,,,,,,,,,,,,,,,,,,,,,,
Point,3.3764931,6.6102836,way/1372272696,yes,residential,1,Aladelola Street,,,center,,,,,,,,,,,,,,,,,,,,,,,,,,,,,,,,,,,,,,,,,,,,,,,,,,,,,,,,,,,,,,,,,,,,,,,,,,,,,,,,,,,,
Point,3.3611579,6.4533893,way/1374083101,yes,service,1,,,,center,,,,,,,,,,,,,,,,,,,,,,,,,,,,,,,,,,,,,,,,,,,,,,,,,,,,,,,,,,,,,,,,,,,,,,,,,,,,,,,,,,,,
Point,3.3808445,6.5644716,way/1383913257,yes,residential,1,Bamidele Adebule Street,,,center,,,,,,,,,,,,,,,,,,,,,,,,,,,,,,,,,,,,,,,,,,,,,,,,,,,,,,,,,,,,,,,,,,,,,,,,,,,,,,,,,,,,
Point,3.3846353,6.5442715,way/1386043744,yes,footway,1,,,,center,,,,,,,,,,,,,,,,,,,,,,,,,,,,,,,,,,,,,,,,,,,,,,,,,,,,,,,,,,,,,,,,,,,,,,,,,,,,,,,,,,,,
Point,3.3185363,6.4957365,way/1386532404,yes,footway,1,,,,center,,,,,,,,,,,,,,,,,,,,,,,,,,,,,,,,,,,,,,,,,,,,,,,,,,,,,,,,,,,,,,,,,,,,,,,,,,,,,,,,,,,,
Point,3.3399466,6.6470407,way/1386545260,yes,residential,1,,no,,center,,,unpaved,,,,,,,,,,,,,,,,,,,,,,,,,,,,,,,,,,,,,,,,,,,,,,,,,,,,,,,,,,,,,,,,,,,,,,,,,,,,,,,,,
Point,3.3964756,6.5467874,way/1387124389,yes,residential,1,,,,center,,,,,,,,,,,,,,,,,,,,,,,,,,,,,,,,,,,,,,,,,,,,,,,,,,,,,,,,,,,,,,,,,,,,,,,,,,,,,,,,,,,,
Point,3.3991011,6.5165909,way/1387920109,yes,footway,1,,,,center,,,,,,,,,,,,,,,,,,,,,,,,,,,,,,,,,,,,,,,,,,,,,,,,,,,,,,,,,,,,,,,,,,,,,,,,,,,,,,,,,,,,
Point,3.3243544,6.6236169,way/1387931998,yes,footway,1,,,,center,,,,,,,,,,,,,,,,,,,,,,,,,,,,,,,,,,,,,,,,,,,,,,,,,,,,,,,,,,,,,,,,,,,,,,,,,,,,,,,,,,,,
Point,3.3601864,6.5356144,way/1387938995,yes,footway,1,,,,center,,,,,,,,,,,,,,,,,,,,,,,,,,,,,,,,,,,,,,,,,,,,,,,,,,,,,,,,,,,,,,,,,,,,,,,,,,,,,,,,,,,,
Point,3.3587446,6.5393888,way/1387938998,yes,footway,1,,,,center,,,,,,,,,,,,,,,,,,,,,,,,,,,,,,,,,,,,,,,,,,,,,,,,,,,,,,,,,,,,,,,,,,,,,,,,,,,,,,,,,,,,
Point,3.3640076,6.5262764,way/1390656441,yes,footway,1,,,,center,,,,,,,,,,,,,,,,,,,,,,,,,,,,,,,,,,,,,,,,,,,,,,,,,,,,,,,,,,,,,,,,,,,,,,,,,,,,,,,,,,,,
Point,3.4819606,6.4415057,way/1391747356,yes,service,1,,,,center,,,,,,,,,,,,,,,,,,,,,,,,,,,,,,,,,,,,,,,,,,,,,,,,,,,,,,,,,,,,,,,,,,,,,,,,,,,,,,,,,,,,
Point,3.4819539,6.4405527,way/1391747360,yes,service,1,,,,center,,,,,,,,,,,,,,,,,,,,,,,,,,,,,,,,,,,,,,,,,,,,,,,,,,,,,,,,,,,,,,,,,,,,,,,,,,,,,,,,,,,,
Point,3.3912363,6.5267409,way/1395643349,yes,footway,1,,,,center,,,,,,,,,,,,,,,,,,,,,,,,,,,,,,,,,,,,,,,,,,,,,,,,,,,,,,,,,,,,,,,,,,,,,,,,,,,,,,,,,,,,
Point,3.2918597,6.5067323,way/1395764854,yes,residential,1,,,,center,,,,,,,,,,,,,,,,,,,,,,,,,,,,,,,,,,,,,,,,,,,,,,,,,,,,,,,,,,,,,,,,,,,,,,,,,,,,,,,,,,,,
Point,3.352255,6.6363658,way/1395794688,yes,residential,1,,,,center,,,,,,,,,,,,,,,,,,,,,,,,,,,,,,,,,,,,,,,,,,,,,,,,,,,,,,,,,,,,,,,,,,,,,,,,,,,,,,,,,,,,
Point,3.4092946,6.5755928,way/1410943091,yes,residential,1,,,,center,,,,,,,,,,,,,,,,,,,,,,,,,,,,,,,,,,,,,,,,,,,,,,,,,,,,,,,,,,,,,,,,,,,,,,,,,,,,,,,,,,,,
Point,3.3250295,6.6129583,way/1411601469,yes,residential,1,,no,,center,,,unpaved,,,,,,,,,,,,,,,,,,,,,,,,,,,,,,,,,,,,,,,,,,,,,,,,,,,,,,,,,,,,,,,,,,,,,,,,,,,,,,,,,
Point,3.2590368,6.5802529,way/1413180229,yes,residential,1,,,,center,,,unpaved,,,,,,,,,,,,,,,,,,,,,,,,,,,,,,,,,,,,,,,,,,,,,,,,,,,,,,,,,,,,,,,,,,,,,,,,,,,,,,,,,
Point,3.3974754,6.5741582,way/1413605237,yes,footway,1,,,,center,,,,,,,,,,,,,,,,,,,,,,,,,,,,,,,,,,,,,,,,,,,,,,,,,,,,,,,,,,,,,,,,,,,,,,,,,,,,,,,,,,,,
Point,3.3974569,6.5742566,way/1413605238,yes,footway,1,,,,center,,,,,,,,,,,,,,,,,,,,,,,,,,,,,,,,,,,,,,,,,,,,,,,,,,,,,,,,,,,,,,,,,,,,,,,,,,,,,,,,,,,,
Point,3.364443,6.4628229,way/1415415220,yes,primary,1,,yes,,center,,,unpaved,,,,,,,,,,,,,,,,,,,,,,,,,,,,,,,,,,,,,,,,,,,,,,,,,,,,,,,,,,,,,,,,,,,,,,,,,,,,,,,,,
Point,3.3638743,6.4637049,way/1415442311,yes,service,1,,,,center,,,,,,,,,,,,,,,,,,,,,,,,,,,,,,,,,,,,,,,,,,,,,,,,,,,,,,,,,,,,,,,,,,,,,,,,,,,,,,,,,,,,
Point,3.3691883,6.5812936,way/1420862250,yes,primary,2,Maryland-Opebi-Ojota Link Bridge,yes,,center,,,,,,,,,,,,,,,,,,,,,,,,,,,,,,,,,,,,,,,,,,,,,,,,,,,,,,,,,,,,,,,,,,,,,,,,,,,,,,,,,,,,
Point,3.3735977,6.5804607,way/1420862251,yes,primary,1,Maryland-Opebi-Ojota Link Bridge,yes,,center,,,,,,,,,,,,,,,,,,,,,,,,,,,,,,,,,,,,,,,,,,,,,,,,,,,,,,,,,,,,,,,,,,,,,,,,,,,,,,,,,,,,
Point,3.3691407,6.5814626,way/1420862254,yes,primary,2,Maryland-Opebi-Ojota Link Bridge,yes,,center,,,,,,,,,,,,,,,,,,,,,,,,,,,,,,,,,,,,,,,,,,,,,,,,,,,,,,,,,,,,,,,,,,,,,,,,,,,,,,,,,,,,
Point,3.3730898,6.5806462,way/1420862256,yes,primary,1,Maryland-Opebi-Ojota Link Bridge,yes,,center,,,,,,,,,,,,,,,,,,,,,,,,,,,,,,,,,,,,,,,,,,,,,,,,,,,,,,,,,,,,,,,,,,,,,,,,,,,,,,,,,,,,
Point,3.4331461,6.4177981,way/1420873112,yes,residential,1,,,,center,,,,,,,,,,,,,,,,,,,,,,,,,,,,,,,,,,,,,,,,,,,,,,,,,,,,,,,,,,,,,,,,,,,,,,,,,,,,,,,,,,,,
Point,3.3678395,6.5825369,way/1420948877,yes,primary,2,,yes,,center,,,,,,,,,,,,,,,,,,,,,,,,,,,,,,,,,,,,,,,,,,,,,,,,,,,,,,,,,,,,,,,,,,,,,,,,,,,,,,,,,,,,
Point,3.3703942,6.5802038,way/1420948878,yes,primary,2,,yes,,center,,,,,,,,,,,,,,,,,,,,,,,,,,,,,,,,,,,,,,,,,,,,,,,,,,,,,,,,,,,,,,,,,,,,,,,,,,,,,,,,,,,,
Point,3.374369,6.5814566,way/1420948882,yes,primary,1,Maryland-Opebi-Ojota Link Bridge,yes,,center,,,,,,,,,,,,,,,,,,,,,,,,,,,,,,,,,,,,,,,,,,,,,,,,,,,,,,,,,,,,,,,,,,,,,,,,,,,,,,,,,,,,
Point,3.3474915,6.5414641,way/1421774051,yes,tertiary,1,Fatai Atere Way,,,center,,,paved,,,,,,,,,,,,,,,,,,,,,,,,,,,,,,,,,,,,,,,,,,,,,,,,,,,,,,,,,,,,,,,,,,,,,,,,,,,,,,,,,
Point,3.4122288,6.424959,way/1424810719,yes,service,1,,,,center,,,,,,,,,,,,,,,,,,,,,,,,,,,,,,,,,,,,,,,,,,,,,,,,,,,,,,,,,,,,,,,,,,,,,,,,,,,,,,,,,,,,
Point,3.4688843,6.4369798,way/1426055783,yes,secondary,1,Adewunmi Adebimpe Street,yes,,center,2,,,,,,,,,,,,,,,,,,,,,,,,,,,,,,,,,,,,,,,,,,,,,,,,,,,,,,,,,,,,,,,,,,,,,,,,,,,,,,,,,,,
Point,3.4687954,6.4369828,way/1426055786,yes,secondary,1,Adewunmi Adebimpe Street,yes,,center,2,,,,,,,,,,,,,,,,,,,,,,,,,,,,,,,,,,,,,,,,,,,,,,,,,,,,,,,,,,,,,,,,,,,,,,,,,,,,,,,,,,,
Point,3.3889981,6.5089068,way/1426625932,yes,residential,1,,,,center,,,unpaved,,,,,,,,,,,,,,,,,,,,,,,,,,,,,,,,,,,,,,,,,,,,,,,,,,,,,,,,,,,,,,,,,,,,,,,,,,,,,,,,,
Point,3.3552519,6.5479042,way/1426847535,yes,footway,1,,,,center,,,,,,,,,,,,,,,,,,,,,,,,,,,,,,,,,,,,,,,,,,,,,,,,,,,,,,,,,,,,,,,,,,,,,,,,,,,,,,,,,,,,
Point,3.4948781,6.4751057,way/1427144172,yes,residential,1,,,,center,,,,,,,,,,,,,,,,,,,,,,,,,,,,,,,,,,,,,,,,,,,,,,,,,,,,,,,,,,,,,,,,,,,,,,,,,,,,,,,,,,,,
Point,3.5476908,6.4589653,way/1427284725,yes,service,1,,,,center,,,,,,,,,,,,,,,,,,,,,,,,,,,,,,,,,,,,,,,,,,,,,,,,,,,,,,,,,,private,,,,,,,,,,,,,,,,,,,,,,,,,,
Point,3.3127943,6.6717453,way/1427288439,yes,residential,1,,,,center,,,unpaved,,,,,,,,,,,,,,,,,,,,,,,,,,,,,,,,,,,,,,,,,,,,,,,,,,,,,,,,,,,,,,,,,,,,,,,,,,,,,,,,,
Point,3.9422505,6.5586316,way/1429044314,yes,service,1,,,,center,,,,,,,,,,,,,,,,,,,,,,,,,,,,,,,,,,,,,,,,,,,,,,,,,,,,,,,,,,,,,,,,,,,,,,,,,,,,,,,,,,,,
Point,3.9432677,6.5608699,way/1429044323,yes,tertiary,1,,yes,,center,,,,,,,,,,,,,,,,,,,,,,,,,,,,,,,,,,,,,,,,,,,,,,,,,,,,,,,,,,,,,,,,,,,,,,,,,,,,,,,,,,,,
Point,3.9432314,6.560782,way/1429044325,yes,secondary,1,,yes,,center,,,,,,,,,,,,,,,,,,,,,,,,,,,,,,,,,,,,,,,,,,,,,,,,,,,,,,,,,,,,,,,,,,,,,,,,,,,,,,,,,,,,
Point,3.9431873,6.5606879,way/1429044327,yes,secondary,1,,yes,,center,,,,,,,,,,,,,,,,,,,,,,,,,,,,,,,,,,,,,,,,,,,,,,,,,,,,,,,,,,,,,,,,,,,,,,,,,,,,,,,,,,,,
Point,3.9431414,6.560597,way/1429044329,yes,tertiary,1,,yes,,center,,,,,,,,,,,,,,,,,,,,,,,,,,,,,,,,,,,,,,,,,,,,,,,,,,,,,,,,,,,,,,,,,,,,,,,,,,,,,,,,,,,,
Point,3.3154258,6.6543262,way/1432214796,yes,residential,1,Pipeline Road,,,center,,,unpaved,,,,,,,,,,,,,,,,,,,,,,,,,,,,,,,,,,,,,,,,,,,,,,,,,,,,,,,,,,,,,,,,,,,,,,,,,,,,,,,,,
Point,3.3889723,6.5055057,way/1432227363,yes,residential,1,Wegbo Street,,,center,,,unpaved,,,,,,,,,,,,,,,,,,,,,,,,,,,,,,,,,,,,,,,,,,,,,,,,,,,,,,,,,,,,,,,,,,,,,,,,,,,,,,,,,
Point,3.2134677,6.449582,way/1432503701,yes,tertiary,1,,,,center,,,,,,,,,,,,,,,,,,,,,,,,,,,,,,,,,,,,,,,,,,,,,,,,,,,,,,,,,,,,,,,,,,,,,,,,,,,,,,,,,,,,
Point,3.2440651,6.6113223,way/1432504083,yes,path,1,,,,center,,,unpaved,,,,,,,,,,,,,,,,,,,,,,,,,,,,,,,,,,,,,,,,,,,,,,,,,,,,,,,,,,,,,,,,,,,,,,,,,,,,,,,,,
Point,3.2445816,6.6108653,way/1432504085,yes,path,1,,,,center,,,unpaved,,,,,,,,,,,,,,,,,,,,,,,,,,,,,,,,,,,,,,,,,,,,,,,,,,,,,,,,,,,,,,,,,,,,,,,,,,,,,,,,,
Point,3.3402519,6.5714475,way/1433172319,yes,residential,1,Ajani Street,,,center,,,unpaved,,BING,,,,,,,,,,,,,,,,,,,,,,,,,,,,,,,,,,,,,,,,,,,,,,,,,,,,,,,,,,,,,,,,,,,,,,,,,,,,,,,
Point,3.3741693,6.5819347,way/1433195978,yes,primary,1,Maryland-Opebi-Ojota Link Bridge,yes,,center,,,,,,,,,,,,,,,,,,,,,,,,,,,,,,,,,,,,,,,,,,,,,,,,,,,,,,,,,,,,,,,,,,,,,,,,,,,,,,,,,,,,
Point,3.3722141,6.5796301,way/1433195979,yes,primary,2,Maryland-Opebi-Ojota Link Bridge,yes,,center,,,,,,,,,,,,,,,,,,,,,,,,,,,,,,,,,,,,,,,,,,,,,,,,,,,,,,,,,,,,,,,,,,,,,,,,,,,,,,,,,,,,
Point,3.3731763,6.5800736,way/1433195983,yes,busway,2,,yes,,center,1,,,,,,,,,,,,,,,,,,,,,,,,,,,,,,,,,,,,,,,,,,,,,,,,,,,,,,,,,,,,,,,,,,,,,,,,,,,,,,,,,,,
Point,3.3733404,6.5799753,way/1433195985,yes,busway,2,,yes,,center,,,,,,,,,,,,,,,,,,,,,,,,,,,,,,,,,,,,,,,,,,,,,,,,,,,,,,,,,,,,,,,,,,,,,,,,,,,,,,,,,,,,
Point,3.3370125,6.5958298,way/1433685136,yes,primary,1,Ikeja Flyover Bridge,yes,,center,,,,,,,,,,,,,,,,,,,,,,,,,,,,,,,,,,,,,,,,,,,,,,,,,,,,,,,,,,,,,,,,,,,,,,,,,,,,,,,,,,,,
Point,-8.6983372,37.2019874,way/1434007992,yes,,1,,,,center,,,,,,,,,,,,,,,,,,,,,,,,,,,,,,,,,,,,,,,,,,,,,,,,,,,,,,,,,,,,,,,,,,,,,,,,,,,,,,,,,,,wall,
Point,-8.6983525,37.2020059,way/1434007995,yes,service,1,,,,center,,,,,,,,,,yes,,no,,,,,,,,,,,,,,,,,,,,,,,,,,,,,,,,,,,,,,,,,,,,,,,,,,,,,,,,,,,,,,,,,,,,,,,,
Point,3.4857901,6.4548545,way/1436889716,yes,residential,1,Richmond Pearl Road,,,center,,,,,,,,,,,,,,,,,,,,,,,,,,,,,,,,,,,,,,,,,,,,,,,,,,,,,,,,,,,,,,,,,,,,,,,,,,,,,,,,,,,,
Point,3.5246564,6.4279708,way/1441732411,yes,trunk,1,Lagos-Calabar Coastal Highway,yes,,center,,,,,,,,,,,,,,,,,,,,,,,,,,,,,,,,,,,,,,,,,,,,,,,,,,,,,,,,,,,,,,,,,,,,,,,,,,,,,,,,,,,,
Point,3.5246488,6.4277933,way/1441732412,yes,trunk,1,Lagos-Calabar Coastal Highway,yes,,center,,,,,,,,,,,,,,,,,,,,,,,,,,,,,,,,,,,,,,,,,,,,,,,,,,,,,,,,,,,,,,,,,,,,,,,,,,,,,,,,,,,,
Point,3.8541354,6.4423633,way/1441732417,yes,construction,1,2nd Flyover,,,center,,,,,,,,,,,,,,,,,,,,,,,,,,,,,,,,,,,,,,,,,,,,,,,,,,,,,,,,,,,,,,,,,,,,,,,,,motorway,,,,,,,,,,,
Point,3.3797741,6.5459676,way/1445970227,yes,footway,1,,,,center,,,,,,,,,,,,,,,,,,,,,,,,,,,,,,,,,,,,,,,,,,,,,,,,,,,,,,,,,,,,,,,,,,,,,,,,,,,,,,,,,,,,
Point,3.3517924,6.6421135,way/1447666444,yes,service,1,,no,,center,,,,,,,,,,,,,,,,,,,,,,,,,,,,,,,,,,,,,,,,,,,,,,,,,,,,,,,,,,,,,,,,,,,,,,,,,,,,,,,,,,,,
Point,3.2455105,6.4520773,way/1449443896,yes,residential,1,,,,center,,,,,,,,,,,,,,,,,,,,,,,,,,,,,,,,,,,,,,,,,,,,,,,,,,,,,,,,,,,,,,,,,,,,,,,,,,,,,,,,,,,,
Point,3.6135659,6.4854408,way/1451632947,yes,residential,1,,,,center,,,,,,,,,,,,,,,,,,,,,,,,,,,,,,,,,,,,,,,,,,,,,,,,,,,,,,,,,,,,,,,,,,,,,,,,,,,,,,,,,,,,
Point,3.993733,6.438604,way/1465186425,yes,construction,1,Lagos-Calabar Coastal Highway,,,center,,,,,,,,,,,,,,,,,,,,,,,,,,,,,,,,,,,,,,,,,,,,,,,,,,,,,,,,,,,,,,,,,,,,,,,,,motorway,,,,,,,,,,,
Point,3.3724633,6.5795679,way/1465194307,yes,primary,1,Maryland-Opebi-Ojota Link Bridge,yes,,center,,,,,,,,,,,,,,,,,,,,,,,,,,,,,,,,,,,,,,,,,,,,,,,,,,,,,,,,,,,,,,,,,,,,,,,,,,,,,,,,,,,,
Point,3.3747523,6.5820133,way/1465194309,yes,motorway,1,Ikorodu Road,yes,A1,center,2,,paved,,,,,,,,,,,,,,,,,,,,,,,,,,,,,,,,,,,,,,,,,,,,,,,,,,,,,,,,,,,,,,,,,,,,,,,,,,,,,,,,,
Point,3.3715496,6.5797156,way/1465194313,yes,primary,2,Maryland-Opebi-Ojota Link Bridge,yes,,center,,,,,,,,,,,,,,,,,,,,,,,,,,,,,,,,,,,,,,,,,,,,,,,,,,,,,,,,,,,,,,,,,,,,,,,,,,,,,,,,,,,,
Point,3.2712674,6.541357,way/1466654256,yes,path,1,,,,center,,,,,,,,,,,,,,,,,,,,,,,,,,,,,,,,,,,,,,,,,,,,,,,,,,,,,,,,,,,,,,,,,,,,,,,,,,,,,,,,,,,,
Point,3.6548867,6.463482,way/1472797403,yes,path,1,,,,center,,,wood,,,,,,,,,,,,,,,,,,,,,,,,,,,,,,,,,,,,,,,,,,,,,,,,,,,,,,,,,,,,,,,,,,,,,,,,,,,,,,,,,
Point,3.2199934,6.5207263,way/1479150866,yes,residential,1,,,,center,,,unpaved,,,,,,,,,,,,,,,,,,,,,,,,,,,,,,,,,,,,,,,,,,,,,,,,,,,,,,,,,,,,,,,,,,,,,,,,,,,,,,,,,
Point,3.4087944,6.4494678,way/1480490431,yes,secondary,1,Obalende Road,yes,F271,center,2,,paved,,,,,,,,,,,,,,,,,,,,,,,,,,,,,,,,,,,,,,,,,,,,,,,,,,,,,,,,,,,,,,,,,,,,,,,,,,,,,,,,,
Point,3.3640011,6.5184676,way/1483307174,yes,residential,1,,,,center,,,unpaved,,,,,,,,,,,,,,,,,,,,,,,,,,,,,,,,,,,,,,,,,,,,,,,,,,,,,,,,,,,,,,,,,,,,,,,,,,,,,,,,,
Point,3.3657088,6.4905468,way/1485335788,yes,service,1,,,,center,,,,,,,,,,,,,,,,,,,,,,,,,,,,,,,,,,,,,,,,,,,,,,,,,,,,,,,,,,,,,,,,,,,,,,,,,,,,,,,,,,,,
Point,3.1659,6.4657238,way/1485438255,yes,tertiary,1,,,,center,,,unpaved,,,,,,,,,,,,,,,,,,,,,,,,,,,,,,,,,,,,,,,,,,,,,,,,,,,,,,,,,,,,,,,,,,,,,,,,,,,,,,,,,
Point,-0.2089286,43.213727,way/1489516722,yes,path,1,,,,center,,,,,,,,,,,,,,,,,,,,,,,,,,,,,,,,,,,,,,,,,,,,,,,,,,,,,,,,,,,,,,,,,,,,,,,,,,,,,,,,,,,,
Point,3.3713359,6.5096652,way/1489667625,yes,secondary,1,Yaba Flyover Bridge,yes,,center,,,paved,,,,,,,,,,,,,,,,,,,,,,,,,,,,,,,,,,,,,,,,,,,,,,,,,,,,,,,,,,,,,,,,,,,,,,,,,,,,,,,,,
Point,3.3712969,6.5097558,way/1489667626,yes,secondary,1,Yaba Flyover Bridge,yes,,center,,,paved,,,,,,,,,,,,,,,,,,,,,,,,,,,,,,,,,,,,,,,,,,,,,,,,,,,,,,,,,,,,,,,,,,,,,,,,,,,,,,,,,
Point,3.2862894,6.5634452,way/1489747759,yes,path,1,,,,center,,,,,,,,,,,,,,,,,,,,,,,,,,,,,,,,,,,,,,,,,,,,,,,,,,,,,,,,,,,,,,,,,,,,,,,,,,,,,,,,,,,,
Point,-0.2078049,43.2122583,way/1491284259,yes,path,1,,,,center,,,,,,,,,,,,,,,,,,,,,,,,,,,,,,,,,,,,,,,,,,,,,,,,,,,,,,,,,,,,,,,,,,,,,,,,,,,,,,,,,,,,passage ancien canal des coteaux
Point,-0.20878,43.2109786,way/1491296118,yes,track,1,,,,center,,,,,,,,,,,,,,,,,,,,,,,,,,,,,,,,,,,,,,,,,,,,,,,,,,,,,,,,,,,,,,,,,,,,,,,,,,,,,,,,,,,,passage ancien canal des coteaux
Point,-8.6784832,37.113639,way/1495460292,yes,footway,1,,,,center,,,sett,,,,,,,,,,,,,,,,,,,,,,,,,,,,,,,,,,,,,,,,,,,,,,,,,,,,yes,,,,,,,,,,,,sidewalk,,,,,,,,,,,,,,,,,
Point,-8.6703292,37.1169069,way/1495927598,yes,footway,,,,,center,,,wood,,,,,,,,,,,,,,,,,,,,,,,,,,,,,,,,,,,,,,,,,,,,,,,,,,,,,,,,,,,,,,,,,,,,,,,,,,,,,,,,,
Point,3.5102566,6.4374404,way/1499312737,yes,service,1,,,,center,,,,,,,,,,,,,,,,,,,,,,,,,,,,,,,,,,,,,,,,,,,,,,,,,,,,,,,,,,,,,,,,,,,,,,,,,,,,,,,,,,,,
Point,3.969892,6.5958813,way/1499496663,yes,residential,1,,,,center,,,,,,,,,,,,,,,,,,,,,,,,,,,,,,,,,,,,,,,,,,,,,,,,,,,,,,,,,,,,,,,,,,,,,,,,,,,,,,,,,,,,
Point,3.3952756,6.5971911,way/1503331425,yes,tertiary,1,Demurin Street,yes,,center,,,,,,,,,,,,,,,,,,,,,,,,,,,,,,,,,,,,,,,,,,,,,,,,,,,,,,,,,,,,,,,,,,,,,,,,,,,,,,,,,,,,
Point,3.3888098,6.5975814,way/1503331427,yes,tertiary,1,Demurin Street,yes,,center,,,,,,,,,,,,,,,,,,,,,,,,,,,,,,,,,,,,,,,,,,,,,,,,,,,,,,,,,,,,,,,,,,,,,,,,,,,,,,,,,,,,
Point,3.3881851,6.5578784,way/1509678501,yes,residential,1,,,,center,,,,,,,,,,,,,,,,,,,,,,,,,,,,,,,,,,,,,,,,,,,,,,,,,,,,,,,,,,,,,,,,,,,,,,,,,,,,,,,,,,,,
Point,3.3988867,6.5575353,way/1510188792,yes,residential,1,Oduduwa,no,,center,,,,,,,,,,,,,,,,,,,,,,,,,,,,,,,,,,,,,,,,,,,,,,,,,,,,,,,,,,,,,,,,,,,,,,,,,,,,,,,,,,,,
Point,3.3622064,6.5307971,way/1510196763,yes,footway,1,,,,center,,,,,,,,,,,,,,,,,,,,,,,,,,,,,,,,,,,,,,,,,,,,,,,,,,,,,,,,,,,,,,,,,,,,,,,,,,,,,,,,,,,,
Point,3.3939177,6.5902307,way/1510450812,yes,residential,1,,,,center,,,,,,,,,,,,,,,,,,,,,,,,,,,,,,,,,,,,,,,,,,,,,,,,,,,,,,,,,,,,,,,,,,,,,,,,,,,,,,,,,,,,
Point,3.4242685,6.4163318,way/1511952027,yes,unclassified,1,,,,center,,,,,,,,,,,,,,,,,,,,,,,,,,,,,,,,,,,,,,,,,,,,,,,,,,,,,,,,,,,,,,,,,,,,,,,,,,,,,,,,,,,,
Point,3.5106039,6.4370146,way/1512020621,yes,footway,1,,,,center,,,,,,,,,,,,,,,,,,,,,,,,,,,,,,,,,,,,,,,,,,,,,,,,,,,,,,,,,,,,,,,,,,,,,,,,,,,,,,,,,,,,
Point,3.3352838,6.4947301,way/1512100227,yes,footway,1,,,,center,,,,,,,,,,,,,,,,,,,,,,,,,,,,,,,,,,,,,,,,,,,,,,,,,,,,,,,,,,,,,,,,,,,,,,,,,,,,,,,,,,,,
Point,3.3333648,6.4909449,way/1512100234,yes,footway,1,,,,center,,,,,,,,,,,,,,,,,,,,,,,,,,,,,,,,,,,,,,,,,,,,,,,,,,,,,,,,,,,,,,,,,,,,,,,,,,,,,,,,,,,,
Point,3.3325689,6.4897531,way/1512100237,yes,footway,1,,,,center,,,,,,,,,,,,,,,,,,,,,,,,,,,,,,,,,,,,,,,,,,,,,,,,,,,,,,,,,,,,,,,,,,,,,,,,,,,,,,,,,,,,
Point,3.2125988,6.456174,way/1518595874,yes,residential,1,,,,center,,,unpaved,,,,,,,,,,,,,,,,,,,,,,,,,,,,,,,,,,,,,,,,,,,,,,,,,,,,,,,,,,,,,,,,,,,,,,,,,,,,,,,,,
Point,3.2141883,6.4570276,way/1518595875,yes,residential,1,Yisa Jinadu Street,,,center,,,,,,,,,,,,,,,,,,,,,,,,,,,,,,,,,,,,,,,,,,,,,,,,,,,,,,,,,,,,,,,,,,,,,,,,,,,,,,,,,,,,
Point,3.286455,6.5656175,way/1525108655,yes,path,1,,,,center,,,,,,,,,,,,,,,,,,,,,,,,,,,,,,,,,,,,,,,,,,,,,,,,,,,,,,,,,,,,,,,,,,,,,,,,,,,,,,,,,,,,
Point,3.3676118,6.5822264,way/1529493694,yes,primary,2,,yes,,center,,,,,,,,,,,,,,,,,,,,,,,,,,,,,,,,,,,,,,,,,,,,,,,,,,,,,,,,,,,,,,,,,,,,,,,,,,,,,,,,,,,,
Point,3.3685777,6.5817609,way/1529493695,yes,primary,1,,yes,,center,,,,,,,,,,,,,,,,,,,,,,,,,,,,,,,,,,,,,,,,,,,,,,,,,,,,,,,,,,,,,,,,,,,,,,,,,,,,,,,,,,,,
Point,3.3706765,6.5804971,way/1529493696,yes,primary,2,,yes,,center,,,,,,,,,,,,,,,,,,,,,,,,,,,,,,,,,,,,,,,,,,,,,,,,,,,,,,,,,,,,,,,,,,,,,,,,,,,,,,,,,,,,
Point,3.3696091,6.5810141,way/1529493697,yes,primary,1,,yes,,center,,,,,,,,,,,,,,,,,,,,,,,,,,,,,,,,,,,,,,,,,,,,,,,,,,,,,,,,,,,,,,,,,,,,,,,,,,,,,,,,,,,,
Point,2.9482709,6.4888585,way/1530704762,yes,unclassified,1,,,,center,,,unpaved,,,,,,,,,,,,,,,,,,,,,,,,,,,,,,,,,,,,,,,,,,,,,,,,,,,,,,,,,,,,,,,,,,,,,,,,,,,,,,,,,
Point,2.7290824,6.3832448,way/1533575574,yes,residential,1,,,,center,,,unpaved,,,,,,,,,,,,,,,,,,,,,,,,,,,,,,,,,,,,,,,,,,,,,,,,,,,,,,,,,,,,,,,,,,,,,,,,,,,,,,,,,
Point,3.4761174,6.4322457,way/1538316561,yes,service,1,,,,center,,,,,,,,,,,,,,,,,,,,,,,,,,,,,,,,,,,,,,,,,,,,,,,,,,,,,,,,,,,,,,,,,,,,,,,,,,,,,,,,,,,,
