{
  "type": "FeatureCollection",
  "generator": "overpass-turbo",
  "copyright": "The data included in this document is from www.openstreetmap.org. The data is made available under ODbL.",
  "timestamp": "2026-07-25T10:11:02Z",
  "features": [
    {
      "type": "Feature",
      "properties": {
        "@id": "way/5150262",
        "bridge": "yes",
        "highway": "primary",
        "layer": "1",
        "name": "Alfred Rewane",
        "oneway": "yes",
        "ref": "F265",
        "@geometry": "center"
      },
      "geometry": {
        "type": "Point",
        "coordinates": [
          3.4263189,
          6.4421667
        ]
      },
      "id": "way/5150262"
    },
    {
      "type": "Feature",
      "properties": {
        "@id": "way/5150272",
        "bridge": "yes",
        "highway": "motorway",
        "lanes": "2",
        "layer": "1",
        "maxspeed": "80",
        "name": "Western Avenue",
        "oneway": "yes",
        "ref": "A1",
        "surface": "paved",
        "@geometry": "center"
      },
      "geometry": {
        "type": "Point",
        "coordinates": [
          3.3641936,
          6.4874041
        ]
      },
      "id": "way/5150272"
    },
    {
      "type": "Feature",
      "properties": {
        "@id": "way/5153487",
        "bridge": "yes",
        "highway": "primary_link",
        "layer": "1",
        "oneway": "yes",
        "@geometry": "center"
      },
      "geometry": {
        "type": "Point",
        "coordinates": [
          3.3873777,
          6.465378
        ]
      },
      "id": "way/5153487"
    },
    {
      "type": "Feature",
      "properties": {
        "@id": "way/8474550",
        "alt_name": "Lagos Island Inner Ring Road",
        "bridge": "yes",
        "highway": "motorway",
        "layer": "1",
        "name": "Ring Road",
        "oneway": "yes",
        "ref": "F264",
        "surface": "paved",
        "@geometry": "center"
      },
      "geometry": {
        "type": "Point",
        "coordinates": [
          3.3993985,
          6.4593399
        ]
      },
      "id": "way/8474550"
    },
    {
      "type": "Feature",
      "properties": {
        "@id": "way/8512191",
        "bridge": "yes",
        "highway": "primary",
        "layer": "1",
        "name": "Osborne Road",
        "oneway": "yes",
        "ref": "F265",
        "@geometry": "center"
      },
      "geometry": {
        "type": "Point",
        "coordinates": [
          3.4088641,
          6.456758
        ]
      },
      "id": "way/8512191"
    },
    {
      "type": "Feature",
      "properties": {
        "@id": "way/10561240",
        "bridge": "yes",
        "highway": "motorway",
        "layer": "1",
        "name": "Eko Bridge",
        "oneway": "yes",
        "ref": "A1-2",
        "surface": "unpaved",
        "@geometry": "center"
      },
      "geometry": {
        "type": "Point",
        "coordinates": [
          3.3738789,
          6.4726906
        ]
      },
      "id": "way/10561240"
    },
    {
      "type": "Feature",
      "properties": {
        "@id": "way/10561241",
        "bridge": "yes",
        "highway": "motorway",
        "layer": "1",
        "name": "Apogbon Bridge",
        "oneway": "yes",
        "ref": "A1-2",
        "surface": "asphalt",
        "@geometry": "center"
      },
      "geometry": {
        "type": "Point",
        "coordinates": [
          3.3831238,
          6.4555891
        ]
      },
      "id": "way/10561241"
    },
    {
      "type": "Feature",
      "properties": {
        "@id": "way/10740237",
        "bridge": "yes",
        "highway": "primary",
        "layer": "1",
        "name": "Falomo Bridge",
        "oneway": "yes",
        "ref": "F265",
        "@geometry": "center"
      },
      "geometry": {
        "type": "Point",
        "coordinates": [
          3.4272864,
          6.4441307
        ]
      },
      "id": "way/10740237"
    },
    {
      "type": "Feature",
      "properties": {
        "@id": "way/16369687",
        "bridge": "yes",
        "highway": "motorway",
        "lanes": "2",
        "layer": "1",
        "name": "Ikorodu Road",
        "oneway": "yes",
        "ref": "A1",
        "surface": "paved",
        "@geometry": "center"
      },
      "geometry": {
        "type": "Point",
        "coordinates": [
          3.3661925,
          6.5182686
        ]
      },
      "id": "way/16369687"
    },
    {
      "type": "Feature",
      "properties": {
        "@id": "way/16369732",
        "alt_name": "Lagos Island Inner Ring Road",
        "bridge": "yes",
        "highway": "motorway",
        "layer": "2",
        "name": "Ring Road",
        "oneway": "yes",
        "ref": "F264",
        "surface": "paved",
        "@geometry": "center"
      },
      "geometry": {
        "type": "Point",
        "coordinates": [
          3.4055263,
          6.4472545
        ]
      },
      "id": "way/16369732"
    },
    {
      "type": "Feature",
      "properties": {
        "@id": "way/17505890",
        "bridge": "yes",
        "highway": "motorway",
        "layer": "1",
        "name": "Apapa-Oworonshoki Expressway",
        "oneway": "yes",
        "ref": "F265",
        "source": "Bing",
        "surface": "asphalt",
        "@geometry": "center"
      },
      "geometry": {
        "type": "Point",
        "coordinates": [
          3.3519564,
          6.5558771
        ]
      },
      "id": "way/17505890"
    },
    {
      "type": "Feature",
      "properties": {
        "@id": "way/18502960",
        "bridge": "yes",
        "highway": "primary",
        "lanes": "2",
        "layer": "1",
        "maxweight:signed": "no",
        "oneway": "yes",
        "sidewalk:left": "no",
        "sidewalk:right": "separate",
        "surface": "asphalt",
        "@geometry": "center"
      },
      "geometry": {
        "type": "Point",
        "coordinates": [
          -8.6784689,
          37.1136672
        ]
      },
      "id": "way/18502960"
    },
    {
      "type": "Feature",
      "properties": {
        "@id": "way/18502961",
        "bridge": "yes",
        "highway": "primary",
        "lanes": "2",
        "layer": "1",
        "maxweight:signed": "no",
        "oneway": "yes",
        "sidewalk:left": "no",
        "surface": "asphalt",
        "@geometry": "center"
      },
      "geometry": {
        "type": "Point",
        "coordinates": [
          -8.6784404,
          37.1137279
        ]
      },
      "id": "way/18502961"
    },
    {
      "type": "Feature",
      "properties": {
        "@id": "way/19787618",
        "bicycle": "dismount",
        "bridge": "yes",
        "foot": "yes",
        "highway": "path",
        "incline": "up",
        "layer": "1",
        "motor_vehicle": "no",
        "surface": "asphalt",
        "@geometry": "center"
      },
      "geometry": {
        "type": "Point",
        "coordinates": [
          -8.6746696,
          37.1076248
        ]
      },
      "id": "way/19787618"
    },
    {
      "type": "Feature",
      "properties": {
        "@id": "way/24825053",
        "axle_load": "18",
        "bridge": "yes",
        "bridge:name": "Ponte Ferroviária do Arão",
        "electrified": "contact_line",
        "frequency": "50",
        "gauge": "1668",
        "highspeed": "no",
        "layer": "1",
        "loading_gauge": "CPb",
        "maxspeed": "90",
        "metre_load": "6.4",
        "name": "Linha do Algarve",
        "operator": "Infraestruturas de Portugal",
        "operator:short": "IP",
        "operator:wikidata": "Q20730106",
        "passenger_lines": "1",
        "railway": "rail",
        "railway:atc": "yes",
        "railway:ballastless": "no",
        "railway:ebicab": "700",
        "railway:etcs": "no",
        "railway:radio": "gsm-r",
        "railway:tilting": "no",
        "railway:track_class": "B2",
        "railway:traffic_mode": "passenger",
        "ref": "45",
        "source": "https://servicos.infraestruturasdeportugal.pt/sites/default/files/inline-files/Diretorio%20da%20Rede%202024.pdf",
        "source:maxspeed": "TVM",
        "source:maxspeed:date": "2013",
        "start_date": "1922-07-30",
        "tracks": "1",
        "usage": "main",
        "voltage": "25000",
        "wikidata": "Q551770",
        "wikipedia": "pt:Ponte Ferroviária do Arão",
        "@geometry": "center"
      },
      "geometry": {
        "type": "Point",
        "coordinates": [
          -8.6229277,
          37.1430113
        ]
      },
      "id": "way/24825053"
    },
    {
      "type": "Feature",
      "properties": {
        "@id": "way/40819653",
        "bridge": "yes",
        "highway": "unclassified",
        "layer": "1",
        "maxweight:signed": "no",
        "surface": "ground",
        "tracktype": "grade2",
        "width": "4",
        "@geometry": "center"
      },
      "geometry": {
        "type": "Point",
        "coordinates": [
          -8.6901532,
          37.1571672
        ]
      },
      "id": "way/40819653"
    },
    {
      "type": "Feature",
      "properties": {
        "@id": "way/43407771",
        "bridge": "yes",
        "handrail": "yes",
        "highway": "steps",
        "incline": "down",
        "layer": "1",
        "ramp": "no",
        "step_count": "12",
        "surface": "wood",
        "tactile_paving": "no",
        "@geometry": "center"
      },
      "geometry": {
        "type": "Point",
        "coordinates": [
          -8.6576838,
          37.1118987
        ]
      },
      "id": "way/43407771"
    },
    {
      "type": "Feature",
      "properties": {
        "@id": "way/46047068",
        "bridge": "yes",
        "highway": "tertiary",
        "layer": "1",
        "name": "Rue du Bois",
        "ref": "D 145",
        "@geometry": "center"
      },
      "geometry": {
        "type": "Point",
        "coordinates": [
          -0.2227075,
          43.2098054
        ]
      },
      "id": "way/46047068"
    },
    {
      "type": "Feature",
      "properties": {
        "@id": "way/61428611",
        "bridge": "yes",
        "highway": "tertiary",
        "lanes": "2",
        "lanes:backward": "1",
        "lanes:forward": "1",
        "layer": "1",
        "maxweight:signed": "no",
        "surface": "asphalt",
        "@geometry": "center"
      },
      "geometry": {
        "type": "Point",
        "coordinates": [
          -8.707962,
          37.123084
        ]
      },
      "id": "way/61428611"
    },
    {
      "type": "Feature",
      "properties": {
        "@id": "way/61655018",
        "bridge": "yes",
        "highway": "unclassified",
        "layer": "1",
        "@geometry": "center"
      },
      "geometry": {
        "type": "Point",
        "coordinates": [
          -8.666907,
          37.1519861
        ]
      },
      "id": "way/61655018"
    },
    {
      "type": "Feature",
      "properties": {
        "@id": "way/61738623",
        "bridge": "yes",
        "highway": "residential",
        "layer": "1",
        "name": "Estrada do Porto de Mós",
        "surface": "asphalt",
        "@geometry": "center"
      },
      "geometry": {
        "type": "Point",
        "coordinates": [
          -8.6880161,
          37.0861369
        ]
      },
      "id": "way/61738623"
    },
    {
      "type": "Feature",
      "properties": {
        "@id": "way/61830293",
        "bridge": "yes",
        "highway": "footway",
        "layer": "1",
        "@geometry": "center"
      },
      "geometry": {
        "type": "Point",
        "coordinates": [
          -8.6792428,
          37.1131702
        ]
      },
      "id": "way/61830293"
    },
    {
      "type": "Feature",
      "properties": {
        "@id": "way/75309444",
        "bridge": "yes",
        "highway": "trunk",
        "layer": "1",
        "name": "Lagos-Badagry Expressway",
        "oneway": "yes",
        "ref": "F100",
        "surface": "paved",
        "@geometry": "center"
      },
      "geometry": {
        "type": "Point",
        "coordinates": [
          3.1029234,
          6.4995422
        ]
      },
      "id": "way/75309444"
    },
    {
      "type": "Feature",
      "properties": {
        "@id": "way/75309536",
        "bridge": "yes",
        "highway": "trunk",
        "layer": "1",
        "name": "Lagos-Badagry Expressway",
        "oneway": "yes",
        "ref": "F100",
        "surface": "asphalt",
        "@geometry": "center"
      },
      "geometry": {
        "type": "Point",
        "coordinates": [
          3.1029386,
          6.4996476
        ]
      },
      "id": "way/75309536"
    },
    {
      "type": "Feature",
      "properties": {
        "@id": "way/82289545",
        "bridge": "yes",
        "highway": "footway",
        "layer": "1",
        "surface": "wood",
        "@geometry": "center"
      },
      "geometry": {
        "type": "Point",
        "coordinates": [
          -8.6879379,
          37.087131
        ]
      },
      "id": "way/82289545"
    },
    {
      "type": "Feature",
      "properties": {
        "@id": "way/84983001",
        "bicycle": "yes",
        "bridge": "yes",
        "highway": "primary",
        "layer": "1",
        "maxspeed": "50",
        "maxweight:signed": "no",
        "surface": "asphalt",
        "@geometry": "center"
      },
      "geometry": {
        "type": "Point",
        "coordinates": [
          -8.644946,
          37.1548433
        ]
      },
      "id": "way/84983001"
    },
    {
      "type": "Feature",
      "properties": {
        "@id": "way/84983004",
        "bridge": "yes",
        "highway": "secondary",
        "lanes": "2",
        "layer": "1",
        "surface": "asphalt",
        "@geometry": "center"
      },
      "geometry": {
        "type": "Point",
        "coordinates": [
          -8.6937991,
          37.1680635
        ]
      },
      "id": "way/84983004"
    },
    {
      "type": "Feature",
      "properties": {
        "@id": "way/84983007",
        "bridge": "yes",
        "highway": "tertiary",
        "layer": "1",
        "ref": "EM 535",
        "@geometry": "center"
      },
      "geometry": {
        "type": "Point",
        "coordinates": [
          -8.6944129,
          37.1721705
        ]
      },
      "id": "way/84983007"
    },
    {
      "type": "Feature",
      "properties": {
        "@id": "way/84983010",
        "bridge": "yes",
        "highway": "tertiary",
        "layer": "1",
        "@geometry": "center"
      },
      "geometry": {
        "type": "Point",
        "coordinates": [
          -8.6590423,
          37.1526146
        ]
      },
      "id": "way/84983010"
    },
    {
      "type": "Feature",
      "properties": {
        "@id": "way/84983012",
        "bridge": "yes",
        "highway": "secondary",
        "lanes": "2",
        "layer": "1",
        "surface": "asphalt",
        "@geometry": "center"
      },
      "geometry": {
        "type": "Point",
        "coordinates": [
          -8.6729498,
          37.1578481
        ]
      },
      "id": "way/84983012"
    },
    {
      "type": "Feature",
      "properties": {
        "@id": "way/84983340",
        "bicycle": "yes",
        "bridge": "yes",
        "highway": "primary",
        "lanes": "1",
        "layer": "1",
        "maxweight:signed": "no",
        "oneway": "yes",
        "ref": "EN 125",
        "smoothness": "good",
        "surface": "asphalt",
        "@geometry": "center"
      },
      "geometry": {
        "type": "Point",
        "coordinates": [
          -8.634492,
          37.1587545
        ]
      },
      "id": "way/84983340"
    },
    {
      "type": "Feature",
      "properties": {
        "@id": "way/84983343",
        "bridge": "yes",
        "highway": "tertiary",
        "layer": "1",
        "@geometry": "center"
      },
      "geometry": {
        "type": "Point",
        "coordinates": [
          -8.6475005,
          37.1747956
        ]
      },
      "id": "way/84983343"
    },
    {
      "type": "Feature",
      "properties": {
        "@id": "way/84994300",
        "bridge": "yes",
        "highway": "primary",
        "lanes": "2",
        "layer": "1",
        "maxspeed": "50",
        "surface": "asphalt",
        "@geometry": "center"
      },
      "geometry": {
        "type": "Point",
        "coordinates": [
          -8.7328462,
          37.1545058
        ]
      },
      "id": "way/84994300"
    },
    {
      "type": "Feature",
      "properties": {
        "@id": "way/84994312",
        "bridge": "yes",
        "highway": "tertiary",
        "lanes": "2",
        "layer": "1",
        "surface": "asphalt",
        "@geometry": "center"
      },
      "geometry": {
        "type": "Point",
        "coordinates": [
          -8.6983304,
          37.1362709
        ]
      },
      "id": "way/84994312"
    },
    {
      "type": "Feature",
      "properties": {
        "@id": "way/84994314",
        "bridge": "yes",
        "highway": "tertiary",
        "lanes": "1",
        "layer": "1",
        "maxweight:signed": "no",
        "ref": "EM 535",
        "surface": "asphalt",
        "@geometry": "center"
      },
      "geometry": {
        "type": "Point",
        "coordinates": [
          -8.7177797,
          37.150697
        ]
      },
      "id": "way/84994314"
    },
    {
      "type": "Feature",
      "properties": {
        "@id": "way/84994315",
        "bridge": "yes",
        "highway": "unclassified",
        "lanes": "1",
        "layer": "1",
        "surface": "asphalt",
        "@geometry": "center"
      },
      "geometry": {
        "type": "Point",
        "coordinates": [
          -8.6915125,
          37.1279968
        ]
      },
      "id": "way/84994315"
    },
    {
      "type": "Feature",
      "properties": {
        "@id": "way/87805666",
        "bridge": "yes",
        "highway": "secondary",
        "layer": "1",
        "name": "Cater Bridge",
        "oneway": "yes",
        "ref": "A5",
        "@geometry": "center"
      },
      "geometry": {
        "type": "Point",
        "coordinates": [
          3.3862002,
          6.4641758
        ]
      },
      "id": "way/87805666"
    },
    {
      "type": "Feature",
      "properties": {
        "@id": "way/88260932",
        "alt_name": "Lagos Island Inner Ring Road",
        "bridge": "yes",
        "highway": "motorway_link",
        "lanes": "2",
        "layer": "1",
        "oneway": "yes",
        "ref": "F264",
        "surface": "asphalt",
        "@geometry": "center"
      },
      "geometry": {
        "type": "Point",
        "coordinates": [
          3.39532,
          6.4610385
        ]
      },
      "id": "way/88260932"
    },
    {
      "type": "Feature",
      "properties": {
        "@id": "way/88260974",
        "bridge": "yes",
        "highway": "motorway_link",
        "lanes": "2",
        "layer": "1",
        "oneway": "yes",
        "@geometry": "center"
      },
      "geometry": {
        "type": "Point",
        "coordinates": [
          3.3968556,
          6.4619081
        ]
      },
      "id": "way/88260974"
    },
    {
      "type": "Feature",
      "properties": {
        "@id": "way/88669561",
        "bridge": "yes",
        "highway": "primary_link",
        "layer": "1",
        "oneway": "yes",
        "@geometry": "center"
      },
      "geometry": {
        "type": "Point",
        "coordinates": [
          3.4180689,
          6.4618573
        ]
      },
      "id": "way/88669561"
    },
    {
      "type": "Feature",
      "properties": {
        "@id": "way/88669581",
        "bridge": "yes",
        "destination": "Ikoyi",
        "highway": "primary_link",
        "layer": "1",
        "oneway": "yes",
        "@geometry": "center"
      },
      "geometry": {
        "type": "Point",
        "coordinates": [
          3.4201966,
          6.4625264
        ]
      },
      "id": "way/88669581"
    },
    {
      "type": "Feature",
      "properties": {
        "@id": "way/88669599",
        "bridge": "yes",
        "highway": "primary_link",
        "layer": "1",
        "oneway": "yes",
        "@geometry": "center"
      },
      "geometry": {
        "type": "Point",
        "coordinates": [
          3.4186353,
          6.4630032
        ]
      },
      "id": "way/88669599"
    },
    {
      "type": "Feature",
      "properties": {
        "@id": "way/88669617",
        "bridge": "yes",
        "highway": "primary_link",
        "layer": "1",
        "oneway": "yes",
        "@geometry": "center"
      },
      "geometry": {
        "type": "Point",
        "coordinates": [
          3.4190622,
          6.4620131
        ]
      },
      "id": "way/88669617"
    },
    {
      "type": "Feature",
      "properties": {
        "@id": "way/88669623",
        "bridge": "yes",
        "highway": "motorway_link",
        "layer": "1",
        "oneway": "yes",
        "surface": "paved",
        "@geometry": "center"
      },
      "geometry": {
        "type": "Point",
        "coordinates": [
          3.4088114,
          6.4563681
        ]
      },
      "id": "way/88669623"
    },
    {
      "type": "Feature",
      "properties": {
        "@id": "way/88669628",
        "bridge": "yes",
        "highway": "primary_link",
        "layer": "1",
        "oneway": "yes",
        "@geometry": "center"
      },
      "geometry": {
        "type": "Point",
        "coordinates": [
          3.4188095,
          6.4638317
        ]
      },
      "id": "way/88669628"
    },
    {
      "type": "Feature",
      "properties": {
        "@id": "way/88669648",
        "bridge": "yes",
        "highway": "primary",
        "layer": "1",
        "oneway": "yes",
        "surface": "paved",
        "@geometry": "center"
      },
      "geometry": {
        "type": "Point",
        "coordinates": [
          3.4066251,
          6.4557658
        ]
      },
      "id": "way/88669648"
    },
    {
      "type": "Feature",
      "properties": {
        "@id": "way/88681160",
        "bridge": "yes",
        "highway": "footway",
        "layer": "1",
        "@geometry": "center"
      },
      "geometry": {
        "type": "Point",
        "coordinates": [
          3.3965315,
          6.5558477
        ]
      },
      "id": "way/88681160"
    },
    {
      "type": "Feature",
      "properties": {
        "@id": "way/88683342",
        "bridge": "yes",
        "highway": "motorway",
        "layer": "1",
        "name": "Lagos-Ibadan Expressway",
        "oneway": "yes",
        "surface": "paved",
        "@geometry": "center"
      },
      "geometry": {
        "type": "Point",
        "coordinates": [
          3.3830393,
          6.5936218
        ]
      },
      "id": "way/88683342"
    },
    {
      "type": "Feature",
      "properties": {
        "@id": "way/88683344",
        "bridge": "yes",
        "highway": "footway",
        "layer": "1",
        "@geometry": "center"
      },
      "geometry": {
        "type": "Point",
        "coordinates": [
          3.3981284,
          6.5455378
        ]
      },
      "id": "way/88683344"
    },
    {
      "type": "Feature",
      "properties": {
        "@id": "way/88683345",
        "bridge": "yes",
        "highway": "motorway_link",
        "layer": "1",
        "oneway": "yes",
        "surface": "paved",
        "@geometry": "center"
      },
      "geometry": {
        "type": "Point",
        "coordinates": [
          3.396788,
          6.4594687
        ]
      },
      "id": "way/88683345"
    },
    {
      "type": "Feature",
      "properties": {
        "@id": "way/88683361",
        "bridge": "yes",
        "highway": "footway",
        "layer": "1",
        "@geometry": "center"
      },
      "geometry": {
        "type": "Point",
        "coordinates": [
          3.3967809,
          6.5518941
        ]
      },
      "id": "way/88683361"
    },
    {
      "type": "Feature",
      "properties": {
        "@id": "way/88683362",
        "bridge": "yes",
        "highway": "motorway",
        "layer": "1",
        "name": "Lagos-Ibadan Expressway",
        "oneway": "yes",
        "surface": "paved",
        "@geometry": "center"
      },
      "geometry": {
        "type": "Point",
        "coordinates": [
          3.3829026,
          6.593438
        ]
      },
      "id": "way/88683362"
    },
    {
      "type": "Feature",
      "properties": {
        "@id": "way/89929130",
        "bridge": "yes",
        "highway": "motorway",
        "layer": "2",
        "name": "Apapa Road",
        "oneway": "yes",
        "ref": "A1",
        "surface": "paved",
        "@geometry": "center"
      },
      "geometry": {
        "type": "Point",
        "coordinates": [
          3.3654673,
          6.4839224
        ]
      },
      "id": "way/89929130"
    },
    {
      "type": "Feature",
      "properties": {
        "@id": "way/90288326",
        "bridge": "yes",
        "highway": "unclassified",
        "layer": "1",
        "source": "bing",
        "surface": "unpaved",
        "@geometry": "center"
      },
      "geometry": {
        "type": "Point",
        "coordinates": [
          3.3540656,
          6.4685435
        ]
      },
      "id": "way/90288326"
    },
    {
      "type": "Feature",
      "properties": {
        "@id": "way/90288373",
        "bridge": "yes",
        "highway": "secondary",
        "layer": "1",
        "name": "Iganmu Road",
        "oneway": "yes",
        "source": "bing",
        "surface": "paved",
        "@geometry": "center"
      },
      "geometry": {
        "type": "Point",
        "coordinates": [
          3.3504775,
          6.4729386
        ]
      },
      "id": "way/90288373"
    },
    {
      "type": "Feature",
      "properties": {
        "@id": "way/92113862",
        "bridge": "yes",
        "highway": "pedestrian",
        "layer": "1",
        "surface": "wood",
        "@geometry": "center"
      },
      "geometry": {
        "type": "Point",
        "coordinates": [
          -8.6880024,
          37.0858263
        ]
      },
      "id": "way/92113862"
    },
    {
      "type": "Feature",
      "properties": {
        "@id": "way/92439806",
        "bridge": "yes",
        "highway": "secondary",
        "layer": "1",
        "name": "Ago Okota Expressway",
        "oneway": "yes",
        "source": "BING",
        "@geometry": "center"
      },
      "geometry": {
        "type": "Point",
        "coordinates": [
          3.3014999,
          6.4857525
        ]
      },
      "id": "way/92439806"
    },
    {
      "type": "Feature",
      "properties": {
        "@id": "way/92439807",
        "bridge": "yes",
        "highway": "secondary",
        "layer": "1",
        "name": "New Festac Bridge Road",
        "oneway": "yes",
        "@geometry": "center"
      },
      "geometry": {
        "type": "Point",
        "coordinates": [
          3.2991116,
          6.4674159
        ]
      },
      "id": "way/92439807"
    },
    {
      "type": "Feature",
      "properties": {
        "@id": "way/92451074",
        "bridge": "yes",
        "highway": "unclassified",
        "layer": "1",
        "name": "Bale Street",
        "source": "bing",
        "surface": "unpaved",
        "@geometry": "center"
      },
      "geometry": {
        "type": "Point",
        "coordinates": [
          3.333744,
          6.4787277
        ]
      },
      "id": "way/92451074"
    },
    {
      "type": "Feature",
      "properties": {
        "@id": "way/93119693",
        "bridge": "yes",
        "highway": "footway",
        "layer": "1",
        "@geometry": "center"
      },
      "geometry": {
        "type": "Point",
        "coordinates": [
          -8.6805551,
          37.1110527
        ]
      },
      "id": "way/93119693"
    },
    {
      "type": "Feature",
      "properties": {
        "@id": "way/93119729",
        "bridge": "yes",
        "highway": "footway",
        "layer": "1",
        "@geometry": "center"
      },
      "geometry": {
        "type": "Point",
        "coordinates": [
          -8.6796731,
          37.1132376
        ]
      },
      "id": "way/93119729"
    },
    {
      "type": "Feature",
      "properties": {
        "@id": "way/93221187",
        "bridge": "yes",
        "highway": "secondary",
        "layer": "1",
        "@geometry": "center"
      },
      "geometry": {
        "type": "Point",
        "coordinates": [
          -8.6849926,
          37.1625964
        ]
      },
      "id": "way/93221187"
    },
    {
      "type": "Feature",
      "properties": {
        "@id": "way/93243968",
        "bridge": "yes",
        "highway": "secondary",
        "lanes": "2",
        "layer": "1",
        "surface": "asphalt",
        "@geometry": "center"
      },
      "geometry": {
        "type": "Point",
        "coordinates": [
          -8.678745,
          37.1615915
        ]
      },
      "id": "way/93243968"
    },
    {
      "type": "Feature",
      "properties": {
        "@id": "way/93243972",
        "bridge": "yes",
        "highway": "tertiary",
        "lanes": "1",
        "layer": "1",
        "ref": "EM 539",
        "@geometry": "center"
      },
      "geometry": {
        "type": "Point",
        "coordinates": [
          -8.647512,
          37.1610318
        ]
      },
      "id": "way/93243972"
    },
    {
      "type": "Feature",
      "properties": {
        "@id": "way/93243984",
        "bicycle": "yes",
        "bridge": "yes",
        "highway": "tertiary",
        "lanes": "2",
        "layer": "1",
        "surface": "asphalt",
        "@geometry": "center"
      },
      "geometry": {
        "type": "Point",
        "coordinates": [
          -8.6550566,
          37.1469239
        ]
      },
      "id": "way/93243984"
    },
    {
      "type": "Feature",
      "properties": {
        "@id": "way/93366530",
        "bridge": "yes",
        "highway": "steps",
        "layer": "1",
        "surface": "wood",
        "@geometry": "center"
      },
      "geometry": {
        "type": "Point",
        "coordinates": [
          -8.6516415,
          37.1149028
        ]
      },
      "id": "way/93366530"
    },
    {
      "type": "Feature",
      "properties": {
        "@id": "way/93366552",
        "bridge": "yes",
        "handrail": "yes",
        "highway": "footway",
        "incline": "up",
        "layer": "1",
        "surface": "wood",
        "@geometry": "center"
      },
      "geometry": {
        "type": "Point",
        "coordinates": [
          -8.6724868,
          37.1056504
        ]
      },
      "id": "way/93366552"
    },
    {
      "type": "Feature",
      "properties": {
        "@id": "way/93366568",
        "bridge": "yes",
        "highway": "steps",
        "layer": "1",
        "surface": "wood",
        "@geometry": "center"
      },
      "geometry": {
        "type": "Point",
        "coordinates": [
          -8.6512886,
          37.1153207
        ]
      },
      "id": "way/93366568"
    },
    {
      "type": "Feature",
      "properties": {
        "@id": "way/93366581",
        "bridge": "yes",
        "handrail": "yes",
        "highway": "footway",
        "incline": "up",
        "layer": "1",
        "@geometry": "center"
      },
      "geometry": {
        "type": "Point",
        "coordinates": [
          -8.6732462,
          37.1063048
        ]
      },
      "id": "way/93366581"
    },
    {
      "type": "Feature",
      "properties": {
        "@id": "way/93855599",
        "bridge": "yes",
        "highway": "motorway_link",
        "layer": "1",
        "oneway": "yes",
        "surface": "paved",
        "@geometry": "center"
      },
      "geometry": {
        "type": "Point",
        "coordinates": [
          3.4068702,
          6.4560264
        ]
      },
      "id": "way/93855599"
    },
    {
      "type": "Feature",
      "properties": {
        "@id": "way/93855600",
        "bridge": "yes",
        "highway": "motorway_link",
        "layer": "1",
        "oneway": "yes",
        "ref": "F265",
        "surface": "paved",
        "@geometry": "center"
      },
      "geometry": {
        "type": "Point",
        "coordinates": [
          3.4073027,
          6.455465
        ]
      },
      "id": "way/93855600"
    },
    {
      "type": "Feature",
      "properties": {
        "@id": "way/93855602",
        "bridge": "yes",
        "highway": "primary",
        "layer": "1",
        "oneway": "yes",
        "surface": "paved",
        "@geometry": "center"
      },
      "geometry": {
        "type": "Point",
        "coordinates": [
          3.4067574,
          6.4557045
        ]
      },
      "id": "way/93855602"
    },
    {
      "type": "Feature",
      "properties": {
        "@id": "way/93855609",
        "alt_name": "Lagos Island Inner Ring Road",
        "bridge": "yes",
        "highway": "motorway_link",
        "layer": "1",
        "oneway": "yes",
        "ref": "F264",
        "@geometry": "center"
      },
      "geometry": {
        "type": "Point",
        "coordinates": [
          3.398555,
          6.4602318
        ]
      },
      "id": "way/93855609"
    },
    {
      "type": "Feature",
      "properties": {
        "@id": "way/93855610",
        "bridge": "yes",
        "highway": "primary",
        "layer": "1",
        "name": "Osborne Road",
        "oneway": "yes",
        "@geometry": "center"
      },
      "geometry": {
        "type": "Point",
        "coordinates": [
          3.4086934,
          6.456806
        ]
      },
      "id": "way/93855610"
    },
    {
      "type": "Feature",
      "properties": {
        "@id": "way/93855612",
        "bridge": "yes",
        "highway": "motorway_link",
        "layer": "1",
        "oneway": "yes",
        "surface": "asphalt",
        "@geometry": "center"
      },
      "geometry": {
        "type": "Point",
        "coordinates": [
          3.4085263,
          6.4568747
        ]
      },
      "id": "way/93855612"
    },
    {
      "type": "Feature",
      "properties": {
        "@id": "way/93855613",
        "alt_name": "Lagos Island Inner Ring Road",
        "bridge": "yes",
        "highway": "motorway",
        "layer": "1",
        "name": "Ring Road",
        "oneway": "yes",
        "ref": "F264",
        "@geometry": "center"
      },
      "geometry": {
        "type": "Point",
        "coordinates": [
          3.4040026,
          6.4584623
        ]
      },
      "id": "way/93855613"
    },
    {
      "type": "Feature",
      "properties": {
        "@id": "way/93855614",
        "bridge": "yes",
        "highway": "motorway",
        "layer": "1",
        "name": "Third Mainland Bridge",
        "oneway": "yes",
        "ref": "F265",
        "surface": "paved",
        "@geometry": "center"
      },
      "geometry": {
        "type": "Point",
        "coordinates": [
          3.3979757,
          6.5036691
        ]
      },
      "id": "way/93855614"
    },
    {
      "type": "Feature",
      "properties": {
        "@id": "way/93855617",
        "alt_name": "Lagos Island Inner Ring Road",
        "bridge": "yes",
        "highway": "motorway",
        "layer": "1",
        "name": "Ring Road",
        "oneway": "yes",
        "ref": "F264",
        "surface": "paved",
        "@geometry": "center"
      },
      "geometry": {
        "type": "Point",
        "coordinates": [
          3.3983532,
          6.4597815
        ]
      },
      "id": "way/93855617"
    },
    {
      "type": "Feature",
      "properties": {
        "@id": "way/93855618",
        "alt_name": "Lagos Island Inner Ring Road",
        "bridge": "yes",
        "highway": "motorway",
        "layer": "1",
        "name": "Ring Road",
        "oneway": "yes",
        "ref": "F264",
        "surface": "paved",
        "@geometry": "center"
      },
      "geometry": {
        "type": "Point",
        "coordinates": [
          3.4039933,
          6.4583013
        ]
      },
      "id": "way/93855618"
    },
    {
      "type": "Feature",
      "properties": {
        "@id": "way/93855623",
        "bridge": "yes",
        "highway": "motorway_link",
        "lanes": "2",
        "layer": "1",
        "oneway": "yes",
        "surface": "asphalt",
        "@geometry": "center"
      },
      "geometry": {
        "type": "Point",
        "coordinates": [
          3.3957865,
          6.4604106
        ]
      },
      "id": "way/93855623"
    },
    {
      "type": "Feature",
      "properties": {
        "@id": "way/93855624",
        "bridge": "yes",
        "highway": "motorway_link",
        "lanes": "2",
        "layer": "1",
        "oneway": "yes",
        "surface": "paved",
        "@geometry": "center"
      },
      "geometry": {
        "type": "Point",
        "coordinates": [
          3.3957635,
          6.4627359
        ]
      },
      "id": "way/93855624"
    },
    {
      "type": "Feature",
      "properties": {
        "@id": "way/93855625",
        "bridge": "yes",
        "highway": "secondary",
        "layer": "1",
        "name": "Idumagbo Avenue",
        "oneway": "yes",
        "@geometry": "center"
      },
      "geometry": {
        "type": "Point",
        "coordinates": [
          3.395148,
          6.460236
        ]
      },
      "id": "way/93855625"
    },
    {
      "type": "Feature",
      "properties": {
        "@id": "way/93855627",
        "alt_name": "Lagos Island Inner Ring Road",
        "bridge": "yes",
        "highway": "primary",
        "layer": "1",
        "name": "Ring Road",
        "oneway": "yes",
        "ref": "F264",
        "@geometry": "center"
      },
      "geometry": {
        "type": "Point",
        "coordinates": [
          3.3960301,
          6.4619736
        ]
      },
      "id": "way/93855627"
    },
    {
      "type": "Feature",
      "properties": {
        "@id": "way/93858642",
        "bridge": "yes",
        "foot": "yes",
        "highway": "trunk",
        "layer": "1",
        "name": "Ahmadu Bello Way",
        "oneway": "yes",
        "ref": "F263",
        "surface": "paved",
        "@geometry": "center"
      },
      "geometry": {
        "type": "Point",
        "coordinates": [
          3.40337,
          6.4407455
        ]
      },
      "id": "way/93858642"
    },
    {
      "type": "Feature",
      "properties": {
        "@id": "way/93858646",
        "alt_name": "Lagos Island Inner Ring Road",
        "bridge": "yes",
        "highway": "motorway",
        "layer": "1",
        "name": "New Marina Road",
        "oneway": "yes",
        "ref": "F264",
        "surface": "paved",
        "@geometry": "center"
      },
      "geometry": {
        "type": "Point",
        "coordinates": [
          3.4015592,
          6.4419286
        ]
      },
      "id": "way/93858646"
    },
    {
      "type": "Feature",
      "properties": {
        "@id": "way/93858656",
        "bridge": "yes",
        "highway": "trunk",
        "layer": "1",
        "name": "Ahmadu Bello Way",
        "oneway": "yes",
        "ref": "F263",
        "surface": "paved",
        "@geometry": "center"
      },
      "geometry": {
        "type": "Point",
        "coordinates": [
          3.399929,
          6.4430475
        ]
      },
      "id": "way/93858656"
    },
    {
      "type": "Feature",
      "properties": {
        "@id": "way/93858659",
        "bridge": "yes",
        "foot": "yes",
        "highway": "trunk",
        "layer": "1",
        "name": "Ahmadu Bello Way",
        "oneway": "yes",
        "ref": "F263",
        "surface": "paved",
        "@geometry": "center"
      },
      "geometry": {
        "type": "Point",
        "coordinates": [
          3.4032104,
          6.4406064
        ]
      },
      "id": "way/93858659"
    },
    {
      "type": "Feature",
      "properties": {
        "@id": "way/93858662",
        "bridge": "yes",
        "highway": "motorway_link",
        "layer": "1",
        "oneway": "yes",
        "surface": "asphalt",
        "@geometry": "center"
      },
      "geometry": {
        "type": "Point",
        "coordinates": [
          3.401778,
          6.4421043
        ]
      },
      "id": "way/93858662"
    },
    {
      "type": "Feature",
      "properties": {
        "@id": "way/94750282",
        "bridge": "yes",
        "highway": "steps",
        "incline": "down",
        "layer": "1",
        "step_count": "9",
        "surface": "wood",
        "@geometry": "center"
      },
      "geometry": {
        "type": "Point",
        "coordinates": [
          -8.646425,
          37.1172097
        ]
      },
      "id": "way/94750282"
    },
    {
      "type": "Feature",
      "properties": {
        "@id": "way/94787314",
        "bridge": "yes",
        "highway": "unclassified",
        "layer": "1",
        "@geometry": "center"
      },
      "geometry": {
        "type": "Point",
        "coordinates": [
          -8.6579,
          37.1459893
        ]
      },
      "id": "way/94787314"
    },
    {
      "type": "Feature",
      "properties": {
        "@id": "way/94968492",
        "bridge": "yes",
        "highway": "residential",
        "layer": "1",
        "source": "Bing",
        "@geometry": "center"
      },
      "geometry": {
        "type": "Point",
        "coordinates": [
          3.3783779,
          6.5374674
        ]
      },
      "id": "way/94968492"
    },
    {
      "type": "Feature",
      "properties": {
        "@id": "way/94968495",
        "bridge": "yes",
        "highway": "residential",
        "layer": "1",
        "name": "Abiodun Street",
        "source": "Bing",
        "@geometry": "center"
      },
      "geometry": {
        "type": "Point",
        "coordinates": [
          3.38072,
          6.5353957
        ]
      },
      "id": "way/94968495"
    },
    {
      "type": "Feature",
      "properties": {
        "@id": "way/94968522",
        "bridge": "yes",
        "highway": "residential",
        "layer": "1",
        "source": "Bing",
        "@geometry": "center"
      },
      "geometry": {
        "type": "Point",
        "coordinates": [
          3.3820986,
          6.5346009
        ]
      },
      "id": "way/94968522"
    },
    {
      "type": "Feature",
      "properties": {
        "@id": "way/94968532",
        "bridge": "yes",
        "highway": "residential",
        "layer": "1",
        "source": "Bing",
        "@geometry": "center"
      },
      "geometry": {
        "type": "Point",
        "coordinates": [
          3.3777215,
          6.5381353
        ]
      },
      "id": "way/94968532"
    },
    {
      "type": "Feature",
      "properties": {
        "@id": "way/94968543",
        "bridge": "yes",
        "highway": "tertiary",
        "layer": "1",
        "name": "Bajulaiye Street",
        "@geometry": "center"
      },
      "geometry": {
        "type": "Point",
        "coordinates": [
          3.3834028,
          6.5337725
        ]
      },
      "id": "way/94968543"
    },
    {
      "type": "Feature",
      "properties": {
        "@id": "way/94968551",
        "bridge": "yes",
        "highway": "residential",
        "layer": "1",
        "source": "Bing",
        "@geometry": "center"
      },
      "geometry": {
        "type": "Point",
        "coordinates": [
          3.3814338,
          6.5349456
        ]
      },
      "id": "way/94968551"
    },
    {
      "type": "Feature",
      "properties": {
        "@id": "way/94968557",
        "bridge": "yes",
        "highway": "residential",
        "layer": "1",
        "source": "Bing",
        "@geometry": "center"
      },
      "geometry": {
        "type": "Point",
        "coordinates": [
          3.3788256,
          6.5370351
        ]
      },
      "id": "way/94968557"
    },
    {
      "type": "Feature",
      "properties": {
        "@id": "way/94968559",
        "bridge": "yes",
        "highway": "residential",
        "layer": "1",
        "source": "Bing",
        "@geometry": "center"
      },
      "geometry": {
        "type": "Point",
        "coordinates": [
          3.3793929,
          6.5364875
        ]
      },
      "id": "way/94968559"
    },
    {
      "type": "Feature",
      "properties": {
        "@id": "way/95033237",
        "bridge": "yes",
        "highway": "unclassified",
        "lanes": "2",
        "layer": "1",
        "@geometry": "center"
      },
      "geometry": {
        "type": "Point",
        "coordinates": [
          -8.7599798,
          37.1971601
        ]
      },
      "id": "way/95033237"
    },
    {
      "type": "Feature",
      "properties": {
        "@id": "way/95665308",
        "bridge": "yes",
        "highway": "footway",
        "layer": "1",
        "@geometry": "center"
      },
      "geometry": {
        "type": "Point",
        "coordinates": [
          -8.668023,
          37.1045945
        ]
      },
      "id": "way/95665308"
    },
    {
      "type": "Feature",
      "properties": {
        "@id": "way/95665309",
        "bridge": "yes",
        "highway": "service",
        "layer": "1",
        "service": "emergency_access",
        "@geometry": "center"
      },
      "geometry": {
        "type": "Point",
        "coordinates": [
          -8.6715402,
          37.1104826
        ]
      },
      "id": "way/95665309"
    },
    {
      "type": "Feature",
      "properties": {
        "@id": "way/95665311",
        "bridge": "yes",
        "highway": "footway",
        "layer": "1",
        "@geometry": "center"
      },
      "geometry": {
        "type": "Point",
        "coordinates": [
          -8.6677919,
          37.1046618
        ]
      },
      "id": "way/95665311"
    },
    {
      "type": "Feature",
      "properties": {
        "@id": "way/95665321",
        "bridge": "yes",
        "highway": "steps",
        "layer": "1",
        "@geometry": "center"
      },
      "geometry": {
        "type": "Point",
        "coordinates": [
          -8.66808,
          37.1046025
        ]
      },
      "id": "way/95665321"
    },
    {
      "type": "Feature",
      "properties": {
        "@id": "way/95665348",
        "bridge": "yes",
        "highway": "service",
        "layer": "1",
        "service": "emergency_access",
        "@geometry": "center"
      },
      "geometry": {
        "type": "Point",
        "coordinates": [
          -8.6712813,
          37.1108407
        ]
      },
      "id": "way/95665348"
    },
    {
      "type": "Feature",
      "properties": {
        "@id": "way/95665365",
        "bridge": "yes",
        "highway": "service",
        "layer": "1",
        "service": "emergency_access",
        "@geometry": "center"
      },
      "geometry": {
        "type": "Point",
        "coordinates": [
          -8.6718442,
          37.1100987
        ]
      },
      "id": "way/95665365"
    },
    {
      "type": "Feature",
      "properties": {
        "@id": "way/95671968",
        "bridge": "yes",
        "highway": "track",
        "layer": "1",
        "@geometry": "center"
      },
      "geometry": {
        "type": "Point",
        "coordinates": [
          -8.6848077,
          37.1609674
        ]
      },
      "id": "way/95671968"
    },
    {
      "type": "Feature",
      "properties": {
        "@id": "way/95671972",
        "bridge": "yes",
        "highway": "track",
        "layer": "1",
        "@geometry": "center"
      },
      "geometry": {
        "type": "Point",
        "coordinates": [
          -8.6838826,
          37.1574167
        ]
      },
      "id": "way/95671972"
    },
    {
      "type": "Feature",
      "properties": {
        "@id": "way/95697722",
        "bridge": "yes",
        "highway": "unclassified",
        "lanes": "2",
        "layer": "1",
        "maxweight:signed": "no",
        "@geometry": "center"
      },
      "geometry": {
        "type": "Point",
        "coordinates": [
          -8.7017378,
          37.1155948
        ]
      },
      "id": "way/95697722"
    },
    {
      "type": "Feature",
      "properties": {
        "@id": "way/95706997",
        "bridge": "yes",
        "highway": "tertiary",
        "lanes": "2",
        "layer": "1",
        "ref": "EM 535",
        "@geometry": "center"
      },
      "geometry": {
        "type": "Point",
        "coordinates": [
          -8.6780538,
          37.1717833
        ]
      },
      "id": "way/95706997"
    },
    {
      "type": "Feature",
      "properties": {
        "@id": "way/95707024",
        "bridge": "yes",
        "highway": "track",
        "layer": "1",
        "@geometry": "center"
      },
      "geometry": {
        "type": "Point",
        "coordinates": [
          -8.692468,
          37.1715347
        ]
      },
      "id": "way/95707024"
    },
    {
      "type": "Feature",
      "properties": {
        "@id": "way/95707033",
        "bridge": "yes",
        "highway": "track",
        "layer": "1",
        "@geometry": "center"
      },
      "geometry": {
        "type": "Point",
        "coordinates": [
          -8.6917303,
          37.1686356
        ]
      },
      "id": "way/95707033"
    },
    {
      "type": "Feature",
      "properties": {
        "@id": "way/95707091",
        "bridge": "yes",
        "highway": "tertiary",
        "layer": "1",
        "ref": "EM 535",
        "@geometry": "center"
      },
      "geometry": {
        "type": "Point",
        "coordinates": [
          -8.6925107,
          37.172753
        ]
      },
      "id": "way/95707091"
    },
    {
      "type": "Feature",
      "properties": {
        "@id": "way/95707092",
        "bridge": "yes",
        "highway": "track",
        "layer": "1",
        "@geometry": "center"
      },
      "geometry": {
        "type": "Point",
        "coordinates": [
          -8.6866988,
          37.167772
        ]
      },
      "id": "way/95707092"
    },
    {
      "type": "Feature",
      "properties": {
        "@id": "way/95707098",
        "boat": "no",
        "bridge": "yes",
        "layer": "1",
        "waterway": "canal",
        "@geometry": "center"
      },
      "geometry": {
        "type": "Point",
        "coordinates": [
          -8.6866228,
          37.1677373
        ]
      },
      "id": "way/95707098"
    },
    {
      "type": "Feature",
      "properties": {
        "@id": "way/95737365",
        "bridge": "yes",
        "highway": "tertiary",
        "layer": "1",
        "ref": "EM 535",
        "@geometry": "center"
      },
      "geometry": {
        "type": "Point",
        "coordinates": [
          -8.6745805,
          37.1609022
        ]
      },
      "id": "way/95737365"
    },
    {
      "type": "Feature",
      "properties": {
        "@id": "way/95798374",
        "bridge": "yes",
        "highway": "unclassified",
        "layer": "1",
        "@geometry": "center"
      },
      "geometry": {
        "type": "Point",
        "coordinates": [
          -8.6746717,
          37.154966
        ]
      },
      "id": "way/95798374"
    },
    {
      "type": "Feature",
      "properties": {
        "@id": "way/95798399",
        "bridge": "yes",
        "highway": "track",
        "layer": "1",
        "@geometry": "center"
      },
      "geometry": {
        "type": "Point",
        "coordinates": [
          -8.6802535,
          37.1612105
        ]
      },
      "id": "way/95798399"
    },
    {
      "type": "Feature",
      "properties": {
        "@id": "way/95935386",
        "bridge": "yes",
        "highway": "primary",
        "lanes": "2",
        "layer": "1",
        "lit": "no",
        "maxweight:signed": "no",
        "surface": "asphalt",
        "@geometry": "center"
      },
      "geometry": {
        "type": "Point",
        "coordinates": [
          -8.7798341,
          37.0913871
        ]
      },
      "id": "way/95935386"
    },
    {
      "type": "Feature",
      "properties": {
        "@id": "way/101152096",
        "bridge": "yes",
        "highway": "unclassified",
        "layer": "1",
        "maxweight:signed": "no",
        "surface": "asphalt",
        "@geometry": "center"
      },
      "geometry": {
        "type": "Point",
        "coordinates": [
          -8.6738653,
          37.1223375
        ]
      },
      "id": "way/101152096"
    },
    {
      "type": "Feature",
      "properties": {
        "@id": "way/101152098",
        "bridge": "yes",
        "highway": "unclassified",
        "layer": "1",
        "@geometry": "center"
      },
      "geometry": {
        "type": "Point",
        "coordinates": [
          -8.6759438,
          37.1219288
        ]
      },
      "id": "way/101152098"
    },
    {
      "type": "Feature",
      "properties": {
        "@id": "way/133748764",
        "bridge": "yes",
        "highway": "primary_link",
        "layer": "1",
        "oneway": "yes",
        "@geometry": "center"
      },
      "geometry": {
        "type": "Point",
        "coordinates": [
          3.4191582,
          6.4620811
        ]
      },
      "id": "way/133748764"
    },
    {
      "type": "Feature",
      "properties": {
        "@id": "way/133748766",
        "bridge": "yes",
        "highway": "primary_link",
        "layer": "1",
        "oneway": "yes",
        "@geometry": "center"
      },
      "geometry": {
        "type": "Point",
        "coordinates": [
          3.4180697,
          6.4628414
        ]
      },
      "id": "way/133748766"
    },
    {
      "type": "Feature",
      "properties": {
        "@id": "way/133751878",
        "bridge": "yes",
        "highway": "primary_link",
        "layer": "1",
        "oneway": "yes",
        "@geometry": "center"
      },
      "geometry": {
        "type": "Point",
        "coordinates": [
          3.4266692,
          6.4422587
        ]
      },
      "id": "way/133751878"
    },
    {
      "type": "Feature",
      "properties": {
        "@id": "way/133751882",
        "bridge": "yes",
        "highway": "primary_link",
        "layer": "1",
        "oneway": "yes",
        "@geometry": "center"
      },
      "geometry": {
        "type": "Point",
        "coordinates": [
          3.4268352,
          6.4432934
        ]
      },
      "id": "way/133751882"
    },
    {
      "type": "Feature",
      "properties": {
        "@id": "way/133753452",
        "bridge": "yes",
        "highway": "motorway_link",
        "layer": "2",
        "oneway": "yes",
        "surface": "paved",
        "@geometry": "center"
      },
      "geometry": {
        "type": "Point",
        "coordinates": [
          3.4062542,
          6.444982
        ]
      },
      "id": "way/133753452"
    },
    {
      "type": "Feature",
      "properties": {
        "@id": "way/133755473",
        "bridge": "yes",
        "highway": "motorway_link",
        "layer": "2",
        "oneway": "yes",
        "@geometry": "center"
      },
      "geometry": {
        "type": "Point",
        "coordinates": [
          3.4052733,
          6.4429557
        ]
      },
      "id": "way/133755473"
    },
    {
      "type": "Feature",
      "properties": {
        "@id": "way/133755475",
        "bridge": "yes",
        "highway": "motorway_link",
        "layer": "2",
        "oneway": "yes",
        "surface": "paved",
        "@geometry": "center"
      },
      "geometry": {
        "type": "Point",
        "coordinates": [
          3.4073043,
          6.4453411
        ]
      },
      "id": "way/133755475"
    },
    {
      "type": "Feature",
      "properties": {
        "@id": "way/133758771",
        "bridge": "yes",
        "highway": "motorway_link",
        "layer": "1",
        "oneway": "yes",
        "surface": "asphalt",
        "@geometry": "center"
      },
      "geometry": {
        "type": "Point",
        "coordinates": [
          3.3957677,
          6.4460574
        ]
      },
      "id": "way/133758771"
    },
    {
      "type": "Feature",
      "properties": {
        "@id": "way/133761004",
        "bridge": "yes",
        "highway": "motorway_link",
        "layer": "1",
        "oneway": "yes",
        "surface": "paved",
        "@geometry": "center"
      },
      "geometry": {
        "type": "Point",
        "coordinates": [
          3.3908192,
          6.4493709
        ]
      },
      "id": "way/133761004"
    },
    {
      "type": "Feature",
      "properties": {
        "@id": "way/133761015",
        "alt_name": "Lagos Island Inner Ring Road",
        "bridge": "yes",
        "highway": "motorway_link",
        "layer": "1",
        "name": "New Marina Road",
        "oneway": "yes",
        "ref": "F264",
        "surface": "asphalt",
        "@geometry": "center"
      },
      "geometry": {
        "type": "Point",
        "coordinates": [
          3.3835984,
          6.4534174
        ]
      },
      "id": "way/133761015"
    },
    {
      "type": "Feature",
      "properties": {
        "@id": "way/133764001",
        "bridge": "yes",
        "highway": "motorway",
        "layer": "1",
        "name": "Apogbon Bridge",
        "oneway": "yes",
        "ref": "A1-2",
        "surface": "asphalt",
        "@geometry": "center"
      },
      "geometry": {
        "type": "Point",
        "coordinates": [
          3.3827613,
          6.4556376
        ]
      },
      "id": "way/133764001"
    },
    {
      "type": "Feature",
      "properties": {
        "@id": "way/133766186",
        "bridge": "yes",
        "highway": "primary_link",
        "layer": "1",
        "oneway": "yes",
        "@geometry": "center"
      },
      "geometry": {
        "type": "Point",
        "coordinates": [
          3.3860165,
          6.4653239
        ]
      },
      "id": "way/133766186"
    },
    {
      "type": "Feature",
      "properties": {
        "@id": "way/133766187",
        "bridge": "yes",
        "highway": "primary",
        "layer": "1",
        "name": "Carter Bridge",
        "oneway": "yes",
        "ref": "A5",
        "surface": "paved",
        "@geometry": "center"
      },
      "geometry": {
        "type": "Point",
        "coordinates": [
          3.3846118,
          6.4671543
        ]
      },
      "id": "way/133766187"
    },
    {
      "type": "Feature",
      "properties": {
        "@id": "way/133766188",
        "bridge": "yes",
        "destination:street": "Iddo Road",
        "highway": "trunk_link",
        "layer": "1",
        "name": "Carter Bridge",
        "oneway": "yes",
        "ref": "A5",
        "surface": "paved",
        "@geometry": "center"
      },
      "geometry": {
        "type": "Point",
        "coordinates": [
          3.3842211,
          6.4684865
        ]
      },
      "id": "way/133766188"
    },
    {
      "type": "Feature",
      "properties": {
        "@id": "way/133766190",
        "alt_name": "Lagos Island Inner Ring Road",
        "bridge": "yes",
        "highway": "primary",
        "lanes": "1",
        "layer": "1",
        "name": "Adeniji Adele Road",
        "oneway": "yes",
        "ref": "F264",
        "@geometry": "center"
      },
      "geometry": {
        "type": "Point",
        "coordinates": [
          3.380552,
          6.4602767
        ]
      },
      "id": "way/133766190"
    },
    {
      "type": "Feature",
      "properties": {
        "@id": "way/133766191",
        "bridge": "yes",
        "destination:ref": "A151",
        "highway": "trunk_link",
        "layer": "1",
        "oneway": "yes",
        "surface": "paved",
        "@geometry": "center"
      },
      "geometry": {
        "type": "Point",
        "coordinates": [
          3.3820552,
          6.4690118
        ]
      },
      "id": "way/133766191"
    },
    {
      "type": "Feature",
      "properties": {
        "@id": "way/133766195",
        "bridge": "yes",
        "highway": "primary",
        "layer": "1",
        "oneway": "yes",
        "ref": "A151",
        "surface": "paved",
        "@geometry": "center"
      },
      "geometry": {
        "type": "Point",
        "coordinates": [
          3.3810714,
          6.4688267
        ]
      },
      "id": "way/133766195"
    },
    {
      "type": "Feature",
      "properties": {
        "@id": "way/133766196",
        "bridge": "yes",
        "highway": "primary_link",
        "layer": "1",
        "oneway": "yes",
        "@geometry": "center"
      },
      "geometry": {
        "type": "Point",
        "coordinates": [
          3.3855489,
          6.4648123
        ]
      },
      "id": "way/133766196"
    },
    {
      "type": "Feature",
      "properties": {
        "@id": "way/133766199",
        "bridge": "yes",
        "highway": "primary",
        "layer": "1",
        "name": "Ijora Causeway",
        "oneway": "yes",
        "ref": "A151",
        "surface": "unpaved",
        "@geometry": "center"
      },
      "geometry": {
        "type": "Point",
        "coordinates": [
          3.368315,
          6.4688076
        ]
      },
      "id": "way/133766199"
    },
    {
      "type": "Feature",
      "properties": {
        "@id": "way/133766201",
        "bridge": "yes",
        "highway": "primary_link",
        "layer": "1",
        "oneway": "yes",
        "@geometry": "center"
      },
      "geometry": {
        "type": "Point",
        "coordinates": [
          3.3848154,
          6.4638694
        ]
      },
      "id": "way/133766201"
    },
    {
      "type": "Feature",
      "properties": {
        "@id": "way/133772447",
        "bridge": "yes",
        "highway": "motorway_link",
        "layer": "1",
        "oneway": "yes",
        "surface": "asphalt",
        "@geometry": "center"
      },
      "geometry": {
        "type": "Point",
        "coordinates": [
          3.3820875,
          6.4602381
        ]
      },
      "id": "way/133772447"
    },
    {
      "type": "Feature",
      "properties": {
        "@id": "way/133772449",
        "bridge": "yes",
        "highway": "motorway_link",
        "layer": "1",
        "oneway": "yes",
        "surface": "asphalt",
        "@geometry": "center"
      },
      "geometry": {
        "type": "Point",
        "coordinates": [
          3.3816172,
          6.4609885
        ]
      },
      "id": "way/133772449"
    },
    {
      "type": "Feature",
      "properties": {
        "@id": "way/133772469",
        "bridge": "yes",
        "highway": "motorway_link",
        "layer": "1",
        "oneway": "yes",
        "surface": "asphalt",
        "@geometry": "center"
      },
      "geometry": {
        "type": "Point",
        "coordinates": [
          3.3827053,
          6.4610387
        ]
      },
      "id": "way/133772469"
    },
    {
      "type": "Feature",
      "properties": {
        "@id": "way/133781034",
        "bridge": "yes",
        "highway": "secondary",
        "layer": "1",
        "name": "Obalende Road",
        "oneway": "yes",
        "@geometry": "center"
      },
      "geometry": {
        "type": "Point",
        "coordinates": [
          3.410054,
          6.4496495
        ]
      },
      "id": "way/133781034"
    },
    {
      "type": "Feature",
      "properties": {
        "@id": "way/133781048",
        "bridge": "yes",
        "highway": "motorway_link",
        "layer": "2",
        "oneway": "yes",
        "surface": "paved",
        "@geometry": "center"
      },
      "geometry": {
        "type": "Point",
        "coordinates": [
          3.4074147,
          6.4479032
        ]
      },
      "id": "way/133781048"
    },
    {
      "type": "Feature",
      "properties": {
        "@id": "way/133781058",
        "bridge": "yes",
        "highway": "motorway_link",
        "layer": "2",
        "oneway": "yes",
        "surface": "paved",
        "@geometry": "center"
      },
      "geometry": {
        "type": "Point",
        "coordinates": [
          3.4080508,
          6.4512255
        ]
      },
      "id": "way/133781058"
    },
    {
      "type": "Feature",
      "properties": {
        "@id": "way/133781060",
        "bridge": "yes",
        "highway": "motorway_link",
        "layer": "2",
        "oneway": "yes",
        "@geometry": "center"
      },
      "geometry": {
        "type": "Point",
        "coordinates": [
          3.4086279,
          6.4503703
        ]
      },
      "id": "way/133781060"
    },
    {
      "type": "Feature",
      "properties": {
        "@id": "way/133781062",
        "bridge": "yes",
        "highway": "secondary",
        "lanes": "2",
        "layer": "1",
        "oneway": "yes",
        "ref": "F271",
        "surface": "paved",
        "@geometry": "center"
      },
      "geometry": {
        "type": "Point",
        "coordinates": [
          3.4099017,
          6.4500815
        ]
      },
      "id": "way/133781062"
    },
    {
      "type": "Feature",
      "properties": {
        "@id": "way/133781063",
        "bridge": "yes",
        "highway": "motorway_link",
        "layer": "2",
        "oneway": "yes",
        "@geometry": "center"
      },
      "geometry": {
        "type": "Point",
        "coordinates": [
          3.4087686,
          6.4514296
        ]
      },
      "id": "way/133781063"
    },
    {
      "type": "Feature",
      "properties": {
        "@id": "way/133790491",
        "bridge": "yes",
        "highway": "trunk",
        "layer": "1",
        "name": "Ahmadu Bello Way",
        "oneway": "yes",
        "ref": "F263",
        "@geometry": "center"
      },
      "geometry": {
        "type": "Point",
        "coordinates": [
          3.4077646,
          6.4370206
        ]
      },
      "id": "way/133790491"
    },
    {
      "type": "Feature",
      "properties": {
        "@id": "way/133790503",
        "bridge": "yes",
        "highway": "trunk",
        "layer": "1",
        "name": "Ahmadu Bello Way",
        "oneway": "yes",
        "ref": "F263",
        "@geometry": "center"
      },
      "geometry": {
        "type": "Point",
        "coordinates": [
          3.4076704,
          6.4369813
        ]
      },
      "id": "way/133790503"
    },
    {
      "type": "Feature",
      "properties": {
        "@id": "way/133792620",
        "bridge": "yes",
        "highway": "motorway_link",
        "layer": "1",
        "oneway": "yes",
        "surface": "unpaved",
        "@geometry": "center"
      },
      "geometry": {
        "type": "Point",
        "coordinates": [
          3.3766261,
          6.4691037
        ]
      },
      "id": "way/133792620"
    },
    {
      "type": "Feature",
      "properties": {
        "@id": "way/133792621",
        "bridge": "yes",
        "highway": "motorway_link",
        "layer": "1",
        "oneway": "yes",
        "surface": "asphalt",
        "@geometry": "center"
      },
      "geometry": {
        "type": "Point",
        "coordinates": [
          3.376113,
          6.4717591
        ]
      },
      "id": "way/133792621"
    },
    {
      "type": "Feature",
      "properties": {
        "@id": "way/133792625",
        "bridge": "yes",
        "highway": "motorway_link",
        "layer": "1",
        "oneway": "yes",
        "surface": "asphalt",
        "@geometry": "center"
      },
      "geometry": {
        "type": "Point",
        "coordinates": [
          3.3773216,
          6.4726784
        ]
      },
      "id": "way/133792625"
    },
    {
      "type": "Feature",
      "properties": {
        "@id": "way/133792629",
        "bridge": "yes",
        "highway": "motorway_link",
        "layer": "1",
        "oneway": "yes",
        "surface": "asphalt",
        "@geometry": "center"
      },
      "geometry": {
        "type": "Point",
        "coordinates": [
          3.3777473,
          6.4713266
        ]
      },
      "id": "way/133792629"
    },
    {
      "type": "Feature",
      "properties": {
        "@id": "way/133792632",
        "bridge": "yes",
        "highway": "primary",
        "layer": "1",
        "name": "Ijora Causeway",
        "oneway": "yes",
        "ref": "A151",
        "surface": "unpaved",
        "@geometry": "center"
      },
      "geometry": {
        "type": "Point",
        "coordinates": [
          3.3677647,
          6.468861
        ]
      },
      "id": "way/133792632"
    },
    {
      "type": "Feature",
      "properties": {
        "@id": "way/133792633",
        "bridge": "yes",
        "highway": "motorway_link",
        "layer": "1",
        "oneway": "yes",
        "surface": "asphalt",
        "@geometry": "center"
      },
      "geometry": {
        "type": "Point",
        "coordinates": [
          3.3766828,
          6.4707591
        ]
      },
      "id": "way/133792633"
    },
    {
      "type": "Feature",
      "properties": {
        "@id": "way/133795057",
        "bridge": "yes",
        "highway": "motorway",
        "lanes": "2",
        "layer": "1",
        "maxspeed": "80",
        "name": "Western Avenue",
        "oneway": "yes",
        "ref": "A1",
        "surface": "paved",
        "@geometry": "center"
      },
      "geometry": {
        "type": "Point",
        "coordinates": [
          3.3644986,
          6.4870008
        ]
      },
      "id": "way/133795057"
    },
    {
      "type": "Feature",
      "properties": {
        "@id": "way/133795058",
        "bridge": "yes",
        "highway": "motorway_link",
        "layer": "1",
        "oneway": "yes",
        "surface": "paved",
        "@geometry": "center"
      },
      "geometry": {
        "type": "Point",
        "coordinates": [
          3.3705108,
          6.479613
        ]
      },
      "id": "way/133795058"
    },
    {
      "type": "Feature",
      "properties": {
        "@id": "way/133795059",
        "bridge": "yes",
        "destination:ref": "A1",
        "highway": "motorway_link",
        "layer": "1",
        "oneway": "yes",
        "surface": "unpaved",
        "@geometry": "center"
      },
      "geometry": {
        "type": "Point",
        "coordinates": [
          3.3638676,
          6.4662669
        ]
      },
      "id": "way/133795059"
    },
    {
      "type": "Feature",
      "properties": {
        "@id": "way/133795061",
        "bridge": "yes",
        "highway": "motorway",
        "layer": "2",
        "name": "Apapa Road",
        "oneway": "yes",
        "ref": "A1",
        "surface": "paved",
        "@geometry": "center"
      },
      "geometry": {
        "type": "Point",
        "coordinates": [
          3.3660697,
          6.4805245
        ]
      },
      "id": "way/133795061"
    },
    {
      "type": "Feature",
      "properties": {
        "@id": "way/133795062",
        "bridge": "yes",
        "highway": "motorway",
        "layer": "1",
        "name": "Apapa Road",
        "oneway": "yes",
        "ref": "A1",
        "surface": "unpaved",
        "@geometry": "center"
      },
      "geometry": {
        "type": "Point",
        "coordinates": [
          3.3642557,
          6.4630779
        ]
      },
      "id": "way/133795062"
    },
    {
      "type": "Feature",
      "properties": {
        "@id": "way/133795065",
        "bridge": "yes",
        "destination:ref": "A1",
        "highway": "motorway_link",
        "layer": "1",
        "oneway": "yes",
        "surface": "unpaved",
        "@geometry": "center"
      },
      "geometry": {
        "type": "Point",
        "coordinates": [
          3.3651021,
          6.4685681
        ]
      },
      "id": "way/133795065"
    },
    {
      "type": "Feature",
      "properties": {
        "@id": "way/133795067",
        "bridge": "yes",
        "highway": "primary",
        "layer": "1",
        "name": "Ijora Causeway",
        "oneway": "yes",
        "ref": "A151",
        "surface": "unpaved",
        "@geometry": "center"
      },
      "geometry": {
        "type": "Point",
        "coordinates": [
          3.3721269,
          6.4693282
        ]
      },
      "id": "way/133795067"
    },
    {
      "type": "Feature",
      "properties": {
        "@id": "way/133795072",
        "bridge": "yes",
        "highway": "motorway",
        "layer": "1",
        "name": "Eko Bridge",
        "oneway": "yes",
        "ref": "A1-2",
        "surface": "unpaved",
        "@geometry": "center"
      },
      "geometry": {
        "type": "Point",
        "coordinates": [
          3.3748989,
          6.4709503
        ]
      },
      "id": "way/133795072"
    },
    {
      "type": "Feature",
      "properties": {
        "@id": "way/133795074",
        "bridge": "yes",
        "highway": "motorway",
        "layer": "2",
        "name": "Eko Bridge",
        "oneway": "yes",
        "ref": "A1-2",
        "surface": "paved",
        "@geometry": "center"
      },
      "geometry": {
        "type": "Point",
        "coordinates": [
          3.3664164,
          6.482993
        ]
      },
      "id": "way/133795074"
    },
    {
      "type": "Feature",
      "properties": {
        "@id": "way/133795077",
        "bridge": "yes",
        "highway": "motorway",
        "layer": "2",
        "name": "Apapa Road",
        "oneway": "yes",
        "ref": "A1",
        "surface": "asphalt",
        "@geometry": "center"
      },
      "geometry": {
        "type": "Point",
        "coordinates": [
          3.366098,
          6.4544043
        ]
      },
      "id": "way/133795077"
    },
    {
      "type": "Feature",
      "properties": {
        "@id": "way/133795078",
        "bridge": "yes",
        "destination:ref": "A1",
        "highway": "motorway_link",
        "layer": "2",
        "oneway": "yes",
        "surface": "unpaved",
        "@geometry": "center"
      },
      "geometry": {
        "type": "Point",
        "coordinates": [
          3.3639832,
          6.4676429
        ]
      },
      "id": "way/133795078"
    },
    {
      "type": "Feature",
      "properties": {
        "@id": "way/133795079",
        "bridge": "yes",
        "highway": "primary",
        "layer": "1",
        "name": "Ijora Causeway",
        "oneway": "yes",
        "ref": "A151",
        "surface": "unpaved",
        "@geometry": "center"
      },
      "geometry": {
        "type": "Point",
        "coordinates": [
          3.3723424,
          6.4696678
        ]
      },
      "id": "way/133795079"
    },
    {
      "type": "Feature",
      "properties": {
        "@id": "way/133795080",
        "bridge": "yes",
        "highway": "motorway_link",
        "layer": "1",
        "oneway": "yes",
        "surface": "paved",
        "@geometry": "center"
      },
      "geometry": {
        "type": "Point",
        "coordinates": [
          3.3705101,
          6.4792132
        ]
      },
      "id": "way/133795080"
    },
    {
      "type": "Feature",
      "properties": {
        "@id": "way/133795085",
        "bridge": "yes",
        "destination:ref": "A1",
        "highway": "motorway_link",
        "layer": "1",
        "oneway": "yes",
        "surface": "unpaved",
        "@geometry": "center"
      },
      "geometry": {
        "type": "Point",
        "coordinates": [
          3.3646464,
          6.4691061
        ]
      },
      "id": "way/133795085"
    },
    {
      "type": "Feature",
      "properties": {
        "@id": "way/133795086",
        "bridge": "yes",
        "highway": "tertiary",
        "layer": "1",
        "oneway": "yes",
        "surface": "unpaved",
        "@geometry": "center"
      },
      "geometry": {
        "type": "Point",
        "coordinates": [
          3.3719319,
          6.469164
        ]
      },
      "id": "way/133795086"
    },
    {
      "type": "Feature",
      "properties": {
        "@id": "way/133795092",
        "bridge": "yes",
        "highway": "unclassified",
        "layer": "1",
        "oneway": "yes",
        "surface": "unpaved",
        "@geometry": "center"
      },
      "geometry": {
        "type": "Point",
        "coordinates": [
          3.3723686,
          6.4701052
        ]
      },
      "id": "way/133795092"
    },
    {
      "type": "Feature",
      "properties": {
        "@id": "way/133795093",
        "bridge": "yes",
        "highway": "motorway",
        "layer": "1",
        "name": "Eko Bridge",
        "oneway": "yes",
        "ref": "A1-2",
        "surface": "paved",
        "@geometry": "center"
      },
      "geometry": {
        "type": "Point",
        "coordinates": [
          3.3651034,
          6.485135
        ]
      },
      "id": "way/133795093"
    },
    {
      "type": "Feature",
      "properties": {
        "@id": "way/133797421",
        "bridge": "yes",
        "highway": "unclassified",
        "layer": "1",
        "oneway": "yes",
        "surface": "unpaved",
        "@geometry": "center"
      },
      "geometry": {
        "type": "Point",
        "coordinates": [
          3.3653619,
          6.4759362
        ]
      },
      "id": "way/133797421"
    },
    {
      "type": "Feature",
      "properties": {
        "@id": "way/133797424",
        "access": "customers",
        "bridge": "yes",
        "highway": "unclassified",
        "layer": "1",
        "oneway": "yes",
        "surface": "unpaved",
        "@geometry": "center"
      },
      "geometry": {
        "type": "Point",
        "coordinates": [
          3.3706476,
          6.47331
        ]
      },
      "id": "way/133797424"
    },
    {
      "type": "Feature",
      "properties": {
        "@id": "way/133797430",
        "bridge": "yes",
        "highway": "tertiary",
        "layer": "1",
        "oneway": "yes",
        "surface": "paved",
        "@geometry": "center"
      },
      "geometry": {
        "type": "Point",
        "coordinates": [
          3.362552,
          6.4774243
        ]
      },
      "id": "way/133797430"
    },
    {
      "type": "Feature",
      "properties": {
        "@id": "way/133799107",
        "bridge": "yes",
        "highway": "trunk_link",
        "layer": "1",
        "oneway": "yes",
        "surface": "unpaved",
        "@geometry": "center"
      },
      "geometry": {
        "type": "Point",
        "coordinates": [
          3.3643254,
          6.475523
        ]
      },
      "id": "way/133799107"
    },
    {
      "type": "Feature",
      "properties": {
        "@id": "way/133799114",
        "bridge": "yes",
        "highway": "trunk_link",
        "layer": "1",
        "oneway": "yes",
        "surface": "paved",
        "@geometry": "center"
      },
      "geometry": {
        "type": "Point",
        "coordinates": [
          3.3644149,
          6.4772011
        ]
      },
      "id": "way/133799114"
    },
    {
      "type": "Feature",
      "properties": {
        "@id": "way/133800599",
        "bridge": "yes",
        "highway": "motorway",
        "layer": "1",
        "name": "Apapa Road",
        "oneway": "yes",
        "ref": "A1",
        "surface": "unpaved",
        "@geometry": "center"
      },
      "geometry": {
        "type": "Point",
        "coordinates": [
          3.3646314,
          6.459553
        ]
      },
      "id": "way/133800599"
    },
    {
      "type": "Feature",
      "properties": {
        "@id": "way/133800601",
        "bridge": "yes",
        "highway": "motorway",
        "layer": "2",
        "name": "Apapa Road",
        "oneway": "yes",
        "ref": "A1",
        "surface": "asphalt",
        "@geometry": "center"
      },
      "geometry": {
        "type": "Point",
        "coordinates": [
          3.3663634,
          6.4536416
        ]
      },
      "id": "way/133800601"
    },
    {
      "type": "Feature",
      "properties": {
        "@id": "way/133800602",
        "bridge": "yes",
        "destination:ref": "A1",
        "highway": "motorway_link",
        "layer": "1",
        "oneway": "yes",
        "surface": "unpaved",
        "@geometry": "center"
      },
      "geometry": {
        "type": "Point",
        "coordinates": [
          3.3650662,
          6.4587516
        ]
      },
      "id": "way/133800602"
    },
    {
      "type": "Feature",
      "properties": {
        "@id": "way/133800607",
        "bridge": "yes",
        "highway": "motorway_link",
        "layer": "1",
        "oneway": "yes",
        "surface": "asphalt",
        "@geometry": "center"
      },
      "geometry": {
        "type": "Point",
        "coordinates": [
          3.36428,
          6.4635568
        ]
      },
      "id": "way/133800607"
    },
    {
      "type": "Feature",
      "properties": {
        "@id": "way/133800614",
        "bridge": "yes",
        "highway": "motorway_link",
        "layer": "1",
        "oneway": "yes",
        "surface": "asphalt",
        "@geometry": "center"
      },
      "geometry": {
        "type": "Point",
        "coordinates": [
          3.3640936,
          6.4619675
        ]
      },
      "id": "way/133800614"
    },
    {
      "type": "Feature",
      "properties": {
        "@id": "way/133800618",
        "bridge": "yes",
        "highway": "motorway_link",
        "layer": "1",
        "oneway": "yes",
        "surface": "asphalt",
        "@geometry": "center"
      },
      "geometry": {
        "type": "Point",
        "coordinates": [
          3.3643324,
          6.4617242
        ]
      },
      "id": "way/133800618"
    },
    {
      "type": "Feature",
      "properties": {
        "@id": "way/133800624",
        "bridge": "yes",
        "highway": "motorway_link",
        "layer": "1",
        "oneway": "yes",
        "surface": "asphalt",
        "@geometry": "center"
      },
      "geometry": {
        "type": "Point",
        "coordinates": [
          3.3640202,
          6.464084
        ]
      },
      "id": "way/133800624"
    },
    {
      "type": "Feature",
      "properties": {
        "@id": "way/133800629",
        "bridge": "yes",
        "destination:ref": "A1-1",
        "highway": "motorway_link",
        "layer": "1",
        "oneway": "yes",
        "@geometry": "center"
      },
      "geometry": {
        "type": "Point",
        "coordinates": [
          3.3644367,
          6.4574997
        ]
      },
      "id": "way/133800629"
    },
    {
      "type": "Feature",
      "properties": {
        "@id": "way/133800631",
        "bridge": "yes",
        "destination:ref": "A1-1",
        "highway": "motorway_link",
        "layer": "1",
        "oneway": "yes",
        "surface": "unpaved",
        "@geometry": "center"
      },
      "geometry": {
        "type": "Point",
        "coordinates": [
          3.3648707,
          6.4575859
        ]
      },
      "id": "way/133800631"
    },
    {
      "type": "Feature",
      "properties": {
        "@id": "way/133801176",
        "bridge": "yes",
        "destination:ref": "A1",
        "highway": "motorway_link",
        "layer": "2",
        "oneway": "yes",
        "surface": "asphalt",
        "@geometry": "center"
      },
      "geometry": {
        "type": "Point",
        "coordinates": [
          3.3656938,
          6.4549246
        ]
      },
      "id": "way/133801176"
    },
    {
      "type": "Feature",
      "properties": {
        "@id": "way/133801681",
        "bridge": "yes",
        "highway": "tertiary_link",
        "layer": "1",
        "oneway": "yes",
        "surface": "paved",
        "@geometry": "center"
      },
      "geometry": {
        "type": "Point",
        "coordinates": [
          3.3798299,
          6.4413124
        ]
      },
      "id": "way/133801681"
    },
    {
      "type": "Feature",
      "properties": {
        "@id": "way/133801687",
        "bridge": "yes",
        "highway": "tertiary_link",
        "layer": "1",
        "oneway": "yes",
        "surface": "paved",
        "@geometry": "center"
      },
      "geometry": {
        "type": "Point",
        "coordinates": [
          3.3799183,
          6.4413219
        ]
      },
      "id": "way/133801687"
    },
    {
      "type": "Feature",
      "properties": {
        "@id": "way/133803785",
        "bridge": "yes",
        "highway": "motorway",
        "lanes": "2",
        "layer": "1",
        "maxspeed": "80",
        "name": "Western Avenue",
        "oneway": "yes",
        "ref": "A1",
        "surface": "paved",
        "@geometry": "center"
      },
      "geometry": {
        "type": "Point",
        "coordinates": [
          3.3619982,
          6.4978933
        ]
      },
      "id": "way/133803785"
    },
    {
      "type": "Feature",
      "properties": {
        "@id": "way/133803793",
        "bridge": "yes",
        "highway": "motorway",
        "lanes": "2",
        "layer": "1",
        "maxspeed": "80",
        "name": "Western Avenue",
        "oneway": "yes",
        "ref": "A1",
        "surface": "paved",
        "@geometry": "center"
      },
      "geometry": {
        "type": "Point",
        "coordinates": [
          3.361879,
          6.4979096
        ]
      },
      "id": "way/133803793"
    },
    {
      "type": "Feature",
      "properties": {
        "@id": "way/133803796",
        "bridge": "yes",
        "highway": "motorway",
        "lanes": "2",
        "layer": "1",
        "name": "Ikorodu Road",
        "oneway": "yes",
        "ref": "A1",
        "surface": "paved",
        "@geometry": "center"
      },
      "geometry": {
        "type": "Point",
        "coordinates": [
          3.3662886,
          6.5182531
        ]
      },
      "id": "way/133803796"
    },
    {
      "type": "Feature",
      "properties": {
        "@id": "way/133805220",
        "bridge": "yes",
        "highway": "motorway",
        "lanes": "2",
        "layer": "1",
        "maxspeed": "80",
        "name": "Western Avenue",
        "oneway": "yes",
        "ref": "A1",
        "surface": "paved",
        "@geometry": "center"
      },
      "geometry": {
        "type": "Point",
        "coordinates": [
          3.3634363,
          6.5100281
        ]
      },
      "id": "way/133805220"
    },
    {
      "type": "Feature",
      "properties": {
        "@id": "way/133805227",
        "bridge": "yes",
        "highway": "motorway",
        "lanes": "2",
        "layer": "1",
        "maxspeed": "80",
        "name": "Western Avenue",
        "oneway": "yes",
        "ref": "A1",
        "surface": "paved",
        "@geometry": "center"
      },
      "geometry": {
        "type": "Point",
        "coordinates": [
          3.363309,
          6.5100392
        ]
      },
      "id": "way/133805227"
    },
    {
      "type": "Feature",
      "properties": {
        "@id": "way/133870582",
        "bridge": "yes",
        "highway": "secondary",
        "layer": "1",
        "name": "Murtala Mohammed Way",
        "oneway": "yes",
        "surface": "paved",
        "@geometry": "center"
      },
      "geometry": {
        "type": "Point",
        "coordinates": [
          3.3686741,
          6.5165715
        ]
      },
      "id": "way/133870582"
    },
    {
      "type": "Feature",
      "properties": {
        "@id": "way/133875222",
        "bridge": "yes",
        "highway": "motorway",
        "layer": "1",
        "name": "Apapa-Oworonshoki Expressway",
        "oneway": "yes",
        "ref": "F265",
        "surface": "paved",
        "@geometry": "center"
      },
      "geometry": {
        "type": "Point",
        "coordinates": [
          3.367003,
          6.5583443
        ]
      },
      "id": "way/133875222"
    },
    {
      "type": "Feature",
      "properties": {
        "@id": "way/133875243",
        "bridge": "yes",
        "highway": "motorway",
        "layer": "1",
        "name": "Apapa-Oworonsoki Expressway",
        "oneway": "yes",
        "ref": "F265",
        "source": "Bing",
        "surface": "paved",
        "@geometry": "center"
      },
      "geometry": {
        "type": "Point",
        "coordinates": [
          3.3669367,
          6.5584672
        ]
      },
      "id": "way/133875243"
    },
    {
      "type": "Feature",
      "properties": {
        "@id": "way/133879433",
        "bridge": "yes",
        "highway": "motorway",
        "lanes": "2",
        "layer": "2",
        "name": "Ikorodu Road",
        "oneway": "yes",
        "ref": "A1",
        "surface": "paved",
        "@geometry": "center"
      },
      "geometry": {
        "type": "Point",
        "coordinates": [
          3.3732146,
          6.5800486
        ]
      },
      "id": "way/133879433"
    },
    {
      "type": "Feature",
      "properties": {
        "@id": "way/133879440",
        "bridge": "yes",
        "highway": "motorway",
        "lanes": "2",
        "layer": "2",
        "name": "Ikorodu Road",
        "oneway": "yes",
        "ref": "A1",
        "surface": "paved",
        "@geometry": "center"
      },
      "geometry": {
        "type": "Point",
        "coordinates": [
          3.3732372,
          6.5799158
        ]
      },
      "id": "way/133879440"
    },
    {
      "type": "Feature",
      "properties": {
        "@id": "way/133882119",
        "bridge": "yes",
        "highway": "motorway_link",
        "layer": "1",
        "oneway": "yes",
        "surface": "paved",
        "@geometry": "center"
      },
      "geometry": {
        "type": "Point",
        "coordinates": [
          3.3831065,
          6.5936887
        ]
      },
      "id": "way/133882119"
    },
    {
      "type": "Feature",
      "properties": {
        "@id": "way/133882125",
        "bridge": "yes",
        "highway": "motorway_link",
        "layer": "1",
        "oneway": "yes",
        "surface": "paved",
        "@geometry": "center"
      },
      "geometry": {
        "type": "Point",
        "coordinates": [
          3.3828175,
          6.5933489
        ]
      },
      "id": "way/133882125"
    },
    {
      "type": "Feature",
      "properties": {
        "@id": "way/133882127",
        "bridge": "yes",
        "highway": "motorway",
        "lanes": "2",
        "layer": "1",
        "name": "Ikorodu Road",
        "oneway": "yes",
        "ref": "A1",
        "surface": "paved",
        "@geometry": "center"
      },
      "geometry": {
        "type": "Point",
        "coordinates": [
          3.3990862,
          6.6064225
        ]
      },
      "id": "way/133882127"
    },
    {
      "type": "Feature",
      "properties": {
        "@id": "way/133882135",
        "bridge": "yes",
        "highway": "motorway",
        "lanes": "2",
        "layer": "1",
        "name": "Ikorodu Road",
        "oneway": "yes",
        "ref": "A1",
        "surface": "paved",
        "@geometry": "center"
      },
      "geometry": {
        "type": "Point",
        "coordinates": [
          3.4028763,
          6.6039083
        ]
      },
      "id": "way/133882135"
    },
    {
      "type": "Feature",
      "properties": {
        "@id": "way/133882137",
        "bridge": "yes",
        "highway": "motorway",
        "lanes": "2",
        "layer": "1",
        "name": "Ikorodu Road",
        "oneway": "yes",
        "ref": "A1",
        "surface": "paved",
        "@geometry": "center"
      },
      "geometry": {
        "type": "Point",
        "coordinates": [
          3.40293,
          6.6040161
        ]
      },
      "id": "way/133882137"
    },
    {
      "type": "Feature",
      "properties": {
        "@id": "way/133882138",
        "bridge": "yes",
        "highway": "motorway",
        "lanes": "2",
        "layer": "1",
        "name": "Ikorodu Road",
        "oneway": "yes",
        "ref": "A1",
        "surface": "paved",
        "@geometry": "center"
      },
      "geometry": {
        "type": "Point",
        "coordinates": [
          3.3990333,
          6.6063382
        ]
      },
      "id": "way/133882138"
    },
    {
      "type": "Feature",
      "properties": {
        "@id": "way/134140054",
        "bridge": "yes",
        "highway": "motorway",
        "layer": "1",
        "name": "Apapa-Oworonshoki Expressway",
        "oneway": "yes",
        "ref": "F265",
        "source": "Bing",
        "surface": "asphalt",
        "@geometry": "center"
      },
      "geometry": {
        "type": "Point",
        "coordinates": [
          3.3520873,
          6.5557861
        ]
      },
      "id": "way/134140054"
    },
    {
      "type": "Feature",
      "properties": {
        "@id": "way/134144374",
        "bridge": "yes",
        "highway": "primary",
        "layer": "1",
        "name": "Apapa-Oworonshoki Expressway",
        "oneway": "yes",
        "@geometry": "center"
      },
      "geometry": {
        "type": "Point",
        "coordinates": [
          3.3346807,
          6.5495298
        ]
      },
      "id": "way/134144374"
    },
    {
      "type": "Feature",
      "properties": {
        "@id": "way/134144377",
        "bridge": "yes",
        "destination:ref": "F265",
        "highway": "motorway_link",
        "layer": "1",
        "oneway": "yes",
        "surface": "asphalt",
        "@geometry": "center"
      },
      "geometry": {
        "type": "Point",
        "coordinates": [
          3.3372497,
          6.5489182
        ]
      },
      "id": "way/134144377"
    },
    {
      "type": "Feature",
      "properties": {
        "@id": "way/134144378",
        "bridge": "yes",
        "destination:ref": "F269",
        "highway": "motorway_link",
        "layer": "1",
        "oneway": "yes",
        "surface": "asphalt",
        "@geometry": "center"
      },
      "geometry": {
        "type": "Point",
        "coordinates": [
          3.3375956,
          6.5473121
        ]
      },
      "id": "way/134144378"
    },
    {
      "type": "Feature",
      "properties": {
        "@id": "way/134144381",
        "bridge": "yes",
        "highway": "primary",
        "layer": "1",
        "name": "Apapa-Oworonshoki Expressway",
        "oneway": "yes",
        "@geometry": "center"
      },
      "geometry": {
        "type": "Point",
        "coordinates": [
          3.3359461,
          6.5494236
        ]
      },
      "id": "way/134144381"
    },
    {
      "type": "Feature",
      "properties": {
        "@id": "way/134144383",
        "bridge": "yes",
        "destination:ref": "F269",
        "highway": "motorway_link",
        "layer": "1",
        "oneway": "yes",
        "surface": "asphalt",
        "@geometry": "center"
      },
      "geometry": {
        "type": "Point",
        "coordinates": [
          3.3358007,
          6.5491218
        ]
      },
      "id": "way/134144383"
    },
    {
      "type": "Feature",
      "properties": {
        "@id": "way/134144387",
        "bridge": "yes",
        "destination:ref": "F269",
        "highway": "motorway_link",
        "layer": "1",
        "oneway": "yes",
        "surface": "asphalt",
        "@geometry": "center"
      },
      "geometry": {
        "type": "Point",
        "coordinates": [
          3.3358183,
          6.5491631
        ]
      },
      "id": "way/134144387"
    },
    {
      "type": "Feature",
      "properties": {
        "@id": "way/134144413",
        "bridge": "yes",
        "highway": "primary",
        "layer": "1",
        "name": "Apapa-Oworonshoki Expressway",
        "oneway": "yes",
        "@geometry": "center"
      },
      "geometry": {
        "type": "Point",
        "coordinates": [
          3.3355097,
          6.5484772
        ]
      },
      "id": "way/134144413"
    },
    {
      "type": "Feature",
      "properties": {
        "@id": "way/134147962",
        "bridge": "yes",
        "highway": "motorway",
        "layer": "1",
        "name": "Apapa-Oworonshoki Expressway",
        "oneway": "yes",
        "ref": "F265",
        "source": "Bing",
        "surface": "paved",
        "@geometry": "center"
      },
      "geometry": {
        "type": "Point",
        "coordinates": [
          3.3375359,
          6.5437725
        ]
      },
      "id": "way/134147962"
    },
    {
      "type": "Feature",
      "properties": {
        "@id": "way/134147964",
        "bridge": "yes",
        "highway": "primary",
        "layer": "1",
        "name": "Isolo Road",
        "oneway": "no",
        "surface": "paved",
        "@geometry": "center"
      },
      "geometry": {
        "type": "Point",
        "coordinates": [
          3.3356278,
          6.53151
        ]
      },
      "id": "way/134147964"
    },
    {
      "type": "Feature",
      "properties": {
        "@id": "way/134147970",
        "bridge": "yes",
        "highway": "motorway",
        "layer": "1",
        "name": "Apapa-Oworonshoki Expressway",
        "oneway": "yes",
        "ref": "F265",
        "source": "Bing",
        "surface": "asphalt",
        "@geometry": "center"
      },
      "geometry": {
        "type": "Point",
        "coordinates": [
          3.3374027,
          6.5437772
        ]
      },
      "id": "way/134147970"
    },
    {
      "type": "Feature",
      "properties": {
        "@id": "way/134147977",
        "bridge": "yes",
        "highway": "primary",
        "layer": "1",
        "name": "Apapa-Oworonshoki Expressway",
        "oneway": "yes",
        "@geometry": "center"
      },
      "geometry": {
        "type": "Point",
        "coordinates": [
          3.337277,
          6.5437712
        ]
      },
      "id": "way/134147977"
    },
    {
      "type": "Feature",
      "properties": {
        "@id": "way/134147979",
        "bridge": "yes",
        "highway": "primary",
        "layer": "1",
        "name": "Apapa-Oworonshoki Expressway",
        "oneway": "yes",
        "@geometry": "center"
      },
      "geometry": {
        "type": "Point",
        "coordinates": [
          3.3376876,
          6.5437602
        ]
      },
      "id": "way/134147979"
    },
    {
      "type": "Feature",
      "properties": {
        "@id": "way/134153440",
        "bridge": "yes",
        "highway": "primary",
        "layer": "1",
        "name": "Apapa-Oworonshoki Expressway",
        "oneway": "yes",
        "@geometry": "center"
      },
      "geometry": {
        "type": "Point",
        "coordinates": [
          3.3243081,
          6.5074959
        ]
      },
      "id": "way/134153440"
    },
    {
      "type": "Feature",
      "properties": {
        "@id": "way/134153472",
        "bridge": "yes",
        "highway": "primary",
        "layer": "1",
        "name": "Apapa-Oworonshoki Expressway",
        "oneway": "yes",
        "@geometry": "center"
      },
      "geometry": {
        "type": "Point",
        "coordinates": [
          3.3240063,
          6.5076011
        ]
      },
      "id": "way/134153472"
    },
    {
      "type": "Feature",
      "properties": {
        "@id": "way/134153473",
        "bridge": "yes",
        "highway": "primary",
        "lanes": "2",
        "layer": "1",
        "name": "Okota Road",
        "oneway": "yes",
        "surface": "paved",
        "@geometry": "center"
      },
      "geometry": {
        "type": "Point",
        "coordinates": [
          3.3225678,
          6.5072912
        ]
      },
      "id": "way/134153473"
    },
    {
      "type": "Feature",
      "properties": {
        "@id": "way/134153478",
        "bridge": "yes",
        "highway": "motorway",
        "layer": "1",
        "name": "Apapa-Oworonshoki Expressway",
        "oneway": "yes",
        "ref": "F265",
        "source": "Bing",
        "surface": "asphalt",
        "@geometry": "center"
      },
      "geometry": {
        "type": "Point",
        "coordinates": [
          3.3240918,
          6.5075667
        ]
      },
      "id": "way/134153478"
    },
    {
      "type": "Feature",
      "properties": {
        "@id": "way/134153489",
        "bridge": "yes",
        "highway": "motorway",
        "layer": "1",
        "name": "Apapa-Oworonshoki Expressway",
        "oneway": "yes",
        "ref": "F265",
        "source": "Bing",
        "surface": "asphalt",
        "@geometry": "center"
      },
      "geometry": {
        "type": "Point",
        "coordinates": [
          3.324224,
          6.5075481
        ]
      },
      "id": "way/134153489"
    },
    {
      "type": "Feature",
      "properties": {
        "@id": "way/134163191",
        "bridge": "yes",
        "highway": "primary",
        "layer": "1",
        "name": "Apapa-Oworonshoki Expressway",
        "oneway": "yes",
        "@geometry": "center"
      },
      "geometry": {
        "type": "Point",
        "coordinates": [
          3.3153548,
          6.4598901
        ]
      },
      "id": "way/134163191"
    },
    {
      "type": "Feature",
      "properties": {
        "@id": "way/134163192",
        "bridge": "yes",
        "highway": "motorway",
        "layer": "1",
        "name": "Apapa-Oworonshoki Expressway",
        "oneway": "yes",
        "ref": "F265",
        "source": "Bing",
        "surface": "paved",
        "@geometry": "center"
      },
      "geometry": {
        "type": "Point",
        "coordinates": [
          3.3156,
          6.4598945
        ]
      },
      "id": "way/134163192"
    },
    {
      "type": "Feature",
      "properties": {
        "@id": "way/134163194",
        "bridge": "yes",
        "highway": "motorway",
        "layer": "1",
        "name": "Apapa-Oworonshoki Expressway",
        "oneway": "yes",
        "ref": "F265",
        "source": "Bing",
        "surface": "paved",
        "@geometry": "center"
      },
      "geometry": {
        "type": "Point",
        "coordinates": [
          3.3154702,
          6.459887
        ]
      },
      "id": "way/134163194"
    },
    {
      "type": "Feature",
      "properties": {
        "@id": "way/134163210",
        "bridge": "yes",
        "highway": "primary",
        "layer": "1",
        "name": "Apapa-Oworonshoki Expressway",
        "oneway": "yes",
        "@geometry": "center"
      },
      "geometry": {
        "type": "Point",
        "coordinates": [
          3.3157074,
          6.459889
        ]
      },
      "id": "way/134163210"
    },
    {
      "type": "Feature",
      "properties": {
        "@id": "way/134164094",
        "bridge": "yes",
        "highway": "secondary",
        "layer": "1",
        "oneway": "yes",
        "ref": "A1-1",
        "@geometry": "center"
      },
      "geometry": {
        "type": "Point",
        "coordinates": [
          3.3188233,
          6.4489014
        ]
      },
      "id": "way/134164094"
    },
    {
      "type": "Feature",
      "properties": {
        "@id": "way/134164095",
        "bridge": "yes",
        "highway": "secondary",
        "layer": "1",
        "oneway": "yes",
        "ref": "A1-1",
        "@geometry": "center"
      },
      "geometry": {
        "type": "Point",
        "coordinates": [
          3.3152186,
          6.4467876
        ]
      },
      "id": "way/134164095"
    },
    {
      "type": "Feature",
      "properties": {
        "@id": "way/134164096",
        "bridge": "yes",
        "highway": "secondary",
        "layer": "1",
        "oneway": "yes",
        "ref": "A1-1",
        "surface": "paved",
        "@geometry": "center"
      },
      "geometry": {
        "type": "Point",
        "coordinates": [
          3.3187914,
          6.4490232
        ]
      },
      "id": "way/134164096"
    },
    {
      "type": "Feature",
      "properties": {
        "@id": "way/134164104",
        "bridge": "yes",
        "highway": "secondary",
        "layer": "1",
        "oneway": "yes",
        "ref": "A1-1",
        "@geometry": "center"
      },
      "geometry": {
        "type": "Point",
        "coordinates": [
          3.3151411,
          6.4468733
        ]
      },
      "id": "way/134164104"
    },
    {
      "type": "Feature",
      "properties": {
        "@id": "way/134165690",
        "bridge": "yes",
        "highway": "tertiary",
        "layer": "1",
        "oneway": "no",
        "@geometry": "center"
      },
      "geometry": {
        "type": "Point",
        "coordinates": [
          3.3230496,
          6.4425195
        ]
      },
      "id": "way/134165690"
    },
    {
      "type": "Feature",
      "properties": {
        "@id": "way/134167565",
        "bridge": "yes",
        "highway": "motorway",
        "layer": "1",
        "name": "Apapa-Oworonshoki Expressway",
        "oneway": "yes",
        "ref": "F265",
        "source": "Bing",
        "surface": "asphalt",
        "@geometry": "center"
      },
      "geometry": {
        "type": "Point",
        "coordinates": [
          3.3372279,
          6.4376895
        ]
      },
      "id": "way/134167565"
    },
    {
      "type": "Feature",
      "properties": {
        "@id": "way/134167585",
        "bridge": "yes",
        "highway": "motorway",
        "layer": "1",
        "name": "Apapa-Oworonshoki Expressway",
        "oneway": "yes",
        "ref": "F265",
        "source": "Bing",
        "surface": "paved",
        "@geometry": "center"
      },
      "geometry": {
        "type": "Point",
        "coordinates": [
          3.3373263,
          6.4378017
        ]
      },
      "id": "way/134167585"
    },
    {
      "type": "Feature",
      "properties": {
        "@id": "way/134170075",
        "bridge": "yes",
        "highway": "motorway",
        "layer": "1",
        "name": "Apapa-Oworonshoki Expressway",
        "oneway": "yes",
        "ref": "F265",
        "source": "Bing",
        "surface": "paved",
        "@geometry": "center"
      },
      "geometry": {
        "type": "Point",
        "coordinates": [
          3.3595492,
          6.4388506
        ]
      },
      "id": "way/134170075"
    },
    {
      "type": "Feature",
      "properties": {
        "@id": "way/134170095",
        "bridge": "yes",
        "highway": "motorway",
        "layer": "1",
        "name": "Apapa-Oworonshoki Expressway",
        "oneway": "yes",
        "ref": "F265",
        "source": "Bing",
        "surface": "paved",
        "@geometry": "center"
      },
      "geometry": {
        "type": "Point",
        "coordinates": [
          3.3596147,
          6.4387091
        ]
      },
      "id": "way/134170095"
    },
    {
      "type": "Feature",
      "properties": {
        "@id": "way/134170101",
        "bridge": "yes",
        "highway": "motorway_link",
        "layer": "1",
        "oneway": "yes",
        "surface": "paved",
        "@geometry": "center"
      },
      "geometry": {
        "type": "Point",
        "coordinates": [
          3.358522,
          6.4388247
        ]
      },
      "id": "way/134170101"
    },
    {
      "type": "Feature",
      "properties": {
        "@id": "way/134170107",
        "bridge": "yes",
        "highway": "motorway_link",
        "layer": "1",
        "oneway": "yes",
        "surface": "paved",
        "@geometry": "center"
      },
      "geometry": {
        "type": "Point",
        "coordinates": [
          3.358682,
          6.4387293
        ]
      },
      "id": "way/134170107"
    },
    {
      "type": "Feature",
      "properties": {
        "@id": "way/134221193",
        "bridge": "yes",
        "highway": "primary_link",
        "layer": "1",
        "oneway": "yes",
        "@geometry": "center"
      },
      "geometry": {
        "type": "Point",
        "coordinates": [
          3.3911941,
          6.5498096
        ]
      },
      "id": "way/134221193"
    },
    {
      "type": "Feature",
      "properties": {
        "@id": "way/134221198",
        "bridge": "yes",
        "highway": "secondary",
        "layer": "3",
        "name": "Diya Street",
        "oneway": "no",
        "@geometry": "center"
      },
      "geometry": {
        "type": "Point",
        "coordinates": [
          3.3972781,
          6.5473804
        ]
      },
      "id": "way/134221198"
    },
    {
      "type": "Feature",
      "properties": {
        "@id": "way/134221211",
        "bridge": "yes",
        "highway": "secondary",
        "layer": "1",
        "name": "Diya Street",
        "oneway": "no",
        "@geometry": "center"
      },
      "geometry": {
        "type": "Point",
        "coordinates": [
          3.3929338,
          6.5502863
        ]
      },
      "id": "way/134221211"
    },
    {
      "type": "Feature",
      "properties": {
        "@id": "way/134222247",
        "bridge": "yes",
        "highway": "motorway_link",
        "layer": "1",
        "oneway": "yes",
        "surface": "asphalt",
        "@geometry": "center"
      },
      "geometry": {
        "type": "Point",
        "coordinates": [
          3.3964264,
          6.5468029
        ]
      },
      "id": "way/134222247"
    },
    {
      "type": "Feature",
      "properties": {
        "@id": "way/134222251",
        "bridge": "yes",
        "highway": "motorway_link",
        "layer": "1",
        "oneway": "yes",
        "ref": "F265",
        "@geometry": "center"
      },
      "geometry": {
        "type": "Point",
        "coordinates": [
          3.3955337,
          6.5499494
        ]
      },
      "id": "way/134222251"
    },
    {
      "type": "Feature",
      "properties": {
        "@id": "way/134222253",
        "bridge": "yes",
        "highway": "motorway",
        "layer": "1",
        "maxspeed": "100",
        "name": "Third Mainland Bridge",
        "oneway": "yes",
        "ref": "F265",
        "surface": "paved",
        "@geometry": "center"
      },
      "geometry": {
        "type": "Point",
        "coordinates": [
          3.3978173,
          6.5035941
        ]
      },
      "id": "way/134222253"
    },
    {
      "type": "Feature",
      "properties": {
        "@id": "way/134222254",
        "bridge": "yes",
        "highway": "motorway_link",
        "layer": "1",
        "oneway": "yes",
        "surface": "asphalt",
        "@geometry": "center"
      },
      "geometry": {
        "type": "Point",
        "coordinates": [
          3.3954478,
          6.5507771
        ]
      },
      "id": "way/134222254"
    },
    {
      "type": "Feature",
      "properties": {
        "@id": "way/134222262",
        "bridge": "yes",
        "highway": "motorway_link",
        "layer": "1",
        "oneway": "yes",
        "surface": "asphalt",
        "@geometry": "center"
      },
      "geometry": {
        "type": "Point",
        "coordinates": [
          3.3984305,
          6.5473299
        ]
      },
      "id": "way/134222262"
    },
    {
      "type": "Feature",
      "properties": {
        "@id": "way/134222263",
        "bridge": "yes",
        "highway": "motorway_link",
        "layer": "1",
        "oneway": "yes",
        "ref": "F265",
        "surface": "asphalt",
        "@geometry": "center"
      },
      "geometry": {
        "type": "Point",
        "coordinates": [
          3.3961658,
          6.5498779
        ]
      },
      "id": "way/134222263"
    },
    {
      "type": "Feature",
      "properties": {
        "@id": "way/134222265",
        "bridge": "yes",
        "highway": "motorway_link",
        "layer": "2",
        "oneway": "yes",
        "@geometry": "center"
      },
      "geometry": {
        "type": "Point",
        "coordinates": [
          3.3961746,
          6.5511979
        ]
      },
      "id": "way/134222265"
    },
    {
      "type": "Feature",
      "properties": {
        "@id": "way/134223817",
        "bridge": "yes",
        "highway": "residential",
        "layer": "1",
        "oneway": "no",
        "@geometry": "center"
      },
      "geometry": {
        "type": "Point",
        "coordinates": [
          3.3954122,
          6.5498247
        ]
      },
      "id": "way/134223817"
    },
    {
      "type": "Feature",
      "properties": {
        "@id": "way/134230090",
        "bridge": "yes",
        "foot": "no",
        "highway": "secondary",
        "layer": "1",
        "name": "Agboyi Road",
        "oneway": "no",
        "@geometry": "center"
      },
      "geometry": {
        "type": "Point",
        "coordinates": [
          3.3974724,
          6.5742077
        ]
      },
      "id": "way/134230090"
    },
    {
      "type": "Feature",
      "properties": {
        "@id": "way/134230116",
        "bridge": "yes",
        "highway": "motorway",
        "layer": "1",
        "name": "Third Axial Road",
        "oneway": "yes",
        "surface": "asphalt",
        "@geometry": "center"
      },
      "geometry": {
        "type": "Point",
        "coordinates": [
          3.3965261,
          6.5672388
        ]
      },
      "id": "way/134230116"
    },
    {
      "type": "Feature",
      "properties": {
        "@id": "way/134230137",
        "bridge": "yes",
        "highway": "motorway",
        "layer": "1",
        "name": "Third Axial Road",
        "oneway": "yes",
        "surface": "asphalt",
        "@geometry": "center"
      },
      "geometry": {
        "type": "Point",
        "coordinates": [
          3.3963067,
          6.5672825
        ]
      },
      "id": "way/134230137"
    },
    {
      "type": "Feature",
      "properties": {
        "@id": "way/134234987",
        "bridge": "yes",
        "highway": "motorway_link",
        "layer": "1",
        "oneway": "yes",
        "surface": "paved",
        "@geometry": "center"
      },
      "geometry": {
        "type": "Point",
        "coordinates": [
          3.3930615,
          6.4861603
        ]
      },
      "id": "way/134234987"
    },
    {
      "type": "Feature",
      "properties": {
        "@id": "way/134234988",
        "bridge": "yes",
        "highway": "primary",
        "layer": "1",
        "oneway": "yes",
        "surface": "paved",
        "@geometry": "center"
      },
      "geometry": {
        "type": "Point",
        "coordinates": [
          3.3912699,
          6.4899705
        ]
      },
      "id": "way/134234988"
    },
    {
      "type": "Feature",
      "properties": {
        "@id": "way/134234990",
        "bridge": "yes",
        "highway": "motorway_link",
        "layer": "1",
        "oneway": "yes",
        "surface": "paved",
        "@geometry": "center"
      },
      "geometry": {
        "type": "Point",
        "coordinates": [
          3.3939014,
          6.4836728
        ]
      },
      "id": "way/134234990"
    },
    {
      "type": "Feature",
      "properties": {
        "@id": "way/134234991",
        "bridge": "yes",
        "highway": "motorway_link",
        "layer": "1",
        "oneway": "yes",
        "surface": "paved",
        "@geometry": "center"
      },
      "geometry": {
        "type": "Point",
        "coordinates": [
          3.3936214,
          6.4882544
        ]
      },
      "id": "way/134234991"
    },
    {
      "type": "Feature",
      "properties": {
        "@id": "way/134234994",
        "bridge": "yes",
        "highway": "motorway_link",
        "layer": "1",
        "oneway": "yes",
        "surface": "paved",
        "@geometry": "center"
      },
      "geometry": {
        "type": "Point",
        "coordinates": [
          3.3938856,
          6.4892452
        ]
      },
      "id": "way/134234994"
    },
    {
      "type": "Feature",
      "properties": {
        "@id": "way/134234995",
        "bridge": "yes",
        "highway": "motorway_link",
        "layer": "1",
        "oneway": "yes",
        "@geometry": "center"
      },
      "geometry": {
        "type": "Point",
        "coordinates": [
          3.3974361,
          6.4897971
        ]
      },
      "id": "way/134234995"
    },
    {
      "type": "Feature",
      "properties": {
        "@id": "way/134234998",
        "bridge": "yes",
        "highway": "primary",
        "layer": "1",
        "oneway": "yes",
        "surface": "paved",
        "@geometry": "center"
      },
      "geometry": {
        "type": "Point",
        "coordinates": [
          3.3906922,
          6.4908025
        ]
      },
      "id": "way/134234998"
    },
    {
      "type": "Feature",
      "properties": {
        "@id": "way/134235000",
        "bridge": "yes",
        "highway": "motorway_link",
        "layer": "1",
        "oneway": "yes",
        "surface": "paved",
        "@geometry": "center"
      },
      "geometry": {
        "type": "Point",
        "coordinates": [
          3.3921132,
          6.4895326
        ]
      },
      "id": "way/134235000"
    },
    {
      "type": "Feature",
      "properties": {
        "@id": "way/134396662",
        "bridge": "yes",
        "highway": "primary",
        "lanes": "2",
        "layer": "1",
        "name": "Mobolaji Bank-Anthony Way",
        "oneway": "yes",
        "ref": "A152",
        "@geometry": "center"
      },
      "geometry": {
        "type": "Point",
        "coordinates": [
          3.3426196,
          6.5927083
        ]
      },
      "id": "way/134396662"
    },
    {
      "type": "Feature",
      "properties": {
        "@id": "way/134396664",
        "bridge": "yes",
        "highway": "primary",
        "is_in": "Ikeja,Lagos,Nigeria",
        "lanes": "2",
        "layer": "1",
        "name": "Mobolaji Bank-Anthony Way",
        "oneway": "yes",
        "ref": "A152",
        "@geometry": "center"
      },
      "geometry": {
        "type": "Point",
        "coordinates": [
          3.3378464,
          6.5904169
        ]
      },
      "id": "way/134396664"
    },
    {
      "type": "Feature",
      "properties": {
        "@id": "way/134396668",
        "bridge": "yes",
        "highway": "primary",
        "lanes": "2",
        "layer": "1",
        "name": "Mobolaji Bank-Anthony Way",
        "oneway": "yes",
        "ref": "A152",
        "@geometry": "center"
      },
      "geometry": {
        "type": "Point",
        "coordinates": [
          3.3379144,
          6.5902679
        ]
      },
      "id": "way/134396668"
    },
    {
      "type": "Feature",
      "properties": {
        "@id": "way/134396672",
        "bridge": "yes",
        "highway": "primary",
        "is_in": "Ikeja,Lagos,Nigeria",
        "lanes": "2",
        "layer": "1",
        "name": "Mobolaji Bank-Anthony Way",
        "oneway": "yes",
        "ref": "A152",
        "@geometry": "center"
      },
      "geometry": {
        "type": "Point",
        "coordinates": [
          3.3425975,
          6.5927626
        ]
      },
      "id": "way/134396672"
    },
    {
      "type": "Feature",
      "properties": {
        "@id": "way/134396677",
        "bridge": "yes",
        "highway": "secondary",
        "layer": "1",
        "name": "Oba Akran Avenue",
        "oneway": "yes",
        "@geometry": "center"
      },
      "geometry": {
        "type": "Point",
        "coordinates": [
          3.3408811,
          6.5970523
        ]
      },
      "id": "way/134396677"
    },
    {
      "type": "Feature",
      "properties": {
        "@id": "way/134396678",
        "bridge": "yes",
        "highway": "secondary",
        "layer": "1",
        "name": "Oba Akran Avenue",
        "oneway": "yes",
        "@geometry": "center"
      },
      "geometry": {
        "type": "Point",
        "coordinates": [
          3.340846,
          6.5970363
        ]
      },
      "id": "way/134396678"
    },
    {
      "type": "Feature",
      "properties": {
        "@id": "way/134400934",
        "bridge": "yes",
        "highway": "primary",
        "layer": "1",
        "name": "Ikeja Flyover Bridge",
        "oneway": "yes",
        "@geometry": "center"
      },
      "geometry": {
        "type": "Point",
        "coordinates": [
          3.3370035,
          6.5958876
        ]
      },
      "id": "way/134400934"
    },
    {
      "type": "Feature",
      "properties": {
        "@id": "way/134414153",
        "bridge": "yes",
        "foot": "yes",
        "highway": "trunk",
        "lanes": "2",
        "layer": "1",
        "name": "Lagos-Abeokuta Expressway",
        "oneway": "yes",
        "ref": "A5",
        "surface": "asphalt",
        "@geometry": "center"
      },
      "geometry": {
        "type": "Point",
        "coordinates": [
          3.3235094,
          6.6081528
        ]
      },
      "id": "way/134414153"
    },
    {
      "type": "Feature",
      "properties": {
        "@id": "way/134414154",
        "bridge": "yes",
        "foot": "yes",
        "highway": "trunk",
        "lanes": "2",
        "layer": "1",
        "name": "Lagos-Abeokuta Expressway",
        "oneway": "yes",
        "ref": "A5",
        "surface": "asphalt",
        "@geometry": "center"
      },
      "geometry": {
        "type": "Point",
        "coordinates": [
          3.3161265,
          6.6055021
        ]
      },
      "id": "way/134414154"
    },
    {
      "type": "Feature",
      "properties": {
        "@id": "way/134414156",
        "bridge": "yes",
        "highway": "secondary",
        "layer": "1",
        "name": "Shasha Road",
        "oneway": "yes",
        "surface": "paved",
        "@geometry": "center"
      },
      "geometry": {
        "type": "Point",
        "coordinates": [
          3.3103735,
          6.6078554
        ]
      },
      "id": "way/134414156"
    },
    {
      "type": "Feature",
      "properties": {
        "@id": "way/134414157",
        "bridge": "yes",
        "foot": "yes",
        "highway": "trunk",
        "lanes": "2",
        "layer": "1",
        "name": "Lagos-Abeokuta Expressway",
        "oneway": "yes",
        "ref": "A5",
        "surface": "asphalt",
        "@geometry": "center"
      },
      "geometry": {
        "type": "Point",
        "coordinates": [
          3.3235178,
          6.6083029
        ]
      },
      "id": "way/134414157"
    },
    {
      "type": "Feature",
      "properties": {
        "@id": "way/134414165",
        "bridge": "yes",
        "foot": "yes",
        "highway": "trunk",
        "lanes": "2",
        "layer": "1",
        "name": "Lagos-Abeokuta Expressway",
        "oneway": "yes",
        "ref": "A5",
        "surface": "asphalt",
        "@geometry": "center"
      },
      "geometry": {
        "type": "Point",
        "coordinates": [
          3.3162445,
          6.6053793
        ]
      },
      "id": "way/134414165"
    },
    {
      "type": "Feature",
      "properties": {
        "@id": "way/134414169",
        "bridge": "yes",
        "highway": "secondary",
        "layer": "1",
        "name": "Shasha Road",
        "oneway": "yes",
        "surface": "paved",
        "@geometry": "center"
      },
      "geometry": {
        "type": "Point",
        "coordinates": [
          3.3103129,
          6.6078594
        ]
      },
      "id": "way/134414169"
    },
    {
      "type": "Feature",
      "properties": {
        "@id": "way/134431408",
        "bridge": "yes",
        "highway": "primary",
        "layer": "1",
        "name": "Iyana-Ipaja New Road",
        "oneway": "yes",
        "@geometry": "center"
      },
      "geometry": {
        "type": "Point",
        "coordinates": [
          3.3010764,
          6.6195352
        ]
      },
      "id": "way/134431408"
    },
    {
      "type": "Feature",
      "properties": {
        "@id": "way/134431424",
        "bridge": "yes",
        "highway": "primary",
        "layer": "1",
        "name": "Iyana-Ipaja New Road",
        "oneway": "yes",
        "@geometry": "center"
      },
      "geometry": {
        "type": "Point",
        "coordinates": [
          3.3011051,
          6.6194931
        ]
      },
      "id": "way/134431424"
    },
    {
      "type": "Feature",
      "properties": {
        "@id": "way/134580938",
        "bridge": "yes",
        "foot": "yes",
        "highway": "trunk",
        "lanes": "2",
        "layer": "1",
        "name": "Ikorodu Road",
        "oneway": "yes",
        "ref": "A1",
        "surface": "paved",
        "@geometry": "center"
      },
      "geometry": {
        "type": "Point",
        "coordinates": [
          3.4406988,
          6.6108987
        ]
      },
      "id": "way/134580938"
    },
    {
      "type": "Feature",
      "properties": {
        "@id": "way/134580941",
        "bridge": "yes",
        "foot": "yes",
        "highway": "trunk",
        "lanes": "2",
        "layer": "1",
        "name": "Ikorodu Road",
        "oneway": "yes",
        "ref": "A1",
        "surface": "paved",
        "@geometry": "center"
      },
      "geometry": {
        "type": "Point",
        "coordinates": [
          3.4470928,
          6.6167606
        ]
      },
      "id": "way/134580941"
    },
    {
      "type": "Feature",
      "properties": {
        "@id": "way/134580942",
        "bridge": "yes",
        "foot": "yes",
        "highway": "trunk",
        "lanes": "2",
        "layer": "1",
        "name": "Ikorodu Road",
        "oneway": "yes",
        "ref": "A1",
        "surface": "asphalt",
        "@geometry": "center"
      },
      "geometry": {
        "type": "Point",
        "coordinates": [
          3.4692023,
          6.6189777
        ]
      },
      "id": "way/134580942"
    },
    {
      "type": "Feature",
      "properties": {
        "@id": "way/134580943",
        "bridge": "yes",
        "foot": "yes",
        "highway": "trunk",
        "lanes": "2",
        "layer": "1",
        "name": "Ikorodu Road",
        "oneway": "yes",
        "ref": "A1",
        "surface": "paved",
        "@geometry": "center"
      },
      "geometry": {
        "type": "Point",
        "coordinates": [
          3.4469008,
          6.6169175
        ]
      },
      "id": "way/134580943"
    },
    {
      "type": "Feature",
      "properties": {
        "@id": "way/134580945",
        "bridge": "yes",
        "foot": "yes",
        "highway": "trunk",
        "lanes": "2",
        "layer": "1",
        "name": "Ikorodu Road",
        "oneway": "yes",
        "ref": "A1",
        "surface": "paved",
        "@geometry": "center"
      },
      "geometry": {
        "type": "Point",
        "coordinates": [
          3.4690833,
          6.6191988
        ]
      },
      "id": "way/134580945"
    },
    {
      "type": "Feature",
      "properties": {
        "@id": "way/134580949",
        "bridge": "yes",
        "foot": "yes",
        "highway": "trunk",
        "lanes": "2",
        "layer": "1",
        "name": "Ikorodu Road",
        "oneway": "yes",
        "ref": "A1",
        "surface": "paved",
        "@geometry": "center"
      },
      "geometry": {
        "type": "Point",
        "coordinates": [
          3.4408698,
          6.6108174
        ]
      },
      "id": "way/134580949"
    },
    {
      "type": "Feature",
      "properties": {
        "@id": "way/135176559",
        "bridge": "yes",
        "highway": "residential",
        "layer": "1",
        "oneway": "no",
        "@geometry": "center"
      },
      "geometry": {
        "type": "Point",
        "coordinates": [
          3.399513,
          6.5458979
        ]
      },
      "id": "way/135176559"
    },
    {
      "type": "Feature",
      "properties": {
        "@id": "way/135199758",
        "bridge": "yes",
        "highway": "motorway",
        "lanes": "3",
        "layer": "2",
        "name": "Lagos-Ibadan Expressway",
        "oneway": "yes",
        "ref": "E1",
        "surface": "paved",
        "@geometry": "center"
      },
      "geometry": {
        "type": "Point",
        "coordinates": [
          3.3645335,
          6.6291512
        ]
      },
      "id": "way/135199758"
    },
    {
      "type": "Feature",
      "properties": {
        "@id": "way/135199769",
        "bridge": "yes",
        "highway": "motorway",
        "lanes": "3",
        "layer": "2",
        "name": "Lagos-Ibadan Expressway",
        "oneway": "yes",
        "ref": "E1",
        "surface": "paved",
        "@geometry": "center"
      },
      "geometry": {
        "type": "Point",
        "coordinates": [
          3.3643535,
          6.6291494
        ]
      },
      "id": "way/135199769"
    },
    {
      "type": "Feature",
      "properties": {
        "@id": "way/135922383",
        "bridge": "yes",
        "highway": "residential",
        "layer": "1",
        "surface": "unpaved",
        "@geometry": "center"
      },
      "geometry": {
        "type": "Point",
        "coordinates": [
          3.337828,
          6.6492986
        ]
      },
      "id": "way/135922383"
    },
    {
      "type": "Feature",
      "properties": {
        "@id": "way/136333529",
        "bridge": "yes",
        "highway": "secondary",
        "layer": "1",
        "name": "Opebi Link Road",
        "@geometry": "center"
      },
      "geometry": {
        "type": "Point",
        "coordinates": [
          3.3639447,
          6.595217
        ]
      },
      "id": "way/136333529"
    },
    {
      "type": "Feature",
      "properties": {
        "@id": "way/136341467",
        "bridge": "yes",
        "highway": "primary",
        "layer": "1",
        "name": "Opebi Link Road",
        "oneway": "yes",
        "@geometry": "center"
      },
      "geometry": {
        "type": "Point",
        "coordinates": [
          3.3629124,
          6.5853456
        ]
      },
      "id": "way/136341467"
    },
    {
      "type": "Feature",
      "properties": {
        "@id": "way/136341468",
        "bridge": "yes",
        "highway": "primary",
        "layer": "1",
        "name": "Opebi Link Road",
        "oneway": "yes",
        "@geometry": "center"
      },
      "geometry": {
        "type": "Point",
        "coordinates": [
          3.3628648,
          6.5854134
        ]
      },
      "id": "way/136341468"
    },
    {
      "type": "Feature",
      "properties": {
        "@id": "way/143876876",
        "bridge": "yes",
        "highway": "steps",
        "layer": "1",
        "surface": "wood",
        "@geometry": "center"
      },
      "geometry": {
        "type": "Point",
        "coordinates": [
          -8.654882,
          37.1132589
        ]
      },
      "id": "way/143876876"
    },
    {
      "type": "Feature",
      "properties": {
        "@id": "way/143889804",
        "bridge": "yes",
        "highway": "unclassified",
        "layer": "1",
        "width": "4",
        "@geometry": "center"
      },
      "geometry": {
        "type": "Point",
        "coordinates": [
          -8.6292455,
          37.134976
        ]
      },
      "id": "way/143889804"
    },
    {
      "type": "Feature",
      "properties": {
        "@id": "way/143889861",
        "bridge": "yes",
        "highway": "unclassified",
        "layer": "1",
        "width": "4",
        "@geometry": "center"
      },
      "geometry": {
        "type": "Point",
        "coordinates": [
          -8.6256726,
          37.1348232
        ]
      },
      "id": "way/143889861"
    },
    {
      "type": "Feature",
      "properties": {
        "@id": "way/143889901",
        "bridge": "yes",
        "highway": "unclassified",
        "layer": "1",
        "name": "Rua Joaquim Eugénio Neves Calado",
        "width": "4",
        "@geometry": "center"
      },
      "geometry": {
        "type": "Point",
        "coordinates": [
          -8.6295388,
          37.1366539
        ]
      },
      "id": "way/143889901"
    },
    {
      "type": "Feature",
      "properties": {
        "@id": "way/144077062",
        "bridge": "yes",
        "highway": "primary_link",
        "layer": "1",
        "oneway": "yes",
        "surface": "paved",
        "@geometry": "center"
      },
      "geometry": {
        "type": "Point",
        "coordinates": [
          3.2462996,
          6.4555869
        ]
      },
      "id": "way/144077062"
    },
    {
      "type": "Feature",
      "properties": {
        "@id": "way/144077088",
        "bridge": "yes",
        "highway": "primary_link",
        "layer": "1",
        "oneway": "yes",
        "surface": "paved",
        "@geometry": "center"
      },
      "geometry": {
        "type": "Point",
        "coordinates": [
          3.2461602,
          6.4556082
        ]
      },
      "id": "way/144077088"
    },
    {
      "type": "Feature",
      "properties": {
        "@id": "way/144077111",
        "bridge": "yes",
        "highway": "secondary",
        "layer": "1",
        "name": "New Festac Bridge Road",
        "oneway": "yes",
        "@geometry": "center"
      },
      "geometry": {
        "type": "Point",
        "coordinates": [
          3.2990562,
          6.4674829
        ]
      },
      "id": "way/144077111"
    },
    {
      "type": "Feature",
      "properties": {
        "@id": "way/144455366",
        "bridge": "yes",
        "highway": "residential",
        "layer": "1",
        "oneway": "no",
        "@geometry": "center"
      },
      "geometry": {
        "type": "Point",
        "coordinates": [
          3.3266428,
          6.613982
        ]
      },
      "id": "way/144455366"
    },
    {
      "type": "Feature",
      "properties": {
        "@id": "way/144455367",
        "bridge": "yes",
        "highway": "secondary",
        "layer": "1",
        "name": "Oniwaya Road",
        "surface": "unpaved",
        "@geometry": "center"
      },
      "geometry": {
        "type": "Point",
        "coordinates": [
          3.3126268,
          6.6122668
        ]
      },
      "id": "way/144455367"
    },
    {
      "type": "Feature",
      "properties": {
        "@id": "way/144455372",
        "bridge": "yes",
        "highway": "residential",
        "layer": "1",
        "oneway": "no",
        "surface": "unpaved",
        "@geometry": "center"
      },
      "geometry": {
        "type": "Point",
        "coordinates": [
          3.3249132,
          6.6118888
        ]
      },
      "id": "way/144455372"
    },
    {
      "type": "Feature",
      "properties": {
        "@id": "way/144455383",
        "bridge": "yes",
        "highway": "residential",
        "layer": "1",
        "oneway": "no",
        "surface": "unpaved",
        "@geometry": "center"
      },
      "geometry": {
        "type": "Point",
        "coordinates": [
          3.3129109,
          6.6109049
        ]
      },
      "id": "way/144455383"
    },
    {
      "type": "Feature",
      "properties": {
        "@id": "way/144455394",
        "bridge": "yes",
        "highway": "residential",
        "layer": "1",
        "oneway": "no",
        "surface": "unpaved",
        "@geometry": "center"
      },
      "geometry": {
        "type": "Point",
        "coordinates": [
          3.3250056,
          6.6110993
        ]
      },
      "id": "way/144455394"
    },
    {
      "type": "Feature",
      "properties": {
        "@id": "way/144455400",
        "bridge": "yes",
        "highway": "tertiary",
        "layer": "1",
        "name": "Sule Road",
        "oneway": "no",
        "@geometry": "center"
      },
      "geometry": {
        "type": "Point",
        "coordinates": [
          3.3238811,
          6.6090789
        ]
      },
      "id": "way/144455400"
    },
    {
      "type": "Feature",
      "properties": {
        "@id": "way/144455463",
        "bridge": "yes",
        "highway": "residential",
        "layer": "1",
        "oneway": "no",
        "surface": "unpaved",
        "@geometry": "center"
      },
      "geometry": {
        "type": "Point",
        "coordinates": [
          3.3127328,
          6.611524
        ]
      },
      "id": "way/144455463"
    },
    {
      "type": "Feature",
      "properties": {
        "@id": "way/144455467",
        "bridge": "yes",
        "highway": "residential",
        "layer": "1",
        "oneway": "no",
        "surface": "unpaved",
        "@geometry": "center"
      },
      "geometry": {
        "type": "Point",
        "coordinates": [
          3.324985,
          6.6135707
        ]
      },
      "id": "way/144455467"
    },
    {
      "type": "Feature",
      "properties": {
        "@id": "way/144530735",
        "bridge": "yes",
        "highway": "primary",
        "lanes": "2",
        "layer": "1",
        "name": "Apapa-Oworonshoki Expressway",
        "oneway": "yes",
        "ref": "F265",
        "@geometry": "center"
      },
      "geometry": {
        "type": "Point",
        "coordinates": [
          3.3694222,
          6.4364144
        ]
      },
      "id": "way/144530735"
    },
    {
      "type": "Feature",
      "properties": {
        "@id": "way/144530737",
        "bridge": "yes",
        "highway": "secondary",
        "layer": "1",
        "name": "Warehouse Road",
        "oneway": "no",
        "@geometry": "center"
      },
      "geometry": {
        "type": "Point",
        "coordinates": [
          3.3684516,
          6.4394287
        ]
      },
      "id": "way/144530737"
    },
    {
      "type": "Feature",
      "properties": {
        "@id": "way/144530739",
        "bridge": "yes",
        "highway": "unclassified",
        "layer": "1",
        "name": "Burma Road",
        "@geometry": "center"
      },
      "geometry": {
        "type": "Point",
        "coordinates": [
          3.3688502,
          6.4381236
        ]
      },
      "id": "way/144530739"
    },
    {
      "type": "Feature",
      "properties": {
        "@id": "way/144530740",
        "bridge": "yes",
        "highway": "primary",
        "lanes": "2",
        "layer": "1",
        "name": "Apapa-Oworonshoki Expressway",
        "oneway": "yes",
        "ref": "F265",
        "@geometry": "center"
      },
      "geometry": {
        "type": "Point",
        "coordinates": [
          3.3671539,
          6.4358205
        ]
      },
      "id": "way/144530740"
    },
    {
      "type": "Feature",
      "properties": {
        "@id": "way/144530758",
        "bridge": "yes",
        "highway": "primary",
        "lanes": "2",
        "layer": "1",
        "name": "Apapa-Oworonshoki Expressway",
        "oneway": "yes",
        "ref": "F265",
        "@geometry": "center"
      },
      "geometry": {
        "type": "Point",
        "coordinates": [
          3.3693814,
          6.4365442
        ]
      },
      "id": "way/144530758"
    },
    {
      "type": "Feature",
      "properties": {
        "@id": "way/144532248",
        "bridge": "yes",
        "highway": "residential",
        "layer": "1",
        "oneway": "no",
        "surface": "unpaved",
        "@geometry": "center"
      },
      "geometry": {
        "type": "Point",
        "coordinates": [
          3.3691606,
          6.4450318
        ]
      },
      "id": "way/144532248"
    },
    {
      "type": "Feature",
      "properties": {
        "@id": "way/144532267",
        "bridge": "yes",
        "highway": "residential",
        "layer": "1",
        "oneway": "no",
        "surface": "paved",
        "@geometry": "center"
      },
      "geometry": {
        "type": "Point",
        "coordinates": [
          3.3676397,
          6.4419758
        ]
      },
      "id": "way/144532267"
    },
    {
      "type": "Feature",
      "properties": {
        "@id": "way/144532288",
        "bridge": "yes",
        "highway": "unclassified",
        "layer": "1",
        "name": "Burma Road",
        "@geometry": "center"
      },
      "geometry": {
        "type": "Point",
        "coordinates": [
          3.3666447,
          6.4374141
        ]
      },
      "id": "way/144532288"
    },
    {
      "type": "Feature",
      "properties": {
        "@id": "way/144532292",
        "bridge": "yes",
        "highway": "primary",
        "lanes": "2",
        "layer": "1",
        "name": "Apapa-Oworonshoki Expressway",
        "oneway": "yes",
        "ref": "F265",
        "@geometry": "center"
      },
      "geometry": {
        "type": "Point",
        "coordinates": [
          3.3671884,
          6.4356905
        ]
      },
      "id": "way/144532292"
    },
    {
      "type": "Feature",
      "properties": {
        "@id": "way/144838177",
        "bridge": "yes",
        "highway": "residential",
        "layer": "1",
        "oneway": "no",
        "surface": "unpaved",
        "@geometry": "center"
      },
      "geometry": {
        "type": "Point",
        "coordinates": [
          3.3567251,
          6.4534605
        ]
      },
      "id": "way/144838177"
    },
    {
      "type": "Feature",
      "properties": {
        "@id": "way/144838178",
        "bridge": "yes",
        "highway": "secondary",
        "lanes": "2",
        "layer": "1",
        "name": "Malu Road",
        "oneway": "yes",
        "ref": "A1-1",
        "surface": "unpaved",
        "@geometry": "center"
      },
      "geometry": {
        "type": "Point",
        "coordinates": [
          3.3560999,
          6.455211
        ]
      },
      "id": "way/144838178"
    },
    {
      "type": "Feature",
      "properties": {
        "@id": "way/144838181",
        "bridge": "yes",
        "highway": "secondary",
        "lanes": "2",
        "layer": "1",
        "name": "Malu Road",
        "oneway": "yes",
        "ref": "A1-1",
        "surface": "unpaved",
        "@geometry": "center"
      },
      "geometry": {
        "type": "Point",
        "coordinates": [
          3.3561085,
          6.4551267
        ]
      },
      "id": "way/144838181"
    },
    {
      "type": "Feature",
      "properties": {
        "@id": "way/145018926",
        "bridge": "yes",
        "highway": "track",
        "layer": "1",
        "tracktype": "grade2",
        "@geometry": "center"
      },
      "geometry": {
        "type": "Point",
        "coordinates": [
          -8.6820936,
          37.1253193
        ]
      },
      "id": "way/145018926"
    },
    {
      "type": "Feature",
      "properties": {
        "@id": "way/157912313",
        "bridge": "yes",
        "highway": "track",
        "layer": "1",
        "@geometry": "center"
      },
      "geometry": {
        "type": "Point",
        "coordinates": [
          -8.6978101,
          37.1730127
        ]
      },
      "id": "way/157912313"
    },
    {
      "type": "Feature",
      "properties": {
        "@id": "way/158027275",
        "bridge": "yes",
        "highway": "residential",
        "layer": "1",
        "@geometry": "center"
      },
      "geometry": {
        "type": "Point",
        "coordinates": [
          -8.7335825,
          37.1568942
        ]
      },
      "id": "way/158027275"
    },
    {
      "type": "Feature",
      "properties": {
        "@id": "way/158027279",
        "bridge": "yes",
        "highway": "primary",
        "layer": "1",
        "nat_ref": "IC 4",
        "ref": "EN 120",
        "@geometry": "center"
      },
      "geometry": {
        "type": "Point",
        "coordinates": [
          -8.74432,
          37.1645209
        ]
      },
      "id": "way/158027279"
    },
    {
      "type": "Feature",
      "properties": {
        "@id": "way/158027280",
        "bridge": "yes",
        "highway": "unclassified",
        "layer": "1",
        "@geometry": "center"
      },
      "geometry": {
        "type": "Point",
        "coordinates": [
          -8.7310907,
          37.1558575
        ]
      },
      "id": "way/158027280"
    },
    {
      "type": "Feature",
      "properties": {
        "@id": "way/158027283",
        "bridge": "yes",
        "highway": "footway",
        "layer": "1",
        "@geometry": "center"
      },
      "geometry": {
        "type": "Point",
        "coordinates": [
          -8.7347532,
          37.1568067
        ]
      },
      "id": "way/158027283"
    },
    {
      "type": "Feature",
      "properties": {
        "@id": "way/158027288",
        "bridge": "yes",
        "highway": "residential",
        "layer": "1",
        "@geometry": "center"
      },
      "geometry": {
        "type": "Point",
        "coordinates": [
          -8.7358955,
          37.1568393
        ]
      },
      "id": "way/158027288"
    },
    {
      "type": "Feature",
      "properties": {
        "@id": "way/158056006",
        "bridge": "yes",
        "highway": "footway",
        "layer": "1",
        "@geometry": "center"
      },
      "geometry": {
        "type": "Point",
        "coordinates": [
          -8.7325135,
          37.1571828
        ]
      },
      "id": "way/158056006"
    },
    {
      "type": "Feature",
      "properties": {
        "@id": "way/158450729",
        "bridge": "yes",
        "highway": "track",
        "layer": "1",
        "width": "4",
        "@geometry": "center"
      },
      "geometry": {
        "type": "Point",
        "coordinates": [
          -8.6309607,
          37.1409709
        ]
      },
      "id": "way/158450729"
    },
    {
      "type": "Feature",
      "properties": {
        "@id": "way/158450748",
        "bridge": "yes",
        "highway": "track",
        "layer": "1",
        "width": "4",
        "@geometry": "center"
      },
      "geometry": {
        "type": "Point",
        "coordinates": [
          -8.6301517,
          37.1398346
        ]
      },
      "id": "way/158450748"
    },
    {
      "type": "Feature",
      "properties": {
        "@id": "way/158450754",
        "bridge": "yes",
        "highway": "track",
        "layer": "1",
        "width": "4",
        "@geometry": "center"
      },
      "geometry": {
        "type": "Point",
        "coordinates": [
          -8.6304301,
          37.1405671
        ]
      },
      "id": "way/158450754"
    },
    {
      "type": "Feature",
      "properties": {
        "@id": "way/158450757",
        "bridge": "yes",
        "highway": "unclassified",
        "layer": "1",
        "width": "4",
        "@geometry": "center"
      },
      "geometry": {
        "type": "Point",
        "coordinates": [
          -8.6392383,
          37.1464757
        ]
      },
      "id": "way/158450757"
    },
    {
      "type": "Feature",
      "properties": {
        "@id": "way/158450776",
        "bridge": "yes",
        "highway": "track",
        "layer": "1",
        "@geometry": "center"
      },
      "geometry": {
        "type": "Point",
        "coordinates": [
          -8.6309782,
          37.1451433
        ]
      },
      "id": "way/158450776"
    },
    {
      "type": "Feature",
      "properties": {
        "@id": "way/158450780",
        "bridge": "yes",
        "highway": "service",
        "layer": "1",
        "smoothness": "bad",
        "surface": "ground",
        "@geometry": "center"
      },
      "geometry": {
        "type": "Point",
        "coordinates": [
          -8.6333545,
          37.1459426
        ]
      },
      "id": "way/158450780"
    },
    {
      "type": "Feature",
      "properties": {
        "@id": "way/158450804",
        "bridge": "yes",
        "highway": "track",
        "layer": "1",
        "@geometry": "center"
      },
      "geometry": {
        "type": "Point",
        "coordinates": [
          -8.6288726,
          37.1462049
        ]
      },
      "id": "way/158450804"
    },
    {
      "type": "Feature",
      "properties": {
        "@id": "way/158450819",
        "bridge": "yes",
        "highway": "track",
        "layer": "1",
        "@geometry": "center"
      },
      "geometry": {
        "type": "Point",
        "coordinates": [
          -8.6335756,
          37.1472233
        ]
      },
      "id": "way/158450819"
    },
    {
      "type": "Feature",
      "properties": {
        "@id": "way/158954095",
        "bridge": "yes",
        "highway": "track",
        "layer": "1",
        "@geometry": "center"
      },
      "geometry": {
        "type": "Point",
        "coordinates": [
          -8.7469969,
          37.1516007
        ]
      },
      "id": "way/158954095"
    },
    {
      "type": "Feature",
      "properties": {
        "@id": "way/158954225",
        "bridge": "yes",
        "highway": "unclassified",
        "layer": "1",
        "@geometry": "center"
      },
      "geometry": {
        "type": "Point",
        "coordinates": [
          -8.7510036,
          37.15133
        ]
      },
      "id": "way/158954225"
    },
    {
      "type": "Feature",
      "properties": {
        "@id": "way/158973972",
        "bridge": "yes",
        "highway": "unclassified",
        "lane_markings": "no",
        "lanes": "2",
        "layer": "1",
        "maxweight:signed": "no",
        "smoothness": "good",
        "surface": "asphalt",
        "@geometry": "center"
      },
      "geometry": {
        "type": "Point",
        "coordinates": [
          -8.7218392,
          37.1550073
        ]
      },
      "id": "way/158973972"
    },
    {
      "type": "Feature",
      "properties": {
        "@id": "way/164462361",
        "bicycle": "dismount",
        "bridge": "yes",
        "foot": "yes",
        "highway": "path",
        "incline": "down",
        "layer": "1",
        "motor_vehicle": "no",
        "surface": "asphalt",
        "@geometry": "center"
      },
      "geometry": {
        "type": "Point",
        "coordinates": [
          -8.6743243,
          37.1077791
        ]
      },
      "id": "way/164462361"
    },
    {
      "type": "Feature",
      "properties": {
        "@id": "way/165027251",
        "bridge": "yes",
        "highway": "track",
        "layer": "1",
        "@geometry": "center"
      },
      "geometry": {
        "type": "Point",
        "coordinates": [
          -8.7420296,
          37.1631425
        ]
      },
      "id": "way/165027251"
    },
    {
      "type": "Feature",
      "properties": {
        "@id": "way/165027252",
        "bridge": "yes",
        "highway": "track",
        "layer": "1",
        "tracktype": "grade1",
        "@geometry": "center"
      },
      "geometry": {
        "type": "Point",
        "coordinates": [
          -8.7313602,
          37.1562265
        ]
      },
      "id": "way/165027252"
    },
    {
      "type": "Feature",
      "properties": {
        "@id": "way/165473071",
        "bridge": "yes",
        "highway": "track",
        "layer": "1",
        "@geometry": "center"
      },
      "geometry": {
        "type": "Point",
        "coordinates": [
          -8.7471238,
          37.166266
        ]
      },
      "id": "way/165473071"
    },
    {
      "type": "Feature",
      "properties": {
        "@id": "way/167069002",
        "bridge": "yes",
        "highway": "residential",
        "layer": "1",
        "name": "Wilmer Crescent",
        "source": "bing",
        "surface": "unpaved",
        "@geometry": "center"
      },
      "geometry": {
        "type": "Point",
        "coordinates": [
          3.3335317,
          6.4510801
        ]
      },
      "id": "way/167069002"
    },
    {
      "type": "Feature",
      "properties": {
        "@id": "way/167116412",
        "bridge": "yes",
        "highway": "unclassified",
        "layer": "1",
        "source": "bing",
        "surface": "unpaved",
        "@geometry": "center"
      },
      "geometry": {
        "type": "Point",
        "coordinates": [
          3.3452529,
          6.4599369
        ]
      },
      "id": "way/167116412"
    },
    {
      "type": "Feature",
      "properties": {
        "@id": "way/167404414",
        "bridge": "yes",
        "highway": "path",
        "layer": "1",
        "name": "Oguniyi Street",
        "source": "bing",
        "surface": "unpaved",
        "@geometry": "center"
      },
      "geometry": {
        "type": "Point",
        "coordinates": [
          3.3376551,
          6.463153
        ]
      },
      "id": "way/167404414"
    },
    {
      "type": "Feature",
      "properties": {
        "@id": "way/167404434",
        "bridge": "yes",
        "highway": "unclassified",
        "layer": "1",
        "name": "Bakare Faro Street",
        "source": "bing",
        "surface": "unpaved",
        "@geometry": "center"
      },
      "geometry": {
        "type": "Point",
        "coordinates": [
          3.3401002,
          6.4628864
        ]
      },
      "id": "way/167404434"
    },
    {
      "type": "Feature",
      "properties": {
        "@id": "way/180099815",
        "bridge": "yes",
        "highway": "motorway",
        "layer": "1",
        "name": "Lagos-Badagry Expressway",
        "oneway": "yes",
        "ref": "F100",
        "surface": "paved",
        "@geometry": "center"
      },
      "geometry": {
        "type": "Point",
        "coordinates": [
          3.3066563,
          6.4597761
        ]
      },
      "id": "way/180099815"
    },
    {
      "type": "Feature",
      "properties": {
        "@id": "way/180099816",
        "bridge": "yes",
        "foot": "no",
        "highway": "motorway",
        "layer": "1",
        "name": "Lagos-Badagry Expressway",
        "oneway": "yes",
        "ref": "F100",
        "@geometry": "center"
      },
      "geometry": {
        "type": "Point",
        "coordinates": [
          3.3063465,
          6.460174
        ]
      },
      "id": "way/180099816"
    },
    {
      "type": "Feature",
      "properties": {
        "@id": "way/206634566",
        "bridge": "yes",
        "highway": "tertiary",
        "layer": "1",
        "name": "Idowu Odenuga Crescent",
        "surface": "unpaved",
        "@geometry": "center"
      },
      "geometry": {
        "type": "Point",
        "coordinates": [
          3.332916,
          6.4795986
        ]
      },
      "id": "way/206634566"
    },
    {
      "type": "Feature",
      "properties": {
        "@id": "way/207402234",
        "bridge": "yes",
        "highway": "primary",
        "layer": "1",
        "name": "Carter Bridge",
        "oneway": "yes",
        "ref": "A151",
        "surface": "paved",
        "@geometry": "center"
      },
      "geometry": {
        "type": "Point",
        "coordinates": [
          3.3822569,
          6.4684789
        ]
      },
      "id": "way/207402234"
    },
    {
      "type": "Feature",
      "properties": {
        "@id": "way/207462073",
        "bridge": "yes",
        "highway": "trunk",
        "layer": "1",
        "name": "Lagos Badagry Expressway",
        "oneway": "yes",
        "ref": "F100",
        "surface": "paved",
        "@geometry": "center"
      },
      "geometry": {
        "type": "Point",
        "coordinates": [
          3.3633496,
          6.4767742
        ]
      },
      "id": "way/207462073"
    },
    {
      "type": "Feature",
      "properties": {
        "@id": "way/207462074",
        "bridge": "yes",
        "highway": "trunk",
        "layer": "1",
        "name": "Lagos Badagry Expressway",
        "oneway": "yes",
        "ref": "F100",
        "surface": "paved",
        "@geometry": "center"
      },
      "geometry": {
        "type": "Point",
        "coordinates": [
          3.3633963,
          6.476882
        ]
      },
      "id": "way/207462074"
    },
    {
      "type": "Feature",
      "properties": {
        "@id": "way/207504270",
        "bridge": "yes",
        "highway": "trunk",
        "int_ref": "TAH 7",
        "lanes": "2",
        "layer": "1",
        "oneway": "yes",
        "ref": "F100",
        "surface": "asphalt",
        "@geometry": "center"
      },
      "geometry": {
        "type": "Point",
        "coordinates": [
          2.864435,
          6.4202609
        ]
      },
      "id": "way/207504270"
    },
    {
      "type": "Feature",
      "properties": {
        "@id": "way/207504277",
        "bridge": "yes",
        "highway": "trunk",
        "int_ref": "TAH 7",
        "lanes": "2",
        "layer": "1",
        "oneway": "yes",
        "ref": "F100",
        "surface": "asphalt",
        "@geometry": "center"
      },
      "geometry": {
        "type": "Point",
        "coordinates": [
          2.8643357,
          6.4203183
        ]
      },
      "id": "way/207504277"
    },
    {
      "type": "Feature",
      "properties": {
        "@id": "way/209588535",
        "bridge": "yes",
        "highway": "footway",
        "layer": "1",
        "source": "Bing ; cadastre-dgi-fr source : Direction Générale des Impôts - Cadastre. Mise à jour : 2013",
        "@geometry": "center"
      },
      "geometry": {
        "type": "Point",
        "coordinates": [
          -0.2236497,
          43.2109109
        ]
      },
      "id": "way/209588535"
    },
    {
      "type": "Feature",
      "properties": {
        "@id": "way/209588536",
        "bridge": "yes",
        "highway": "service",
        "layer": "1",
        "service": "driveway",
        "source": "Bing ; cadastre-dgi-fr source : Direction Générale des Impôts - Cadastre. Mise à jour : 2013",
        "@geometry": "center"
      },
      "geometry": {
        "type": "Point",
        "coordinates": [
          -0.2223856,
          43.2084534
        ]
      },
      "id": "way/209588536"
    },
    {
      "type": "Feature",
      "properties": {
        "@id": "way/215118920",
        "bridge": "yes",
        "highway": "motorway",
        "layer": "1",
        "name": "Third Axial Road",
        "oneway": "yes",
        "ref": "F265",
        "@geometry": "center"
      },
      "geometry": {
        "type": "Point",
        "coordinates": [
          3.3981457,
          6.4600494
        ]
      },
      "id": "way/215118920"
    },
    {
      "type": "Feature",
      "properties": {
        "@id": "way/215118922",
        "bridge": "yes",
        "highway": "secondary",
        "layer": "1",
        "name": "Idumagbo Avenue",
        "oneway": "yes",
        "@geometry": "center"
      },
      "geometry": {
        "type": "Point",
        "coordinates": [
          3.3949779,
          6.4602491
        ]
      },
      "id": "way/215118922"
    },
    {
      "type": "Feature",
      "properties": {
        "@id": "way/215118923",
        "alt_name": "Lagos Island Inner Ring Road",
        "bridge": "yes",
        "highway": "motorway",
        "layer": "1",
        "name": "New Marina Road",
        "oneway": "yes",
        "ref": "F264",
        "surface": "paved",
        "@geometry": "center"
      },
      "geometry": {
        "type": "Point",
        "coordinates": [
          3.3934315,
          6.447296
        ]
      },
      "id": "way/215118923"
    },
    {
      "type": "Feature",
      "properties": {
        "@id": "way/215573636",
        "alt_name": "Lagos Island Inner Ring Road",
        "bridge": "yes",
        "highway": "motorway",
        "layer": "2",
        "name": "Ring Road",
        "oneway": "yes",
        "ref": "F264",
        "surface": "asphalt",
        "@geometry": "center"
      },
      "geometry": {
        "type": "Point",
        "coordinates": [
          3.4057017,
          6.4471757
        ]
      },
      "id": "way/215573636"
    },
    {
      "type": "Feature",
      "properties": {
        "@id": "way/215641732",
        "bridge": "yes",
        "highway": "primary",
        "lanes": "2",
        "layer": "1",
        "name": "Okota Road",
        "oneway": "yes",
        "surface": "paved",
        "@geometry": "center"
      },
      "geometry": {
        "type": "Point",
        "coordinates": [
          3.3226631,
          6.5073474
        ]
      },
      "id": "way/215641732"
    },
    {
      "type": "Feature",
      "properties": {
        "@id": "way/215641750",
        "bridge": "yes",
        "highway": "primary",
        "lanes": "2",
        "layer": "1",
        "oneway": "yes",
        "surface": "paved",
        "@geometry": "center"
      },
      "geometry": {
        "type": "Point",
        "coordinates": [
          3.324362,
          6.5065349
        ]
      },
      "id": "way/215641750"
    },
    {
      "type": "Feature",
      "properties": {
        "@id": "way/215641751",
        "bridge": "yes",
        "highway": "primary",
        "lanes": "2",
        "layer": "1",
        "oneway": "yes",
        "surface": "paved",
        "@geometry": "center"
      },
      "geometry": {
        "type": "Point",
        "coordinates": [
          3.3242828,
          6.5066237
        ]
      },
      "id": "way/215641751"
    },
    {
      "type": "Feature",
      "properties": {
        "@id": "way/215667085",
        "bridge": "yes",
        "highway": "tertiary",
        "is_in": "Surulere,Lagos,Nigeria",
        "lanes": "2",
        "layer": "1",
        "name": "Alhaji Masha Road",
        "oneway": "yes",
        "surface": "unpaved",
        "@geometry": "center"
      },
      "geometry": {
        "type": "Point",
        "coordinates": [
          3.3550531,
          6.5000038
        ]
      },
      "id": "way/215667085"
    },
    {
      "type": "Feature",
      "properties": {
        "@id": "way/215667089",
        "bridge": "yes",
        "highway": "tertiary",
        "lanes": "1",
        "layer": "1",
        "name": "Alhaji Masha Road",
        "oneway": "yes",
        "surface": "paved",
        "@geometry": "center"
      },
      "geometry": {
        "type": "Point",
        "coordinates": [
          3.3507454,
          6.5018649
        ]
      },
      "id": "way/215667089"
    },
    {
      "type": "Feature",
      "properties": {
        "@id": "way/215667099",
        "bridge": "yes",
        "highway": "tertiary",
        "is_in": "Surulere,Lagos,Nigeria",
        "lanes": "1",
        "layer": "1",
        "name": "Alhaji Masha Road",
        "oneway": "yes",
        "surface": "paved",
        "@geometry": "center"
      },
      "geometry": {
        "type": "Point",
        "coordinates": [
          3.3584188,
          6.4988358
        ]
      },
      "id": "way/215667099"
    },
    {
      "type": "Feature",
      "properties": {
        "@id": "way/215667103",
        "bridge": "yes",
        "highway": "tertiary",
        "is_in": "Surulere,Lagos,Nigeria",
        "lanes": "1",
        "layer": "1",
        "name": "Alhaji Masha Road",
        "oneway": "yes",
        "surface": "paved",
        "@geometry": "center"
      },
      "geometry": {
        "type": "Point",
        "coordinates": [
          3.3507694,
          6.5019061
        ]
      },
      "id": "way/215667103"
    },
    {
      "type": "Feature",
      "properties": {
        "@id": "way/215667123",
        "bridge": "yes",
        "highway": "tertiary",
        "lanes": "1",
        "layer": "1",
        "name": "Alhaji Masha Road",
        "oneway": "yes",
        "surface": "paved",
        "@geometry": "center"
      },
      "geometry": {
        "type": "Point",
        "coordinates": [
          3.358407,
          6.4988011
        ]
      },
      "id": "way/215667123"
    },
    {
      "type": "Feature",
      "properties": {
        "@id": "way/215667135",
        "bridge": "yes",
        "highway": "tertiary",
        "lanes": "2",
        "layer": "1",
        "name": "Alhaji Masha Road",
        "oneway": "yes",
        "surface": "paved",
        "@geometry": "center"
      },
      "geometry": {
        "type": "Point",
        "coordinates": [
          3.355024,
          6.4999253
        ]
      },
      "id": "way/215667135"
    },
    {
      "type": "Feature",
      "properties": {
        "@id": "way/216239503",
        "bridge": "yes",
        "highway": "secondary",
        "layer": "1",
        "name": "Ago Okota Expressway",
        "oneway": "yes",
        "@geometry": "center"
      },
      "geometry": {
        "type": "Point",
        "coordinates": [
          3.301374,
          6.485701
        ]
      },
      "id": "way/216239503"
    },
    {
      "type": "Feature",
      "properties": {
        "@id": "way/216613129",
        "bridge": "yes",
        "highway": "primary",
        "layer": "1",
        "name": "Isolo - Ejigo Road",
        "oneway": "yes",
        "@geometry": "center"
      },
      "geometry": {
        "type": "Point",
        "coordinates": [
          3.3160901,
          6.5293807
        ]
      },
      "id": "way/216613129"
    },
    {
      "type": "Feature",
      "properties": {
        "@id": "way/216613132",
        "bridge": "yes",
        "highway": "primary",
        "layer": "1",
        "name": "Isolo - Ejibgo Road",
        "oneway": "yes",
        "@geometry": "center"
      },
      "geometry": {
        "type": "Point",
        "coordinates": [
          3.3161607,
          6.5296238
        ]
      },
      "id": "way/216613132"
    },
    {
      "type": "Feature",
      "properties": {
        "@id": "way/216691449",
        "bridge": "yes",
        "highway": "primary",
        "lanes": "2",
        "layer": "1",
        "name": "Old Lagos Road",
        "oneway": "no",
        "ref": "F101",
        "surface": "paved",
        "@geometry": "center"
      },
      "geometry": {
        "type": "Point",
        "coordinates": [
          3.7937019,
          6.6540406
        ]
      },
      "id": "way/216691449"
    },
    {
      "type": "Feature",
      "properties": {
        "@id": "way/216768514",
        "bridge": "yes",
        "highway": "service",
        "layer": "1",
        "name": "Mobil Lane",
        "service": "driveway",
        "source": "bing",
        "@geometry": "center"
      },
      "geometry": {
        "type": "Point",
        "coordinates": [
          3.4397,
          6.4369229
        ]
      },
      "id": "way/216768514"
    },
    {
      "type": "Feature",
      "properties": {
        "@id": "way/216768516",
        "bridge": "yes",
        "highway": "trunk",
        "is_in": "Victoria Island,Lagos,Nigeria",
        "lanes": "2",
        "layer": "3",
        "name": "Maroko Road",
        "oneway": "yes",
        "@geometry": "center"
      },
      "geometry": {
        "type": "Point",
        "coordinates": [
          3.4399047,
          6.4374088
        ]
      },
      "id": "way/216768516"
    },
    {
      "type": "Feature",
      "properties": {
        "@id": "way/216768520",
        "bridge": "yes",
        "highway": "trunk",
        "is_in": "Ozumba Mbadiwe Victoria Island,Lagos,Nigeria",
        "lanes": "2",
        "layer": "3",
        "name": "Maroko Road",
        "oneway": "yes",
        "@geometry": "center"
      },
      "geometry": {
        "type": "Point",
        "coordinates": [
          3.4398307,
          6.4372975
        ]
      },
      "id": "way/216768520"
    },
    {
      "type": "Feature",
      "properties": {
        "@id": "way/217003242",
        "bridge": "yes",
        "highway": "secondary",
        "layer": "1",
        "oneway": "yes",
        "surface": "paved",
        "@geometry": "center"
      },
      "geometry": {
        "type": "Point",
        "coordinates": [
          3.3243694,
          6.4684544
        ]
      },
      "id": "way/217003242"
    },
    {
      "type": "Feature",
      "properties": {
        "@id": "way/217574048",
        "access": "customers",
        "bridge": "yes",
        "highway": "unclassified",
        "layer": "1",
        "oneway": "yes",
        "surface": "unpaved",
        "@geometry": "center"
      },
      "geometry": {
        "type": "Point",
        "coordinates": [
          3.3708514,
          6.4733546
        ]
      },
      "id": "way/217574048"
    },
    {
      "type": "Feature",
      "properties": {
        "@id": "way/217574049",
        "bridge": "yes",
        "highway": "unclassified",
        "layer": "1",
        "oneway": "yes",
        "surface": "unpaved",
        "@geometry": "center"
      },
      "geometry": {
        "type": "Point",
        "coordinates": [
          3.3653085,
          6.4758249
        ]
      },
      "id": "way/217574049"
    },
    {
      "type": "Feature",
      "properties": {
        "@id": "way/217574062",
        "access": "no",
        "bridge": "yes",
        "highway": "service",
        "layer": "1",
        "oneway": "yes",
        "surface": "unpaved",
        "@geometry": "center"
      },
      "geometry": {
        "type": "Point",
        "coordinates": [
          3.3774739,
          6.4689959
        ]
      },
      "id": "way/217574062"
    },
    {
      "type": "Feature",
      "properties": {
        "@id": "way/217574070",
        "access": "customers",
        "bridge": "yes",
        "highway": "unclassified",
        "layer": "1",
        "oneway": "yes",
        "surface": "unpaved",
        "@geometry": "center"
      },
      "geometry": {
        "type": "Point",
        "coordinates": [
          3.3714859,
          6.4716653
        ]
      },
      "id": "way/217574070"
    },
    {
      "type": "Feature",
      "properties": {
        "@id": "way/217574071",
        "access": "customers",
        "bridge": "yes",
        "highway": "unclassified",
        "layer": "1",
        "oneway": "yes",
        "surface": "unpaved",
        "@geometry": "center"
      },
      "geometry": {
        "type": "Point",
        "coordinates": [
          3.3714224,
          6.4716442
        ]
      },
      "id": "way/217574071"
    },
    {
      "type": "Feature",
      "properties": {
        "@id": "way/217793808",
        "bridge": "yes",
        "highway": "tertiary",
        "layer": "1",
        "name": "Makoko Road",
        "source": "Bing",
        "surface": "unpaved",
        "@geometry": "center"
      },
      "geometry": {
        "type": "Point",
        "coordinates": [
          3.3858135,
          6.495648
        ]
      },
      "id": "way/217793808"
    },
    {
      "type": "Feature",
      "properties": {
        "@id": "way/217793817",
        "bridge": "yes",
        "highway": "tertiary",
        "layer": "1",
        "@geometry": "center"
      },
      "geometry": {
        "type": "Point",
        "coordinates": [
          3.3894345,
          6.5002084
        ]
      },
      "id": "way/217793817"
    },
    {
      "type": "Feature",
      "properties": {
        "@id": "way/217801507",
        "bridge": "yes",
        "highway": "residential",
        "layer": "1",
        "surface": "unpaved",
        "@geometry": "center"
      },
      "geometry": {
        "type": "Point",
        "coordinates": [
          3.389189,
          6.5080601
        ]
      },
      "id": "way/217801507"
    },
    {
      "type": "Feature",
      "properties": {
        "@id": "way/217853787",
        "bridge": "yes",
        "highway": "tertiary",
        "layer": "1",
        "name": "International School Road",
        "oneway": "yes",
        "surface": "unpaved",
        "@geometry": "center"
      },
      "geometry": {
        "type": "Point",
        "coordinates": [
          3.3887163,
          6.5112897
        ]
      },
      "id": "way/217853787"
    },
    {
      "type": "Feature",
      "properties": {
        "@id": "way/217853791",
        "bridge": "yes",
        "highway": "tertiary",
        "layer": "1",
        "name": "International School Road",
        "oneway": "yes",
        "surface": "unpaved",
        "@geometry": "center"
      },
      "geometry": {
        "type": "Point",
        "coordinates": [
          3.3886686,
          6.5113557
        ]
      },
      "id": "way/217853791"
    },
    {
      "type": "Feature",
      "properties": {
        "@id": "way/218869611",
        "bridge": "yes",
        "highway": "residential",
        "layer": "1",
        "@geometry": "center"
      },
      "geometry": {
        "type": "Point",
        "coordinates": [
          3.3896041,
          6.5267196
        ]
      },
      "id": "way/218869611"
    },
    {
      "type": "Feature",
      "properties": {
        "@id": "way/218869621",
        "bridge": "yes",
        "highway": "residential",
        "layer": "1",
        "@geometry": "center"
      },
      "geometry": {
        "type": "Point",
        "coordinates": [
          3.3947399,
          6.5248673
        ]
      },
      "id": "way/218869621"
    },
    {
      "type": "Feature",
      "properties": {
        "@id": "way/219055667",
        "bridge": "yes",
        "highway": "residential",
        "layer": "1",
        "@geometry": "center"
      },
      "geometry": {
        "type": "Point",
        "coordinates": [
          3.3972255,
          6.537964
        ]
      },
      "id": "way/219055667"
    },
    {
      "type": "Feature",
      "properties": {
        "@id": "way/219055686",
        "bridge": "yes",
        "highway": "residential",
        "layer": "1",
        "@geometry": "center"
      },
      "geometry": {
        "type": "Point",
        "coordinates": [
          3.3973093,
          6.5445164
        ]
      },
      "id": "way/219055686"
    },
    {
      "type": "Feature",
      "properties": {
        "@id": "way/219055709",
        "bridge": "yes",
        "highway": "residential",
        "layer": "1",
        "@geometry": "center"
      },
      "geometry": {
        "type": "Point",
        "coordinates": [
          3.3971402,
          6.5349649
        ]
      },
      "id": "way/219055709"
    },
    {
      "type": "Feature",
      "properties": {
        "@id": "way/219055712",
        "bridge": "yes",
        "highway": "residential",
        "layer": "1",
        "@geometry": "center"
      },
      "geometry": {
        "type": "Point",
        "coordinates": [
          3.3951652,
          6.5337135
        ]
      },
      "id": "way/219055712"
    },
    {
      "type": "Feature",
      "properties": {
        "@id": "way/219055716",
        "bridge": "yes",
        "highway": "residential",
        "layer": "1",
        "@geometry": "center"
      },
      "geometry": {
        "type": "Point",
        "coordinates": [
          3.3985693,
          6.5415061
        ]
      },
      "id": "way/219055716"
    },
    {
      "type": "Feature",
      "properties": {
        "@id": "way/219055722",
        "bridge": "yes",
        "highway": "residential",
        "layer": "1",
        "@geometry": "center"
      },
      "geometry": {
        "type": "Point",
        "coordinates": [
          3.3968144,
          6.5372456
        ]
      },
      "id": "way/219055722"
    },
    {
      "type": "Feature",
      "properties": {
        "@id": "way/219055723",
        "bridge": "yes",
        "highway": "residential",
        "layer": "1",
        "name": "Adetoke Street",
        "@geometry": "center"
      },
      "geometry": {
        "type": "Point",
        "coordinates": [
          3.3961545,
          6.545481
        ]
      },
      "id": "way/219055723"
    },
    {
      "type": "Feature",
      "properties": {
        "@id": "way/219055724",
        "bridge": "yes",
        "highway": "residential",
        "layer": "1",
        "@geometry": "center"
      },
      "geometry": {
        "type": "Point",
        "coordinates": [
          3.3966777,
          6.5342534
        ]
      },
      "id": "way/219055724"
    },
    {
      "type": "Feature",
      "properties": {
        "@id": "way/219055750",
        "bridge": "yes",
        "highway": "residential",
        "layer": "1",
        "@geometry": "center"
      },
      "geometry": {
        "type": "Point",
        "coordinates": [
          3.3993135,
          6.5417353
        ]
      },
      "id": "way/219055750"
    },
    {
      "type": "Feature",
      "properties": {
        "@id": "way/219055764",
        "bridge": "yes",
        "highway": "residential",
        "layer": "1",
        "name": "Bamiji Lawal Street",
        "@geometry": "center"
      },
      "geometry": {
        "type": "Point",
        "coordinates": [
          3.3971859,
          6.5377666
        ]
      },
      "id": "way/219055764"
    },
    {
      "type": "Feature",
      "properties": {
        "@id": "way/219055766",
        "bridge": "yes",
        "highway": "residential",
        "layer": "1",
        "@geometry": "center"
      },
      "geometry": {
        "type": "Point",
        "coordinates": [
          3.3920622,
          6.5267015
        ]
      },
      "id": "way/219055766"
    },
    {
      "type": "Feature",
      "properties": {
        "@id": "way/219056597",
        "bridge": "yes",
        "highway": "residential",
        "layer": "1",
        "surface": "unpaved",
        "@geometry": "center"
      },
      "geometry": {
        "type": "Point",
        "coordinates": [
          3.3821,
          6.5248646
        ]
      },
      "id": "way/219056597"
    },
    {
      "type": "Feature",
      "properties": {
        "@id": "way/219056612",
        "bridge": "yes",
        "highway": "residential",
        "layer": "1",
        "@geometry": "center"
      },
      "geometry": {
        "type": "Point",
        "coordinates": [
          3.3843134,
          6.5301509
        ]
      },
      "id": "way/219056612"
    },
    {
      "type": "Feature",
      "properties": {
        "@id": "way/220332220",
        "bridge": "yes",
        "highway": "primary",
        "layer": "1",
        "name": "Apapa-Oworonshoki Expressway",
        "oneway": "yes",
        "@geometry": "center"
      },
      "geometry": {
        "type": "Point",
        "coordinates": [
          3.3800097,
          6.5481181
        ]
      },
      "id": "way/220332220"
    },
    {
      "type": "Feature",
      "properties": {
        "@id": "way/220332222",
        "bridge": "yes",
        "highway": "residential",
        "layer": "1",
        "oneway": "yes",
        "@geometry": "center"
      },
      "geometry": {
        "type": "Point",
        "coordinates": [
          3.3799477,
          6.5479905
        ]
      },
      "id": "way/220332222"
    },
    {
      "type": "Feature",
      "properties": {
        "@id": "way/220332226",
        "bridge": "yes",
        "highway": "primary",
        "layer": "1",
        "name": "Apapa-Oworonshoki Expressway",
        "oneway": "yes",
        "@geometry": "center"
      },
      "geometry": {
        "type": "Point",
        "coordinates": [
          3.3801401,
          6.5484402
        ]
      },
      "id": "way/220332226"
    },
    {
      "type": "Feature",
      "properties": {
        "@id": "way/220332232",
        "bridge": "yes",
        "highway": "residential",
        "layer": "1",
        "@geometry": "center"
      },
      "geometry": {
        "type": "Point",
        "coordinates": [
          3.3901863,
          6.5391731
        ]
      },
      "id": "way/220332232"
    },
    {
      "type": "Feature",
      "properties": {
        "@id": "way/220332238",
        "bridge": "yes",
        "highway": "residential",
        "layer": "1",
        "name": "Olokodana Street",
        "@geometry": "center"
      },
      "geometry": {
        "type": "Point",
        "coordinates": [
          3.390103,
          6.5398086
        ]
      },
      "id": "way/220332238"
    },
    {
      "type": "Feature",
      "properties": {
        "@id": "way/220332240",
        "bridge": "yes",
        "highway": "residential",
        "layer": "1",
        "@geometry": "center"
      },
      "geometry": {
        "type": "Point",
        "coordinates": [
          3.3883539,
          6.5438053
        ]
      },
      "id": "way/220332240"
    },
    {
      "type": "Feature",
      "properties": {
        "@id": "way/220332243",
        "bridge": "yes",
        "highway": "residential",
        "layer": "1",
        "@geometry": "center"
      },
      "geometry": {
        "type": "Point",
        "coordinates": [
          3.3890439,
          6.5417817
        ]
      },
      "id": "way/220332243"
    },
    {
      "type": "Feature",
      "properties": {
        "@id": "way/220332245",
        "bridge": "yes",
        "highway": "residential",
        "layer": "1",
        "@geometry": "center"
      },
      "geometry": {
        "type": "Point",
        "coordinates": [
          3.3898877,
          6.5405665
        ]
      },
      "id": "way/220332245"
    },
    {
      "type": "Feature",
      "properties": {
        "@id": "way/220332246",
        "bridge": "yes",
        "highway": "motorway",
        "layer": "1",
        "name": "Apapa-Oworonsoki Expressway",
        "oneway": "yes",
        "ref": "F265",
        "surface": "paved",
        "@geometry": "center"
      },
      "geometry": {
        "type": "Point",
        "coordinates": [
          3.3800489,
          6.5482264
        ]
      },
      "id": "way/220332246"
    },
    {
      "type": "Feature",
      "properties": {
        "@id": "way/220332247",
        "bridge": "yes",
        "highway": "motorway",
        "layer": "1",
        "name": "Apapa-Oworonsoki Expressway",
        "oneway": "yes",
        "ref": "F265",
        "source": "Bing",
        "surface": "paved",
        "@geometry": "center"
      },
      "geometry": {
        "type": "Point",
        "coordinates": [
          3.380089,
          6.548345
        ]
      },
      "id": "way/220332247"
    },
    {
      "type": "Feature",
      "properties": {
        "@id": "way/220465501",
        "bridge": "yes",
        "highway": "residential",
        "layer": "1",
        "oneway": "no",
        "@geometry": "center"
      },
      "geometry": {
        "type": "Point",
        "coordinates": [
          3.3963471,
          6.5474144
        ]
      },
      "id": "way/220465501"
    },
    {
      "type": "Feature",
      "properties": {
        "@id": "way/220465505",
        "bridge": "yes",
        "highway": "residential",
        "layer": "1",
        "oneway": "no",
        "@geometry": "center"
      },
      "geometry": {
        "type": "Point",
        "coordinates": [
          3.3961188,
          6.5482196
        ]
      },
      "id": "way/220465505"
    },
    {
      "type": "Feature",
      "properties": {
        "@id": "way/220465509",
        "bridge": "yes",
        "highway": "residential",
        "layer": "1",
        "source": "Bing",
        "@geometry": "center"
      },
      "geometry": {
        "type": "Point",
        "coordinates": [
          3.3729988,
          6.5495708
        ]
      },
      "id": "way/220465509"
    },
    {
      "type": "Feature",
      "properties": {
        "@id": "way/220639910",
        "bridge": "yes",
        "highway": "tertiary",
        "layer": "1",
        "@geometry": "center"
      },
      "geometry": {
        "type": "Point",
        "coordinates": [
          3.2145782,
          6.4472543
        ]
      },
      "id": "way/220639910"
    },
    {
      "type": "Feature",
      "properties": {
        "@id": "way/220671959",
        "bridge": "yes",
        "highway": "residential",
        "layer": "1",
        "@geometry": "center"
      },
      "geometry": {
        "type": "Point",
        "coordinates": [
          3.2799195,
          6.6104151
        ]
      },
      "id": "way/220671959"
    },
    {
      "type": "Feature",
      "properties": {
        "@id": "way/221871383",
        "bridge": "yes",
        "highway": "motorway",
        "layer": "1",
        "name": "Third Axial Road",
        "oneway": "yes",
        "surface": "asphalt",
        "@geometry": "center"
      },
      "geometry": {
        "type": "Point",
        "coordinates": [
          3.3961296,
          6.5775244
        ]
      },
      "id": "way/221871383"
    },
    {
      "type": "Feature",
      "properties": {
        "@id": "way/221871388",
        "bridge": "yes",
        "highway": "motorway",
        "layer": "1",
        "name": "Third Axial Road",
        "oneway": "yes",
        "surface": "asphalt",
        "@geometry": "center"
      },
      "geometry": {
        "type": "Point",
        "coordinates": [
          3.3963489,
          6.577629
        ]
      },
      "id": "way/221871388"
    },
    {
      "type": "Feature",
      "properties": {
        "@id": "way/221886747",
        "bridge": "yes",
        "highway": "residential",
        "layer": "1",
        "@geometry": "center"
      },
      "geometry": {
        "type": "Point",
        "coordinates": [
          3.4031058,
          6.5753486
        ]
      },
      "id": "way/221886747"
    },
    {
      "type": "Feature",
      "properties": {
        "@id": "way/223403411",
        "bridge": "yes",
        "highway": "tertiary",
        "layer": "1",
        "oneway": "yes",
        "@geometry": "center"
      },
      "geometry": {
        "type": "Point",
        "coordinates": [
          3.3986472,
          6.5873463
        ]
      },
      "id": "way/223403411"
    },
    {
      "type": "Feature",
      "properties": {
        "@id": "way/223533459",
        "bridge": "yes",
        "highway": "residential",
        "layer": "1",
        "@geometry": "center"
      },
      "geometry": {
        "type": "Point",
        "coordinates": [
          3.3970014,
          6.5859073
        ]
      },
      "id": "way/223533459"
    },
    {
      "type": "Feature",
      "properties": {
        "@id": "way/223533485",
        "bridge": "yes",
        "highway": "tertiary",
        "layer": "1",
        "@geometry": "center"
      },
      "geometry": {
        "type": "Point",
        "coordinates": [
          3.3929329,
          6.5857672
        ]
      },
      "id": "way/223533485"
    },
    {
      "type": "Feature",
      "properties": {
        "@id": "way/223533492",
        "bridge": "yes",
        "highway": "tertiary",
        "layer": "1",
        "name": "Demurin Street",
        "oneway": "yes",
        "@geometry": "center"
      },
      "geometry": {
        "type": "Point",
        "coordinates": [
          3.3888185,
          6.5976392
        ]
      },
      "id": "way/223533492"
    },
    {
      "type": "Feature",
      "properties": {
        "@id": "way/223672739",
        "bridge": "yes",
        "highway": "tertiary",
        "layer": "1",
        "name": "Demurin Street",
        "oneway": "yes",
        "@geometry": "center"
      },
      "geometry": {
        "type": "Point",
        "coordinates": [
          3.3953005,
          6.5972389
        ]
      },
      "id": "way/223672739"
    },
    {
      "type": "Feature",
      "properties": {
        "@id": "way/223672741",
        "bridge": "yes",
        "highway": "tertiary",
        "layer": "1",
        "@geometry": "center"
      },
      "geometry": {
        "type": "Point",
        "coordinates": [
          3.3929856,
          6.5927231
        ]
      },
      "id": "way/223672741"
    },
    {
      "type": "Feature",
      "properties": {
        "@id": "way/223672749",
        "bridge": "yes",
        "highway": "footway",
        "layer": "1",
        "@geometry": "center"
      },
      "geometry": {
        "type": "Point",
        "coordinates": [
          3.3924675,
          6.5912643
        ]
      },
      "id": "way/223672749"
    },
    {
      "type": "Feature",
      "properties": {
        "@id": "way/223672750",
        "bridge": "yes",
        "highway": "tertiary",
        "layer": "1",
        "@geometry": "center"
      },
      "geometry": {
        "type": "Point",
        "coordinates": [
          3.3969061,
          6.5912557
        ]
      },
      "id": "way/223672750"
    },
    {
      "type": "Feature",
      "properties": {
        "@id": "way/224228760",
        "bridge": "yes",
        "highway": "residential",
        "layer": "1",
        "@geometry": "center"
      },
      "geometry": {
        "type": "Point",
        "coordinates": [
          3.3987875,
          6.5928769
        ]
      },
      "id": "way/224228760"
    },
    {
      "type": "Feature",
      "properties": {
        "@id": "way/224228761",
        "bridge": "yes",
        "highway": "residential",
        "layer": "1",
        "@geometry": "center"
      },
      "geometry": {
        "type": "Point",
        "coordinates": [
          3.3984863,
          6.5926233
        ]
      },
      "id": "way/224228761"
    },
    {
      "type": "Feature",
      "properties": {
        "@id": "way/224353572",
        "bridge": "yes",
        "highway": "residential",
        "layer": "1",
        "name": "Ogunsowobo Street",
        "@geometry": "center"
      },
      "geometry": {
        "type": "Point",
        "coordinates": [
          3.3888533,
          6.5953262
        ]
      },
      "id": "way/224353572"
    },
    {
      "type": "Feature",
      "properties": {
        "@id": "way/224353584",
        "bridge": "yes",
        "highway": "residential",
        "layer": "1",
        "@geometry": "center"
      },
      "geometry": {
        "type": "Point",
        "coordinates": [
          3.3914335,
          6.5899774
        ]
      },
      "id": "way/224353584"
    },
    {
      "type": "Feature",
      "properties": {
        "@id": "way/224353594",
        "bridge": "yes",
        "highway": "residential",
        "layer": "1",
        "@geometry": "center"
      },
      "geometry": {
        "type": "Point",
        "coordinates": [
          3.3897709,
          6.5932642
        ]
      },
      "id": "way/224353594"
    },
    {
      "type": "Feature",
      "properties": {
        "@id": "way/226068948",
        "bridge": "yes",
        "highway": "residential",
        "layer": "1",
        "name": "Sunmola Street",
        "@geometry": "center"
      },
      "geometry": {
        "type": "Point",
        "coordinates": [
          3.3783019,
          6.5691701
        ]
      },
      "id": "way/226068948"
    },
    {
      "type": "Feature",
      "properties": {
        "@id": "way/231644577",
        "bridge": "yes",
        "foot": "yes",
        "highway": "trunk",
        "lanes": "2",
        "layer": "1",
        "name": "Ikorodu Road",
        "oneway": "yes",
        "ref": "A1",
        "surface": "paved",
        "@geometry": "center"
      },
      "geometry": {
        "type": "Point",
        "coordinates": [
          3.4420905,
          6.612782
        ]
      },
      "id": "way/231644577"
    },
    {
      "type": "Feature",
      "properties": {
        "@id": "way/231644581",
        "bridge": "yes",
        "highway": "trunk",
        "lanes": "2",
        "layer": "1",
        "name": "Ikorodu Road",
        "oneway": "yes",
        "ref": "A1",
        "surface": "paved",
        "@geometry": "center"
      },
      "geometry": {
        "type": "Point",
        "coordinates": [
          3.4504059,
          6.6203625
        ]
      },
      "id": "way/231644581"
    },
    {
      "type": "Feature",
      "properties": {
        "@id": "way/231644583",
        "bridge": "yes",
        "highway": "trunk",
        "lanes": "2",
        "layer": "1",
        "name": "Ikorodu Road",
        "oneway": "yes",
        "ref": "A1",
        "surface": "paved",
        "@geometry": "center"
      },
      "geometry": {
        "type": "Point",
        "coordinates": [
          3.4067288,
          6.6055163
        ]
      },
      "id": "way/231644583"
    },
    {
      "type": "Feature",
      "properties": {
        "@id": "way/231644584",
        "bridge": "yes",
        "foot": "yes",
        "highway": "trunk",
        "lanes": "2",
        "layer": "1",
        "name": "Ikorodu Road",
        "oneway": "yes",
        "ref": "A1",
        "surface": "paved",
        "@geometry": "center"
      },
      "geometry": {
        "type": "Point",
        "coordinates": [
          3.4419647,
          6.6128926
        ]
      },
      "id": "way/231644584"
    },
    {
      "type": "Feature",
      "properties": {
        "@id": "way/231644585",
        "bridge": "yes",
        "highway": "trunk",
        "lanes": "2",
        "layer": "1",
        "name": "Ikorodu Road",
        "oneway": "yes",
        "ref": "A1",
        "surface": "paved",
        "@geometry": "center"
      },
      "geometry": {
        "type": "Point",
        "coordinates": [
          3.4066339,
          6.6056112
        ]
      },
      "id": "way/231644585"
    },
    {
      "type": "Feature",
      "properties": {
        "@id": "way/231644587",
        "bridge": "yes",
        "highway": "trunk",
        "lanes": "2",
        "layer": "1",
        "name": "Ikorodu Road",
        "oneway": "yes",
        "ref": "A1",
        "surface": "paved",
        "@geometry": "center"
      },
      "geometry": {
        "type": "Point",
        "coordinates": [
          3.4505007,
          6.6202367
        ]
      },
      "id": "way/231644587"
    },
    {
      "type": "Feature",
      "properties": {
        "@id": "way/231756298",
        "bridge": "yes",
        "highway": "motorway",
        "lanes": "2",
        "layer": "1",
        "name": "Western Avenue",
        "oneway": "yes",
        "ref": "A1",
        "surface": "paved",
        "@geometry": "center"
      },
      "geometry": {
        "type": "Point",
        "coordinates": [
          3.3632891,
          6.4899272
        ]
      },
      "id": "way/231756298"
    },
    {
      "type": "Feature",
      "properties": {
        "@id": "way/231756310",
        "bridge": "yes",
        "highway": "motorway",
        "lanes": "2",
        "layer": "1",
        "name": "Western Avenue",
        "oneway": "yes",
        "ref": "A1",
        "surface": "paved",
        "@geometry": "center"
      },
      "geometry": {
        "type": "Point",
        "coordinates": [
          3.3634065,
          6.4899706
        ]
      },
      "id": "way/231756310"
    },
    {
      "type": "Feature",
      "properties": {
        "@id": "way/231756314",
        "bridge": "yes",
        "highway": "primary",
        "layer": "1",
        "name": "Western Avenue",
        "oneway": "yes",
        "@geometry": "center"
      },
      "geometry": {
        "type": "Point",
        "coordinates": [
          3.3632033,
          6.4899027
        ]
      },
      "id": "way/231756314"
    },
    {
      "type": "Feature",
      "properties": {
        "@id": "way/231756317",
        "bridge": "yes",
        "highway": "primary",
        "layer": "1",
        "name": "Western Avenue",
        "oneway": "yes",
        "@geometry": "center"
      },
      "geometry": {
        "type": "Point",
        "coordinates": [
          3.3634874,
          6.4899887
        ]
      },
      "id": "way/231756317"
    },
    {
      "type": "Feature",
      "properties": {
        "@id": "way/233089724",
        "access": "private",
        "bridge": "yes",
        "highway": "footway",
        "layer": "1",
        "name": "Ponte do Antigo Forte do Pinhão",
        "note": "private area - no public access",
        "tourism": "attraction",
        "@geometry": "center"
      },
      "geometry": {
        "type": "Point",
        "coordinates": [
          -8.6669968,
          37.0957785
        ]
      },
      "id": "way/233089724"
    },
    {
      "type": "Feature",
      "properties": {
        "@id": "way/233538729",
        "bridge": "yes",
        "highway": "unclassified",
        "layer": "1",
        "@geometry": "center"
      },
      "geometry": {
        "type": "Point",
        "coordinates": [
          -8.6447957,
          37.148876
        ]
      },
      "id": "way/233538729"
    },
    {
      "type": "Feature",
      "properties": {
        "@id": "way/240327653",
        "bicycle": "yes",
        "bridge": "yes",
        "highway": "primary",
        "lanes": "1",
        "layer": "1",
        "maxweight:signed": "no",
        "oneway": "yes",
        "ref": "EN 125",
        "smoothness": "good",
        "surface": "asphalt",
        "@geometry": "center"
      },
      "geometry": {
        "type": "Point",
        "coordinates": [
          -8.6344921,
          37.1587243
        ]
      },
      "id": "way/240327653"
    },
    {
      "type": "Feature",
      "properties": {
        "@id": "way/254848748",
        "bridge": "yes",
        "highway": "track",
        "layer": "1",
        "source": "survey",
        "surface": "gravel",
        "tracktype": "grade3",
        "@geometry": "center"
      },
      "geometry": {
        "type": "Point",
        "coordinates": [
          -8.6698625,
          37.1586782
        ]
      },
      "id": "way/254848748"
    },
    {
      "type": "Feature",
      "properties": {
        "@id": "way/255067257",
        "bridge": "yes",
        "highway": "track",
        "layer": "1",
        "source": "survey",
        "surface": "concrete",
        "tracktype": "grade3",
        "@geometry": "center"
      },
      "geometry": {
        "type": "Point",
        "coordinates": [
          -8.6712421,
          37.1564947
        ]
      },
      "id": "way/255067257"
    },
    {
      "type": "Feature",
      "properties": {
        "@id": "way/264916640",
        "bridge": "yes",
        "highway": "motorway",
        "layer": "1",
        "name": "Apapa Road",
        "oneway": "yes",
        "ref": "A1",
        "surface": "unpaved",
        "@geometry": "center"
      },
      "geometry": {
        "type": "Point",
        "coordinates": [
          3.3636896,
          6.4678305
        ]
      },
      "id": "way/264916640"
    },
    {
      "type": "Feature",
      "properties": {
        "@id": "way/264916641",
        "bridge": "yes",
        "highway": "motorway",
        "layer": "1",
        "name": "Apapa Road",
        "oneway": "yes",
        "ref": "A1",
        "surface": "unpaved",
        "@geometry": "center"
      },
      "geometry": {
        "type": "Point",
        "coordinates": [
          3.3632874,
          6.4700603
        ]
      },
      "id": "way/264916641"
    },
    {
      "type": "Feature",
      "properties": {
        "@id": "way/264916643",
        "bridge": "yes",
        "highway": "motorway",
        "layer": "1",
        "name": "Apapa Road",
        "oneway": "yes",
        "ref": "A1",
        "surface": "paved",
        "@geometry": "center"
      },
      "geometry": {
        "type": "Point",
        "coordinates": [
          3.3641402,
          6.4641677
        ]
      },
      "id": "way/264916643"
    },
    {
      "type": "Feature",
      "properties": {
        "@id": "way/264916645",
        "bridge": "yes",
        "highway": "trunk",
        "layer": "1",
        "name": "Lagos Badagry Expressway",
        "oneway": "yes",
        "ref": "F100",
        "surface": "unpaved",
        "@geometry": "center"
      },
      "geometry": {
        "type": "Point",
        "coordinates": [
          3.3643411,
          6.4762886
        ]
      },
      "id": "way/264916645"
    },
    {
      "type": "Feature",
      "properties": {
        "@id": "way/264916673",
        "bridge": "yes",
        "highway": "trunk_link",
        "layer": "1",
        "oneway": "yes",
        "surface": "unpaved",
        "@geometry": "center"
      },
      "geometry": {
        "type": "Point",
        "coordinates": [
          3.3637257,
          6.475769
        ]
      },
      "id": "way/264916673"
    },
    {
      "type": "Feature",
      "properties": {
        "@id": "way/264916674",
        "bridge": "yes",
        "highway": "trunk_link",
        "layer": "1",
        "oneway": "yes",
        "surface": "unpaved",
        "@geometry": "center"
      },
      "geometry": {
        "type": "Point",
        "coordinates": [
          3.3649843,
          6.4769249
        ]
      },
      "id": "way/264916674"
    },
    {
      "type": "Feature",
      "properties": {
        "@id": "way/279848224",
        "bridge": "yes",
        "highway": "motorway",
        "layer": "1",
        "name": "Lagos-Badagry Expressway",
        "oneway": "yes",
        "ref": "F100",
        "surface": "unpaved",
        "@geometry": "center"
      },
      "geometry": {
        "type": "Point",
        "coordinates": [
          3.3388449,
          6.4747344
        ]
      },
      "id": "way/279848224"
    },
    {
      "type": "Feature",
      "properties": {
        "@id": "way/280363732",
        "bridge": "yes",
        "highway": "path",
        "layer": "1",
        "source": "Bing",
        "@geometry": "center"
      },
      "geometry": {
        "type": "Point",
        "coordinates": [
          3.3380962,
          6.4995244
        ]
      },
      "id": "way/280363732"
    },
    {
      "type": "Feature",
      "properties": {
        "@id": "way/280363736",
        "bridge": "yes",
        "highway": "residential",
        "layer": "1",
        "source": "Bing",
        "surface": "unpaved",
        "@geometry": "center"
      },
      "geometry": {
        "type": "Point",
        "coordinates": [
          3.3388769,
          6.5014332
        ]
      },
      "id": "way/280363736"
    },
    {
      "type": "Feature",
      "properties": {
        "@id": "way/280385615",
        "bridge": "yes",
        "highway": "residential",
        "layer": "1",
        "name": "Kadiri Street",
        "surface": "unpaved",
        "@geometry": "center"
      },
      "geometry": {
        "type": "Point",
        "coordinates": [
          3.3388654,
          6.5034232
        ]
      },
      "id": "way/280385615"
    },
    {
      "type": "Feature",
      "properties": {
        "@id": "way/280385620",
        "bridge": "yes",
        "highway": "residential",
        "layer": "1",
        "name": "Onibuore Street",
        "@geometry": "center"
      },
      "geometry": {
        "type": "Point",
        "coordinates": [
          3.3399705,
          6.5067777
        ]
      },
      "id": "way/280385620"
    },
    {
      "type": "Feature",
      "properties": {
        "@id": "way/280385622",
        "bridge": "yes",
        "highway": "tertiary",
        "layer": "1",
        "name": "Suru Alaba Road",
        "oneway": "no",
        "surface": "unpaved",
        "@geometry": "center"
      },
      "geometry": {
        "type": "Point",
        "coordinates": [
          3.3235642,
          6.4623308
        ]
      },
      "id": "way/280385622"
    },
    {
      "type": "Feature",
      "properties": {
        "@id": "way/280398132",
        "bridge": "yes",
        "highway": "tertiary",
        "is_in": "Surulere,Lagos,Nigeria",
        "lanes": "4",
        "layer": "1",
        "name": "Akerele Road",
        "oneway": "yes",
        "@geometry": "center"
      },
      "geometry": {
        "type": "Point",
        "coordinates": [
          3.3542822,
          6.5055165
        ]
      },
      "id": "way/280398132"
    },
    {
      "type": "Feature",
      "properties": {
        "@id": "way/280398133",
        "bridge": "yes",
        "highway": "tertiary",
        "is_in": "Surulere,Lagos,Nigeria",
        "lanes": "4",
        "layer": "1",
        "name": "Akerele Road",
        "oneway": "yes",
        "@geometry": "center"
      },
      "geometry": {
        "type": "Point",
        "coordinates": [
          3.3587692,
          6.5032756
        ]
      },
      "id": "way/280398133"
    },
    {
      "type": "Feature",
      "properties": {
        "@id": "way/280398136",
        "bridge": "yes",
        "highway": "secondary",
        "is_in": "Surulere,Lagos,Nigeria",
        "layer": "1",
        "name": "Babs Animashaun Street",
        "@geometry": "center"
      },
      "geometry": {
        "type": "Point",
        "coordinates": [
          3.3486398,
          6.4919161
        ]
      },
      "id": "way/280398136"
    },
    {
      "type": "Feature",
      "properties": {
        "@id": "way/280398138",
        "bridge": "yes",
        "highway": "secondary",
        "is_in": "Surulere,Lagos,Nigeria",
        "lanes": "1",
        "layer": "1",
        "name": "Bode Thomas Street",
        "@geometry": "center"
      },
      "geometry": {
        "type": "Point",
        "coordinates": [
          3.361143,
          6.4882365
        ]
      },
      "id": "way/280398138"
    },
    {
      "type": "Feature",
      "properties": {
        "@id": "way/280398142",
        "bridge": "yes",
        "highway": "residential",
        "layer": "1",
        "name": "Gbaja Street",
        "@geometry": "center"
      },
      "geometry": {
        "type": "Point",
        "coordinates": [
          3.3593109,
          6.5042986
        ]
      },
      "id": "way/280398142"
    },
    {
      "type": "Feature",
      "properties": {
        "@id": "way/280398148",
        "bridge": "yes",
        "highway": "unclassified",
        "layer": "1",
        "name": "Itire Road",
        "source": "bing",
        "surface": "unpaved",
        "@geometry": "center"
      },
      "geometry": {
        "type": "Point",
        "coordinates": [
          3.3331881,
          6.4626543
        ]
      },
      "id": "way/280398148"
    },
    {
      "type": "Feature",
      "properties": {
        "@id": "way/280570882",
        "bridge": "yes",
        "highway": "residential",
        "layer": "1",
        "name": "Achakpo Street",
        "source": "bing",
        "surface": "unpaved",
        "@geometry": "center"
      },
      "geometry": {
        "type": "Point",
        "coordinates": [
          3.3423678,
          6.451861
        ]
      },
      "id": "way/280570882"
    },
    {
      "type": "Feature",
      "properties": {
        "@id": "way/280570883",
        "bridge": "yes",
        "highway": "residential",
        "layer": "1",
        "name": "Adele Road",
        "oneway": "no",
        "@geometry": "center"
      },
      "geometry": {
        "type": "Point",
        "coordinates": [
          3.3682539,
          6.4400575
        ]
      },
      "id": "way/280570883"
    },
    {
      "type": "Feature",
      "properties": {
        "@id": "way/280570885",
        "bridge": "yes",
        "highway": "secondary",
        "layer": "1",
        "name": "Amore Street",
        "ref": "A1-1",
        "source": "bing",
        "surface": "unpaved",
        "@geometry": "center"
      },
      "geometry": {
        "type": "Point",
        "coordinates": [
          3.3503953,
          6.4528728
        ]
      },
      "id": "way/280570885"
    },
    {
      "type": "Feature",
      "properties": {
        "@id": "way/280570887",
        "bridge": "yes",
        "highway": "residential",
        "layer": "1",
        "name": "Ashanti Road",
        "oneway": "no",
        "surface": "unpaved",
        "@geometry": "center"
      },
      "geometry": {
        "type": "Point",
        "coordinates": [
          3.3677804,
          6.4414253
        ]
      },
      "id": "way/280570887"
    },
    {
      "type": "Feature",
      "properties": {
        "@id": "way/280570889",
        "bridge": "yes",
        "highway": "tertiary",
        "layer": "1",
        "name": "Baale Adeyemo Street",
        "oneway": "no",
        "surface": "unpaved",
        "@geometry": "center"
      },
      "geometry": {
        "type": "Point",
        "coordinates": [
          3.3427555,
          6.4588278
        ]
      },
      "id": "way/280570889"
    },
    {
      "type": "Feature",
      "properties": {
        "@id": "way/280570895",
        "bridge": "yes",
        "highway": "secondary",
        "layer": "1",
        "name": "Gaskiya College Road",
        "oneway": "yes",
        "source": "bing",
        "@geometry": "center"
      },
      "geometry": {
        "type": "Point",
        "coordinates": [
          3.3554521,
          6.4665217
        ]
      },
      "id": "way/280570895"
    },
    {
      "type": "Feature",
      "properties": {
        "@id": "way/280570901",
        "bridge": "yes",
        "highway": "residential",
        "layer": "1",
        "name": "Odoula Road",
        "oneway": "no",
        "surface": "unpaved",
        "@geometry": "center"
      },
      "geometry": {
        "type": "Point",
        "coordinates": [
          3.3679721,
          6.4408512
        ]
      },
      "id": "way/280570901"
    },
    {
      "type": "Feature",
      "properties": {
        "@id": "way/280570904",
        "bridge": "yes",
        "highway": "unclassified",
        "layer": "1",
        "name": "Olayinka Street",
        "source": "bing",
        "surface": "unpaved",
        "@geometry": "center"
      },
      "geometry": {
        "type": "Point",
        "coordinates": [
          3.3481129,
          6.4631938
        ]
      },
      "id": "way/280570904"
    },
    {
      "type": "Feature",
      "properties": {
        "@id": "way/280570905",
        "bridge": "yes",
        "highway": "service",
        "layer": "1",
        "name": "Queens Barracks",
        "oneway": "no",
        "surface": "unpaved",
        "@geometry": "center"
      },
      "geometry": {
        "type": "Point",
        "coordinates": [
          3.3680329,
          6.4426453
        ]
      },
      "id": "way/280570905"
    },
    {
      "type": "Feature",
      "properties": {
        "@id": "way/280570907",
        "bridge": "yes",
        "highway": "residential",
        "layer": "1",
        "name": "Sanya Street",
        "source": "Bing",
        "@geometry": "center"
      },
      "geometry": {
        "type": "Point",
        "coordinates": [
          3.3296111,
          6.4844317
        ]
      },
      "id": "way/280570907"
    },
    {
      "type": "Feature",
      "properties": {
        "@id": "way/280570911",
        "bridge": "yes",
        "highway": "primary",
        "layer": "1",
        "oneway": "yes",
        "surface": "unpaved",
        "@geometry": "center"
      },
      "geometry": {
        "type": "Point",
        "coordinates": [
          3.3679093,
          6.4804342
        ]
      },
      "id": "way/280570911"
    },
    {
      "type": "Feature",
      "properties": {
        "@id": "way/280570915",
        "bridge": "yes",
        "highway": "primary",
        "layer": "1",
        "oneway": "yes",
        "surface": "unpaved",
        "@geometry": "center"
      },
      "geometry": {
        "type": "Point",
        "coordinates": [
          3.3674862,
          6.4809747
        ]
      },
      "id": "way/280570915"
    },
    {
      "type": "Feature",
      "properties": {
        "@id": "way/280570916",
        "bridge": "yes",
        "highway": "residential",
        "layer": "1",
        "surface": "unpaved",
        "@geometry": "center"
      },
      "geometry": {
        "type": "Point",
        "coordinates": [
          3.3621126,
          6.5062903
        ]
      },
      "id": "way/280570916"
    },
    {
      "type": "Feature",
      "properties": {
        "@id": "way/280602470",
        "bridge": "yes",
        "highway": "footway",
        "layer": "1",
        "name": "Abeokuta Street",
        "source": "BING",
        "@geometry": "center"
      },
      "geometry": {
        "type": "Point",
        "coordinates": [
          3.3383667,
          6.5155446
        ]
      },
      "id": "way/280602470"
    },
    {
      "type": "Feature",
      "properties": {
        "@id": "way/280602478",
        "bridge": "yes",
        "highway": "residential",
        "layer": "1",
        "@geometry": "center"
      },
      "geometry": {
        "type": "Point",
        "coordinates": [
          3.3385358,
          6.5000568
        ]
      },
      "id": "way/280602478"
    },
    {
      "type": "Feature",
      "properties": {
        "@id": "way/282425744",
        "bridge": "yes",
        "highway": "primary",
        "lanes": "2",
        "layer": "1",
        "oneway": "no",
        "ref": "F101",
        "surface": "paved",
        "@geometry": "center"
      },
      "geometry": {
        "type": "Point",
        "coordinates": [
          3.8961792,
          6.6328167
        ]
      },
      "id": "way/282425744"
    },
    {
      "type": "Feature",
      "properties": {
        "@id": "way/282425754",
        "bridge": "yes",
        "highway": "trunk",
        "lanes": "2",
        "layer": "1",
        "name": "Lekki-Epe Expressway",
        "oneway": "no",
        "surface": "paved",
        "@geometry": "center"
      },
      "geometry": {
        "type": "Point",
        "coordinates": [
          3.9468078,
          6.5786997
        ]
      },
      "id": "way/282425754"
    },
    {
      "type": "Feature",
      "properties": {
        "@id": "way/284326299",
        "bridge": "yes",
        "highway": "tertiary",
        "lanes": "2",
        "layer": "1",
        "lit": "yes",
        "name": "Avenida das Comunidades Portuguesas",
        "old_ref": "EN 125",
        "sidewalk:both": "separate",
        "surface": "asphalt",
        "@geometry": "center"
      },
      "geometry": {
        "type": "Point",
        "coordinates": [
          -8.6779112,
          37.09645
        ]
      },
      "id": "way/284326299"
    },
    {
      "type": "Feature",
      "properties": {
        "@id": "way/292634029",
        "bridge": "yes",
        "highway": "footway",
        "layer": "1",
        "@geometry": "center"
      },
      "geometry": {
        "type": "Point",
        "coordinates": [
          3.3783897,
          6.5994757
        ]
      },
      "id": "way/292634029"
    },
    {
      "type": "Feature",
      "properties": {
        "@id": "way/294599771",
        "bridge": "yes",
        "highway": "primary",
        "lanes": "2",
        "layer": "1",
        "name": "Admiralty Way",
        "oneway": "yes",
        "surface": "paving_stones",
        "@geometry": "center"
      },
      "geometry": {
        "type": "Point",
        "coordinates": [
          3.466239,
          6.4474994
        ]
      },
      "id": "way/294599771"
    },
    {
      "type": "Feature",
      "properties": {
        "@id": "way/294599773",
        "bridge": "yes",
        "highway": "primary",
        "lanes": "2",
        "layer": "1",
        "name": "Admiralty Way",
        "oneway": "yes",
        "surface": "paving_stones",
        "@geometry": "center"
      },
      "geometry": {
        "type": "Point",
        "coordinates": [
          3.46629,
          6.447401
        ]
      },
      "id": "way/294599773"
    },
    {
      "type": "Feature",
      "properties": {
        "@id": "way/294603096",
        "bridge": "yes",
        "highway": "tertiary",
        "layer": "1",
        "name": "Fola Osibo Street",
        "surface": "paving_stones",
        "@geometry": "center"
      },
      "geometry": {
        "type": "Point",
        "coordinates": [
          3.4713581,
          6.4426416
        ]
      },
      "id": "way/294603096"
    },
    {
      "type": "Feature",
      "properties": {
        "@id": "way/294603116",
        "bridge": "yes",
        "highway": "tertiary",
        "layer": "1",
        "name": "Hakeem Dickson Road",
        "surface": "paving_stones",
        "@geometry": "center"
      },
      "geometry": {
        "type": "Point",
        "coordinates": [
          3.4745915,
          6.4396347
        ]
      },
      "id": "way/294603116"
    },
    {
      "type": "Feature",
      "properties": {
        "@id": "way/294603119",
        "bridge": "yes",
        "highway": "unclassified",
        "layer": "1",
        "name": "Kayode Animashaun Street",
        "source": "Bing",
        "@geometry": "center"
      },
      "geometry": {
        "type": "Point",
        "coordinates": [
          3.4690347,
          6.4448247
        ]
      },
      "id": "way/294603119"
    },
    {
      "type": "Feature",
      "properties": {
        "@id": "way/294812840",
        "bridge": "yes",
        "highway": "unclassified",
        "layer": "1",
        "oneway": "no",
        "@geometry": "center"
      },
      "geometry": {
        "type": "Point",
        "coordinates": [
          3.4535248,
          6.4380301
        ]
      },
      "id": "way/294812840"
    },
    {
      "type": "Feature",
      "properties": {
        "@id": "way/294887040",
        "bridge": "yes",
        "highway": "trunk",
        "lanes": "2",
        "layer": "1",
        "name": "Lekki-Epe Expressway",
        "oneway": "yes",
        "surface": "paved",
        "@geometry": "center"
      },
      "geometry": {
        "type": "Point",
        "coordinates": [
          3.5475383,
          6.4482128
        ]
      },
      "id": "way/294887040"
    },
    {
      "type": "Feature",
      "properties": {
        "@id": "way/294887064",
        "bridge": "yes",
        "highway": "secondary",
        "layer": "1",
        "name": "Hon. Yaya Dosunmu Way",
        "@geometry": "center"
      },
      "geometry": {
        "type": "Point",
        "coordinates": [
          3.5074796,
          6.4407107
        ]
      },
      "id": "way/294887064"
    },
    {
      "type": "Feature",
      "properties": {
        "@id": "way/294887113",
        "bridge": "yes",
        "highway": "trunk",
        "lanes": "2",
        "layer": "1",
        "name": "Lekki-Epe Expressway",
        "oneway": "yes",
        "surface": "paved",
        "@geometry": "center"
      },
      "geometry": {
        "type": "Point",
        "coordinates": [
          3.5105101,
          6.4371566
        ]
      },
      "id": "way/294887113"
    },
    {
      "type": "Feature",
      "properties": {
        "@id": "way/294887117",
        "bridge": "yes",
        "highway": "trunk",
        "lanes": "2",
        "layer": "1",
        "maxspeed": "50",
        "name": "Lekki-Epe Expressway",
        "oneway": "yes",
        "sidewalk:right": "separate",
        "surface": "paved",
        "@geometry": "center"
      },
      "geometry": {
        "type": "Point",
        "coordinates": [
          3.5105845,
          6.4370519
        ]
      },
      "id": "way/294887117"
    },
    {
      "type": "Feature",
      "properties": {
        "@id": "way/294887118",
        "bridge": "yes",
        "highway": "trunk",
        "lanes": "2",
        "layer": "1",
        "name": "Lekki-Epe Expressway",
        "oneway": "yes",
        "surface": "paved",
        "@geometry": "center"
      },
      "geometry": {
        "type": "Point",
        "coordinates": [
          3.5475685,
          6.4480921
        ]
      },
      "id": "way/294887118"
    },
    {
      "type": "Feature",
      "properties": {
        "@id": "way/304228046",
        "bridge": "yes",
        "foot": "designated",
        "highway": "footway",
        "incline": "down",
        "layer": "2",
        "lit": "yes",
        "width": "1",
        "@geometry": "center"
      },
      "geometry": {
        "type": "Point",
        "coordinates": [
          -8.6731969,
          37.1040034
        ]
      },
      "id": "way/304228046"
    },
    {
      "type": "Feature",
      "properties": {
        "@id": "way/314238799",
        "bridge": "yes",
        "highway": "tertiary",
        "layer": "1",
        "name": "Eleko-Folu Road",
        "surface": "asphalt",
        "@geometry": "center"
      },
      "geometry": {
        "type": "Point",
        "coordinates": [
          4.1530262,
          6.4012817
        ]
      },
      "id": "way/314238799"
    },
    {
      "type": "Feature",
      "properties": {
        "@id": "way/321923999",
        "bridge": "yes",
        "highway": "track",
        "layer": "1",
        "surface": "asphalt",
        "@geometry": "center"
      },
      "geometry": {
        "type": "Point",
        "coordinates": [
          -8.7107489,
          37.1443333
        ]
      },
      "id": "way/321923999"
    },
    {
      "type": "Feature",
      "properties": {
        "@id": "way/323676334",
        "bridge": "yes",
        "highway": "track",
        "layer": "1",
        "@geometry": "center"
      },
      "geometry": {
        "type": "Point",
        "coordinates": [
          -8.6920104,
          37.1271311
        ]
      },
      "id": "way/323676334"
    },
    {
      "type": "Feature",
      "properties": {
        "@id": "way/323676351",
        "bridge": "yes",
        "highway": "unclassified",
        "lanes": "1",
        "layer": "1",
        "surface": "asphalt",
        "@geometry": "center"
      },
      "geometry": {
        "type": "Point",
        "coordinates": [
          -8.6927674,
          37.1272707
        ]
      },
      "id": "way/323676351"
    },
    {
      "type": "Feature",
      "properties": {
        "@id": "way/326065620",
        "bridge": "yes",
        "highway": "track",
        "layer": "1",
        "@geometry": "center"
      },
      "geometry": {
        "type": "Point",
        "coordinates": [
          -8.6510657,
          37.1584074
        ]
      },
      "id": "way/326065620"
    },
    {
      "type": "Feature",
      "properties": {
        "@id": "way/326463754",
        "bridge": "yes",
        "highway": "track",
        "layer": "1",
        "@geometry": "center"
      },
      "geometry": {
        "type": "Point",
        "coordinates": [
          -8.6538777,
          37.173167
        ]
      },
      "id": "way/326463754"
    },
    {
      "type": "Feature",
      "properties": {
        "@id": "way/326463768",
        "bridge": "yes",
        "highway": "tertiary",
        "lanes": "2",
        "layer": "1",
        "@geometry": "center"
      },
      "geometry": {
        "type": "Point",
        "coordinates": [
          -8.6494327,
          37.1733531
        ]
      },
      "id": "way/326463768"
    },
    {
      "type": "Feature",
      "properties": {
        "@id": "way/326463782",
        "bridge": "yes",
        "highway": "track",
        "layer": "1",
        "@geometry": "center"
      },
      "geometry": {
        "type": "Point",
        "coordinates": [
          -8.6564979,
          37.1716483
        ]
      },
      "id": "way/326463782"
    },
    {
      "type": "Feature",
      "properties": {
        "@id": "way/327464983",
        "bridge": "yes",
        "highway": "track",
        "layer": "1",
        "@geometry": "center"
      },
      "geometry": {
        "type": "Point",
        "coordinates": [
          -8.6503195,
          37.1593066
        ]
      },
      "id": "way/327464983"
    },
    {
      "type": "Feature",
      "properties": {
        "@id": "way/327464989",
        "bridge": "yes",
        "highway": "track",
        "layer": "1",
        "@geometry": "center"
      },
      "geometry": {
        "type": "Point",
        "coordinates": [
          -8.6441021,
          37.1610407
        ]
      },
      "id": "way/327464989"
    },
    {
      "type": "Feature",
      "properties": {
        "@id": "way/328558520",
        "alt_name": "Lagos Island Inner Ring Road",
        "bridge": "yes",
        "highway": "primary",
        "lanes": "2",
        "layer": "1",
        "name": "Ring Road",
        "oneway": "yes",
        "ref": "F264",
        "@geometry": "center"
      },
      "geometry": {
        "type": "Point",
        "coordinates": [
          3.3891723,
          6.4653792
        ]
      },
      "id": "way/328558520"
    },
    {
      "type": "Feature",
      "properties": {
        "@id": "way/328558525",
        "alt_name": "Lagos Island Inner Ring Road",
        "bridge": "yes",
        "highway": "primary",
        "lanes": "2",
        "layer": "1",
        "name": "Ring Road",
        "oneway": "yes",
        "ref": "F264",
        "@geometry": "center"
      },
      "geometry": {
        "type": "Point",
        "coordinates": [
          3.3839724,
          6.4632437
        ]
      },
      "id": "way/328558525"
    },
    {
      "type": "Feature",
      "properties": {
        "@id": "way/328558538",
        "bridge": "yes",
        "highway": "secondary",
        "layer": "1",
        "name": "Carter Bridge",
        "oneway": "yes",
        "ref": "A5",
        "@geometry": "center"
      },
      "geometry": {
        "type": "Point",
        "coordinates": [
          3.3861001,
          6.4640148
        ]
      },
      "id": "way/328558538"
    },
    {
      "type": "Feature",
      "properties": {
        "@id": "way/328558539",
        "bridge": "yes",
        "highway": "primary",
        "layer": "1",
        "name": "Carter Bridge",
        "oneway": "yes",
        "ref": "A5",
        "@geometry": "center"
      },
      "geometry": {
        "type": "Point",
        "coordinates": [
          3.3851971,
          6.4665384
        ]
      },
      "id": "way/328558539"
    },
    {
      "type": "Feature",
      "properties": {
        "@id": "way/328558540",
        "bridge": "yes",
        "highway": "primary",
        "layer": "1",
        "name": "Ring Road",
        "oneway": "yes",
        "@geometry": "center"
      },
      "geometry": {
        "type": "Point",
        "coordinates": [
          3.3961055,
          6.4619413
        ]
      },
      "id": "way/328558540"
    },
    {
      "type": "Feature",
      "properties": {
        "@id": "way/334028399",
        "bridge": "yes",
        "highway": "tertiary",
        "lanes": "1",
        "layer": "1",
        "surface": "asphalt",
        "width": "4",
        "@geometry": "center"
      },
      "geometry": {
        "type": "Point",
        "coordinates": [
          -8.7729463,
          37.140815
        ]
      },
      "id": "way/334028399"
    },
    {
      "type": "Feature",
      "properties": {
        "@id": "way/352229466",
        "bridge": "yes",
        "highway": "primary",
        "lanes": "2",
        "layer": "1",
        "name": "MMIA Departures",
        "oneway": "yes",
        "surface": "asphalt",
        "@geometry": "center"
      },
      "geometry": {
        "type": "Point",
        "coordinates": [
          3.3211534,
          6.5775765
        ]
      },
      "id": "way/352229466"
    },
    {
      "type": "Feature",
      "properties": {
        "@id": "way/367088179",
        "bicycle": "yes",
        "bridge": "yes",
        "footway": "sidewalk",
        "highway": "footway",
        "layer": "1",
        "lit": "yes",
        "name": "Ponte Dona Maria II",
        "@geometry": "center"
      },
      "geometry": {
        "type": "Point",
        "coordinates": [
          -8.6767849,
          37.1115938
        ]
      },
      "id": "way/367088179"
    },
    {
      "type": "Feature",
      "properties": {
        "@id": "way/367088180",
        "bicycle": "yes",
        "bridge": "yes",
        "footway": "sidewalk",
        "highway": "footway",
        "layer": "1",
        "lit": "yes",
        "name": "Ponte Dona Maria II",
        "surface": "asphalt",
        "@geometry": "center"
      },
      "geometry": {
        "type": "Point",
        "coordinates": [
          -8.6767038,
          37.1115627
        ]
      },
      "id": "way/367088180"
    },
    {
      "type": "Feature",
      "properties": {
        "@id": "way/370182610",
        "bridge": "yes",
        "highway": "unclassified",
        "layer": "1",
        "surface": "unpaved",
        "@geometry": "center"
      },
      "geometry": {
        "type": "Point",
        "coordinates": [
          3.4694354,
          6.6433733
        ]
      },
      "id": "way/370182610"
    },
    {
      "type": "Feature",
      "properties": {
        "@id": "way/370575839",
        "bridge": "yes",
        "fixme": "cloud cover present",
        "highway": "tertiary",
        "surface": "unpaved",
        "@geometry": "center"
      },
      "geometry": {
        "type": "Point",
        "coordinates": [
          2.9095779,
          6.4740098
        ]
      },
      "id": "way/370575839"
    },
    {
      "type": "Feature",
      "properties": {
        "@id": "way/370575840",
        "bridge": "yes",
        "fixme": "cloud cover present",
        "highway": "tertiary",
        "layer": "1",
        "surface": "unpaved",
        "@geometry": "center"
      },
      "geometry": {
        "type": "Point",
        "coordinates": [
          2.89747,
          6.4480399
        ]
      },
      "id": "way/370575840"
    },
    {
      "type": "Feature",
      "properties": {
        "@id": "way/371191075",
        "bridge": "yes",
        "highway": "unclassified",
        "layer": "1",
        "surface": "unpaved",
        "@geometry": "center"
      },
      "geometry": {
        "type": "Point",
        "coordinates": [
          3.903695,
          6.4876238
        ]
      },
      "id": "way/371191075"
    },
    {
      "type": "Feature",
      "properties": {
        "@id": "way/374954762",
        "bridge": "yes",
        "highway": "footway",
        "layer": "1",
        "surface": "wood",
        "@geometry": "center"
      },
      "geometry": {
        "type": "Point",
        "coordinates": [
          -8.6718329,
          37.1022218
        ]
      },
      "id": "way/374954762"
    },
    {
      "type": "Feature",
      "properties": {
        "@id": "way/399403548",
        "bridge": "yes",
        "highway": "secondary",
        "lanes": "3",
        "layer": "1",
        "name": "Avenue 1",
        "oneway": "yes",
        "@geometry": "center"
      },
      "geometry": {
        "type": "Point",
        "coordinates": [
          3.4142588,
          6.4125242
        ]
      },
      "id": "way/399403548"
    },
    {
      "type": "Feature",
      "properties": {
        "@id": "way/399403551",
        "bridge": "yes",
        "highway": "secondary",
        "lanes": "3",
        "layer": "1",
        "name": "Avenue 1",
        "oneway": "yes",
        "@geometry": "center"
      },
      "geometry": {
        "type": "Point",
        "coordinates": [
          3.4143666,
          6.4125589
        ]
      },
      "id": "way/399403551"
    },
    {
      "type": "Feature",
      "properties": {
        "@id": "way/399403554",
        "bridge": "yes",
        "highway": "primary",
        "lanes": "4",
        "layer": "1",
        "name": "Eko Boulevard",
        "oneway": "yes",
        "surface": "paving_stones",
        "@geometry": "center"
      },
      "geometry": {
        "type": "Point",
        "coordinates": [
          3.4163621,
          6.4133154
        ]
      },
      "id": "way/399403554"
    },
    {
      "type": "Feature",
      "properties": {
        "@id": "way/399403555",
        "bridge": "yes",
        "highway": "primary",
        "lanes": "4",
        "layer": "1",
        "name": "Eko Boulevard",
        "oneway": "yes",
        "surface": "paving_stones",
        "@geometry": "center"
      },
      "geometry": {
        "type": "Point",
        "coordinates": [
          3.4162462,
          6.4132729
        ]
      },
      "id": "way/399403555"
    },
    {
      "type": "Feature",
      "properties": {
        "@id": "way/399403563",
        "bridge": "yes",
        "highway": "secondary",
        "lanes": "3",
        "layer": "1",
        "name": "Avenue 2",
        "oneway": "yes",
        "@geometry": "center"
      },
      "geometry": {
        "type": "Point",
        "coordinates": [
          3.4181555,
          6.4140678
        ]
      },
      "id": "way/399403563"
    },
    {
      "type": "Feature",
      "properties": {
        "@id": "way/399403564",
        "bridge": "yes",
        "highway": "secondary",
        "lanes": "3",
        "layer": "1",
        "name": "Avenue 2",
        "oneway": "yes",
        "@geometry": "center"
      },
      "geometry": {
        "type": "Point",
        "coordinates": [
          3.418276,
          6.4141019
        ]
      },
      "id": "way/399403564"
    },
    {
      "type": "Feature",
      "properties": {
        "@id": "way/406227367",
        "bridge": "yes",
        "highway": "trunk_link",
        "layer": "1",
        "oneway": "yes",
        "@geometry": "center"
      },
      "geometry": {
        "type": "Point",
        "coordinates": [
          3.4260104,
          6.4394705
        ]
      },
      "id": "way/406227367"
    },
    {
      "type": "Feature",
      "properties": {
        "@id": "way/406854751",
        "bridge": "yes",
        "highway": "tertiary",
        "lane_markings": "yes",
        "lanes": "2",
        "layer": "1",
        "lit": "yes",
        "maxspeed": "40",
        "name": "Ponte Dona Maria II",
        "sidewalk:both": "separate",
        "surface": "asphalt",
        "@geometry": "center"
      },
      "geometry": {
        "type": "Point",
        "coordinates": [
          -8.6767446,
          37.1115797
        ]
      },
      "id": "way/406854751"
    },
    {
      "type": "Feature",
      "properties": {
        "@id": "way/407972971",
        "bridge": "yes",
        "highway": "path",
        "layer": "1",
        "@geometry": "center"
      },
      "geometry": {
        "type": "Point",
        "coordinates": [
          3.3881756,
          6.4930433
        ]
      },
      "id": "way/407972971"
    },
    {
      "type": "Feature",
      "properties": {
        "@id": "way/407972972",
        "bridge": "yes",
        "highway": "residential",
        "layer": "1",
        "surface": "unpaved",
        "@geometry": "center"
      },
      "geometry": {
        "type": "Point",
        "coordinates": [
          3.3879492,
          6.4927945
        ]
      },
      "id": "way/407972972"
    },
    {
      "type": "Feature",
      "properties": {
        "@id": "way/407972973",
        "bridge": "yes",
        "highway": "path",
        "layer": "1",
        "@geometry": "center"
      },
      "geometry": {
        "type": "Point",
        "coordinates": [
          3.3872946,
          6.494573
        ]
      },
      "id": "way/407972973"
    },
    {
      "type": "Feature",
      "properties": {
        "@id": "way/407972975",
        "bridge": "yes",
        "highway": "path",
        "layer": "1",
        "@geometry": "center"
      },
      "geometry": {
        "type": "Point",
        "coordinates": [
          3.3884806,
          6.4932486
        ]
      },
      "id": "way/407972975"
    },
    {
      "type": "Feature",
      "properties": {
        "@id": "way/407972976",
        "bridge": "yes",
        "highway": "primary",
        "layer": "1",
        "maxspeed": "80",
        "name": "Clinic Road Lagos Mainland",
        "oneway": "yes",
        "surface": "paved",
        "@geometry": "center"
      },
      "geometry": {
        "type": "Point",
        "coordinates": [
          3.3877031,
          6.4922708
        ]
      },
      "id": "way/407972976"
    },
    {
      "type": "Feature",
      "properties": {
        "@id": "way/407972978",
        "bridge": "yes",
        "highway": "path",
        "layer": "1",
        "@geometry": "center"
      },
      "geometry": {
        "type": "Point",
        "coordinates": [
          3.3958256,
          6.500099
        ]
      },
      "id": "way/407972978"
    },
    {
      "type": "Feature",
      "properties": {
        "@id": "way/407972979",
        "bridge": "yes",
        "highway": "path",
        "layer": "1",
        "@geometry": "center"
      },
      "geometry": {
        "type": "Point",
        "coordinates": [
          3.3939417,
          6.5001545
        ]
      },
      "id": "way/407972979"
    },
    {
      "type": "Feature",
      "properties": {
        "@id": "way/407972980",
        "bridge": "yes",
        "highway": "primary",
        "layer": "1",
        "maxspeed": "80",
        "name": "Clinic Road Lagos Mainland",
        "oneway": "yes",
        "surface": "paved",
        "@geometry": "center"
      },
      "geometry": {
        "type": "Point",
        "coordinates": [
          3.3877192,
          6.4923679
        ]
      },
      "id": "way/407972980"
    },
    {
      "type": "Feature",
      "properties": {
        "@id": "way/407972981",
        "bridge": "yes",
        "highway": "path",
        "layer": "1",
        "surface": "unpaved",
        "@geometry": "center"
      },
      "geometry": {
        "type": "Point",
        "coordinates": [
          3.3948066,
          6.5009769
        ]
      },
      "id": "way/407972981"
    },
    {
      "type": "Feature",
      "properties": {
        "@id": "way/407972983",
        "bridge": "yes",
        "highway": "path",
        "layer": "1",
        "surface": "unpaved",
        "@geometry": "center"
      },
      "geometry": {
        "type": "Point",
        "coordinates": [
          3.3871643,
          6.4924192
        ]
      },
      "id": "way/407972983"
    },
    {
      "type": "Feature",
      "properties": {
        "@id": "way/428744091",
        "bridge": "yes",
        "highway": "track",
        "incline": "0%",
        "layer": "1",
        "smoothness": "horrible",
        "surface": "ground",
        "tracktype": "grade2",
        "width": "2",
        "@geometry": "center"
      },
      "geometry": {
        "type": "Point",
        "coordinates": [
          -8.6937361,
          37.1853689
        ]
      },
      "id": "way/428744091"
    },
    {
      "type": "Feature",
      "properties": {
        "@id": "way/438025871",
        "bridge": "yes",
        "highway": "residential",
        "layer": "1",
        "surface": "unpaved",
        "@geometry": "center"
      },
      "geometry": {
        "type": "Point",
        "coordinates": [
          3.1901501,
          6.467591
        ]
      },
      "id": "way/438025871"
    },
    {
      "type": "Feature",
      "properties": {
        "@id": "way/448988890",
        "bridge": "yes",
        "highway": "footway",
        "layer": "4",
        "@geometry": "center"
      },
      "geometry": {
        "type": "Point",
        "coordinates": [
          3.4565548,
          6.4348149
        ]
      },
      "id": "way/448988890"
    },
    {
      "type": "Feature",
      "properties": {
        "@id": "way/461310049",
        "bridge": "yes",
        "highway": "unclassified",
        "lanes": "1",
        "layer": "1",
        "surface": "asphalt",
        "width": "4",
        "@geometry": "center"
      },
      "geometry": {
        "type": "Point",
        "coordinates": [
          -8.7475682,
          37.1047337
        ]
      },
      "id": "way/461310049"
    },
    {
      "type": "Feature",
      "properties": {
        "@id": "way/461314432",
        "bridge": "yes",
        "highway": "track",
        "layer": "1",
        "tracktype": "grade3",
        "@geometry": "center"
      },
      "geometry": {
        "type": "Point",
        "coordinates": [
          -8.7654895,
          37.0942437
        ]
      },
      "id": "way/461314432"
    },
    {
      "type": "Feature",
      "properties": {
        "@id": "way/461315382",
        "bridge": "yes",
        "highway": "unclassified",
        "layer": "1",
        "surface": "asphalt",
        "@geometry": "center"
      },
      "geometry": {
        "type": "Point",
        "coordinates": [
          -8.7703666,
          37.0912369
        ]
      },
      "id": "way/461315382"
    },
    {
      "type": "Feature",
      "properties": {
        "@id": "way/462856750",
        "bridge": "yes",
        "highway": "primary",
        "lanes": "2",
        "layer": "1",
        "lit": "no",
        "maxweight:signed": "no",
        "surface": "asphalt",
        "@geometry": "center"
      },
      "geometry": {
        "type": "Point",
        "coordinates": [
          -8.7647948,
          37.0954067
        ]
      },
      "id": "way/462856750"
    },
    {
      "type": "Feature",
      "properties": {
        "@id": "way/462928702",
        "bridge": "yes",
        "highway": "footway",
        "layer": "1",
        "@geometry": "center"
      },
      "geometry": {
        "type": "Point",
        "coordinates": [
          -8.6836168,
          37.1103072
        ]
      },
      "id": "way/462928702"
    },
    {
      "type": "Feature",
      "properties": {
        "@id": "way/484704051",
        "bridge": "yes",
        "highway": "footway",
        "layer": "4",
        "@geometry": "center"
      },
      "geometry": {
        "type": "Point",
        "coordinates": [
          3.4400149,
          6.4372639
        ]
      },
      "id": "way/484704051"
    },
    {
      "type": "Feature",
      "properties": {
        "@id": "way/484704065",
        "bridge": "yes",
        "highway": "footway",
        "layer": "4",
        "@geometry": "center"
      },
      "geometry": {
        "type": "Point",
        "coordinates": [
          3.4429345,
          6.4355527
        ]
      },
      "id": "way/484704065"
    },
    {
      "type": "Feature",
      "properties": {
        "@id": "way/493709861",
        "bridge": "yes",
        "highway": "path",
        "layer": "1",
        "name": "Swilcan Bridge Replica",
        "surface": "paving_stones",
        "width": "2",
        "@geometry": "center"
      },
      "geometry": {
        "type": "Point",
        "coordinates": [
          -8.7035143,
          37.0963344
        ]
      },
      "id": "way/493709861"
    },
    {
      "type": "Feature",
      "properties": {
        "@id": "way/496529833",
        "bridge": "yes",
        "highway": "footway",
        "layer": "1",
        "motor_vehicle": "no",
        "@geometry": "center"
      },
      "geometry": {
        "type": "Point",
        "coordinates": [
          3.3339614,
          6.5847121
        ]
      },
      "id": "way/496529833"
    },
    {
      "type": "Feature",
      "properties": {
        "@id": "way/499678924",
        "bridge": "yes",
        "highway": "primary",
        "layer": "1",
        "name": "Lekki - Ikoyi Bridge",
        "oneway": "yes",
        "@geometry": "center"
      },
      "geometry": {
        "type": "Point",
        "coordinates": [
          3.4553043,
          6.448721
        ]
      },
      "id": "way/499678924"
    },
    {
      "type": "Feature",
      "properties": {
        "@id": "way/499678925",
        "bridge": "yes",
        "highway": "primary",
        "layer": "1",
        "name": "Lekki - Ikoyi Bridge",
        "oneway": "yes",
        "@geometry": "center"
      },
      "geometry": {
        "type": "Point",
        "coordinates": [
          3.4552785,
          6.4486579
        ]
      },
      "id": "way/499678925"
    },
    {
      "type": "Feature",
      "properties": {
        "@id": "way/505413825",
        "bridge": "yes",
        "highway": "secondary",
        "layer": "1",
        "oneway": "yes",
        "@geometry": "center"
      },
      "geometry": {
        "type": "Point",
        "coordinates": [
          3.4244591,
          6.4163896
        ]
      },
      "id": "way/505413825"
    },
    {
      "type": "Feature",
      "properties": {
        "@id": "way/507242103",
        "bridge": "yes",
        "highway": "unclassified",
        "layer": "1",
        "name": "Acacia Drive",
        "@geometry": "center"
      },
      "geometry": {
        "type": "Point",
        "coordinates": [
          3.408512,
          6.4611674
        ]
      },
      "id": "way/507242103"
    },
    {
      "type": "Feature",
      "properties": {
        "@id": "way/507242111",
        "bridge": "yes",
        "highway": "unclassified",
        "layer": "1",
        "maxspeed:backward": "35",
        "name": "Royal Palm Drive",
        "@geometry": "center"
      },
      "geometry": {
        "type": "Point",
        "coordinates": [
          3.4093072,
          6.4600381
        ]
      },
      "id": "way/507242111"
    },
    {
      "type": "Feature",
      "properties": {
        "@id": "way/507242121",
        "bridge": "yes",
        "highway": "motorway_link",
        "layer": "1",
        "oneway": "yes",
        "surface": "paved",
        "@geometry": "center"
      },
      "geometry": {
        "type": "Point",
        "coordinates": [
          3.410671,
          6.4578348
        ]
      },
      "id": "way/507242121"
    },
    {
      "type": "Feature",
      "properties": {
        "@id": "way/507242126",
        "bridge": "yes",
        "highway": "primary",
        "layer": "1",
        "name": "Osborne Road",
        "oneway": "yes",
        "ref": "F265",
        "@geometry": "center"
      },
      "geometry": {
        "type": "Point",
        "coordinates": [
          3.4106336,
          6.4578991
        ]
      },
      "id": "way/507242126"
    },
    {
      "type": "Feature",
      "properties": {
        "@id": "way/507242140",
        "bridge": "yes",
        "highway": "primary",
        "layer": "1",
        "name": "Osborne Road",
        "oneway": "yes",
        "@geometry": "center"
      },
      "geometry": {
        "type": "Point",
        "coordinates": [
          3.4105827,
          6.457973
        ]
      },
      "id": "way/507242140"
    },
    {
      "type": "Feature",
      "properties": {
        "@id": "way/507242145",
        "bridge": "yes",
        "highway": "motorway_link",
        "layer": "1",
        "oneway": "yes",
        "ref": "F265",
        "@geometry": "center"
      },
      "geometry": {
        "type": "Point",
        "coordinates": [
          3.4105516,
          6.4580112
        ]
      },
      "id": "way/507242145"
    },
    {
      "type": "Feature",
      "properties": {
        "@id": "way/517114602",
        "bridge": "yes",
        "highway": "footway",
        "layer": "1",
        "@geometry": "center"
      },
      "geometry": {
        "type": "Point",
        "coordinates": [
          3.3795196,
          6.5485328
        ]
      },
      "id": "way/517114602"
    },
    {
      "type": "Feature",
      "properties": {
        "@id": "way/525377047",
        "bridge": "yes",
        "highway": "tertiary",
        "layer": "1",
        "name": "Ligali Ayorinde Street",
        "oneway": "yes",
        "@geometry": "center"
      },
      "geometry": {
        "type": "Point",
        "coordinates": [
          3.4390547,
          6.4351885
        ]
      },
      "id": "way/525377047"
    },
    {
      "type": "Feature",
      "properties": {
        "@id": "way/529444300",
        "bridge": "yes",
        "highway": "tertiary",
        "layer": "1",
        "name": "Ajose Adeogun Street",
        "oneway": "yes",
        "@geometry": "center"
      },
      "geometry": {
        "type": "Point",
        "coordinates": [
          3.4315699,
          6.4309293
        ]
      },
      "id": "way/529444300"
    },
    {
      "type": "Feature",
      "properties": {
        "@id": "way/529444303",
        "bridge": "yes",
        "highway": "tertiary",
        "layer": "1",
        "name": "Ajose Adeogun Street",
        "oneway": "yes",
        "@geometry": "center"
      },
      "geometry": {
        "type": "Point",
        "coordinates": [
          3.4315621,
          6.431038
        ]
      },
      "id": "way/529444303"
    },
    {
      "type": "Feature",
      "properties": {
        "@id": "way/535027936",
        "bridge": "yes",
        "highway": "secondary",
        "layer": "1",
        "name": "Yaba Flyover Bridge",
        "surface": "paved",
        "@geometry": "center"
      },
      "geometry": {
        "type": "Point",
        "coordinates": [
          3.3706867,
          6.5094041
        ]
      },
      "id": "way/535027936"
    },
    {
      "type": "Feature",
      "properties": {
        "@id": "way/535992605",
        "bridge": "yes",
        "highway": "tertiary",
        "layer": "1",
        "name": "Adeniyi Street",
        "oneway": "yes",
        "@geometry": "center"
      },
      "geometry": {
        "type": "Point",
        "coordinates": [
          3.3342412,
          6.5127306
        ]
      },
      "id": "way/535992605"
    },
    {
      "type": "Feature",
      "properties": {
        "@id": "way/536134445",
        "bridge": "yes",
        "highway": "footway",
        "layer": "4",
        "@geometry": "center"
      },
      "geometry": {
        "type": "Point",
        "coordinates": [
          3.5033256,
          6.4360521
        ]
      },
      "id": "way/536134445"
    },
    {
      "type": "Feature",
      "properties": {
        "@id": "way/536134448",
        "bridge": "yes",
        "highway": "footway",
        "layer": "4",
        "@geometry": "center"
      },
      "geometry": {
        "type": "Point",
        "coordinates": [
          3.5094874,
          6.4368932
        ]
      },
      "id": "way/536134448"
    },
    {
      "type": "Feature",
      "properties": {
        "@id": "way/537017445",
        "bridge": "yes",
        "highway": "footway",
        "layer": "2",
        "@geometry": "center"
      },
      "geometry": {
        "type": "Point",
        "coordinates": [
          3.4400143,
          6.4376386
        ]
      },
      "id": "way/537017445"
    },
    {
      "type": "Feature",
      "properties": {
        "@id": "way/541689653",
        "bridge": "yes",
        "highway": "footway",
        "layer": "1",
        "lit": "yes",
        "surface": "concrete",
        "@geometry": "center"
      },
      "geometry": {
        "type": "Point",
        "coordinates": [
          3.3590342,
          6.5818736
        ]
      },
      "id": "way/541689653"
    },
    {
      "type": "Feature",
      "properties": {
        "@id": "way/542661124",
        "bridge": "yes",
        "highway": "tertiary",
        "layer": "1",
        "name": "Cardinal Anthony Olubunmi Okogie Road",
        "oneway": "yes",
        "@geometry": "center"
      },
      "geometry": {
        "type": "Point",
        "coordinates": [
          3.6403064,
          6.4492008
        ]
      },
      "id": "way/542661124"
    },
    {
      "type": "Feature",
      "properties": {
        "@id": "way/542661127",
        "bridge": "yes",
        "highway": "tertiary",
        "layer": "1",
        "name": "Cardinal Anthony Olubunmi Okogie Road",
        "oneway": "yes",
        "@geometry": "center"
      },
      "geometry": {
        "type": "Point",
        "coordinates": [
          3.6402114,
          6.4491946
        ]
      },
      "id": "way/542661127"
    },
    {
      "type": "Feature",
      "properties": {
        "@id": "way/554716705",
        "bridge": "yes",
        "footway": "sidewalk",
        "highway": "footway",
        "layer": "1",
        "@geometry": "center"
      },
      "geometry": {
        "type": "Point",
        "coordinates": [
          3.4552685,
          6.4486151
        ]
      },
      "id": "way/554716705"
    },
    {
      "type": "Feature",
      "properties": {
        "@id": "way/554716706",
        "bridge": "yes",
        "footway": "sidewalk",
        "highway": "footway",
        "layer": "1",
        "@geometry": "center"
      },
      "geometry": {
        "type": "Point",
        "coordinates": [
          3.4553211,
          6.4487598
        ]
      },
      "id": "way/554716706"
    },
    {
      "type": "Feature",
      "properties": {
        "@id": "way/555290585",
        "bridge": "yes",
        "highway": "footway",
        "layer": "1",
        "@geometry": "center"
      },
      "geometry": {
        "type": "Point",
        "coordinates": [
          3.4711602,
          6.4313298
        ]
      },
      "id": "way/555290585"
    },
    {
      "type": "Feature",
      "properties": {
        "@id": "way/556245670",
        "bridge": "yes",
        "highway": "footway",
        "layer": "4",
        "@geometry": "center"
      },
      "geometry": {
        "type": "Point",
        "coordinates": [
          3.5557563,
          6.4615696
        ]
      },
      "id": "way/556245670"
    },
    {
      "type": "Feature",
      "properties": {
        "@id": "way/556245686",
        "bridge": "yes",
        "highway": "trunk",
        "lanes": "2",
        "layer": "1",
        "name": "Lekki-Epe Expressway",
        "oneway": "yes",
        "surface": "paved",
        "@geometry": "center"
      },
      "geometry": {
        "type": "Point",
        "coordinates": [
          3.5553166,
          6.4593077
        ]
      },
      "id": "way/556245686"
    },
    {
      "type": "Feature",
      "properties": {
        "@id": "way/556245689",
        "bridge": "yes",
        "highway": "trunk",
        "lanes": "2",
        "layer": "1",
        "name": "Lekki-Epe Expressway",
        "oneway": "yes",
        "surface": "paved",
        "@geometry": "center"
      },
      "geometry": {
        "type": "Point",
        "coordinates": [
          3.5551077,
          6.4593209
        ]
      },
      "id": "way/556245689"
    },
    {
      "type": "Feature",
      "properties": {
        "@id": "way/557738452",
        "bridge": "yes",
        "highway": "primary",
        "layer": "1",
        "name": "Orchid Road",
        "@geometry": "center"
      },
      "geometry": {
        "type": "Point",
        "coordinates": [
          3.5428009,
          6.4348338
        ]
      },
      "id": "way/557738452"
    },
    {
      "type": "Feature",
      "properties": {
        "@id": "way/558865311",
        "bridge": "yes",
        "highway": "secondary",
        "layer": "1",
        "oneway": "yes",
        "surface": "paved",
        "@geometry": "center"
      },
      "geometry": {
        "type": "Point",
        "coordinates": [
          3.1421368,
          6.4756147
        ]
      },
      "id": "way/558865311"
    },
    {
      "type": "Feature",
      "properties": {
        "@id": "way/558865313",
        "bridge": "yes",
        "highway": "secondary",
        "layer": "1",
        "oneway": "yes",
        "surface": "paved",
        "@geometry": "center"
      },
      "geometry": {
        "type": "Point",
        "coordinates": [
          3.1420657,
          6.4756147
        ]
      },
      "id": "way/558865313"
    },
    {
      "type": "Feature",
      "properties": {
        "@id": "way/558906207",
        "bridge": "yes",
        "highway": "tertiary",
        "layer": "1",
        "name": "Eleko-Folu Road",
        "oneway": "no",
        "surface": "paved",
        "@geometry": "center"
      },
      "geometry": {
        "type": "Point",
        "coordinates": [
          4.1859709,
          6.3978534
        ]
      },
      "id": "way/558906207"
    },
    {
      "type": "Feature",
      "properties": {
        "@id": "way/558906210",
        "bridge": "yes",
        "highway": "tertiary",
        "layer": "1",
        "name": "Eleko-Folu Road",
        "surface": "unpaved",
        "@geometry": "center"
      },
      "geometry": {
        "type": "Point",
        "coordinates": [
          4.2035332,
          6.3937871
        ]
      },
      "id": "way/558906210"
    },
    {
      "type": "Feature",
      "properties": {
        "@id": "way/559065055",
        "bridge": "yes",
        "highway": "path",
        "layer": "1",
        "@geometry": "center"
      },
      "geometry": {
        "type": "Point",
        "coordinates": [
          3.1548662,
          6.4751803
        ]
      },
      "id": "way/559065055"
    },
    {
      "type": "Feature",
      "properties": {
        "@id": "way/559069088",
        "bridge": "yes",
        "highway": "residential",
        "layer": "1",
        "source": "Bing",
        "@geometry": "center"
      },
      "geometry": {
        "type": "Point",
        "coordinates": [
          3.3966391,
          6.4586111
        ]
      },
      "id": "way/559069088"
    },
    {
      "type": "Feature",
      "properties": {
        "@id": "way/559069091",
        "bridge": "yes",
        "highway": "residential",
        "layer": "1",
        "source": "bing",
        "@geometry": "center"
      },
      "geometry": {
        "type": "Point",
        "coordinates": [
          3.3958996,
          6.4589026
        ]
      },
      "id": "way/559069091"
    },
    {
      "type": "Feature",
      "properties": {
        "@id": "way/559174570",
        "alt_name": "Lagos Island Inner Ring Road",
        "bridge": "yes",
        "highway": "primary",
        "layer": "1",
        "name": "Ring Road",
        "oneway": "yes",
        "ref": "F264",
        "@geometry": "center"
      },
      "geometry": {
        "type": "Point",
        "coordinates": [
          3.3893388,
          6.4653473
        ]
      },
      "id": "way/559174570"
    },
    {
      "type": "Feature",
      "properties": {
        "@id": "way/559336295",
        "bridge": "yes",
        "highway": "tertiary",
        "layer": "1",
        "name": "Adeniyi Street",
        "oneway": "yes",
        "@geometry": "center"
      },
      "geometry": {
        "type": "Point",
        "coordinates": [
          3.3341971,
          6.5127125
        ]
      },
      "id": "way/559336295"
    },
    {
      "type": "Feature",
      "properties": {
        "@id": "way/559542307",
        "bridge": "yes",
        "highway": "footway",
        "layer": "4",
        "@geometry": "center"
      },
      "geometry": {
        "type": "Point",
        "coordinates": [
          3.4844474,
          6.433289
        ]
      },
      "id": "way/559542307"
    },
    {
      "type": "Feature",
      "properties": {
        "@id": "way/560546954",
        "bridge": "yes",
        "highway": "footway",
        "layer": "1",
        "@geometry": "center"
      },
      "geometry": {
        "type": "Point",
        "coordinates": [
          3.3416241,
          6.5514893
        ]
      },
      "id": "way/560546954"
    },
    {
      "type": "Feature",
      "properties": {
        "@id": "way/560546961",
        "bridge": "yes",
        "highway": "footway",
        "layer": "1",
        "@geometry": "center"
      },
      "geometry": {
        "type": "Point",
        "coordinates": [
          3.3518364,
          6.5560983
        ]
      },
      "id": "way/560546961"
    },
    {
      "type": "Feature",
      "properties": {
        "@id": "way/560546965",
        "bridge": "yes",
        "highway": "footway",
        "layer": "1",
        "@geometry": "center"
      },
      "geometry": {
        "type": "Point",
        "coordinates": [
          3.3519672,
          6.5551253
        ]
      },
      "id": "way/560546965"
    },
    {
      "type": "Feature",
      "properties": {
        "@id": "way/560546966",
        "bridge": "yes",
        "highway": "primary",
        "layer": "1",
        "name": "Apapa-Oworonshoki Expressway",
        "oneway": "yes",
        "@geometry": "center"
      },
      "geometry": {
        "type": "Point",
        "coordinates": [
          3.3727399,
          6.5544799
        ]
      },
      "id": "way/560546966"
    },
    {
      "type": "Feature",
      "properties": {
        "@id": "way/560546967",
        "bridge": "yes",
        "highway": "motorway",
        "layer": "1",
        "name": "Apapa-Oworonsoki Expressway",
        "oneway": "yes",
        "ref": "F265",
        "surface": "asphalt",
        "@geometry": "center"
      },
      "geometry": {
        "type": "Point",
        "coordinates": [
          3.3728329,
          6.5545643
        ]
      },
      "id": "way/560546967"
    },
    {
      "type": "Feature",
      "properties": {
        "@id": "way/560546970",
        "bridge": "yes",
        "highway": "primary",
        "layer": "1",
        "name": "Apapa-Oworonshoki Expressway",
        "oneway": "yes",
        "@geometry": "center"
      },
      "geometry": {
        "type": "Point",
        "coordinates": [
          3.3730222,
          6.5547284
        ]
      },
      "id": "way/560546970"
    },
    {
      "type": "Feature",
      "properties": {
        "@id": "way/560546971",
        "bridge": "yes",
        "highway": "motorway",
        "layer": "1",
        "name": "Apapa-Oworonsoki Expressway",
        "oneway": "yes",
        "ref": "F265",
        "source": "Bing",
        "surface": "asphalt",
        "@geometry": "center"
      },
      "geometry": {
        "type": "Point",
        "coordinates": [
          3.372936,
          6.5546518
        ]
      },
      "id": "way/560546971"
    },
    {
      "type": "Feature",
      "properties": {
        "@id": "way/563078100",
        "bridge": "yes",
        "highway": "tertiary",
        "layer": "1",
        "name": "Okun-Ajah Community Road",
        "source": "bing",
        "@geometry": "center"
      },
      "geometry": {
        "type": "Point",
        "coordinates": [
          3.5893496,
          6.4353454
        ]
      },
      "id": "way/563078100"
    },
    {
      "type": "Feature",
      "properties": {
        "@id": "way/563090757",
        "bridge": "yes",
        "highway": "secondary",
        "layer": "1",
        "source": "bing",
        "@geometry": "center"
      },
      "geometry": {
        "type": "Point",
        "coordinates": [
          3.5926326,
          6.4343533
        ]
      },
      "id": "way/563090757"
    },
    {
      "type": "Feature",
      "properties": {
        "@id": "way/563144654",
        "bridge": "yes",
        "footway": "sidewalk",
        "highway": "footway",
        "layer": "1",
        "surface": "sett",
        "@geometry": "center"
      },
      "geometry": {
        "type": "Point",
        "coordinates": [
          -8.6779788,
          37.0964398
        ]
      },
      "id": "way/563144654"
    },
    {
      "type": "Feature",
      "properties": {
        "@id": "way/563144657",
        "bridge": "yes",
        "footway": "sidewalk",
        "highway": "footway",
        "layer": "1",
        "surface": "sett",
        "@geometry": "center"
      },
      "geometry": {
        "type": "Point",
        "coordinates": [
          -8.6778472,
          37.0964595
        ]
      },
      "id": "way/563144657"
    },
    {
      "type": "Feature",
      "properties": {
        "@id": "way/563144667",
        "bridge": "yes",
        "footway": "sidewalk",
        "highway": "footway",
        "layer": "1",
        "surface": "sett",
        "@geometry": "center"
      },
      "geometry": {
        "type": "Point",
        "coordinates": [
          -8.6724005,
          37.0954942
        ]
      },
      "id": "way/563144667"
    },
    {
      "type": "Feature",
      "properties": {
        "@id": "way/563144670",
        "bridge": "yes",
        "footway": "sidewalk",
        "highway": "footway",
        "layer": "1",
        "surface": "sett",
        "@geometry": "center"
      },
      "geometry": {
        "type": "Point",
        "coordinates": [
          -8.6723686,
          37.0954173
        ]
      },
      "id": "way/563144670"
    },
    {
      "type": "Feature",
      "properties": {
        "@id": "way/563329127",
        "bridge": "yes",
        "highway": "residential",
        "layer": "1",
        "name": "Road 1",
        "@geometry": "center"
      },
      "geometry": {
        "type": "Point",
        "coordinates": [
          3.5532449,
          6.4401659
        ]
      },
      "id": "way/563329127"
    },
    {
      "type": "Feature",
      "properties": {
        "@id": "way/563374674",
        "bridge": "yes",
        "highway": "unclassified",
        "layer": "1",
        "@geometry": "center"
      },
      "geometry": {
        "type": "Point",
        "coordinates": [
          3.0289355,
          6.4944045
        ]
      },
      "id": "way/563374674"
    },
    {
      "type": "Feature",
      "properties": {
        "@id": "way/564321925",
        "bridge": "yes",
        "highway": "trunk",
        "lanes": "2",
        "layer": "1",
        "name": "Lekki-Epe Expressway",
        "oneway": "yes",
        "surface": "paved",
        "@geometry": "center"
      },
      "geometry": {
        "type": "Point",
        "coordinates": [
          3.6389796,
          6.4707795
        ]
      },
      "id": "way/564321925"
    },
    {
      "type": "Feature",
      "properties": {
        "@id": "way/564321929",
        "bridge": "yes",
        "highway": "trunk",
        "lanes": "2",
        "layer": "1",
        "name": "Lekki-Epe Expressway",
        "oneway": "yes",
        "surface": "paved",
        "@geometry": "center"
      },
      "geometry": {
        "type": "Point",
        "coordinates": [
          3.6389766,
          6.470669
        ]
      },
      "id": "way/564321929"
    },
    {
      "type": "Feature",
      "properties": {
        "@id": "way/564963989",
        "bridge": "yes",
        "highway": "residential",
        "layer": "1",
        "surface": "unpaved",
        "@geometry": "center"
      },
      "geometry": {
        "type": "Point",
        "coordinates": [
          3.3312567,
          6.4881673
        ]
      },
      "id": "way/564963989"
    },
    {
      "type": "Feature",
      "properties": {
        "@id": "way/565215751",
        "bridge": "yes",
        "fixme": "blurred imagery",
        "highway": "tertiary",
        "layer": "1",
        "surface": "paved",
        "@geometry": "center"
      },
      "geometry": {
        "type": "Point",
        "coordinates": [
          2.9640652,
          6.4906816
        ]
      },
      "id": "way/565215751"
    },
    {
      "type": "Feature",
      "properties": {
        "@id": "way/567221652",
        "bridge": "yes",
        "highway": "unclassified",
        "layer": "1",
        "@geometry": "center"
      },
      "geometry": {
        "type": "Point",
        "coordinates": [
          3.3138365,
          6.4181978
        ]
      },
      "id": "way/567221652"
    },
    {
      "type": "Feature",
      "properties": {
        "@id": "way/569994594",
        "bridge": "yes",
        "highway": "residential",
        "layer": "1",
        "@geometry": "center"
      },
      "geometry": {
        "type": "Point",
        "coordinates": [
          3.1747716,
          6.4785597
        ]
      },
      "id": "way/569994594"
    },
    {
      "type": "Feature",
      "properties": {
        "@id": "way/569994596",
        "bridge": "yes",
        "highway": "residential",
        "layer": "1",
        "@geometry": "center"
      },
      "geometry": {
        "type": "Point",
        "coordinates": [
          3.1740292,
          6.4788602
        ]
      },
      "id": "way/569994596"
    },
    {
      "type": "Feature",
      "properties": {
        "@id": "way/569994597",
        "bridge": "yes",
        "highway": "residential",
        "layer": "1",
        "@geometry": "center"
      },
      "geometry": {
        "type": "Point",
        "coordinates": [
          3.1721614,
          6.4789887
        ]
      },
      "id": "way/569994597"
    },
    {
      "type": "Feature",
      "properties": {
        "@id": "way/570268610",
        "bridge": "yes",
        "highway": "residential",
        "layer": "1",
        "@geometry": "center"
      },
      "geometry": {
        "type": "Point",
        "coordinates": [
          3.3297118,
          6.6143948
        ]
      },
      "id": "way/570268610"
    },
    {
      "type": "Feature",
      "properties": {
        "@id": "way/570657216",
        "bridge": "yes",
        "highway": "unclassified",
        "layer": "1",
        "@geometry": "center"
      },
      "geometry": {
        "type": "Point",
        "coordinates": [
          3.5312462,
          6.4308652
        ]
      },
      "id": "way/570657216"
    },
    {
      "type": "Feature",
      "properties": {
        "@id": "way/570828976",
        "bridge": "yes",
        "highway": "tertiary",
        "layer": "1",
        "name": "Kudirat Adenekan Street",
        "oneway": "yes",
        "@geometry": "center"
      },
      "geometry": {
        "type": "Point",
        "coordinates": [
          3.319108,
          6.5413195
        ]
      },
      "id": "way/570828976"
    },
    {
      "type": "Feature",
      "properties": {
        "@id": "way/570828979",
        "bridge": "yes",
        "highway": "tertiary",
        "layer": "1",
        "name": "Kudirat Adenekan Street",
        "oneway": "yes",
        "surface": "unpaved",
        "@geometry": "center"
      },
      "geometry": {
        "type": "Point",
        "coordinates": [
          3.3189641,
          6.540657
        ]
      },
      "id": "way/570828979"
    },
    {
      "type": "Feature",
      "properties": {
        "@id": "way/570953572",
        "bridge": "yes",
        "highway": "unclassified",
        "layer": "1",
        "oneway": "no",
        "surface": "unpaved",
        "@geometry": "center"
      },
      "geometry": {
        "type": "Point",
        "coordinates": [
          3.2525341,
          6.4170501
        ]
      },
      "id": "way/570953572"
    },
    {
      "type": "Feature",
      "properties": {
        "@id": "way/571523774",
        "bridge": "yes",
        "highway": "path",
        "layer": "1",
        "@geometry": "center"
      },
      "geometry": {
        "type": "Point",
        "coordinates": [
          3.2481636,
          6.5449378
        ]
      },
      "id": "way/571523774"
    },
    {
      "type": "Feature",
      "properties": {
        "@id": "way/571550886",
        "bridge": "yes",
        "highway": "residential",
        "layer": "1",
        "surface": "unpaved",
        "@geometry": "center"
      },
      "geometry": {
        "type": "Point",
        "coordinates": [
          3.2460087,
          6.544166
        ]
      },
      "id": "way/571550886"
    },
    {
      "type": "Feature",
      "properties": {
        "@id": "way/573586441",
        "bridge": "yes",
        "highway": "unclassified",
        "layer": "1",
        "surface": "paved",
        "@geometry": "center"
      },
      "geometry": {
        "type": "Point",
        "coordinates": [
          3.6130726,
          6.5632229
        ]
      },
      "id": "way/573586441"
    },
    {
      "type": "Feature",
      "properties": {
        "@id": "way/574545009",
        "bridge": "yes",
        "highway": "residential",
        "layer": "1",
        "name": "Owo Street",
        "surface": "unpaved",
        "@geometry": "center"
      },
      "geometry": {
        "type": "Point",
        "coordinates": [
          3.3184915,
          6.6216646
        ]
      },
      "id": "way/574545009"
    },
    {
      "type": "Feature",
      "properties": {
        "@id": "way/574545011",
        "bridge": "yes",
        "highway": "residential",
        "layer": "1",
        "@geometry": "center"
      },
      "geometry": {
        "type": "Point",
        "coordinates": [
          3.318366,
          6.6203556
        ]
      },
      "id": "way/574545011"
    },
    {
      "type": "Feature",
      "properties": {
        "@id": "way/574545013",
        "bridge": "yes",
        "highway": "residential",
        "layer": "1",
        "name": "Ayeni Street",
        "@geometry": "center"
      },
      "geometry": {
        "type": "Point",
        "coordinates": [
          3.318403,
          6.6198159
        ]
      },
      "id": "way/574545013"
    },
    {
      "type": "Feature",
      "properties": {
        "@id": "way/575988515",
        "bridge": "yes",
        "highway": "tertiary",
        "layer": "1",
        "@geometry": "center"
      },
      "geometry": {
        "type": "Point",
        "coordinates": [
          3.4771457,
          6.6670928
        ]
      },
      "id": "way/575988515"
    },
    {
      "type": "Feature",
      "properties": {
        "@id": "way/575999624",
        "bridge": "yes",
        "highway": "residential",
        "layer": "1",
        "@geometry": "center"
      },
      "geometry": {
        "type": "Point",
        "coordinates": [
          3.4793009,
          6.6672944
        ]
      },
      "id": "way/575999624"
    },
    {
      "type": "Feature",
      "properties": {
        "@id": "way/575999635",
        "bridge": "yes",
        "highway": "tertiary",
        "layer": "1",
        "@geometry": "center"
      },
      "geometry": {
        "type": "Point",
        "coordinates": [
          3.4764241,
          6.6594565
        ]
      },
      "id": "way/575999635"
    },
    {
      "type": "Feature",
      "properties": {
        "@id": "way/578572323",
        "bridge": "yes",
        "highway": "tertiary",
        "layer": "1",
        "@geometry": "center"
      },
      "geometry": {
        "type": "Point",
        "coordinates": [
          3.1393627,
          6.4567002
        ]
      },
      "id": "way/578572323"
    },
    {
      "type": "Feature",
      "properties": {
        "@id": "way/578809223",
        "bridge": "yes",
        "highway": "secondary",
        "layer": "1",
        "surface": "paved",
        "@geometry": "center"
      },
      "geometry": {
        "type": "Point",
        "coordinates": [
          3.1656839,
          6.4602375
        ]
      },
      "id": "way/578809223"
    },
    {
      "type": "Feature",
      "properties": {
        "@id": "way/578829724",
        "bridge": "yes",
        "highway": "residential",
        "layer": "1",
        "@geometry": "center"
      },
      "geometry": {
        "type": "Point",
        "coordinates": [
          3.1720235,
          6.4594267
        ]
      },
      "id": "way/578829724"
    },
    {
      "type": "Feature",
      "properties": {
        "@id": "way/578829727",
        "bridge": "yes",
        "highway": "residential",
        "layer": "1",
        "@geometry": "center"
      },
      "geometry": {
        "type": "Point",
        "coordinates": [
          3.1698135,
          6.4601305
        ]
      },
      "id": "way/578829727"
    },
    {
      "type": "Feature",
      "properties": {
        "@id": "way/578829731",
        "bridge": "yes",
        "ford": "yes",
        "highway": "residential",
        "layer": "1",
        "@geometry": "center"
      },
      "geometry": {
        "type": "Point",
        "coordinates": [
          3.1727049,
          6.4593834
        ]
      },
      "id": "way/578829731"
    },
    {
      "type": "Feature",
      "properties": {
        "@id": "way/578829733",
        "bridge": "yes",
        "highway": "residential",
        "layer": "1",
        "@geometry": "center"
      },
      "geometry": {
        "type": "Point",
        "coordinates": [
          3.1682991,
          6.4602648
        ]
      },
      "id": "way/578829733"
    },
    {
      "type": "Feature",
      "properties": {
        "@id": "way/578829734",
        "bridge": "yes",
        "highway": "residential",
        "layer": "1",
        "@geometry": "center"
      },
      "geometry": {
        "type": "Point",
        "coordinates": [
          3.1669346,
          6.4600469
        ]
      },
      "id": "way/578829734"
    },
    {
      "type": "Feature",
      "properties": {
        "@id": "way/578942930",
        "bridge": "yes",
        "highway": "residential",
        "layer": "1",
        "@geometry": "center"
      },
      "geometry": {
        "type": "Point",
        "coordinates": [
          3.1738845,
          6.4697527
        ]
      },
      "id": "way/578942930"
    },
    {
      "type": "Feature",
      "properties": {
        "@id": "way/578942934",
        "bridge": "yes",
        "highway": "unclassified",
        "layer": "1",
        "@geometry": "center"
      },
      "geometry": {
        "type": "Point",
        "coordinates": [
          3.1703228,
          6.4709474
        ]
      },
      "id": "way/578942934"
    },
    {
      "type": "Feature",
      "properties": {
        "@id": "way/579281746",
        "bridge": "yes",
        "highway": "residential",
        "layer": "1",
        "@geometry": "center"
      },
      "geometry": {
        "type": "Point",
        "coordinates": [
          3.1857469,
          6.4673465
        ]
      },
      "id": "way/579281746"
    },
    {
      "type": "Feature",
      "properties": {
        "@id": "way/579281751",
        "bridge": "yes",
        "highway": "tertiary",
        "layer": "1",
        "@geometry": "center"
      },
      "geometry": {
        "type": "Point",
        "coordinates": [
          3.1796388,
          6.4625553
        ]
      },
      "id": "way/579281751"
    },
    {
      "type": "Feature",
      "properties": {
        "@id": "way/579281753",
        "bridge": "yes",
        "highway": "residential",
        "layer": "1",
        "surface": "unpaved",
        "@geometry": "center"
      },
      "geometry": {
        "type": "Point",
        "coordinates": [
          3.1871957,
          6.4682129
        ]
      },
      "id": "way/579281753"
    },
    {
      "type": "Feature",
      "properties": {
        "@id": "way/579331725",
        "bridge": "yes",
        "highway": "unclassified",
        "layer": "1",
        "@geometry": "center"
      },
      "geometry": {
        "type": "Point",
        "coordinates": [
          3.5131694,
          6.621574
        ]
      },
      "id": "way/579331725"
    },
    {
      "type": "Feature",
      "properties": {
        "@id": "way/579333704",
        "bridge": "yes",
        "highway": "residential",
        "layer": "1",
        "surface": "unpaved",
        "@geometry": "center"
      },
      "geometry": {
        "type": "Point",
        "coordinates": [
          3.1894776,
          6.467789
        ]
      },
      "id": "way/579333704"
    },
    {
      "type": "Feature",
      "properties": {
        "@id": "way/579335079",
        "bridge": "yes",
        "highway": "unclassified",
        "layer": "1",
        "@geometry": "center"
      },
      "geometry": {
        "type": "Point",
        "coordinates": [
          3.5072566,
          6.6202629
        ]
      },
      "id": "way/579335079"
    },
    {
      "type": "Feature",
      "properties": {
        "@id": "way/579335085",
        "bridge": "yes",
        "highway": "secondary",
        "layer": "1",
        "name": "Awolowo Road",
        "oneway": "yes",
        "surface": "paved",
        "@geometry": "center"
      },
      "geometry": {
        "type": "Point",
        "coordinates": [
          3.513373,
          6.6158817
        ]
      },
      "id": "way/579335085"
    },
    {
      "type": "Feature",
      "properties": {
        "@id": "way/579335087",
        "bridge": "yes",
        "highway": "secondary",
        "layer": "1",
        "name": "Awolowo Road",
        "oneway": "yes",
        "surface": "paved",
        "@geometry": "center"
      },
      "geometry": {
        "type": "Point",
        "coordinates": [
          3.5133297,
          6.615933
        ]
      },
      "id": "way/579335087"
    },
    {
      "type": "Feature",
      "properties": {
        "@id": "way/579349363",
        "bridge": "yes",
        "highway": "secondary",
        "layer": "1",
        "name": "Awolowo Road",
        "oneway": "yes",
        "surface": "paved",
        "@geometry": "center"
      },
      "geometry": {
        "type": "Point",
        "coordinates": [
          3.5260697,
          6.624642
        ]
      },
      "id": "way/579349363"
    },
    {
      "type": "Feature",
      "properties": {
        "@id": "way/579349365",
        "bridge": "yes",
        "highway": "secondary",
        "layer": "1",
        "name": "Awolowo Road",
        "oneway": "yes",
        "surface": "paved",
        "@geometry": "center"
      },
      "geometry": {
        "type": "Point",
        "coordinates": [
          3.5260457,
          6.62468
        ]
      },
      "id": "way/579349365"
    },
    {
      "type": "Feature",
      "properties": {
        "@id": "way/579351427",
        "bridge": "yes",
        "highway": "residential",
        "layer": "1",
        "@geometry": "center"
      },
      "geometry": {
        "type": "Point",
        "coordinates": [
          3.1584755,
          6.4620158
        ]
      },
      "id": "way/579351427"
    },
    {
      "type": "Feature",
      "properties": {
        "@id": "way/579528224",
        "bridge": "yes",
        "highway": "primary",
        "layer": "1",
        "name": "Ikotun - Ejigbo Road",
        "oneway": "yes",
        "@geometry": "center"
      },
      "geometry": {
        "type": "Point",
        "coordinates": [
          3.2878411,
          6.5389317
        ]
      },
      "id": "way/579528224"
    },
    {
      "type": "Feature",
      "properties": {
        "@id": "way/579528225",
        "bridge": "yes",
        "highway": "primary",
        "layer": "1",
        "name": "Ikotun - Ejigbo Road",
        "oneway": "yes",
        "@geometry": "center"
      },
      "geometry": {
        "type": "Point",
        "coordinates": [
          3.2878406,
          6.5389763
        ]
      },
      "id": "way/579528225"
    },
    {
      "type": "Feature",
      "properties": {
        "@id": "way/579632109",
        "bridge": "yes",
        "highway": "path",
        "layer": "1",
        "@geometry": "center"
      },
      "geometry": {
        "type": "Point",
        "coordinates": [
          3.1547504,
          6.4617184
        ]
      },
      "id": "way/579632109"
    },
    {
      "type": "Feature",
      "properties": {
        "@id": "way/580831118",
        "bridge": "yes",
        "highway": "residential",
        "layer": "1",
        "surface": "unpaved",
        "@geometry": "center"
      },
      "geometry": {
        "type": "Point",
        "coordinates": [
          3.1537841,
          6.4712362
        ]
      },
      "id": "way/580831118"
    },
    {
      "type": "Feature",
      "properties": {
        "@id": "way/580831122",
        "bridge": "yes",
        "highway": "residential",
        "layer": "1",
        "@geometry": "center"
      },
      "geometry": {
        "type": "Point",
        "coordinates": [
          3.157551,
          6.4696342
        ]
      },
      "id": "way/580831122"
    },
    {
      "type": "Feature",
      "properties": {
        "@id": "way/580831123",
        "bridge": "yes",
        "highway": "secondary",
        "layer": "1",
        "oneway": "yes",
        "surface": "paved",
        "@geometry": "center"
      },
      "geometry": {
        "type": "Point",
        "coordinates": [
          3.1450262,
          6.4641826
        ]
      },
      "id": "way/580831123"
    },
    {
      "type": "Feature",
      "properties": {
        "@id": "way/580831126",
        "bridge": "yes",
        "highway": "secondary",
        "layer": "1",
        "oneway": "yes",
        "surface": "paved",
        "@geometry": "center"
      },
      "geometry": {
        "type": "Point",
        "coordinates": [
          3.1450667,
          6.4641224
        ]
      },
      "id": "way/580831126"
    },
    {
      "type": "Feature",
      "properties": {
        "@id": "way/580881697",
        "bridge": "yes",
        "highway": "residential",
        "layer": "1",
        "@geometry": "center"
      },
      "geometry": {
        "type": "Point",
        "coordinates": [
          3.487629,
          6.6388419
        ]
      },
      "id": "way/580881697"
    },
    {
      "type": "Feature",
      "properties": {
        "@id": "way/580881699",
        "bridge": "yes",
        "highway": "residential",
        "layer": "1",
        "@geometry": "center"
      },
      "geometry": {
        "type": "Point",
        "coordinates": [
          3.4892699,
          6.6360295
        ]
      },
      "id": "way/580881699"
    },
    {
      "type": "Feature",
      "properties": {
        "@id": "way/581225852",
        "bridge": "yes",
        "highway": "residential",
        "layer": "1",
        "name": "Alaba Street",
        "@geometry": "center"
      },
      "geometry": {
        "type": "Point",
        "coordinates": [
          3.1922046,
          6.4619193
        ]
      },
      "id": "way/581225852"
    },
    {
      "type": "Feature",
      "properties": {
        "@id": "way/581225854",
        "bridge": "yes",
        "highway": "residential",
        "layer": "1",
        "@geometry": "center"
      },
      "geometry": {
        "type": "Point",
        "coordinates": [
          3.1981293,
          6.4614435
        ]
      },
      "id": "way/581225854"
    },
    {
      "type": "Feature",
      "properties": {
        "@id": "way/581238081",
        "bridge": "yes",
        "highway": "residential",
        "layer": "1",
        "source": "Bing",
        "@geometry": "center"
      },
      "geometry": {
        "type": "Point",
        "coordinates": [
          3.1966496,
          6.4575064
        ]
      },
      "id": "way/581238081"
    },
    {
      "type": "Feature",
      "properties": {
        "@id": "way/581895694",
        "bridge": "yes",
        "highway": "unclassified",
        "layer": "1",
        "surface": "unpaved",
        "@geometry": "center"
      },
      "geometry": {
        "type": "Point",
        "coordinates": [
          3.1387148,
          6.4133355
        ]
      },
      "id": "way/581895694"
    },
    {
      "type": "Feature",
      "properties": {
        "@id": "way/581920136",
        "bridge": "yes",
        "highway": "secondary",
        "layer": "1",
        "source": "Bing",
        "@geometry": "center"
      },
      "geometry": {
        "type": "Point",
        "coordinates": [
          3.1945083,
          6.4600961
        ]
      },
      "id": "way/581920136"
    },
    {
      "type": "Feature",
      "properties": {
        "@id": "way/582795420",
        "bridge": "yes",
        "highway": "residential",
        "layer": "1",
        "name": "Bendel Calle",
        "@geometry": "center"
      },
      "geometry": {
        "type": "Point",
        "coordinates": [
          3.4320518,
          6.4327041
        ]
      },
      "id": "way/582795420"
    },
    {
      "type": "Feature",
      "properties": {
        "@id": "way/583236028",
        "bridge": "yes",
        "highway": "residential",
        "layer": "1",
        "@geometry": "center"
      },
      "geometry": {
        "type": "Point",
        "coordinates": [
          3.4736461,
          6.6390497
        ]
      },
      "id": "way/583236028"
    },
    {
      "type": "Feature",
      "properties": {
        "@id": "way/583244652",
        "bridge": "yes",
        "highway": "secondary",
        "layer": "1",
        "name": "Mushin Road",
        "source": "BING",
        "@geometry": "center"
      },
      "geometry": {
        "type": "Point",
        "coordinates": [
          3.3442738,
          6.5170236
        ]
      },
      "id": "way/583244652"
    },
    {
      "type": "Feature",
      "properties": {
        "@id": "way/583292497",
        "bridge": "yes",
        "highway": "secondary",
        "layer": "1",
        "name": "Ishaga Road",
        "oneway": "yes",
        "@geometry": "center"
      },
      "geometry": {
        "type": "Point",
        "coordinates": [
          3.3549845,
          6.5157964
        ]
      },
      "id": "way/583292497"
    },
    {
      "type": "Feature",
      "properties": {
        "@id": "way/583292499",
        "bridge": "yes",
        "highway": "secondary",
        "layer": "1",
        "name": "Ishaga Road",
        "oneway": "yes",
        "@geometry": "center"
      },
      "geometry": {
        "type": "Point",
        "coordinates": [
          3.3549381,
          6.5157599
        ]
      },
      "id": "way/583292499"
    },
    {
      "type": "Feature",
      "properties": {
        "@id": "way/583328789",
        "bridge": "yes",
        "highway": "tertiary",
        "layer": "1",
        "oneway": "yes",
        "@geometry": "center"
      },
      "geometry": {
        "type": "Point",
        "coordinates": [
          3.3587342,
          6.5032203
        ]
      },
      "id": "way/583328789"
    },
    {
      "type": "Feature",
      "properties": {
        "@id": "way/583328791",
        "bridge": "yes",
        "highway": "tertiary",
        "layer": "1",
        "oneway": "yes",
        "surface": "paved",
        "@geometry": "center"
      },
      "geometry": {
        "type": "Point",
        "coordinates": [
          3.3542554,
          6.5054718
        ]
      },
      "id": "way/583328791"
    },
    {
      "type": "Feature",
      "properties": {
        "@id": "way/583487671",
        "bridge": "yes",
        "highway": "tertiary",
        "layer": "1",
        "name": "Old Otta Road",
        "oneway": "yes",
        "@geometry": "center"
      },
      "geometry": {
        "type": "Point",
        "coordinates": [
          3.2890184,
          6.6448837
        ]
      },
      "id": "way/583487671"
    },
    {
      "type": "Feature",
      "properties": {
        "@id": "way/583487673",
        "bridge": "yes",
        "highway": "tertiary",
        "layer": "1",
        "oneway": "yes",
        "@geometry": "center"
      },
      "geometry": {
        "type": "Point",
        "coordinates": [
          3.267329,
          6.6566553
        ]
      },
      "id": "way/583487673"
    },
    {
      "type": "Feature",
      "properties": {
        "@id": "way/583527311",
        "bridge": "yes",
        "highway": "unclassified",
        "layer": "1",
        "surface": "unpaved",
        "@geometry": "center"
      },
      "geometry": {
        "type": "Point",
        "coordinates": [
          3.2521464,
          6.6764766
        ]
      },
      "id": "way/583527311"
    },
    {
      "type": "Feature",
      "properties": {
        "@id": "way/583527314",
        "bridge": "yes",
        "foot": "yes",
        "highway": "trunk",
        "lanes": "2",
        "layer": "1",
        "name": "Lagos-Abeokuta Expressway",
        "oneway": "yes",
        "ref": "A5",
        "surface": "unpaved",
        "@geometry": "center"
      },
      "geometry": {
        "type": "Point",
        "coordinates": [
          3.2984197,
          6.6257803
        ]
      },
      "id": "way/583527314"
    },
    {
      "type": "Feature",
      "properties": {
        "@id": "way/583527318",
        "bridge": "yes",
        "foot": "yes",
        "highway": "trunk",
        "lanes": "2",
        "layer": "1",
        "name": "Lagos-Abeokuta Expressway",
        "oneway": "yes",
        "ref": "A5",
        "surface": "paved",
        "@geometry": "center"
      },
      "geometry": {
        "type": "Point",
        "coordinates": [
          3.2982458,
          6.6258197
        ]
      },
      "id": "way/583527318"
    },
    {
      "type": "Feature",
      "properties": {
        "@id": "way/583688459",
        "bridge": "yes",
        "highway": "residential",
        "layer": "1",
        "@geometry": "center"
      },
      "geometry": {
        "type": "Point",
        "coordinates": [
          3.3553556,
          6.5015367
        ]
      },
      "id": "way/583688459"
    },
    {
      "type": "Feature",
      "properties": {
        "@id": "way/583709124",
        "bridge": "yes",
        "highway": "residential",
        "layer": "1",
        "@geometry": "center"
      },
      "geometry": {
        "type": "Point",
        "coordinates": [
          3.3598666,
          6.5184255
        ]
      },
      "id": "way/583709124"
    },
    {
      "type": "Feature",
      "properties": {
        "@id": "way/583709125",
        "bridge": "yes",
        "highway": "residential",
        "layer": "1",
        "surface": "unpaved",
        "@geometry": "center"
      },
      "geometry": {
        "type": "Point",
        "coordinates": [
          3.3604864,
          6.5185732
        ]
      },
      "id": "way/583709125"
    },
    {
      "type": "Feature",
      "properties": {
        "@id": "way/585147797",
        "bridge": "yes",
        "highway": "secondary",
        "layer": "1",
        "name": "Command Secondary School Road",
        "oneway": "yes",
        "@geometry": "center"
      },
      "geometry": {
        "type": "Point",
        "coordinates": [
          3.2646888,
          6.6385747
        ]
      },
      "id": "way/585147797"
    },
    {
      "type": "Feature",
      "properties": {
        "@id": "way/585147799",
        "bridge": "yes",
        "highway": "secondary",
        "layer": "1",
        "name": "Command Secondary School Road",
        "@geometry": "center"
      },
      "geometry": {
        "type": "Point",
        "coordinates": [
          3.2566553,
          6.6176141
        ]
      },
      "id": "way/585147799"
    },
    {
      "type": "Feature",
      "properties": {
        "@id": "way/585162642",
        "bridge": "yes",
        "highway": "primary",
        "layer": "1",
        "name": "Ekoro Agbelekale",
        "oneway": "yes",
        "@geometry": "center"
      },
      "geometry": {
        "type": "Point",
        "coordinates": [
          3.289302,
          6.6439624
        ]
      },
      "id": "way/585162642"
    },
    {
      "type": "Feature",
      "properties": {
        "@id": "way/585162644",
        "bridge": "yes",
        "highway": "primary",
        "layer": "1",
        "name": "Ekoro Agbelekale",
        "oneway": "yes",
        "@geometry": "center"
      },
      "geometry": {
        "type": "Point",
        "coordinates": [
          3.2892477,
          6.6439978
        ]
      },
      "id": "way/585162644"
    },
    {
      "type": "Feature",
      "properties": {
        "@id": "way/585187762",
        "bridge": "yes",
        "highway": "secondary",
        "layer": "1",
        "name": "Ojuelegba Road",
        "oneway": "yes",
        "@geometry": "center"
      },
      "geometry": {
        "type": "Point",
        "coordinates": [
          3.3645131,
          6.509909
        ]
      },
      "id": "way/585187762"
    },
    {
      "type": "Feature",
      "properties": {
        "@id": "way/585187764",
        "bridge": "yes",
        "highway": "secondary",
        "layer": "1",
        "name": "Ojuelegba Road",
        "oneway": "yes",
        "@geometry": "center"
      },
      "geometry": {
        "type": "Point",
        "coordinates": [
          3.3644988,
          6.5099751
        ]
      },
      "id": "way/585187764"
    },
    {
      "type": "Feature",
      "properties": {
        "@id": "way/585203603",
        "bridge": "yes",
        "highway": "residential",
        "layer": "1",
        "surface": "unpaved",
        "@geometry": "center"
      },
      "geometry": {
        "type": "Point",
        "coordinates": [
          3.3787617,
          6.5263072
        ]
      },
      "id": "way/585203603"
    },
    {
      "type": "Feature",
      "properties": {
        "@id": "way/585203605",
        "bridge": "yes",
        "highway": "unclassified",
        "layer": "1",
        "@geometry": "center"
      },
      "geometry": {
        "type": "Point",
        "coordinates": [
          3.3758766,
          6.525696
        ]
      },
      "id": "way/585203605"
    },
    {
      "type": "Feature",
      "properties": {
        "@id": "way/585352804",
        "bridge": "yes",
        "highway": "residential",
        "layer": "1",
        "name": "Ona Opepo Street",
        "@geometry": "center"
      },
      "geometry": {
        "type": "Point",
        "coordinates": [
          3.287349,
          6.652337
        ]
      },
      "id": "way/585352804"
    },
    {
      "type": "Feature",
      "properties": {
        "@id": "way/585400691",
        "bridge": "yes",
        "highway": "residential",
        "layer": "1",
        "name": "Odunnukan Street",
        "@geometry": "center"
      },
      "geometry": {
        "type": "Point",
        "coordinates": [
          3.3765867,
          6.5262723
        ]
      },
      "id": "way/585400691"
    },
    {
      "type": "Feature",
      "properties": {
        "@id": "way/585575320",
        "bridge": "yes",
        "highway": "residential",
        "layer": "1",
        "@geometry": "center"
      },
      "geometry": {
        "type": "Point",
        "coordinates": [
          3.5182777,
          6.4608488
        ]
      },
      "id": "way/585575320"
    },
    {
      "type": "Feature",
      "properties": {
        "@id": "way/585575324",
        "bridge": "yes",
        "highway": "tertiary",
        "layer": "1",
        "@geometry": "center"
      },
      "geometry": {
        "type": "Point",
        "coordinates": [
          3.5180377,
          6.4537131
        ]
      },
      "id": "way/585575324"
    },
    {
      "type": "Feature",
      "properties": {
        "@id": "way/585724784",
        "bridge": "yes",
        "highway": "tertiary",
        "layer": "1",
        "@geometry": "center"
      },
      "geometry": {
        "type": "Point",
        "coordinates": [
          3.2917436,
          6.6198986
        ]
      },
      "id": "way/585724784"
    },
    {
      "type": "Feature",
      "properties": {
        "@id": "way/585726969",
        "bridge": "yes",
        "highway": "residential",
        "layer": "1",
        "@geometry": "center"
      },
      "geometry": {
        "type": "Point",
        "coordinates": [
          3.2925809,
          6.6210056
        ]
      },
      "id": "way/585726969"
    },
    {
      "type": "Feature",
      "properties": {
        "@id": "way/586130211",
        "bridge": "yes",
        "highway": "footway",
        "layer": "2",
        "@geometry": "center"
      },
      "geometry": {
        "type": "Point",
        "coordinates": [
          3.3357398,
          6.5950162
        ]
      },
      "id": "way/586130211"
    },
    {
      "type": "Feature",
      "properties": {
        "@id": "way/586339468",
        "bridge": "yes",
        "highway": "secondary",
        "layer": "1",
        "name": "Agege Motor Road",
        "oneway": "yes",
        "surface": "unpaved",
        "@geometry": "center"
      },
      "geometry": {
        "type": "Point",
        "coordinates": [
          3.314114,
          6.6482517
        ]
      },
      "id": "way/586339468"
    },
    {
      "type": "Feature",
      "properties": {
        "@id": "way/586339470",
        "bridge": "yes",
        "highway": "secondary",
        "layer": "1",
        "name": "Agege Motor Road",
        "oneway": "yes",
        "surface": "unpaved",
        "@geometry": "center"
      },
      "geometry": {
        "type": "Point",
        "coordinates": [
          3.3140651,
          6.6481734
        ]
      },
      "id": "way/586339470"
    },
    {
      "type": "Feature",
      "properties": {
        "@id": "way/586339472",
        "bridge": "yes",
        "highway": "residential",
        "layer": "1",
        "name": "Alexander Street",
        "@geometry": "center"
      },
      "geometry": {
        "type": "Point",
        "coordinates": [
          3.3102232,
          6.6426985
        ]
      },
      "id": "way/586339472"
    },
    {
      "type": "Feature",
      "properties": {
        "@id": "way/586339474",
        "bridge": "yes",
        "highway": "unclassified",
        "layer": "1",
        "name": "Oyatoki Street",
        "surface": "unpaved",
        "@geometry": "center"
      },
      "geometry": {
        "type": "Point",
        "coordinates": [
          3.3084105,
          6.6394443
        ]
      },
      "id": "way/586339474"
    },
    {
      "type": "Feature",
      "properties": {
        "@id": "way/586339476",
        "bridge": "yes",
        "highway": "residential",
        "layer": "1",
        "name": "Alhaji Oladipupo Street",
        "@geometry": "center"
      },
      "geometry": {
        "type": "Point",
        "coordinates": [
          3.3079731,
          6.6383019
        ]
      },
      "id": "way/586339476"
    },
    {
      "type": "Feature",
      "properties": {
        "@id": "way/586339478",
        "bridge": "yes",
        "highway": "residential",
        "layer": "1",
        "surface": "unpaved",
        "@geometry": "center"
      },
      "geometry": {
        "type": "Point",
        "coordinates": [
          3.3076187,
          6.6375636
        ]
      },
      "id": "way/586339478"
    },
    {
      "type": "Feature",
      "properties": {
        "@id": "way/586339480",
        "bridge": "yes",
        "highway": "residential",
        "layer": "1",
        "surface": "unpaved",
        "@geometry": "center"
      },
      "geometry": {
        "type": "Point",
        "coordinates": [
          3.3072364,
          6.6356965
        ]
      },
      "id": "way/586339480"
    },
    {
      "type": "Feature",
      "properties": {
        "@id": "way/586339482",
        "bridge": "yes",
        "highway": "unclassified",
        "layer": "1",
        "name": "Old Ota Road",
        "surface": "unpaved",
        "@geometry": "center"
      },
      "geometry": {
        "type": "Point",
        "coordinates": [
          3.3061052,
          6.6335816
        ]
      },
      "id": "way/586339482"
    },
    {
      "type": "Feature",
      "properties": {
        "@id": "way/586339484",
        "bridge": "yes",
        "highway": "residential",
        "layer": "1",
        "@geometry": "center"
      },
      "geometry": {
        "type": "Point",
        "coordinates": [
          3.3037506,
          6.6291187
        ]
      },
      "id": "way/586339484"
    },
    {
      "type": "Feature",
      "properties": {
        "@id": "way/586376224",
        "bridge": "yes",
        "highway": "residential",
        "layer": "1",
        "name": "Shoretire Street",
        "@geometry": "center"
      },
      "geometry": {
        "type": "Point",
        "coordinates": [
          3.3073192,
          6.6363185
        ]
      },
      "id": "way/586376224"
    },
    {
      "type": "Feature",
      "properties": {
        "@id": "way/586456118",
        "bridge": "yes",
        "highway": "residential",
        "layer": "1",
        "@geometry": "center"
      },
      "geometry": {
        "type": "Point",
        "coordinates": [
          3.5684658,
          6.4479622
        ]
      },
      "id": "way/586456118"
    },
    {
      "type": "Feature",
      "properties": {
        "@id": "way/586456119",
        "bridge": "yes",
        "highway": "residential",
        "layer": "1",
        "@geometry": "center"
      },
      "geometry": {
        "type": "Point",
        "coordinates": [
          3.5661538,
          6.4476824
        ]
      },
      "id": "way/586456119"
    },
    {
      "type": "Feature",
      "properties": {
        "@id": "way/586456121",
        "bridge": "yes",
        "highway": "secondary",
        "layer": "1",
        "name": "Mobil Estate Road",
        "@geometry": "center"
      },
      "geometry": {
        "type": "Point",
        "coordinates": [
          3.5639651,
          6.4474292
        ]
      },
      "id": "way/586456121"
    },
    {
      "type": "Feature",
      "properties": {
        "@id": "way/586456123",
        "bridge": "yes",
        "highway": "residential",
        "layer": "1",
        "name": "Engr. Kola Ajibola Street",
        "@geometry": "center"
      },
      "geometry": {
        "type": "Point",
        "coordinates": [
          3.5767666,
          6.4493788
        ]
      },
      "id": "way/586456123"
    },
    {
      "type": "Feature",
      "properties": {
        "@id": "way/586478065",
        "bridge": "yes",
        "highway": "residential",
        "layer": "1",
        "surface": "unpaved",
        "@geometry": "center"
      },
      "geometry": {
        "type": "Point",
        "coordinates": [
          3.3120089,
          6.6445788
        ]
      },
      "id": "way/586478065"
    },
    {
      "type": "Feature",
      "properties": {
        "@id": "way/586557443",
        "bridge": "yes",
        "highway": "residential",
        "layer": "1",
        "@geometry": "center"
      },
      "geometry": {
        "type": "Point",
        "coordinates": [
          3.392912,
          6.5889301
        ]
      },
      "id": "way/586557443"
    },
    {
      "type": "Feature",
      "properties": {
        "@id": "way/586557446",
        "bridge": "yes",
        "highway": "footway",
        "layer": "1",
        "@geometry": "center"
      },
      "geometry": {
        "type": "Point",
        "coordinates": [
          3.3963066,
          6.5812435
        ]
      },
      "id": "way/586557446"
    },
    {
      "type": "Feature",
      "properties": {
        "@id": "way/586615426",
        "bridge": "yes",
        "highway": "residential",
        "layer": "1",
        "@geometry": "center"
      },
      "geometry": {
        "type": "Point",
        "coordinates": [
          3.290247,
          6.6383339
        ]
      },
      "id": "way/586615426"
    },
    {
      "type": "Feature",
      "properties": {
        "@id": "way/586615427",
        "bridge": "yes",
        "highway": "path",
        "layer": "1",
        "@geometry": "center"
      },
      "geometry": {
        "type": "Point",
        "coordinates": [
          3.2917976,
          6.6336155
        ]
      },
      "id": "way/586615427"
    },
    {
      "type": "Feature",
      "properties": {
        "@id": "way/586621042",
        "bridge": "yes",
        "highway": "tertiary",
        "layer": "1",
        "name": "Fola Agoro Street",
        "surface": "unpaved",
        "@geometry": "center"
      },
      "geometry": {
        "type": "Point",
        "coordinates": [
          3.381139,
          6.5240278
        ]
      },
      "id": "way/586621042"
    },
    {
      "type": "Feature",
      "properties": {
        "@id": "way/586621044",
        "bridge": "yes",
        "highway": "residential",
        "layer": "1",
        "surface": "unpaved",
        "@geometry": "center"
      },
      "geometry": {
        "type": "Point",
        "coordinates": [
          3.3795552,
          6.5263856
        ]
      },
      "id": "way/586621044"
    },
    {
      "type": "Feature",
      "properties": {
        "@id": "way/586745535",
        "bridge": "yes",
        "highway": "residential",
        "layer": "1",
        "name": "Amusan Street",
        "surface": "unpaved",
        "@geometry": "center"
      },
      "geometry": {
        "type": "Point",
        "coordinates": [
          3.3104366,
          6.6709913
        ]
      },
      "id": "way/586745535"
    },
    {
      "type": "Feature",
      "properties": {
        "@id": "way/586763553",
        "bridge": "yes",
        "highway": "residential",
        "layer": "1",
        "name": "Akinsegun Street",
        "surface": "unpaved",
        "@geometry": "center"
      },
      "geometry": {
        "type": "Point",
        "coordinates": [
          3.3155199,
          6.6514916
        ]
      },
      "id": "way/586763553"
    },
    {
      "type": "Feature",
      "properties": {
        "@id": "way/586763561",
        "bridge": "yes",
        "highway": "service",
        "layer": "1",
        "surface": "unpaved",
        "@geometry": "center"
      },
      "geometry": {
        "type": "Point",
        "coordinates": [
          3.3213573,
          6.649915
        ]
      },
      "id": "way/586763561"
    },
    {
      "type": "Feature",
      "properties": {
        "@id": "way/586770837",
        "bridge": "yes",
        "highway": "residential",
        "layer": "1",
        "name": "Agric Road",
        "@geometry": "center"
      },
      "geometry": {
        "type": "Point",
        "coordinates": [
          3.3147386,
          6.6494051
        ]
      },
      "id": "way/586770837"
    },
    {
      "type": "Feature",
      "properties": {
        "@id": "way/586782268",
        "bridge": "yes",
        "highway": "residential",
        "layer": "1",
        "surface": "unpaved",
        "@geometry": "center"
      },
      "geometry": {
        "type": "Point",
        "coordinates": [
          3.3386018,
          6.6405386
        ]
      },
      "id": "way/586782268"
    },
    {
      "type": "Feature",
      "properties": {
        "@id": "way/586782270",
        "bridge": "yes",
        "highway": "residential",
        "layer": "1",
        "surface": "unpaved",
        "@geometry": "center"
      },
      "geometry": {
        "type": "Point",
        "coordinates": [
          3.3380284,
          6.6400085
        ]
      },
      "id": "way/586782270"
    },
    {
      "type": "Feature",
      "properties": {
        "@id": "way/586955540",
        "bridge": "yes",
        "highway": "residential",
        "layer": "1",
        "name": "Ojoku Street",
        "oneway": "no",
        "source": "Bing",
        "surface": "unpaved",
        "@geometry": "center"
      },
      "geometry": {
        "type": "Point",
        "coordinates": [
          3.3418551,
          6.4404348
        ]
      },
      "id": "way/586955540"
    },
    {
      "type": "Feature",
      "properties": {
        "@id": "way/587089918",
        "bridge": "yes",
        "highway": "residential",
        "layer": "1",
        "oneway": "no",
        "@geometry": "center"
      },
      "geometry": {
        "type": "Point",
        "coordinates": [
          3.3498551,
          6.6518297
        ]
      },
      "id": "way/587089918"
    },
    {
      "type": "Feature",
      "properties": {
        "@id": "way/587388854",
        "bridge": "yes",
        "highway": "residential",
        "layer": "1",
        "surface": "paved",
        "@geometry": "center"
      },
      "geometry": {
        "type": "Point",
        "coordinates": [
          3.389997,
          6.6128117
        ]
      },
      "id": "way/587388854"
    },
    {
      "type": "Feature",
      "properties": {
        "@id": "way/588150736",
        "bridge": "yes",
        "highway": "residential",
        "layer": "1",
        "surface": "unpaved",
        "@geometry": "center"
      },
      "geometry": {
        "type": "Point",
        "coordinates": [
          3.376219,
          6.4895493
        ]
      },
      "id": "way/588150736"
    },
    {
      "type": "Feature",
      "properties": {
        "@id": "way/588252338",
        "bridge": "yes",
        "highway": "path",
        "layer": "1",
        "@geometry": "center"
      },
      "geometry": {
        "type": "Point",
        "coordinates": [
          3.3857602,
          6.6071227
        ]
      },
      "id": "way/588252338"
    },
    {
      "type": "Feature",
      "properties": {
        "@id": "way/588252341",
        "bridge": "yes",
        "highway": "path",
        "layer": "1",
        "@geometry": "center"
      },
      "geometry": {
        "type": "Point",
        "coordinates": [
          3.3856566,
          6.6066097
        ]
      },
      "id": "way/588252341"
    },
    {
      "type": "Feature",
      "properties": {
        "@id": "way/588270802",
        "bridge": "yes",
        "highway": "residential",
        "layer": "1",
        "name": "1st Avenue",
        "oneway": "yes",
        "@geometry": "center"
      },
      "geometry": {
        "type": "Point",
        "coordinates": [
          3.2886498,
          6.4799754
        ]
      },
      "id": "way/588270802"
    },
    {
      "type": "Feature",
      "properties": {
        "@id": "way/588270805",
        "bridge": "yes",
        "highway": "residential",
        "layer": "1",
        "name": "1st Avenue",
        "oneway": "yes",
        "@geometry": "center"
      },
      "geometry": {
        "type": "Point",
        "coordinates": [
          3.2887162,
          6.4799717
        ]
      },
      "id": "way/588270805"
    },
    {
      "type": "Feature",
      "properties": {
        "@id": "way/588320745",
        "bridge": "yes",
        "highway": "residential",
        "layer": "1",
        "source": "Bing",
        "@geometry": "center"
      },
      "geometry": {
        "type": "Point",
        "coordinates": [
          3.3794654,
          6.5431612
        ]
      },
      "id": "way/588320745"
    },
    {
      "type": "Feature",
      "properties": {
        "@id": "way/588320747",
        "bridge": "yes",
        "highway": "residential",
        "layer": "1",
        "source": "Bing",
        "@geometry": "center"
      },
      "geometry": {
        "type": "Point",
        "coordinates": [
          3.3792924,
          6.5439698
        ]
      },
      "id": "way/588320747"
    },
    {
      "type": "Feature",
      "properties": {
        "@id": "way/588320749",
        "bridge": "yes",
        "highway": "residential",
        "layer": "1",
        "source": "Bing",
        "@geometry": "center"
      },
      "geometry": {
        "type": "Point",
        "coordinates": [
          3.3793109,
          6.5453682
        ]
      },
      "id": "way/588320749"
    },
    {
      "type": "Feature",
      "properties": {
        "@id": "way/588326031",
        "bridge": "yes",
        "highway": "residential",
        "layer": "1",
        "name": "Apata Street",
        "source": "Bing",
        "@geometry": "center"
      },
      "geometry": {
        "type": "Point",
        "coordinates": [
          3.3722773,
          6.5396663
        ]
      },
      "id": "way/588326031"
    },
    {
      "type": "Feature",
      "properties": {
        "@id": "way/588409510",
        "bridge": "yes",
        "highway": "unclassified",
        "layer": "1",
        "name": "Oke-Ira Road",
        "source": "bing",
        "surface": "unpaved",
        "@geometry": "center"
      },
      "geometry": {
        "type": "Point",
        "coordinates": [
          3.3732775,
          6.4911825
        ]
      },
      "id": "way/588409510"
    },
    {
      "type": "Feature",
      "properties": {
        "@id": "way/588409512",
        "bridge": "yes",
        "electrified": "no",
        "gauge": "1067",
        "layer": "1",
        "railway": "rail",
        "surface": "unpaved",
        "usage": "industrial",
        "@geometry": "center"
      },
      "geometry": {
        "type": "Point",
        "coordinates": [
          3.3729549,
          6.4885617
        ]
      },
      "id": "way/588409512"
    },
    {
      "type": "Feature",
      "properties": {
        "@id": "way/588668068",
        "access": "customers",
        "bridge": "yes",
        "highway": "unclassified",
        "layer": "1",
        "oneway": "yes",
        "surface": "unpaved",
        "@geometry": "center"
      },
      "geometry": {
        "type": "Point",
        "coordinates": [
          3.37061,
          6.4738411
        ]
      },
      "id": "way/588668068"
    },
    {
      "type": "Feature",
      "properties": {
        "@id": "way/588965956",
        "bridge": "yes",
        "highway": "residential",
        "layer": "1",
        "name": "Adesanya Street",
        "source": "BING",
        "@geometry": "center"
      },
      "geometry": {
        "type": "Point",
        "coordinates": [
          3.3384011,
          6.558578
        ]
      },
      "id": "way/588965956"
    },
    {
      "type": "Feature",
      "properties": {
        "@id": "way/589001485",
        "bridge": "yes",
        "highway": "secondary",
        "layer": "1",
        "name": "Osolo Way",
        "@geometry": "center"
      },
      "geometry": {
        "type": "Point",
        "coordinates": [
          3.3334832,
          6.5438455
        ]
      },
      "id": "way/589001485"
    },
    {
      "type": "Feature",
      "properties": {
        "@id": "way/589001488",
        "bridge": "yes",
        "highway": "residential",
        "layer": "1",
        "name": "Agboola Street",
        "@geometry": "center"
      },
      "geometry": {
        "type": "Point",
        "coordinates": [
          3.3374634,
          6.5550623
        ]
      },
      "id": "way/589001488"
    },
    {
      "type": "Feature",
      "properties": {
        "@id": "way/589001489",
        "bridge": "yes",
        "highway": "unclassified",
        "layer": "1",
        "name": "Eyinogun Street",
        "source": "BING",
        "@geometry": "center"
      },
      "geometry": {
        "type": "Point",
        "coordinates": [
          3.3362824,
          6.5502493
        ]
      },
      "id": "way/589001489"
    },
    {
      "type": "Feature",
      "properties": {
        "@id": "way/589001491",
        "bridge": "yes",
        "highway": "tertiary",
        "layer": "1",
        "name": "Mafoluku Road",
        "source": "BING",
        "surface": "unpaved",
        "@geometry": "center"
      },
      "geometry": {
        "type": "Point",
        "coordinates": [
          3.337792,
          6.5566916
        ]
      },
      "id": "way/589001491"
    },
    {
      "type": "Feature",
      "properties": {
        "@id": "way/589014132",
        "bridge": "yes",
        "highway": "unclassified",
        "layer": "1",
        "name": "Adeyemi Street",
        "source": "BING",
        "surface": "asphalt",
        "@geometry": "center"
      },
      "geometry": {
        "type": "Point",
        "coordinates": [
          3.3388376,
          6.5611662
        ]
      },
      "id": "way/589014132"
    },
    {
      "type": "Feature",
      "properties": {
        "@id": "way/589030660",
        "bridge": "yes",
        "highway": "residential",
        "layer": "1",
        "@geometry": "center"
      },
      "geometry": {
        "type": "Point",
        "coordinates": [
          3.3347627,
          6.5461002
        ]
      },
      "id": "way/589030660"
    },
    {
      "type": "Feature",
      "properties": {
        "@id": "way/589238913",
        "bridge": "yes",
        "highway": "residential",
        "layer": "1",
        "name": "Chief Owho Ovuakporie Street",
        "@geometry": "center"
      },
      "geometry": {
        "type": "Point",
        "coordinates": [
          3.3190801,
          6.5524718
        ]
      },
      "id": "way/589238913"
    },
    {
      "type": "Feature",
      "properties": {
        "@id": "way/589238916",
        "bridge": "yes",
        "highway": "residential",
        "layer": "1",
        "@geometry": "center"
      },
      "geometry": {
        "type": "Point",
        "coordinates": [
          3.3184398,
          6.552191
        ]
      },
      "id": "way/589238916"
    },
    {
      "type": "Feature",
      "properties": {
        "@id": "way/589238917",
        "bridge": "yes",
        "highway": "residential",
        "layer": "1",
        "name": "Nelson Abido Street",
        "@geometry": "center"
      },
      "geometry": {
        "type": "Point",
        "coordinates": [
          3.319931,
          6.5528755
        ]
      },
      "id": "way/589238917"
    },
    {
      "type": "Feature",
      "properties": {
        "@id": "way/589739791",
        "bridge": "yes",
        "highway": "residential",
        "layer": "1",
        "oneway": "no",
        "@geometry": "center"
      },
      "geometry": {
        "type": "Point",
        "coordinates": [
          3.4005012,
          6.5441692
        ]
      },
      "id": "way/589739791"
    },
    {
      "type": "Feature",
      "properties": {
        "@id": "way/594743330",
        "bridge": "yes",
        "highway": "service",
        "layer": "1",
        "@geometry": "center"
      },
      "geometry": {
        "type": "Point",
        "coordinates": [
          3.4220353,
          6.4342543
        ]
      },
      "id": "way/594743330"
    },
    {
      "type": "Feature",
      "properties": {
        "@id": "way/595880639",
        "bridge": "yes",
        "highway": "footway",
        "layer": "1",
        "@geometry": "center"
      },
      "geometry": {
        "type": "Point",
        "coordinates": [
          3.3667219,
          6.5666966
        ]
      },
      "id": "way/595880639"
    },
    {
      "type": "Feature",
      "properties": {
        "@id": "way/598412505",
        "bridge": "yes",
        "highway": "secondary",
        "lanes": "2",
        "layer": "1",
        "name": "Obalende Road",
        "oneway": "yes",
        "ref": "F271",
        "surface": "paved",
        "@geometry": "center"
      },
      "geometry": {
        "type": "Point",
        "coordinates": [
          3.4078446,
          6.4493525
        ]
      },
      "id": "way/598412505"
    },
    {
      "type": "Feature",
      "properties": {
        "@id": "way/598412507",
        "bridge": "yes",
        "highway": "secondary",
        "lanes": "2",
        "layer": "1",
        "name": "Obalende Road",
        "oneway": "yes",
        "ref": "F271",
        "surface": "paved",
        "@geometry": "center"
      },
      "geometry": {
        "type": "Point",
        "coordinates": [
          3.4078766,
          6.4495441
        ]
      },
      "id": "way/598412507"
    },
    {
      "type": "Feature",
      "properties": {
        "@id": "way/598412510",
        "bridge": "yes",
        "highway": "secondary",
        "lanes": "2",
        "layer": "1",
        "name": "Awolowo Road",
        "oneway": "yes",
        "surface": "paved",
        "@geometry": "center"
      },
      "geometry": {
        "type": "Point",
        "coordinates": [
          3.4063027,
          6.4442037
        ]
      },
      "id": "way/598412510"
    },
    {
      "type": "Feature",
      "properties": {
        "@id": "way/598412512",
        "bridge": "yes",
        "highway": "secondary",
        "lanes": "2",
        "layer": "1",
        "name": "Awolowo Road",
        "oneway": "yes",
        "surface": "paved",
        "@geometry": "center"
      },
      "geometry": {
        "type": "Point",
        "coordinates": [
          3.4063497,
          6.4442672
        ]
      },
      "id": "way/598412512"
    },
    {
      "type": "Feature",
      "properties": {
        "@id": "way/606928462",
        "bridge": "yes",
        "highway": "trunk",
        "lanes": "2",
        "layer": "1",
        "name": "Ikorodu Road",
        "oneway": "yes",
        "ref": "A1",
        "surface": "paved",
        "@geometry": "center"
      },
      "geometry": {
        "type": "Point",
        "coordinates": [
          3.4336218,
          6.6091669
        ]
      },
      "id": "way/606928462"
    },
    {
      "type": "Feature",
      "properties": {
        "@id": "way/606928464",
        "bridge": "yes",
        "highway": "trunk",
        "lanes": "2",
        "layer": "1",
        "name": "Ikorodu Road",
        "oneway": "yes",
        "ref": "A1",
        "surface": "paved",
        "@geometry": "center"
      },
      "geometry": {
        "type": "Point",
        "coordinates": [
          3.4336433,
          6.6093507
        ]
      },
      "id": "way/606928464"
    },
    {
      "type": "Feature",
      "properties": {
        "@id": "way/608816304",
        "bridge": "yes",
        "highway": "primary",
        "layer": "1",
        "name": "Lasu-Isheri Road",
        "oneway": "yes",
        "surface": "paved",
        "@geometry": "center"
      },
      "geometry": {
        "type": "Point",
        "coordinates": [
          3.2074825,
          6.5211215
        ]
      },
      "id": "way/608816304"
    },
    {
      "type": "Feature",
      "properties": {
        "@id": "way/608816306",
        "bridge": "yes",
        "highway": "primary",
        "lanes": "4",
        "layer": "1",
        "name": "Lasu-Isheri Road",
        "oneway": "yes",
        "surface": "paved",
        "@geometry": "center"
      },
      "geometry": {
        "type": "Point",
        "coordinates": [
          3.2073922,
          6.5212188
        ]
      },
      "id": "way/608816306"
    },
    {
      "type": "Feature",
      "properties": {
        "@id": "way/609913254",
        "bridge": "yes",
        "highway": "residential",
        "layer": "1",
        "@geometry": "center"
      },
      "geometry": {
        "type": "Point",
        "coordinates": [
          -99.5275711,
          27.4436029
        ]
      },
      "id": "way/609913254"
    },
    {
      "type": "Feature",
      "properties": {
        "@id": "way/610011090",
        "bridge": "yes",
        "highway": "primary",
        "lanes": "2",
        "layer": "1",
        "name": "Obafemi Awolowo Way",
        "oneway": "yes",
        "@geometry": "center"
      },
      "geometry": {
        "type": "Point",
        "coordinates": [
          3.3510237,
          6.60839
        ]
      },
      "id": "way/610011090"
    },
    {
      "type": "Feature",
      "properties": {
        "@id": "way/610011091",
        "bridge": "yes",
        "highway": "primary",
        "lanes": "2",
        "layer": "1",
        "name": "Obafemi Awolowo Way",
        "oneway": "yes",
        "@geometry": "center"
      },
      "geometry": {
        "type": "Point",
        "coordinates": [
          3.3510988,
          6.608278
        ]
      },
      "id": "way/610011091"
    },
    {
      "type": "Feature",
      "properties": {
        "@id": "way/610896848",
        "access": "private",
        "bridge": "yes",
        "highway": "service",
        "layer": "1",
        "oneway": "yes",
        "@geometry": "center"
      },
      "geometry": {
        "type": "Point",
        "coordinates": [
          3.3613994,
          6.6147437
        ]
      },
      "id": "way/610896848"
    },
    {
      "type": "Feature",
      "properties": {
        "@id": "way/626035341",
        "bridge": "yes",
        "highway": "secondary",
        "layer": "1",
        "oneway": "yes",
        "@geometry": "center"
      },
      "geometry": {
        "type": "Point",
        "coordinates": [
          3.4243666,
          6.4163699
        ]
      },
      "id": "way/626035341"
    },
    {
      "type": "Feature",
      "properties": {
        "@id": "way/626035356",
        "bridge": "yes",
        "highway": "secondary",
        "layer": "1",
        "oneway": "yes",
        "@geometry": "center"
      },
      "geometry": {
        "type": "Point",
        "coordinates": [
          3.411084,
          6.412993
        ]
      },
      "id": "way/626035356"
    },
    {
      "type": "Feature",
      "properties": {
        "@id": "way/626035359",
        "bridge": "yes",
        "highway": "secondary",
        "layer": "1",
        "oneway": "yes",
        "@geometry": "center"
      },
      "geometry": {
        "type": "Point",
        "coordinates": [
          3.4107192,
          6.413369
        ]
      },
      "id": "way/626035359"
    },
    {
      "type": "Feature",
      "properties": {
        "@id": "way/626035370",
        "bridge": "yes",
        "highway": "tertiary",
        "layer": "1",
        "oneway": "yes",
        "@geometry": "center"
      },
      "geometry": {
        "type": "Point",
        "coordinates": [
          3.4038819,
          6.4051251
        ]
      },
      "id": "way/626035370"
    },
    {
      "type": "Feature",
      "properties": {
        "@id": "way/626035371",
        "bridge": "yes",
        "highway": "tertiary",
        "layer": "1",
        "oneway": "yes",
        "@geometry": "center"
      },
      "geometry": {
        "type": "Point",
        "coordinates": [
          3.4039909,
          6.4051092
        ]
      },
      "id": "way/626035371"
    },
    {
      "type": "Feature",
      "properties": {
        "@id": "way/626035377",
        "bridge": "yes",
        "highway": "secondary",
        "layer": "1",
        "oneway": "yes",
        "@geometry": "center"
      },
      "geometry": {
        "type": "Point",
        "coordinates": [
          3.4089411,
          6.4092528
        ]
      },
      "id": "way/626035377"
    },
    {
      "type": "Feature",
      "properties": {
        "@id": "way/626035379",
        "bridge": "yes",
        "highway": "secondary",
        "layer": "1",
        "oneway": "yes",
        "@geometry": "center"
      },
      "geometry": {
        "type": "Point",
        "coordinates": [
          3.4088809,
          6.4091526
        ]
      },
      "id": "way/626035379"
    },
    {
      "type": "Feature",
      "properties": {
        "@id": "way/627612283",
        "bridge": "yes",
        "highway": "primary_link",
        "layer": "1",
        "oneway": "yes",
        "@geometry": "center"
      },
      "geometry": {
        "type": "Point",
        "coordinates": [
          3.4270761,
          6.4431997
        ]
      },
      "id": "way/627612283"
    },
    {
      "type": "Feature",
      "properties": {
        "@id": "way/627612284",
        "bridge": "yes",
        "highway": "primary_link",
        "layer": "1",
        "oneway": "yes",
        "@geometry": "center"
      },
      "geometry": {
        "type": "Point",
        "coordinates": [
          3.4264887,
          6.4423383
        ]
      },
      "id": "way/627612284"
    },
    {
      "type": "Feature",
      "properties": {
        "@id": "way/627612308",
        "bridge": "yes",
        "highway": "trunk",
        "layer": "1",
        "name": "Lekki-Ajah Flyover",
        "oneway": "yes",
        "@geometry": "center"
      },
      "geometry": {
        "type": "Point",
        "coordinates": [
          3.5655998,
          6.4681954
        ]
      },
      "id": "way/627612308"
    },
    {
      "type": "Feature",
      "properties": {
        "@id": "way/637910692",
        "bridge": "yes",
        "highway": "residential",
        "layer": "1",
        "name": "Oseni Ewu Street",
        "source": "BING",
        "@geometry": "center"
      },
      "geometry": {
        "type": "Point",
        "coordinates": [
          3.3404592,
          6.5659136
        ]
      },
      "id": "way/637910692"
    },
    {
      "type": "Feature",
      "properties": {
        "@id": "way/637910696",
        "access": "private",
        "bridge": "yes",
        "highway": "service",
        "layer": "1",
        "@geometry": "center"
      },
      "geometry": {
        "type": "Point",
        "coordinates": [
          3.3201207,
          6.600252
        ]
      },
      "id": "way/637910696"
    },
    {
      "type": "Feature",
      "properties": {
        "@id": "way/640507507",
        "bridge": "yes",
        "highway": "footway",
        "layer": "2",
        "@geometry": "center"
      },
      "geometry": {
        "type": "Point",
        "coordinates": [
          3.3901772,
          6.4494782
        ]
      },
      "id": "way/640507507"
    },
    {
      "type": "Feature",
      "properties": {
        "@id": "way/640507510",
        "bridge": "yes",
        "highway": "footway",
        "layer": "2",
        "@geometry": "center"
      },
      "geometry": {
        "type": "Point",
        "coordinates": [
          3.3827521,
          6.459234
        ]
      },
      "id": "way/640507510"
    },
    {
      "type": "Feature",
      "properties": {
        "@id": "way/642340877",
        "bridge": "yes",
        "highway": "motorway",
        "layer": "2",
        "name": "Apapa Road",
        "oneway": "yes",
        "ref": "A1",
        "surface": "asphalt",
        "@geometry": "center"
      },
      "geometry": {
        "type": "Point",
        "coordinates": [
          3.3657525,
          6.4549695
        ]
      },
      "id": "way/642340877"
    },
    {
      "type": "Feature",
      "properties": {
        "@id": "way/642340880",
        "bridge": "yes",
        "highway": "motorway",
        "layer": "1",
        "name": "Apapa Road",
        "oneway": "yes",
        "ref": "A1",
        "surface": "unpaved",
        "@geometry": "center"
      },
      "geometry": {
        "type": "Point",
        "coordinates": [
          3.3652431,
          6.4562542
        ]
      },
      "id": "way/642340880"
    },
    {
      "type": "Feature",
      "properties": {
        "@id": "way/643481447",
        "bridge": "yes",
        "highway": "footway",
        "layer": "1",
        "@geometry": "center"
      },
      "geometry": {
        "type": "Point",
        "coordinates": [
          3.5153818,
          6.4377766
        ]
      },
      "id": "way/643481447"
    },
    {
      "type": "Feature",
      "properties": {
        "@id": "way/662455003",
        "bridge": "yes",
        "construction:electrified": "rail",
        "gauge": "1435",
        "layer": "1",
        "name": "LRMT Blue Line",
        "railway": "subway",
        "voltage": "750",
        "@geometry": "center"
      },
      "geometry": {
        "type": "Point",
        "coordinates": [
          3.3389334,
          6.4745901
        ]
      },
      "id": "way/662455003"
    },
    {
      "type": "Feature",
      "properties": {
        "@id": "way/662455007",
        "bridge": "yes",
        "covered": "yes",
        "highway": "footway",
        "layer": "2",
        "surface": "unpaved",
        "@geometry": "center"
      },
      "geometry": {
        "type": "Point",
        "coordinates": [
          3.3236926,
          6.4638276
        ]
      },
      "id": "way/662455007"
    },
    {
      "type": "Feature",
      "properties": {
        "@id": "way/662455010",
        "bridge": "yes",
        "covered": "yes",
        "highway": "footway",
        "layer": "2",
        "surface": "unpaved",
        "@geometry": "center"
      },
      "geometry": {
        "type": "Point",
        "coordinates": [
          3.3251158,
          6.4648296
        ]
      },
      "id": "way/662455010"
    },
    {
      "type": "Feature",
      "properties": {
        "@id": "way/662455014",
        "bridge": "yes",
        "construction": "subway",
        "construction:railway": "subway",
        "layer": "1",
        "name": "LRMT Blue Line",
        "railway": "construction",
        "surface": "paved",
        "@geometry": "center"
      },
      "geometry": {
        "type": "Point",
        "coordinates": [
          3.3065479,
          6.4599818
        ]
      },
      "id": "way/662455014"
    },
    {
      "type": "Feature",
      "properties": {
        "@id": "way/670148878",
        "bridge": "yes",
        "hgv": "designated",
        "highway": "service",
        "layer": "1",
        "name": "Tincan Transit Park Access",
        "@geometry": "center"
      },
      "geometry": {
        "type": "Point",
        "coordinates": [
          3.3582617,
          6.438794
        ]
      },
      "id": "way/670148878"
    },
    {
      "type": "Feature",
      "properties": {
        "@id": "way/671558209",
        "bridge": "yes",
        "highway": "footway",
        "layer": "1",
        "@geometry": "center"
      },
      "geometry": {
        "type": "Point",
        "coordinates": [
          3.3006228,
          6.4598554
        ]
      },
      "id": "way/671558209"
    },
    {
      "type": "Feature",
      "properties": {
        "@id": "way/671558214",
        "bridge": "yes",
        "highway": "footway",
        "layer": "1",
        "@geometry": "center"
      },
      "geometry": {
        "type": "Point",
        "coordinates": [
          3.312516,
          6.4598299
        ]
      },
      "id": "way/671558214"
    },
    {
      "type": "Feature",
      "properties": {
        "@id": "way/671558215",
        "bridge": "yes",
        "highway": "footway",
        "layer": "1",
        "@geometry": "center"
      },
      "geometry": {
        "type": "Point",
        "coordinates": [
          3.3107735,
          6.4598587
        ]
      },
      "id": "way/671558215"
    },
    {
      "type": "Feature",
      "properties": {
        "@id": "way/671558225",
        "bridge": "yes",
        "highway": "footway",
        "layer": "1",
        "@geometry": "center"
      },
      "geometry": {
        "type": "Point",
        "coordinates": [
          3.3306216,
          6.4687632
        ]
      },
      "id": "way/671558225"
    },
    {
      "type": "Feature",
      "properties": {
        "@id": "way/671558228",
        "bridge": "yes",
        "highway": "footway",
        "layer": "1",
        "@geometry": "center"
      },
      "geometry": {
        "type": "Point",
        "coordinates": [
          3.3380574,
          6.4740473
        ]
      },
      "id": "way/671558228"
    },
    {
      "type": "Feature",
      "properties": {
        "@id": "way/671558232",
        "bridge": "yes",
        "highway": "footway",
        "layer": "1",
        "surface": "unpaved",
        "@geometry": "center"
      },
      "geometry": {
        "type": "Point",
        "coordinates": [
          3.3427549,
          6.4773262
        ]
      },
      "id": "way/671558232"
    },
    {
      "type": "Feature",
      "properties": {
        "@id": "way/671812006",
        "bridge": "yes",
        "covered": "yes",
        "highway": "footway",
        "layer": "1",
        "@geometry": "center"
      },
      "geometry": {
        "type": "Point",
        "coordinates": [
          3.4923366,
          6.6245719
        ]
      },
      "id": "way/671812006"
    },
    {
      "type": "Feature",
      "properties": {
        "@id": "way/671812019",
        "bridge": "yes",
        "covered": "yes",
        "highway": "footway",
        "layer": "1",
        "@geometry": "center"
      },
      "geometry": {
        "type": "Point",
        "coordinates": [
          3.4923517,
          6.6247371
        ]
      },
      "id": "way/671812019"
    },
    {
      "type": "Feature",
      "properties": {
        "@id": "way/671812020",
        "bridge": "yes",
        "covered": "yes",
        "highway": "footway",
        "layer": "2",
        "@geometry": "center"
      },
      "geometry": {
        "type": "Point",
        "coordinates": [
          3.492355,
          6.6246558
        ]
      },
      "id": "way/671812020"
    },
    {
      "type": "Feature",
      "properties": {
        "@id": "way/671812028",
        "bridge": "yes",
        "covered": "yes",
        "highway": "footway",
        "layer": "1",
        "@geometry": "center"
      },
      "geometry": {
        "type": "Point",
        "coordinates": [
          3.4872105,
          6.6253543
        ]
      },
      "id": "way/671812028"
    },
    {
      "type": "Feature",
      "properties": {
        "@id": "way/671812041",
        "bridge": "yes",
        "covered": "yes",
        "highway": "footway",
        "layer": "1",
        "@geometry": "center"
      },
      "geometry": {
        "type": "Point",
        "coordinates": [
          3.4872245,
          6.6255197
        ]
      },
      "id": "way/671812041"
    },
    {
      "type": "Feature",
      "properties": {
        "@id": "way/671812042",
        "bridge": "yes",
        "covered": "yes",
        "highway": "footway",
        "layer": "2",
        "@geometry": "center"
      },
      "geometry": {
        "type": "Point",
        "coordinates": [
          3.4872287,
          6.6254378
        ]
      },
      "id": "way/671812042"
    },
    {
      "type": "Feature",
      "properties": {
        "@id": "way/671812063",
        "bridge": "yes",
        "highway": "busway",
        "lanes": "2",
        "layer": "1",
        "@geometry": "center"
      },
      "geometry": {
        "type": "Point",
        "coordinates": [
          3.4691441,
          6.619086
        ]
      },
      "id": "way/671812063"
    },
    {
      "type": "Feature",
      "properties": {
        "@id": "way/671812067",
        "bridge": "yes",
        "highway": "trunk",
        "layer": "1",
        "name": "Ikorodu Road",
        "oneway": "yes",
        "ref": "A1",
        "surface": "paved",
        "@geometry": "center"
      },
      "geometry": {
        "type": "Point",
        "coordinates": [
          3.4691184,
          6.6191337
        ]
      },
      "id": "way/671812067"
    },
    {
      "type": "Feature",
      "properties": {
        "@id": "way/671812073",
        "bridge": "yes",
        "highway": "trunk",
        "layer": "1",
        "name": "Ikorodu Road",
        "oneway": "yes",
        "ref": "A1",
        "surface": "paved",
        "@geometry": "center"
      },
      "geometry": {
        "type": "Point",
        "coordinates": [
          3.4691719,
          6.6190343
        ]
      },
      "id": "way/671812073"
    },
    {
      "type": "Feature",
      "properties": {
        "@id": "way/671812075",
        "bridge": "yes",
        "covered": "yes",
        "highway": "footway",
        "layer": "1",
        "@geometry": "center"
      },
      "geometry": {
        "type": "Point",
        "coordinates": [
          3.4728462,
          6.6195504
        ]
      },
      "id": "way/671812075"
    },
    {
      "type": "Feature",
      "properties": {
        "@id": "way/671812089",
        "bridge": "yes",
        "covered": "yes",
        "highway": "footway",
        "layer": "2",
        "@geometry": "center"
      },
      "geometry": {
        "type": "Point",
        "coordinates": [
          3.4728557,
          6.6196349
        ]
      },
      "id": "way/671812089"
    },
    {
      "type": "Feature",
      "properties": {
        "@id": "way/671812090",
        "bridge": "yes",
        "covered": "yes",
        "highway": "footway",
        "layer": "1",
        "@geometry": "center"
      },
      "geometry": {
        "type": "Point",
        "coordinates": [
          3.4728433,
          6.619716
        ]
      },
      "id": "way/671812090"
    },
    {
      "type": "Feature",
      "properties": {
        "@id": "way/671812091",
        "bridge": "yes",
        "highway": "busway",
        "lanes": "2",
        "@geometry": "center"
      },
      "geometry": {
        "type": "Point",
        "coordinates": [
          3.4504594,
          6.620293
        ]
      },
      "id": "way/671812091"
    },
    {
      "type": "Feature",
      "properties": {
        "@id": "way/671812093",
        "bridge": "yes",
        "covered": "yes",
        "highway": "footway",
        "layer": "1",
        "@geometry": "center"
      },
      "geometry": {
        "type": "Point",
        "coordinates": [
          3.4626417,
          6.6188004
        ]
      },
      "id": "way/671812093"
    },
    {
      "type": "Feature",
      "properties": {
        "@id": "way/671812108",
        "bridge": "yes",
        "covered": "yes",
        "highway": "footway",
        "layer": "2",
        "@geometry": "center"
      },
      "geometry": {
        "type": "Point",
        "coordinates": [
          3.4626186,
          6.6188952
        ]
      },
      "id": "way/671812108"
    },
    {
      "type": "Feature",
      "properties": {
        "@id": "way/671812109",
        "bridge": "yes",
        "covered": "yes",
        "highway": "footway",
        "layer": "1",
        "@geometry": "center"
      },
      "geometry": {
        "type": "Point",
        "coordinates": [
          3.4625844,
          6.6189772
        ]
      },
      "id": "way/671812109"
    },
    {
      "type": "Feature",
      "properties": {
        "@id": "way/671812120",
        "bridge": "yes",
        "highway": "busway",
        "lanes": "2",
        "@geometry": "center"
      },
      "geometry": {
        "type": "Point",
        "coordinates": [
          3.4470018,
          6.616835
        ]
      },
      "id": "way/671812120"
    },
    {
      "type": "Feature",
      "properties": {
        "@id": "way/671812126",
        "bridge": "yes",
        "highway": "busway",
        "lanes": "2",
        "layer": "1",
        "@geometry": "center"
      },
      "geometry": {
        "type": "Point",
        "coordinates": [
          3.4336299,
          6.6092687
        ]
      },
      "id": "way/671812126"
    },
    {
      "type": "Feature",
      "properties": {
        "@id": "way/671812142",
        "bridge": "yes",
        "covered": "yes",
        "highway": "footway",
        "layer": "1",
        "@geometry": "center"
      },
      "geometry": {
        "type": "Point",
        "coordinates": [
          3.4216928,
          6.6099638
        ]
      },
      "id": "way/671812142"
    },
    {
      "type": "Feature",
      "properties": {
        "@id": "way/671812157",
        "bridge": "yes",
        "covered": "yes",
        "highway": "footway",
        "layer": "2",
        "@geometry": "center"
      },
      "geometry": {
        "type": "Point",
        "coordinates": [
          3.42174,
          6.6100331
        ]
      },
      "id": "way/671812157"
    },
    {
      "type": "Feature",
      "properties": {
        "@id": "way/671812160",
        "bridge": "yes",
        "covered": "yes",
        "highway": "footway",
        "layer": "1",
        "@geometry": "center"
      },
      "geometry": {
        "type": "Point",
        "coordinates": [
          3.4217673,
          6.6101112
        ]
      },
      "id": "way/671812160"
    },
    {
      "type": "Feature",
      "properties": {
        "@id": "way/671812163",
        "bridge": "yes",
        "highway": "path",
        "layer": "1",
        "@geometry": "center"
      },
      "geometry": {
        "type": "Point",
        "coordinates": [
          3.4291988,
          6.6069148
        ]
      },
      "id": "way/671812163"
    },
    {
      "type": "Feature",
      "properties": {
        "@id": "way/671812167",
        "bridge": "yes",
        "highway": "path",
        "layer": "1",
        "@geometry": "center"
      },
      "geometry": {
        "type": "Point",
        "coordinates": [
          3.4292056,
          6.6080821
        ]
      },
      "id": "way/671812167"
    },
    {
      "type": "Feature",
      "properties": {
        "@id": "way/671812173",
        "bridge": "yes",
        "highway": "busway",
        "lanes": "2",
        "layer": "1",
        "@geometry": "center"
      },
      "geometry": {
        "type": "Point",
        "coordinates": [
          3.4407954,
          6.6108621
        ]
      },
      "id": "way/671812173"
    },
    {
      "type": "Feature",
      "properties": {
        "@id": "way/671812175",
        "bridge": "yes",
        "highway": "busway",
        "lanes": "2",
        "layer": "1",
        "@geometry": "center"
      },
      "geometry": {
        "type": "Point",
        "coordinates": [
          3.4420208,
          6.6128426
        ]
      },
      "id": "way/671812175"
    },
    {
      "type": "Feature",
      "properties": {
        "@id": "way/671812190",
        "bridge": "yes",
        "covered": "yes",
        "highway": "footway",
        "layer": "1",
        "@geometry": "center"
      },
      "geometry": {
        "type": "Point",
        "coordinates": [
          3.4155102,
          6.6118239
        ]
      },
      "id": "way/671812190"
    },
    {
      "type": "Feature",
      "properties": {
        "@id": "way/671812191",
        "bridge": "yes",
        "covered": "yes",
        "highway": "footway",
        "layer": "1",
        "@geometry": "center"
      },
      "geometry": {
        "type": "Point",
        "coordinates": [
          3.4148893,
          6.6121583
        ]
      },
      "id": "way/671812191"
    },
    {
      "type": "Feature",
      "properties": {
        "@id": "way/671812192",
        "bridge": "yes",
        "covered": "yes",
        "highway": "footway",
        "layer": "1",
        "@geometry": "center"
      },
      "geometry": {
        "type": "Point",
        "coordinates": [
          3.4151668,
          6.6120783
        ]
      },
      "id": "way/671812192"
    },
    {
      "type": "Feature",
      "properties": {
        "@id": "way/671812193",
        "bridge": "yes",
        "covered": "yes",
        "highway": "footway",
        "layer": "1",
        "@geometry": "center"
      },
      "geometry": {
        "type": "Point",
        "coordinates": [
          3.4152119,
          6.6118926
        ]
      },
      "id": "way/671812193"
    },
    {
      "type": "Feature",
      "properties": {
        "@id": "way/671812198",
        "bridge": "yes",
        "covered": "yes",
        "highway": "footway",
        "layer": "2",
        "@geometry": "center"
      },
      "geometry": {
        "type": "Point",
        "coordinates": [
          3.4151991,
          6.6119931
        ]
      },
      "id": "way/671812198"
    },
    {
      "type": "Feature",
      "properties": {
        "@id": "way/671812205",
        "bridge": "yes",
        "highway": "busway",
        "lanes": "1",
        "layer": "1",
        "oneway": "yes",
        "@geometry": "center"
      },
      "geometry": {
        "type": "Point",
        "coordinates": [
          3.4028915,
          6.6039389
        ]
      },
      "id": "way/671812205"
    },
    {
      "type": "Feature",
      "properties": {
        "@id": "way/671812210",
        "bridge": "yes",
        "highway": "busway",
        "lanes": "1",
        "layer": "1",
        "oneway": "yes",
        "@geometry": "center"
      },
      "geometry": {
        "type": "Point",
        "coordinates": [
          3.4029121,
          6.6039801
        ]
      },
      "id": "way/671812210"
    },
    {
      "type": "Feature",
      "properties": {
        "@id": "way/671812216",
        "bridge": "yes",
        "highway": "tertiary",
        "layer": "1",
        "name": "Ikorodu Road",
        "oneway": "yes",
        "@geometry": "center"
      },
      "geometry": {
        "type": "Point",
        "coordinates": [
          3.4029554,
          6.6040672
        ]
      },
      "id": "way/671812216"
    },
    {
      "type": "Feature",
      "properties": {
        "@id": "way/671812220",
        "bridge": "yes",
        "highway": "tertiary",
        "layer": "1",
        "name": "Ikorodu Road",
        "oneway": "yes",
        "@geometry": "center"
      },
      "geometry": {
        "type": "Point",
        "coordinates": [
          3.4028448,
          6.6038454
        ]
      },
      "id": "way/671812220"
    },
    {
      "type": "Feature",
      "properties": {
        "@id": "way/671812234",
        "bridge": "yes",
        "foot": "yes",
        "highway": "trunk",
        "layer": "1",
        "name": "Ikorodu Road",
        "oneway": "yes",
        "ref": "A1",
        "surface": "paved",
        "@geometry": "center"
      },
      "geometry": {
        "type": "Point",
        "coordinates": [
          3.4065892,
          6.6056558
        ]
      },
      "id": "way/671812234"
    },
    {
      "type": "Feature",
      "properties": {
        "@id": "way/671812242",
        "bridge": "yes",
        "foot": "yes",
        "highway": "trunk",
        "layer": "1",
        "name": "Ikorodu Road",
        "oneway": "yes",
        "ref": "A1",
        "surface": "paved",
        "@geometry": "center"
      },
      "geometry": {
        "type": "Point",
        "coordinates": [
          3.4067622,
          6.6054826
        ]
      },
      "id": "way/671812242"
    },
    {
      "type": "Feature",
      "properties": {
        "@id": "way/671841228",
        "bridge": "yes",
        "highway": "footway",
        "layer": "1",
        "@geometry": "center"
      },
      "geometry": {
        "type": "Point",
        "coordinates": [
          3.3789794,
          6.5878967
        ]
      },
      "id": "way/671841228"
    },
    {
      "type": "Feature",
      "properties": {
        "@id": "way/671841231",
        "bridge": "yes",
        "highway": "footway",
        "layer": "1",
        "@geometry": "center"
      },
      "geometry": {
        "type": "Point",
        "coordinates": [
          3.3865754,
          6.5982112
        ]
      },
      "id": "way/671841231"
    },
    {
      "type": "Feature",
      "properties": {
        "@id": "way/671841256",
        "bridge": "yes",
        "highway": "footway",
        "layer": "1",
        "@geometry": "center"
      },
      "geometry": {
        "type": "Point",
        "coordinates": [
          3.3941627,
          6.6080526
        ]
      },
      "id": "way/671841256"
    },
    {
      "type": "Feature",
      "properties": {
        "@id": "way/671844409",
        "bridge": "yes",
        "highway": "residential",
        "layer": "1",
        "name": "Shoyinka Street",
        "surface": "unpaved",
        "@geometry": "center"
      },
      "geometry": {
        "type": "Point",
        "coordinates": [
          3.3154668,
          6.6614001
        ]
      },
      "id": "way/671844409"
    },
    {
      "type": "Feature",
      "properties": {
        "@id": "way/671850878",
        "bridge": "yes",
        "highway": "footway",
        "layer": "1",
        "@geometry": "center"
      },
      "geometry": {
        "type": "Point",
        "coordinates": [
          3.3672482,
          6.5334556
        ]
      },
      "id": "way/671850878"
    },
    {
      "type": "Feature",
      "properties": {
        "@id": "way/675372354",
        "bridge": "yes",
        "highway": "footway",
        "layer": "1",
        "@geometry": "center"
      },
      "geometry": {
        "type": "Point",
        "coordinates": [
          -8.7563798,
          37.0755571
        ]
      },
      "id": "way/675372354"
    },
    {
      "type": "Feature",
      "properties": {
        "@id": "way/675372357",
        "bridge": "yes",
        "highway": "footway",
        "layer": "1",
        "surface": "wood",
        "@geometry": "center"
      },
      "geometry": {
        "type": "Point",
        "coordinates": [
          -8.7560644,
          37.0754103
        ]
      },
      "id": "way/675372357"
    },
    {
      "type": "Feature",
      "properties": {
        "@id": "way/685307541",
        "bridge": "yes",
        "highway": "unclassified",
        "layer": "1",
        "surface": "asphalt",
        "@geometry": "center"
      },
      "geometry": {
        "type": "Point",
        "coordinates": [
          -8.7676568,
          37.0928688
        ]
      },
      "id": "way/685307541"
    },
    {
      "type": "Feature",
      "properties": {
        "@id": "way/687617783",
        "bridge": "yes",
        "highway": "service",
        "layer": "1",
        "@geometry": "center"
      },
      "geometry": {
        "type": "Point",
        "coordinates": [
          -8.6946843,
          37.1105073
        ]
      },
      "id": "way/687617783"
    },
    {
      "type": "Feature",
      "properties": {
        "@id": "way/687617784",
        "bridge": "yes",
        "highway": "service",
        "layer": "1",
        "@geometry": "center"
      },
      "geometry": {
        "type": "Point",
        "coordinates": [
          -8.6957049,
          37.1098234
        ]
      },
      "id": "way/687617784"
    },
    {
      "type": "Feature",
      "properties": {
        "@id": "way/687618391",
        "bridge": "yes",
        "highway": "primary",
        "lanes": "2",
        "layer": "1",
        "surface": "asphalt",
        "@geometry": "center"
      },
      "geometry": {
        "type": "Point",
        "coordinates": [
          -8.6915868,
          37.1107738
        ]
      },
      "id": "way/687618391"
    },
    {
      "type": "Feature",
      "properties": {
        "@id": "way/688110492",
        "bicycle": "yes",
        "bridge": "yes",
        "highway": "path",
        "layer": "1",
        "lit": "no",
        "name": "Bailey's Bridge",
        "surface": "wood",
        "@geometry": "center"
      },
      "geometry": {
        "type": "Point",
        "coordinates": [
          -8.6709363,
          37.109157
        ]
      },
      "id": "way/688110492"
    },
    {
      "type": "Feature",
      "properties": {
        "@id": "way/690198412",
        "bridge": "yes",
        "highway": "residential",
        "layer": "1",
        "@geometry": "center"
      },
      "geometry": {
        "type": "Point",
        "coordinates": [
          -8.6496656,
          37.1692704
        ]
      },
      "id": "way/690198412"
    },
    {
      "type": "Feature",
      "properties": {
        "@id": "way/690199790",
        "bridge": "yes",
        "highway": "unclassified",
        "layer": "1",
        "@geometry": "center"
      },
      "geometry": {
        "type": "Point",
        "coordinates": [
          -8.6412688,
          37.1648657
        ]
      },
      "id": "way/690199790"
    },
    {
      "type": "Feature",
      "properties": {
        "@id": "way/690200141",
        "bridge": "yes",
        "highway": "track",
        "layer": "1",
        "@geometry": "center"
      },
      "geometry": {
        "type": "Point",
        "coordinates": [
          -8.6458433,
          37.1506023
        ]
      },
      "id": "way/690200141"
    },
    {
      "type": "Feature",
      "properties": {
        "@id": "way/690213784",
        "bridge": "yes",
        "highway": "track",
        "layer": "1",
        "@geometry": "center"
      },
      "geometry": {
        "type": "Point",
        "coordinates": [
          -8.671441,
          37.1536246
        ]
      },
      "id": "way/690213784"
    },
    {
      "type": "Feature",
      "properties": {
        "@id": "way/690213786",
        "bridge": "yes",
        "highway": "unclassified",
        "lanes": "2",
        "layer": "1",
        "surface": "asphalt",
        "width": "4",
        "@geometry": "center"
      },
      "geometry": {
        "type": "Point",
        "coordinates": [
          -8.6633808,
          37.1492085
        ]
      },
      "id": "way/690213786"
    },
    {
      "type": "Feature",
      "properties": {
        "@id": "way/690214459",
        "bridge": "yes",
        "highway": "tertiary",
        "layer": "1",
        "@geometry": "center"
      },
      "geometry": {
        "type": "Point",
        "coordinates": [
          -8.6576255,
          37.1591831
        ]
      },
      "id": "way/690214459"
    },
    {
      "type": "Feature",
      "properties": {
        "@id": "way/690214462",
        "bridge": "yes",
        "highway": "track",
        "layer": "1",
        "@geometry": "center"
      },
      "geometry": {
        "type": "Point",
        "coordinates": [
          -8.662594,
          37.1588547
        ]
      },
      "id": "way/690214462"
    },
    {
      "type": "Feature",
      "properties": {
        "@id": "way/693542458",
        "bridge": "yes",
        "highway": "secondary_link",
        "layer": "1",
        "oneway": "yes",
        "@geometry": "center"
      },
      "geometry": {
        "type": "Point",
        "coordinates": [
          3.3339992,
          6.5499634
        ]
      },
      "id": "way/693542458"
    },
    {
      "type": "Feature",
      "properties": {
        "@id": "way/693546085",
        "bridge": "yes",
        "destination:ref": "F265",
        "highway": "motorway_link",
        "layer": "1",
        "oneway": "yes",
        "surface": "asphalt",
        "@geometry": "center"
      },
      "geometry": {
        "type": "Point",
        "coordinates": [
          3.3357537,
          6.5490213
        ]
      },
      "id": "way/693546085"
    },
    {
      "type": "Feature",
      "properties": {
        "@id": "way/693546086",
        "bridge": "yes",
        "highway": "primary_link",
        "layer": "1",
        "oneway": "yes",
        "surface": "asphalt",
        "@geometry": "center"
      },
      "geometry": {
        "type": "Point",
        "coordinates": [
          3.3357341,
          6.5489875
        ]
      },
      "id": "way/693546086"
    },
    {
      "type": "Feature",
      "properties": {
        "@id": "way/693546088",
        "bridge": "yes",
        "highway": "motorway",
        "lanes": "2",
        "layer": "1",
        "name": "International Airport Road",
        "oneway": "yes",
        "ref": "F269",
        "surface": "paved",
        "@geometry": "center"
      },
      "geometry": {
        "type": "Point",
        "coordinates": [
          3.3214474,
          6.5661338
        ]
      },
      "id": "way/693546088"
    },
    {
      "type": "Feature",
      "properties": {
        "@id": "way/693546090",
        "bridge": "yes",
        "highway": "motorway",
        "lanes": "2",
        "layer": "1",
        "name": "International Airport Road",
        "oneway": "yes",
        "ref": "F269",
        "surface": "paved",
        "@geometry": "center"
      },
      "geometry": {
        "type": "Point",
        "coordinates": [
          3.3211366,
          6.5661045
        ]
      },
      "id": "way/693546090"
    },
    {
      "type": "Feature",
      "properties": {
        "@id": "way/693550311",
        "bridge": "yes",
        "highway": "secondary",
        "layer": "1",
        "name": "University Road",
        "oneway": "no",
        "surface": "unpaved",
        "@geometry": "center"
      },
      "geometry": {
        "type": "Point",
        "coordinates": [
          3.3838071,
          6.5175253
        ]
      },
      "id": "way/693550311"
    },
    {
      "type": "Feature",
      "properties": {
        "@id": "way/694098351",
        "bridge": "yes",
        "highway": "track",
        "layer": "1",
        "width": "2",
        "@geometry": "center"
      },
      "geometry": {
        "type": "Point",
        "coordinates": [
          -8.6952919,
          37.1874607
        ]
      },
      "id": "way/694098351"
    },
    {
      "type": "Feature",
      "properties": {
        "@id": "way/694098837",
        "bridge": "yes",
        "highway": "unclassified",
        "layer": "1",
        "@geometry": "center"
      },
      "geometry": {
        "type": "Point",
        "coordinates": [
          -8.6939108,
          37.1740771
        ]
      },
      "id": "way/694098837"
    },
    {
      "type": "Feature",
      "properties": {
        "@id": "way/694116684",
        "bridge": "yes",
        "highway": "track",
        "layer": "1",
        "@geometry": "center"
      },
      "geometry": {
        "type": "Point",
        "coordinates": [
          -8.6306894,
          37.1376511
        ]
      },
      "id": "way/694116684"
    },
    {
      "type": "Feature",
      "properties": {
        "@id": "way/704971721",
        "bridge": "yes",
        "highway": "footway",
        "layer": "1",
        "@geometry": "center"
      },
      "geometry": {
        "type": "Point",
        "coordinates": [
          3.3419992,
          6.5797222
        ]
      },
      "id": "way/704971721"
    },
    {
      "type": "Feature",
      "properties": {
        "@id": "way/704971733",
        "bridge": "yes",
        "highway": "footway",
        "layer": "1",
        "@geometry": "center"
      },
      "geometry": {
        "type": "Point",
        "coordinates": [
          3.3456952,
          6.5705903
        ]
      },
      "id": "way/704971733"
    },
    {
      "type": "Feature",
      "properties": {
        "@id": "way/705155926",
        "bridge": "yes",
        "highway": "service",
        "layer": "1",
        "surface": "unpaved",
        "@geometry": "center"
      },
      "geometry": {
        "type": "Point",
        "coordinates": [
          4.0187666,
          6.4317624
        ]
      },
      "id": "way/705155926"
    },
    {
      "type": "Feature",
      "properties": {
        "@id": "way/705789477",
        "bridge": "yes",
        "covered": "yes",
        "highway": "footway",
        "layer": "2",
        "@geometry": "center"
      },
      "geometry": {
        "type": "Point",
        "coordinates": [
          3.3866381,
          6.4628497
        ]
      },
      "id": "way/705789477"
    },
    {
      "type": "Feature",
      "properties": {
        "@id": "way/705854794",
        "bridge": "yes",
        "covered": "yes",
        "highway": "footway",
        "layer": "1",
        "@geometry": "center"
      },
      "geometry": {
        "type": "Point",
        "coordinates": [
          3.3017642,
          6.634619
        ]
      },
      "id": "way/705854794"
    },
    {
      "type": "Feature",
      "properties": {
        "@id": "way/707240935",
        "bridge": "yes",
        "highway": "residential",
        "@geometry": "center"
      },
      "geometry": {
        "type": "Point",
        "coordinates": [
          3.4010533,
          6.4618243
        ]
      },
      "id": "way/707240935"
    },
    {
      "type": "Feature",
      "properties": {
        "@id": "way/707248863",
        "bridge": "yes",
        "highway": "footway",
        "layer": "1",
        "@geometry": "center"
      },
      "geometry": {
        "type": "Point",
        "coordinates": [
          3.3353176,
          6.5225352
        ]
      },
      "id": "way/707248863"
    },
    {
      "type": "Feature",
      "properties": {
        "@id": "way/707733137",
        "bridge": "yes",
        "highway": "path",
        "layer": "1",
        "@geometry": "center"
      },
      "geometry": {
        "type": "Point",
        "coordinates": [
          3.4096683,
          6.5795535
        ]
      },
      "id": "way/707733137"
    },
    {
      "type": "Feature",
      "properties": {
        "@id": "way/707733144",
        "bridge": "yes",
        "highway": "footway",
        "layer": "1",
        "@geometry": "center"
      },
      "geometry": {
        "type": "Point",
        "coordinates": [
          3.3982975,
          6.6118874
        ]
      },
      "id": "way/707733144"
    },
    {
      "type": "Feature",
      "properties": {
        "@id": "way/713060802",
        "bridge": "yes",
        "highway": "residential",
        "layer": "1",
        "name": "Community Road",
        "@geometry": "center"
      },
      "geometry": {
        "type": "Point",
        "coordinates": [
          3.294267,
          6.5083543
        ]
      },
      "id": "way/713060802"
    },
    {
      "type": "Feature",
      "properties": {
        "@id": "way/713061928",
        "bridge": "yes",
        "highway": "residential",
        "lane_markings": "no",
        "layer": "1",
        "surface": "asphalt",
        "@geometry": "center"
      },
      "geometry": {
        "type": "Point",
        "coordinates": [
          3.3001384,
          6.5135557
        ]
      },
      "id": "way/713061928"
    },
    {
      "type": "Feature",
      "properties": {
        "@id": "way/713089191",
        "bridge": "yes",
        "highway": "footway",
        "layer": "1",
        "@geometry": "center"
      },
      "geometry": {
        "type": "Point",
        "coordinates": [
          3.3564041,
          6.4362978
        ]
      },
      "id": "way/713089191"
    },
    {
      "type": "Feature",
      "properties": {
        "@id": "way/726190616",
        "bridge": "yes",
        "highway": "tertiary",
        "layer": "1",
        "name": "Ajibulu Street",
        "source": "BING",
        "@geometry": "center"
      },
      "geometry": {
        "type": "Point",
        "coordinates": [
          3.3252122,
          6.5597877
        ]
      },
      "id": "way/726190616"
    },
    {
      "type": "Feature",
      "properties": {
        "@id": "way/726763341",
        "bridge": "yes",
        "highway": "residential",
        "layer": "1",
        "surface": "unpaved",
        "@geometry": "center"
      },
      "geometry": {
        "type": "Point",
        "coordinates": [
          3.3824463,
          6.5230052
        ]
      },
      "id": "way/726763341"
    },
    {
      "type": "Feature",
      "properties": {
        "@id": "way/727749119",
        "bridge": "yes",
        "highway": "service",
        "layer": "1",
        "@geometry": "center"
      },
      "geometry": {
        "type": "Point",
        "coordinates": [
          3.4673144,
          6.4464457
        ]
      },
      "id": "way/727749119"
    },
    {
      "type": "Feature",
      "properties": {
        "@id": "way/731798569",
        "bridge": "yes",
        "highway": "secondary",
        "lanes": "1",
        "layer": "1",
        "name": "Yakoyo Road",
        "oneway": "yes",
        "@geometry": "center"
      },
      "geometry": {
        "type": "Point",
        "coordinates": [
          3.3542708,
          6.657401
        ]
      },
      "id": "way/731798569"
    },
    {
      "type": "Feature",
      "properties": {
        "@id": "way/731798570",
        "bridge": "yes",
        "highway": "secondary",
        "lanes": "1",
        "layer": "1",
        "name": "Oremeta/Yakoyo Road",
        "oneway": "yes",
        "@geometry": "center"
      },
      "geometry": {
        "type": "Point",
        "coordinates": [
          3.3543837,
          6.6574427
        ]
      },
      "id": "way/731798570"
    },
    {
      "type": "Feature",
      "properties": {
        "@id": "way/732679120",
        "bridge": "yes",
        "highway": "residential",
        "layer": "1",
        "surface": "unpaved",
        "@geometry": "center"
      },
      "geometry": {
        "type": "Point",
        "coordinates": [
          3.2294251,
          6.5314669
        ]
      },
      "id": "way/732679120"
    },
    {
      "type": "Feature",
      "properties": {
        "@id": "way/732942167",
        "bridge": "yes",
        "highway": "tertiary",
        "layer": "1",
        "@geometry": "center"
      },
      "geometry": {
        "type": "Point",
        "coordinates": [
          3.1570962,
          6.4546003
        ]
      },
      "id": "way/732942167"
    },
    {
      "type": "Feature",
      "properties": {
        "@id": "way/732942844",
        "bridge": "yes",
        "highway": "path",
        "layer": "1",
        "@geometry": "center"
      },
      "geometry": {
        "type": "Point",
        "coordinates": [
          3.2338173,
          6.4239743
        ]
      },
      "id": "way/732942844"
    },
    {
      "type": "Feature",
      "properties": {
        "@id": "way/733601649",
        "bridge": "yes",
        "highway": "path",
        "layer": "1",
        "@geometry": "center"
      },
      "geometry": {
        "type": "Point",
        "coordinates": [
          3.3783662,
          6.6346443
        ]
      },
      "id": "way/733601649"
    },
    {
      "type": "Feature",
      "properties": {
        "@id": "way/733621334",
        "bridge": "yes",
        "highway": "residential",
        "layer": "1",
        "@geometry": "center"
      },
      "geometry": {
        "type": "Point",
        "coordinates": [
          3.4037092,
          6.5972417
        ]
      },
      "id": "way/733621334"
    },
    {
      "type": "Feature",
      "properties": {
        "@id": "way/733621337",
        "bridge": "yes",
        "highway": "residential",
        "layer": "1",
        "@geometry": "center"
      },
      "geometry": {
        "type": "Point",
        "coordinates": [
          3.4025292,
          6.5979644
        ]
      },
      "id": "way/733621337"
    },
    {
      "type": "Feature",
      "properties": {
        "@id": "way/733621339",
        "bridge": "yes",
        "highway": "residential",
        "layer": "1",
        "@geometry": "center"
      },
      "geometry": {
        "type": "Point",
        "coordinates": [
          3.3998313,
          6.5979032
        ]
      },
      "id": "way/733621339"
    },
    {
      "type": "Feature",
      "properties": {
        "@id": "way/733621396",
        "bridge": "yes",
        "highway": "path",
        "layer": "1",
        "@geometry": "center"
      },
      "geometry": {
        "type": "Point",
        "coordinates": [
          3.4050044,
          6.5854979
        ]
      },
      "id": "way/733621396"
    },
    {
      "type": "Feature",
      "properties": {
        "@id": "way/733621420",
        "bridge": "yes",
        "highway": "footway",
        "layer": "1",
        "@geometry": "center"
      },
      "geometry": {
        "type": "Point",
        "coordinates": [
          3.3652219,
          6.6172778
        ]
      },
      "id": "way/733621420"
    },
    {
      "type": "Feature",
      "properties": {
        "@id": "way/734446301",
        "bridge": "yes",
        "highway": "residential",
        "layer": "1",
        "name": "Park Road",
        "source": "bing",
        "surface": "unpaved",
        "@geometry": "center"
      },
      "geometry": {
        "type": "Point",
        "coordinates": [
          3.374302,
          6.4866838
        ]
      },
      "id": "way/734446301"
    },
    {
      "type": "Feature",
      "properties": {
        "@id": "way/735339471",
        "bridge": "yes",
        "highway": "footway",
        "layer": "1",
        "@geometry": "center"
      },
      "geometry": {
        "type": "Point",
        "coordinates": [
          3.3817467,
          6.4764515
        ]
      },
      "id": "way/735339471"
    },
    {
      "type": "Feature",
      "properties": {
        "@id": "way/735339486",
        "bridge": "yes",
        "highway": "footway",
        "layer": "1",
        "@geometry": "center"
      },
      "geometry": {
        "type": "Point",
        "coordinates": [
          3.3830571,
          6.470186
        ]
      },
      "id": "way/735339486"
    },
    {
      "type": "Feature",
      "properties": {
        "@id": "way/737433295",
        "bridge": "yes",
        "highway": "tertiary",
        "layer": "1",
        "surface": "asphalt",
        "@geometry": "center"
      },
      "geometry": {
        "type": "Point",
        "coordinates": [
          3.1783988,
          6.5030249
        ]
      },
      "id": "way/737433295"
    },
    {
      "type": "Feature",
      "properties": {
        "@id": "way/738970334",
        "bridge": "yes",
        "highway": "footway",
        "layer": "1",
        "@geometry": "center"
      },
      "geometry": {
        "type": "Point",
        "coordinates": [
          3.3639566,
          6.5055807
        ]
      },
      "id": "way/738970334"
    },
    {
      "type": "Feature",
      "properties": {
        "@id": "way/739554779",
        "access": "private",
        "bridge": "yes",
        "highway": "residential",
        "layer": "1",
        "@geometry": "center"
      },
      "geometry": {
        "type": "Point",
        "coordinates": [
          3.5433966,
          6.4574327
        ]
      },
      "id": "way/739554779"
    },
    {
      "type": "Feature",
      "properties": {
        "@id": "way/741129302",
        "bridge": "yes",
        "highway": "path",
        "layer": "1",
        "@geometry": "center"
      },
      "geometry": {
        "type": "Point",
        "coordinates": [
          3.2836785,
          6.6159397
        ]
      },
      "id": "way/741129302"
    },
    {
      "type": "Feature",
      "properties": {
        "@id": "way/741129304",
        "bridge": "yes",
        "highway": "footway",
        "layer": "1",
        "@geometry": "center"
      },
      "geometry": {
        "type": "Point",
        "coordinates": [
          3.3048251,
          6.6424545
        ]
      },
      "id": "way/741129304"
    },
    {
      "type": "Feature",
      "properties": {
        "@id": "way/741129676",
        "bridge": "yes",
        "highway": "footway",
        "layer": "1",
        "@geometry": "center"
      },
      "geometry": {
        "type": "Point",
        "coordinates": [
          3.3051213,
          6.6123779
        ]
      },
      "id": "way/741129676"
    },
    {
      "type": "Feature",
      "properties": {
        "@id": "way/741201107",
        "bridge": "yes",
        "highway": "residential",
        "layer": "1",
        "name": "Ojefia Crescent",
        "@geometry": "center"
      },
      "geometry": {
        "type": "Point",
        "coordinates": [
          3.3073904,
          6.4887617
        ]
      },
      "id": "way/741201107"
    },
    {
      "type": "Feature",
      "properties": {
        "@id": "way/741208574",
        "bridge": "yes",
        "highway": "path",
        "layer": "1",
        "@geometry": "center"
      },
      "geometry": {
        "type": "Point",
        "coordinates": [
          3.3777025,
          6.6118636
        ]
      },
      "id": "way/741208574"
    },
    {
      "type": "Feature",
      "properties": {
        "@id": "way/741208577",
        "bridge": "yes",
        "highway": "residential",
        "layer": "1",
        "surface": "paved",
        "@geometry": "center"
      },
      "geometry": {
        "type": "Point",
        "coordinates": [
          3.3742478,
          6.6118982
        ]
      },
      "id": "way/741208577"
    },
    {
      "type": "Feature",
      "properties": {
        "@id": "way/741212615",
        "bridge": "yes",
        "highway": "tertiary",
        "layer": "1",
        "oneway": "yes",
        "surface": "paved",
        "@geometry": "center"
      },
      "geometry": {
        "type": "Point",
        "coordinates": [
          3.3968869,
          6.6135791
        ]
      },
      "id": "way/741212615"
    },
    {
      "type": "Feature",
      "properties": {
        "@id": "way/741212616",
        "bridge": "yes",
        "highway": "tertiary",
        "layer": "1",
        "oneway": "yes",
        "@geometry": "center"
      },
      "geometry": {
        "type": "Point",
        "coordinates": [
          3.3969615,
          6.6135596
        ]
      },
      "id": "way/741212616"
    },
    {
      "type": "Feature",
      "properties": {
        "@id": "way/741212633",
        "bridge": "yes",
        "bridge:name": "Yetunde Brown",
        "highway": "residential",
        "lanes": "2",
        "layer": "1",
        "maxspeed": "20",
        "surface": "asphalt",
        "@geometry": "center"
      },
      "geometry": {
        "type": "Point",
        "coordinates": [
          3.3880976,
          6.5666225
        ]
      },
      "id": "way/741212633"
    },
    {
      "type": "Feature",
      "properties": {
        "@id": "way/741343427",
        "bridge": "yes",
        "highway": "footway",
        "layer": "1",
        "@geometry": "center"
      },
      "geometry": {
        "type": "Point",
        "coordinates": [
          3.299882,
          6.6297467
        ]
      },
      "id": "way/741343427"
    },
    {
      "type": "Feature",
      "properties": {
        "@id": "way/741343451",
        "bridge": "yes",
        "fixme": "cloud cover present",
        "highway": "residential",
        "layer": "1",
        "oneway": "no",
        "@geometry": "center"
      },
      "geometry": {
        "type": "Point",
        "coordinates": [
          3.3283354,
          6.6566359
        ]
      },
      "id": "way/741343451"
    },
    {
      "type": "Feature",
      "properties": {
        "@id": "way/742021471",
        "bridge": "yes",
        "highway": "residential",
        "layer": "1",
        "oneway": "no",
        "surface": "unpaved",
        "@geometry": "center"
      },
      "geometry": {
        "type": "Point",
        "coordinates": [
          3.3408619,
          6.6422573
        ]
      },
      "id": "way/742021471"
    },
    {
      "type": "Feature",
      "properties": {
        "@id": "way/742021477",
        "bridge": "yes",
        "highway": "residential",
        "layer": "1",
        "surface": "unpaved",
        "@geometry": "center"
      },
      "geometry": {
        "type": "Point",
        "coordinates": [
          3.338169,
          6.6402411
        ]
      },
      "id": "way/742021477"
    },
    {
      "type": "Feature",
      "properties": {
        "@id": "way/743474214",
        "bridge": "yes",
        "highway": "secondary_link",
        "layer": "1",
        "oneway": "yes",
        "@geometry": "center"
      },
      "geometry": {
        "type": "Point",
        "coordinates": [
          3.4108707,
          6.4134762
        ]
      },
      "id": "way/743474214"
    },
    {
      "type": "Feature",
      "properties": {
        "@id": "way/743474232",
        "bridge": "yes",
        "highway": "residential",
        "layer": "1",
        "oneway": "yes",
        "@geometry": "center"
      },
      "geometry": {
        "type": "Point",
        "coordinates": [
          3.4111867,
          6.4129391
        ]
      },
      "id": "way/743474232"
    },
    {
      "type": "Feature",
      "properties": {
        "@id": "way/744371650",
        "bridge": "yes",
        "highway": "footway",
        "layer": "1",
        "@geometry": "center"
      },
      "geometry": {
        "type": "Point",
        "coordinates": [
          3.3238762,
          6.5066683
        ]
      },
      "id": "way/744371650"
    },
    {
      "type": "Feature",
      "properties": {
        "@id": "way/744376359",
        "bridge": "yes",
        "highway": "footway",
        "layer": "1",
        "@geometry": "center"
      },
      "geometry": {
        "type": "Point",
        "coordinates": [
          3.3227798,
          6.4923497
        ]
      },
      "id": "way/744376359"
    },
    {
      "type": "Feature",
      "properties": {
        "@id": "way/744376366",
        "bridge": "yes",
        "highway": "footway",
        "layer": "1",
        "@geometry": "center"
      },
      "geometry": {
        "type": "Point",
        "coordinates": [
          3.3269774,
          6.4836614
        ]
      },
      "id": "way/744376366"
    },
    {
      "type": "Feature",
      "properties": {
        "@id": "way/744407412",
        "bridge": "yes",
        "highway": "footway",
        "layer": "1",
        "@geometry": "center"
      },
      "geometry": {
        "type": "Point",
        "coordinates": [
          3.3706479,
          6.5568689
        ]
      },
      "id": "way/744407412"
    },
    {
      "type": "Feature",
      "properties": {
        "@id": "way/744407437",
        "bridge": "yes",
        "highway": "footway",
        "layer": "1",
        "@geometry": "center"
      },
      "geometry": {
        "type": "Point",
        "coordinates": [
          3.3668725,
          6.5577251
        ]
      },
      "id": "way/744407437"
    },
    {
      "type": "Feature",
      "properties": {
        "@id": "way/744486422",
        "bridge": "yes",
        "highway": "residential",
        "layer": "1",
        "@geometry": "center"
      },
      "geometry": {
        "type": "Point",
        "coordinates": [
          3.3452423,
          6.5551541
        ]
      },
      "id": "way/744486422"
    },
    {
      "type": "Feature",
      "properties": {
        "@id": "way/744502251",
        "bridge": "yes",
        "highway": "unclassified",
        "layer": "1",
        "@geometry": "center"
      },
      "geometry": {
        "type": "Point",
        "coordinates": [
          3.1310462,
          6.4617277
        ]
      },
      "id": "way/744502251"
    },
    {
      "type": "Feature",
      "properties": {
        "@id": "way/744502265",
        "bridge": "yes",
        "highway": "secondary",
        "layer": "1",
        "name": "Era Road",
        "oneway": "yes",
        "surface": "paved",
        "@geometry": "center"
      },
      "geometry": {
        "type": "Point",
        "coordinates": [
          3.1434119,
          6.482501
        ]
      },
      "id": "way/744502265"
    },
    {
      "type": "Feature",
      "properties": {
        "@id": "way/744502268",
        "bridge": "yes",
        "highway": "secondary",
        "layer": "1",
        "oneway": "yes",
        "surface": "paved",
        "@geometry": "center"
      },
      "geometry": {
        "type": "Point",
        "coordinates": [
          3.1434705,
          6.4824954
        ]
      },
      "id": "way/744502268"
    },
    {
      "type": "Feature",
      "properties": {
        "@id": "way/744502288",
        "bridge": "yes",
        "highway": "primary",
        "lanes": "4",
        "layer": "1",
        "name": "Lasu-Isheri Road",
        "oneway": "yes",
        "@geometry": "center"
      },
      "geometry": {
        "type": "Point",
        "coordinates": [
          3.1991332,
          6.4863436
        ]
      },
      "id": "way/744502288"
    },
    {
      "type": "Feature",
      "properties": {
        "@id": "way/744502290",
        "bridge": "yes",
        "highway": "primary",
        "layer": "1",
        "name": "Lasu-Isheri Road",
        "oneway": "yes",
        "surface": "paved",
        "@geometry": "center"
      },
      "geometry": {
        "type": "Point",
        "coordinates": [
          3.1992604,
          6.4863474
        ]
      },
      "id": "way/744502290"
    },
    {
      "type": "Feature",
      "properties": {
        "@id": "way/744690456",
        "bridge": "yes",
        "highway": "path",
        "layer": "1",
        "surface": "unpaved",
        "@geometry": "center"
      },
      "geometry": {
        "type": "Point",
        "coordinates": [
          3.2694286,
          6.5447541
        ]
      },
      "id": "way/744690456"
    },
    {
      "type": "Feature",
      "properties": {
        "@id": "way/745382214",
        "bridge": "yes",
        "highway": "footway",
        "layer": "1",
        "@geometry": "center"
      },
      "geometry": {
        "type": "Point",
        "coordinates": [
          3.1117963,
          6.4980481
        ]
      },
      "id": "way/745382214"
    },
    {
      "type": "Feature",
      "properties": {
        "@id": "way/745969905",
        "bridge": "yes",
        "highway": "path",
        "layer": "1",
        "surface": "unpaved",
        "@geometry": "center"
      },
      "geometry": {
        "type": "Point",
        "coordinates": [
          3.3904444,
          6.5030214
        ]
      },
      "id": "way/745969905"
    },
    {
      "type": "Feature",
      "properties": {
        "@id": "way/746459145",
        "bridge": "yes",
        "highway": "path",
        "layer": "1",
        "@geometry": "center"
      },
      "geometry": {
        "type": "Point",
        "coordinates": [
          3.3964923,
          6.4996493
        ]
      },
      "id": "way/746459145"
    },
    {
      "type": "Feature",
      "properties": {
        "@id": "way/746459146",
        "bridge": "yes",
        "highway": "track",
        "layer": "1",
        "@geometry": "center"
      },
      "geometry": {
        "type": "Point",
        "coordinates": [
          3.3958541,
          6.5016991
        ]
      },
      "id": "way/746459146"
    },
    {
      "type": "Feature",
      "properties": {
        "@id": "way/746475119",
        "bridge": "yes",
        "highway": "footway",
        "layer": "1",
        "@geometry": "center"
      },
      "geometry": {
        "type": "Point",
        "coordinates": [
          3.2562787,
          6.4558944
        ]
      },
      "id": "way/746475119"
    },
    {
      "type": "Feature",
      "properties": {
        "@id": "way/746475126",
        "bridge": "yes",
        "highway": "footway",
        "layer": "1",
        "@geometry": "center"
      },
      "geometry": {
        "type": "Point",
        "coordinates": [
          3.2779397,
          6.4585575
        ]
      },
      "id": "way/746475126"
    },
    {
      "type": "Feature",
      "properties": {
        "@id": "way/746506430",
        "bridge": "yes",
        "highway": "trunk",
        "lanes": "2",
        "layer": "1",
        "name": "Lagos-Abeokuta Expressway",
        "oneway": "yes",
        "ref": "A5",
        "@geometry": "center"
      },
      "geometry": {
        "type": "Point",
        "coordinates": [
          3.3059458,
          6.6479724
        ]
      },
      "id": "way/746506430"
    },
    {
      "type": "Feature",
      "properties": {
        "@id": "way/746506432",
        "bridge": "yes",
        "highway": "trunk",
        "lanes": "2",
        "layer": "1",
        "name": "Lagos-Abeokuta Expressway",
        "oneway": "yes",
        "ref": "A5",
        "surface": "paved",
        "@geometry": "center"
      },
      "geometry": {
        "type": "Point",
        "coordinates": [
          3.3060216,
          6.648009
        ]
      },
      "id": "way/746506432"
    },
    {
      "type": "Feature",
      "properties": {
        "@id": "way/746511212",
        "access": "no",
        "bridge": "yes",
        "highway": "service",
        "layer": "1",
        "name": "BRT Lane",
        "psv": "designated",
        "@geometry": "center"
      },
      "geometry": {
        "type": "Point",
        "coordinates": [
          3.2983416,
          6.6257864
        ]
      },
      "id": "way/746511212"
    },
    {
      "type": "Feature",
      "properties": {
        "@id": "way/746511217",
        "bridge": "yes",
        "highway": "footway",
        "layer": "1",
        "@geometry": "center"
      },
      "geometry": {
        "type": "Point",
        "coordinates": [
          3.3001796,
          6.6202945
        ]
      },
      "id": "way/746511217"
    },
    {
      "type": "Feature",
      "properties": {
        "@id": "way/746512960",
        "bridge": "yes",
        "highway": "footway",
        "layer": "1",
        "@geometry": "center"
      },
      "geometry": {
        "type": "Point",
        "coordinates": [
          3.3388861,
          6.5874582
        ]
      },
      "id": "way/746512960"
    },
    {
      "type": "Feature",
      "properties": {
        "@id": "way/746512966",
        "access": "no",
        "bridge": "yes",
        "highway": "service",
        "layer": "1",
        "name": "BRT Lane",
        "psv": "designated",
        "@geometry": "center"
      },
      "geometry": {
        "type": "Point",
        "coordinates": [
          3.3235085,
          6.6082264
        ]
      },
      "id": "way/746512966"
    },
    {
      "type": "Feature",
      "properties": {
        "@id": "way/746512968",
        "access": "no",
        "bridge": "yes",
        "highway": "service",
        "layer": "1",
        "name": "BRT Lane",
        "psv": "designated",
        "@geometry": "center"
      },
      "geometry": {
        "type": "Point",
        "coordinates": [
          3.3161944,
          6.6054271
        ]
      },
      "id": "way/746512968"
    },
    {
      "type": "Feature",
      "properties": {
        "@id": "way/746513659",
        "bridge": "yes",
        "highway": "footway",
        "layer": "1",
        "@geometry": "center"
      },
      "geometry": {
        "type": "Point",
        "coordinates": [
          3.309239,
          6.6085021
        ]
      },
      "id": "way/746513659"
    },
    {
      "type": "Feature",
      "properties": {
        "@id": "way/746662236",
        "bridge": "yes",
        "highway": "footway",
        "layer": "1",
        "surface": "unpaved",
        "@geometry": "center"
      },
      "geometry": {
        "type": "Point",
        "coordinates": [
          3.3525274,
          6.4532365
        ]
      },
      "id": "way/746662236"
    },
    {
      "type": "Feature",
      "properties": {
        "@id": "way/747161011",
        "bridge": "yes",
        "highway": "residential",
        "layer": "1",
        "name": "Idofian",
        "@geometry": "center"
      },
      "geometry": {
        "type": "Point",
        "coordinates": [
          3.3950356,
          6.5963866
        ]
      },
      "id": "way/747161011"
    },
    {
      "type": "Feature",
      "properties": {
        "@id": "way/747457395",
        "bridge": "yes",
        "highway": "secondary",
        "lanes": "2",
        "layer": "1",
        "oneway": "yes",
        "surface": "paved",
        "@geometry": "center"
      },
      "geometry": {
        "type": "Point",
        "coordinates": [
          3.3644802,
          6.6292469
        ]
      },
      "id": "way/747457395"
    },
    {
      "type": "Feature",
      "properties": {
        "@id": "way/747457396",
        "bridge": "yes",
        "highway": "secondary",
        "lanes": "2",
        "layer": "1",
        "oneway": "yes",
        "surface": "paved",
        "@geometry": "center"
      },
      "geometry": {
        "type": "Point",
        "coordinates": [
          3.3647951,
          6.6291198
        ]
      },
      "id": "way/747457396"
    },
    {
      "type": "Feature",
      "properties": {
        "@id": "way/781775382",
        "bridge": "yes",
        "highway": "footway",
        "layer": "1",
        "@geometry": "center"
      },
      "geometry": {
        "type": "Point",
        "coordinates": [
          3.5515973,
          6.4497836
        ]
      },
      "id": "way/781775382"
    },
    {
      "type": "Feature",
      "properties": {
        "@id": "way/783301358",
        "bridge": "yes",
        "highway": "unclassified",
        "layer": "1",
        "name": "Joe Farm Road",
        "surface": "paved",
        "@geometry": "center"
      },
      "geometry": {
        "type": "Point",
        "coordinates": [
          2.8830449,
          6.4249201
        ]
      },
      "id": "way/783301358"
    },
    {
      "type": "Feature",
      "properties": {
        "@id": "way/783912365",
        "bridge": "yes",
        "highway": "footway",
        "layer": "1",
        "@geometry": "center"
      },
      "geometry": {
        "type": "Point",
        "coordinates": [
          3.3198708,
          6.4455601
        ]
      },
      "id": "way/783912365"
    },
    {
      "type": "Feature",
      "properties": {
        "@id": "way/784961091",
        "bridge": "yes",
        "highway": "residential",
        "layer": "1",
        "name": "Adeyeye Street",
        "@geometry": "center"
      },
      "geometry": {
        "type": "Point",
        "coordinates": [
          3.3788808,
          6.5627015
        ]
      },
      "id": "way/784961091"
    },
    {
      "type": "Feature",
      "properties": {
        "@id": "way/784967713",
        "bridge": "yes",
        "highway": "service",
        "layer": "1",
        "@geometry": "center"
      },
      "geometry": {
        "type": "Point",
        "coordinates": [
          3.3573234,
          6.5174506
        ]
      },
      "id": "way/784967713"
    },
    {
      "type": "Feature",
      "properties": {
        "@id": "way/784975078",
        "access": "private",
        "bridge": "yes",
        "highway": "residential",
        "layer": "1",
        "@geometry": "center"
      },
      "geometry": {
        "type": "Point",
        "coordinates": [
          3.3697099,
          6.5665548
        ]
      },
      "id": "way/784975078"
    },
    {
      "type": "Feature",
      "properties": {
        "@id": "way/785338420",
        "bridge": "yes",
        "highway": "residential",
        "name": "Unity Road",
        "@geometry": "center"
      },
      "geometry": {
        "type": "Point",
        "coordinates": [
          3.6060766,
          6.5123179
        ]
      },
      "id": "way/785338420"
    },
    {
      "type": "Feature",
      "properties": {
        "@id": "way/785635405",
        "bridge": "yes",
        "highway": "trunk",
        "layer": "1",
        "name": "Lekki-Ajah Flyover",
        "oneway": "yes",
        "@geometry": "center"
      },
      "geometry": {
        "type": "Point",
        "coordinates": [
          3.5656444,
          6.4681283
        ]
      },
      "id": "way/785635405"
    },
    {
      "type": "Feature",
      "properties": {
        "@id": "way/785691909",
        "bridge": "yes",
        "highway": "tertiary",
        "layer": "1",
        "name": "Agungi Ajiran Road",
        "@geometry": "center"
      },
      "geometry": {
        "type": "Point",
        "coordinates": [
          3.5171459,
          6.4460366
        ]
      },
      "id": "way/785691909"
    },
    {
      "type": "Feature",
      "properties": {
        "@id": "way/786056353",
        "bridge": "yes",
        "highway": "path",
        "@geometry": "center"
      },
      "geometry": {
        "type": "Point",
        "coordinates": [
          3.1674305,
          6.4798904
        ]
      },
      "id": "way/786056353"
    },
    {
      "type": "Feature",
      "properties": {
        "@id": "way/786077554",
        "bridge": "yes",
        "highway": "residential",
        "layer": "1",
        "@geometry": "center"
      },
      "geometry": {
        "type": "Point",
        "coordinates": [
          3.6173327,
          6.4849417
        ]
      },
      "id": "way/786077554"
    },
    {
      "type": "Feature",
      "properties": {
        "@id": "way/786371332",
        "access": "private",
        "bridge": "yes",
        "highway": "residential",
        "layer": "1",
        "@geometry": "center"
      },
      "geometry": {
        "type": "Point",
        "coordinates": [
          3.5948793,
          6.4792727
        ]
      },
      "id": "way/786371332"
    },
    {
      "type": "Feature",
      "properties": {
        "@id": "way/786535516",
        "bridge": "yes",
        "highway": "path",
        "layer": "1",
        "@geometry": "center"
      },
      "geometry": {
        "type": "Point",
        "coordinates": [
          3.3712576,
          6.4775885
        ]
      },
      "id": "way/786535516"
    },
    {
      "type": "Feature",
      "properties": {
        "@id": "way/786535518",
        "bridge": "yes",
        "highway": "path",
        "@geometry": "center"
      },
      "geometry": {
        "type": "Point",
        "coordinates": [
          3.3716306,
          6.4758799
        ]
      },
      "id": "way/786535518"
    },
    {
      "type": "Feature",
      "properties": {
        "@id": "way/786535522",
        "bridge": "yes",
        "highway": "path",
        "layer": "1",
        "@geometry": "center"
      },
      "geometry": {
        "type": "Point",
        "coordinates": [
          3.3739199,
          6.4744766
        ]
      },
      "id": "way/786535522"
    },
    {
      "type": "Feature",
      "properties": {
        "@id": "way/786535529",
        "access": "customers",
        "bridge": "yes",
        "highway": "unclassified",
        "layer": "1",
        "oneway": "yes",
        "surface": "unpaved",
        "@geometry": "center"
      },
      "geometry": {
        "type": "Point",
        "coordinates": [
          3.3704973,
          6.4738184
        ]
      },
      "id": "way/786535529"
    },
    {
      "type": "Feature",
      "properties": {
        "@id": "way/787296093",
        "bridge": "yes",
        "highway": "residential",
        "layer": "1",
        "@geometry": "center"
      },
      "geometry": {
        "type": "Point",
        "coordinates": [
          3.5840308,
          6.4346798
        ]
      },
      "id": "way/787296093"
    },
    {
      "type": "Feature",
      "properties": {
        "@id": "way/787524709",
        "access": "private",
        "bridge": "yes",
        "highway": "unclassified",
        "@geometry": "center"
      },
      "geometry": {
        "type": "Point",
        "coordinates": [
          3.773947,
          6.6813832
        ]
      },
      "id": "way/787524709"
    },
    {
      "type": "Feature",
      "properties": {
        "@id": "way/788672492",
        "bridge": "yes",
        "highway": "footway",
        "layer": "1",
        "@geometry": "center"
      },
      "geometry": {
        "type": "Point",
        "coordinates": [
          3.3980132,
          6.5580603
        ]
      },
      "id": "way/788672492"
    },
    {
      "type": "Feature",
      "properties": {
        "@id": "way/789336908",
        "bridge": "yes",
        "highway": "path",
        "layer": "1",
        "@geometry": "center"
      },
      "geometry": {
        "type": "Point",
        "coordinates": [
          3.3857779,
          6.6075449
        ]
      },
      "id": "way/789336908"
    },
    {
      "type": "Feature",
      "properties": {
        "@id": "way/791164485",
        "bridge": "yes",
        "highway": "footway",
        "layer": "1",
        "@geometry": "center"
      },
      "geometry": {
        "type": "Point",
        "coordinates": [
          3.2871474,
          6.6635159
        ]
      },
      "id": "way/791164485"
    },
    {
      "type": "Feature",
      "properties": {
        "@id": "way/791933195",
        "bridge": "yes",
        "highway": "tertiary",
        "layer": "1",
        "name": "Onisemo Street",
        "source": "Bing",
        "@geometry": "center"
      },
      "geometry": {
        "type": "Point",
        "coordinates": [
          3.3784219,
          6.5427131
        ]
      },
      "id": "way/791933195"
    },
    {
      "type": "Feature",
      "properties": {
        "@id": "way/791944562",
        "bridge": "yes",
        "highway": "footway",
        "layer": "1",
        "@geometry": "center"
      },
      "geometry": {
        "type": "Point",
        "coordinates": [
          3.3674346,
          6.5277084
        ]
      },
      "id": "way/791944562"
    },
    {
      "type": "Feature",
      "properties": {
        "@id": "way/794157414",
        "bridge": "yes",
        "highway": "residential",
        "layer": "1",
        "@geometry": "center"
      },
      "geometry": {
        "type": "Point",
        "coordinates": [
          3.3991581,
          6.5592424
        ]
      },
      "id": "way/794157414"
    },
    {
      "type": "Feature",
      "properties": {
        "@id": "way/794999006",
        "bridge": "yes",
        "highway": "tertiary",
        "layer": "1",
        "name": "Offin Oreta Road",
        "@geometry": "center"
      },
      "geometry": {
        "type": "Point",
        "coordinates": [
          3.5100111,
          6.5358849
        ]
      },
      "id": "way/794999006"
    },
    {
      "type": "Feature",
      "properties": {
        "@id": "way/795797097",
        "bridge": "yes",
        "highway": "footway",
        "layer": "1",
        "@geometry": "center"
      },
      "geometry": {
        "type": "Point",
        "coordinates": [
          3.3654896,
          6.4959224
        ]
      },
      "id": "way/795797097"
    },
    {
      "type": "Feature",
      "properties": {
        "@id": "way/795797098",
        "bridge": "yes",
        "highway": "footway",
        "layer": "1",
        "@geometry": "center"
      },
      "geometry": {
        "type": "Point",
        "coordinates": [
          3.3649708,
          6.4957353
        ]
      },
      "id": "way/795797098"
    },
    {
      "type": "Feature",
      "properties": {
        "@id": "way/795797099",
        "bridge": "yes",
        "highway": "footway",
        "layer": "1",
        "@geometry": "center"
      },
      "geometry": {
        "type": "Point",
        "coordinates": [
          3.3644086,
          6.4958643
        ]
      },
      "id": "way/795797099"
    },
    {
      "type": "Feature",
      "properties": {
        "@id": "way/795797100",
        "bridge": "yes",
        "highway": "footway",
        "layer": "1",
        "@geometry": "center"
      },
      "geometry": {
        "type": "Point",
        "coordinates": [
          3.3640319,
          6.4962568
        ]
      },
      "id": "way/795797100"
    },
    {
      "type": "Feature",
      "properties": {
        "@id": "way/795797101",
        "bridge": "yes",
        "highway": "footway",
        "layer": "1",
        "@geometry": "center"
      },
      "geometry": {
        "type": "Point",
        "coordinates": [
          3.3639462,
          6.4966104
        ]
      },
      "id": "way/795797101"
    },
    {
      "type": "Feature",
      "properties": {
        "@id": "way/795797102",
        "bridge": "yes",
        "highway": "footway",
        "layer": "1",
        "@geometry": "center"
      },
      "geometry": {
        "type": "Point",
        "coordinates": [
          3.3642485,
          6.4979524
        ]
      },
      "id": "way/795797102"
    },
    {
      "type": "Feature",
      "properties": {
        "@id": "way/795797103",
        "bridge": "yes",
        "highway": "footway",
        "layer": "1",
        "@geometry": "center"
      },
      "geometry": {
        "type": "Point",
        "coordinates": [
          3.3649873,
          6.4984183
        ]
      },
      "id": "way/795797103"
    },
    {
      "type": "Feature",
      "properties": {
        "@id": "way/795797104",
        "bridge": "yes",
        "highway": "footway",
        "layer": "1",
        "@geometry": "center"
      },
      "geometry": {
        "type": "Point",
        "coordinates": [
          3.3644551,
          6.4982615
        ]
      },
      "id": "way/795797104"
    },
    {
      "type": "Feature",
      "properties": {
        "@id": "way/795797105",
        "bridge": "yes",
        "highway": "footway",
        "layer": "1",
        "@geometry": "center"
      },
      "geometry": {
        "type": "Point",
        "coordinates": [
          3.3655239,
          6.4983003
        ]
      },
      "id": "way/795797105"
    },
    {
      "type": "Feature",
      "properties": {
        "@id": "way/795797106",
        "bridge": "yes",
        "highway": "footway",
        "layer": "1",
        "@geometry": "center"
      },
      "geometry": {
        "type": "Point",
        "coordinates": [
          3.3659283,
          6.4979128
        ]
      },
      "id": "way/795797106"
    },
    {
      "type": "Feature",
      "properties": {
        "@id": "way/795797108",
        "bridge": "yes",
        "highway": "footway",
        "layer": "1",
        "@geometry": "center"
      },
      "geometry": {
        "type": "Point",
        "coordinates": [
          3.3660426,
          6.4972054
        ]
      },
      "id": "way/795797108"
    },
    {
      "type": "Feature",
      "properties": {
        "@id": "way/795797109",
        "bridge": "yes",
        "highway": "footway",
        "layer": "1",
        "@geometry": "center"
      },
      "geometry": {
        "type": "Point",
        "coordinates": [
          3.3658933,
          6.4965107
        ]
      },
      "id": "way/795797109"
    },
    {
      "type": "Feature",
      "properties": {
        "@id": "way/795831098",
        "bridge": "yes",
        "highway": "footway",
        "layer": "1",
        "@geometry": "center"
      },
      "geometry": {
        "type": "Point",
        "coordinates": [
          3.326603,
          6.5062617
        ]
      },
      "id": "way/795831098"
    },
    {
      "type": "Feature",
      "properties": {
        "@id": "way/795831102",
        "bridge": "yes",
        "highway": "footway",
        "layer": "1",
        "@geometry": "center"
      },
      "geometry": {
        "type": "Point",
        "coordinates": [
          3.328455,
          6.5075172
        ]
      },
      "id": "way/795831102"
    },
    {
      "type": "Feature",
      "properties": {
        "@id": "way/795831155",
        "bridge": "yes",
        "highway": "footway",
        "layer": "2",
        "@geometry": "center"
      },
      "geometry": {
        "type": "Point",
        "coordinates": [
          3.3632944,
          6.490072
        ]
      },
      "id": "way/795831155"
    },
    {
      "type": "Feature",
      "properties": {
        "@id": "way/795962942",
        "access": "private",
        "bridge": "yes",
        "highway": "residential",
        "layer": "1",
        "@geometry": "center"
      },
      "geometry": {
        "type": "Point",
        "coordinates": [
          3.5307962,
          6.4563835
        ]
      },
      "id": "way/795962942"
    },
    {
      "type": "Feature",
      "properties": {
        "@id": "way/796421398",
        "bridge": "yes",
        "highway": "footway",
        "layer": "1",
        "@geometry": "center"
      },
      "geometry": {
        "type": "Point",
        "coordinates": [
          3.5356423,
          6.4362302
        ]
      },
      "id": "way/796421398"
    },
    {
      "type": "Feature",
      "properties": {
        "@id": "way/797705021",
        "bridge": "yes",
        "highway": "footway",
        "layer": "1",
        "@geometry": "center"
      },
      "geometry": {
        "type": "Point",
        "coordinates": [
          3.5088574,
          6.6185993
        ]
      },
      "id": "way/797705021"
    },
    {
      "type": "Feature",
      "properties": {
        "@id": "way/804784793",
        "bridge": "yes",
        "highway": "track",
        "layer": "1",
        "@geometry": "center"
      },
      "geometry": {
        "type": "Point",
        "coordinates": [
          -8.6355184,
          37.1610869
        ]
      },
      "id": "way/804784793"
    },
    {
      "type": "Feature",
      "properties": {
        "@id": "way/829092432",
        "bridge": "yes",
        "highway": "secondary",
        "layer": "1",
        "oneway": "yes",
        "surface": "paved",
        "@geometry": "center"
      },
      "geometry": {
        "type": "Point",
        "coordinates": [
          3.3244462,
          6.4685215
        ]
      },
      "id": "way/829092432"
    },
    {
      "type": "Feature",
      "properties": {
        "@id": "way/829092434",
        "bridge": "yes",
        "highway": "primary",
        "layer": "1",
        "name": "Lagos-Badagry Expressway",
        "oneway": "yes",
        "surface": "paved",
        "@geometry": "center"
      },
      "geometry": {
        "type": "Point",
        "coordinates": [
          3.3386353,
          6.474889
        ]
      },
      "id": "way/829092434"
    },
    {
      "type": "Feature",
      "properties": {
        "@id": "way/833815004",
        "bridge": "yes",
        "highway": "primary",
        "layer": "1",
        "name": "Lagos-Badagry Expressway",
        "oneway": "yes",
        "surface": "paved",
        "@geometry": "center"
      },
      "geometry": {
        "type": "Point",
        "coordinates": [
          3.3061996,
          6.4602761
        ]
      },
      "id": "way/833815004"
    },
    {
      "type": "Feature",
      "properties": {
        "@id": "way/844423379",
        "bridge": "yes",
        "highway": "tertiary",
        "layer": "1",
        "oneway": "yes",
        "@geometry": "center"
      },
      "geometry": {
        "type": "Point",
        "coordinates": [
          3.4017889,
          6.5758305
        ]
      },
      "id": "way/844423379"
    },
    {
      "type": "Feature",
      "properties": {
        "@id": "way/844424507",
        "bridge": "yes",
        "highway": "residential",
        "layer": "1",
        "name": "Oluwaseun Street",
        "oneway": "no",
        "@geometry": "center"
      },
      "geometry": {
        "type": "Point",
        "coordinates": [
          3.4050103,
          6.5524265
        ]
      },
      "id": "way/844424507"
    },
    {
      "type": "Feature",
      "properties": {
        "@id": "way/865563780",
        "bridge": "yes",
        "highway": "tertiary",
        "layer": "1",
        "oneway": "yes",
        "@geometry": "center"
      },
      "geometry": {
        "type": "Point",
        "coordinates": [
          3.4017214,
          6.5758515
        ]
      },
      "id": "way/865563780"
    },
    {
      "type": "Feature",
      "properties": {
        "@id": "way/870597708",
        "bridge": "yes",
        "highway": "residential",
        "layer": "1",
        "name": "Shodimu Street",
        "@geometry": "center"
      },
      "geometry": {
        "type": "Point",
        "coordinates": [
          3.3753217,
          6.5402045
        ]
      },
      "id": "way/870597708"
    },
    {
      "type": "Feature",
      "properties": {
        "@id": "way/893293870",
        "bridge": "yes",
        "highway": "primary",
        "layer": "1",
        "name": "Lagos-Badagry Expressway",
        "oneway": "yes",
        "surface": "paved",
        "@geometry": "center"
      },
      "geometry": {
        "type": "Point",
        "coordinates": [
          3.3067292,
          6.4596213
        ]
      },
      "id": "way/893293870"
    },
    {
      "type": "Feature",
      "properties": {
        "@id": "way/893293876",
        "bridge": "yes",
        "highway": "motorway",
        "layer": "1",
        "maxspeed": "30",
        "name": "Lagos-Badagry Expressway",
        "oneway": "yes",
        "ref": "F100",
        "surface": "paved",
        "@geometry": "center"
      },
      "geometry": {
        "type": "Point",
        "coordinates": [
          3.3390623,
          6.4744873
        ]
      },
      "id": "way/893293876"
    },
    {
      "type": "Feature",
      "properties": {
        "@id": "way/893293880",
        "bridge": "yes",
        "highway": "trunk_link",
        "layer": "1",
        "oneway": "yes",
        "surface": "paved",
        "@geometry": "center"
      },
      "geometry": {
        "type": "Point",
        "coordinates": [
          3.3640818,
          6.4764862
        ]
      },
      "id": "way/893293880"
    },
    {
      "type": "Feature",
      "properties": {
        "@id": "way/893293881",
        "bridge": "yes",
        "highway": "trunk",
        "layer": "1",
        "name": "Lagos Badagry Expressway",
        "oneway": "yes",
        "ref": "F100",
        "surface": "paved",
        "@geometry": "center"
      },
      "geometry": {
        "type": "Point",
        "coordinates": [
          3.3643969,
          6.4764064
        ]
      },
      "id": "way/893293881"
    },
    {
      "type": "Feature",
      "properties": {
        "@id": "way/893293883",
        "bridge": "yes",
        "highway": "trunk_link",
        "layer": "1",
        "oneway": "yes",
        "surface": "unpaved",
        "@geometry": "center"
      },
      "geometry": {
        "type": "Point",
        "coordinates": [
          3.3646562,
          6.4762087
        ]
      },
      "id": "way/893293883"
    },
    {
      "type": "Feature",
      "properties": {
        "@id": "way/893293887",
        "bridge": "yes",
        "highway": "tertiary",
        "junction": "roundabout",
        "layer": "1",
        "oneway": "yes",
        "surface": "paved",
        "@geometry": "center"
      },
      "geometry": {
        "type": "Point",
        "coordinates": [
          3.2654238,
          6.4574612
        ]
      },
      "id": "way/893293887"
    },
    {
      "type": "Feature",
      "properties": {
        "@id": "way/893293888",
        "bridge": "yes",
        "highway": "tertiary",
        "junction": "roundabout",
        "layer": "1",
        "oneway": "yes",
        "surface": "paved",
        "@geometry": "center"
      },
      "geometry": {
        "type": "Point",
        "coordinates": [
          3.2655147,
          6.4566187
        ]
      },
      "id": "way/893293888"
    },
    {
      "type": "Feature",
      "properties": {
        "@id": "way/893293889",
        "bridge": "yes",
        "highway": "tertiary",
        "junction": "roundabout",
        "layer": "1",
        "oneway": "yes",
        "surface": "paved",
        "@geometry": "center"
      },
      "geometry": {
        "type": "Point",
        "coordinates": [
          3.2656487,
          6.4570662
        ]
      },
      "id": "way/893293889"
    },
    {
      "type": "Feature",
      "properties": {
        "@id": "way/893293890",
        "bridge": "yes",
        "highway": "tertiary",
        "junction": "roundabout",
        "layer": "1",
        "oneway": "yes",
        "surface": "paved",
        "@geometry": "center"
      },
      "geometry": {
        "type": "Point",
        "coordinates": [
          3.2652865,
          6.4570257
        ]
      },
      "id": "way/893293890"
    },
    {
      "type": "Feature",
      "properties": {
        "@id": "way/893293904",
        "bridge": "yes",
        "highway": "primary",
        "layer": "1",
        "name": "Lagos-Badagry Expressway",
        "oneway": "yes",
        "surface": "unpaved",
        "@geometry": "center"
      },
      "geometry": {
        "type": "Point",
        "coordinates": [
          3.3391749,
          6.474414
        ]
      },
      "id": "way/893293904"
    },
    {
      "type": "Feature",
      "properties": {
        "@id": "way/907495983",
        "bridge": "yes",
        "highway": "primary",
        "layer": "1",
        "name": "Western Avenue",
        "oneway": "yes",
        "@geometry": "center"
      },
      "geometry": {
        "type": "Point",
        "coordinates": [
          3.3682876,
          6.4832438
        ]
      },
      "id": "way/907495983"
    },
    {
      "type": "Feature",
      "properties": {
        "@id": "way/907495984",
        "bridge": "yes",
        "highway": "primary",
        "layer": "1",
        "name": "Western Avenue",
        "oneway": "yes",
        "@geometry": "center"
      },
      "geometry": {
        "type": "Point",
        "coordinates": [
          3.3683664,
          6.4833221
        ]
      },
      "id": "way/907495984"
    },
    {
      "type": "Feature",
      "properties": {
        "@id": "way/919669844",
        "bridge": "yes",
        "highway": "secondary_link",
        "layer": "1",
        "oneway": "yes",
        "surface": "paved",
        "@geometry": "center"
      },
      "geometry": {
        "type": "Point",
        "coordinates": [
          3.323129,
          6.6278405
        ]
      },
      "id": "way/919669844"
    },
    {
      "type": "Feature",
      "properties": {
        "@id": "way/936728640",
        "bridge": "yes",
        "highway": "footway",
        "layer": "3",
        "@geometry": "center"
      },
      "geometry": {
        "type": "Point",
        "coordinates": [
          3.3517843,
          6.5560921
        ]
      },
      "id": "way/936728640"
    },
    {
      "type": "Feature",
      "properties": {
        "@id": "way/936728641",
        "bridge": "yes",
        "highway": "footway",
        "layer": "3",
        "@geometry": "center"
      },
      "geometry": {
        "type": "Point",
        "coordinates": [
          3.3512932,
          6.5554415
        ]
      },
      "id": "way/936728641"
    },
    {
      "type": "Feature",
      "properties": {
        "@id": "way/936728660",
        "bridge": "yes",
        "highway": "motorway_link",
        "layer": "1",
        "oneway": "yes",
        "surface": "asphalt",
        "@geometry": "center"
      },
      "geometry": {
        "type": "Point",
        "coordinates": [
          3.3506857,
          6.5550439
        ]
      },
      "id": "way/936728660"
    },
    {
      "type": "Feature",
      "properties": {
        "@id": "way/936728663",
        "bridge": "yes",
        "highway": "motorway_link",
        "layer": "1",
        "oneway": "yes",
        "surface": "asphalt",
        "@geometry": "center"
      },
      "geometry": {
        "type": "Point",
        "coordinates": [
          3.3504023,
          6.5554369
        ]
      },
      "id": "way/936728663"
    },
    {
      "type": "Feature",
      "properties": {
        "@id": "way/961846643",
        "bridge": "yes",
        "highway": "tertiary",
        "layer": "1",
        "oneway": "yes",
        "@geometry": "center"
      },
      "geometry": {
        "type": "Point",
        "coordinates": [
          3.2673733,
          6.6567383
        ]
      },
      "id": "way/961846643"
    },
    {
      "type": "Feature",
      "properties": {
        "@id": "way/965865362",
        "bridge": "yes",
        "highway": "service",
        "layer": "1",
        "@geometry": "center"
      },
      "geometry": {
        "type": "Point",
        "coordinates": [
          3.4906694,
          6.4493338
        ]
      },
      "id": "way/965865362"
    },
    {
      "type": "Feature",
      "properties": {
        "@id": "way/987499806",
        "bridge": "yes",
        "highway": "secondary",
        "layer": "1",
        "oneway": "yes",
        "surface": "paved",
        "@geometry": "center"
      },
      "geometry": {
        "type": "Point",
        "coordinates": [
          3.3235541,
          6.6278245
        ]
      },
      "id": "way/987499806"
    },
    {
      "type": "Feature",
      "properties": {
        "@id": "way/987499807",
        "bridge": "yes",
        "highway": "secondary",
        "layer": "1",
        "oneway": "yes",
        "surface": "paved",
        "@geometry": "center"
      },
      "geometry": {
        "type": "Point",
        "coordinates": [
          3.3235846,
          6.6277369
        ]
      },
      "id": "way/987499807"
    },
    {
      "type": "Feature",
      "properties": {
        "@id": "way/987499823",
        "bridge": "yes",
        "highway": "footway",
        "layer": "1",
        "@geometry": "center"
      },
      "geometry": {
        "type": "Point",
        "coordinates": [
          3.3498599,
          6.5603632
        ]
      },
      "id": "way/987499823"
    },
    {
      "type": "Feature",
      "properties": {
        "@id": "way/987499832",
        "bridge": "yes",
        "highway": "footway",
        "layer": "1",
        "surface": "unpaved",
        "@geometry": "center"
      },
      "geometry": {
        "type": "Point",
        "coordinates": [
          3.3712607,
          6.5177322
        ]
      },
      "id": "way/987499832"
    },
    {
      "type": "Feature",
      "properties": {
        "@id": "way/1008895456",
        "bridge": "yes",
        "highway": "unclassified",
        "layer": "1",
        "name": "Estrada de Barão de São João",
        "surface": "asphalt",
        "width": "4",
        "@geometry": "center"
      },
      "geometry": {
        "type": "Point",
        "coordinates": [
          -8.7591974,
          37.1135489
        ]
      },
      "id": "way/1008895456"
    },
    {
      "type": "Feature",
      "properties": {
        "@id": "way/1008895458",
        "bridge": "yes",
        "highway": "tertiary",
        "lanes": "2",
        "layer": "1",
        "surface": "asphalt",
        "@geometry": "center"
      },
      "geometry": {
        "type": "Point",
        "coordinates": [
          -8.771539,
          37.1390951
        ]
      },
      "id": "way/1008895458"
    },
    {
      "type": "Feature",
      "properties": {
        "@id": "way/1021650688",
        "bridge": "yes",
        "highway": "footway",
        "layer": "2",
        "@geometry": "center"
      },
      "geometry": {
        "type": "Point",
        "coordinates": [
          -8.7046062,
          37.0984637
        ]
      },
      "id": "way/1021650688"
    },
    {
      "type": "Feature",
      "properties": {
        "@id": "way/1040059127",
        "bridge": "yes",
        "highway": "busway",
        "lanes": "1",
        "layer": "1",
        "oneway": "yes",
        "@geometry": "center"
      },
      "geometry": {
        "type": "Point",
        "coordinates": [
          3.4066944,
          6.6055504
        ]
      },
      "id": "way/1040059127"
    },
    {
      "type": "Feature",
      "properties": {
        "@id": "way/1040059129",
        "bridge": "yes",
        "highway": "busway",
        "lanes": "1",
        "layer": "1",
        "oneway": "yes",
        "@geometry": "center"
      },
      "geometry": {
        "type": "Point",
        "coordinates": [
          3.4066577,
          6.6055871
        ]
      },
      "id": "way/1040059129"
    },
    {
      "type": "Feature",
      "properties": {
        "@id": "way/1043797275",
        "bridge": "yes",
        "highway": "motorway",
        "layer": "1",
        "name": "Lagos-Badagry Expressway",
        "oneway": "yes",
        "ref": "F100",
        "surface": "paved",
        "@geometry": "center"
      },
      "geometry": {
        "type": "Point",
        "coordinates": [
          3.2719832,
          6.458024
        ]
      },
      "id": "way/1043797275"
    },
    {
      "type": "Feature",
      "properties": {
        "@id": "way/1043797277",
        "bridge": "yes",
        "highway": "motorway",
        "layer": "1",
        "name": "Lagos-Badagry Expressway",
        "oneway": "yes",
        "ref": "F100",
        "surface": "paved",
        "@geometry": "center"
      },
      "geometry": {
        "type": "Point",
        "coordinates": [
          3.2720321,
          6.457646
        ]
      },
      "id": "way/1043797277"
    },
    {
      "type": "Feature",
      "properties": {
        "@id": "way/1043797283",
        "bridge": "yes",
        "highway": "tertiary",
        "layer": "1",
        "name": "2nd Avenue",
        "oneway": "yes",
        "surface": "paved",
        "@geometry": "center"
      },
      "geometry": {
        "type": "Point",
        "coordinates": [
          3.265537,
          6.4583662
        ]
      },
      "id": "way/1043797283"
    },
    {
      "type": "Feature",
      "properties": {
        "@id": "way/1043797284",
        "bridge": "yes",
        "highway": "tertiary",
        "layer": "1",
        "name": "2nd Avenue",
        "oneway": "yes",
        "surface": "paved",
        "@geometry": "center"
      },
      "geometry": {
        "type": "Point",
        "coordinates": [
          3.2654831,
          6.4583977
        ]
      },
      "id": "way/1043797284"
    },
    {
      "type": "Feature",
      "properties": {
        "@id": "way/1043797288",
        "bridge": "yes",
        "highway": "motorway_link",
        "layer": "1",
        "oneway": "yes",
        "surface": "paved",
        "@geometry": "center"
      },
      "geometry": {
        "type": "Point",
        "coordinates": [
          3.2648015,
          6.4566568
        ]
      },
      "id": "way/1043797288"
    },
    {
      "type": "Feature",
      "properties": {
        "@id": "way/1043797289",
        "bridge": "yes",
        "highway": "motorway_link",
        "layer": "1",
        "oneway": "yes",
        "surface": "paved",
        "@geometry": "center"
      },
      "geometry": {
        "type": "Point",
        "coordinates": [
          3.2647145,
          6.4572634
        ]
      },
      "id": "way/1043797289"
    },
    {
      "type": "Feature",
      "properties": {
        "@id": "way/1043797290",
        "bridge": "yes",
        "highway": "motorway_link",
        "layer": "1",
        "oneway": "yes",
        "surface": "paved",
        "@geometry": "center"
      },
      "geometry": {
        "type": "Point",
        "coordinates": [
          3.266165,
          6.4573922
        ]
      },
      "id": "way/1043797290"
    },
    {
      "type": "Feature",
      "properties": {
        "@id": "way/1043797291",
        "bridge": "yes",
        "highway": "motorway_link",
        "layer": "1",
        "oneway": "yes",
        "surface": "paved",
        "@geometry": "center"
      },
      "geometry": {
        "type": "Point",
        "coordinates": [
          3.2662502,
          6.4568055
        ]
      },
      "id": "way/1043797291"
    },
    {
      "type": "Feature",
      "properties": {
        "@id": "way/1043797294",
        "bridge": "yes",
        "highway": "busway",
        "layer": "1",
        "name": "BRT Lane",
        "oneway": "yes",
        "surface": "paved",
        "@geometry": "center"
      },
      "geometry": {
        "type": "Point",
        "coordinates": [
          3.2719901,
          6.4579635
        ]
      },
      "id": "way/1043797294"
    },
    {
      "type": "Feature",
      "properties": {
        "@id": "way/1043797297",
        "bridge": "yes",
        "highway": "busway",
        "layer": "1",
        "name": "BRT Lane",
        "oneway": "yes",
        "surface": "paved",
        "@geometry": "center"
      },
      "geometry": {
        "type": "Point",
        "coordinates": [
          3.2720239,
          6.4577059
        ]
      },
      "id": "way/1043797297"
    },
    {
      "type": "Feature",
      "properties": {
        "@id": "way/1043797300",
        "bridge": "yes",
        "highway": "busway",
        "layer": "1",
        "name": "BRT Lane",
        "oneway": "yes",
        "surface": "paved",
        "@geometry": "center"
      },
      "geometry": {
        "type": "Point",
        "coordinates": [
          3.3066287,
          6.4598399
        ]
      },
      "id": "way/1043797300"
    },
    {
      "type": "Feature",
      "properties": {
        "@id": "way/1043797303",
        "bridge": "yes",
        "highway": "busway",
        "layer": "1",
        "name": "BRT Lane",
        "oneway": "yes",
        "surface": "paved",
        "@geometry": "center"
      },
      "geometry": {
        "type": "Point",
        "coordinates": [
          3.3063439,
          6.4601142
        ]
      },
      "id": "way/1043797303"
    },
    {
      "type": "Feature",
      "properties": {
        "@id": "way/1043800920",
        "bridge": "yes",
        "highway": "secondary",
        "layer": "1",
        "oneway": "yes",
        "surface": "paved",
        "@geometry": "center"
      },
      "geometry": {
        "type": "Point",
        "coordinates": [
          3.3267731,
          6.4660111
        ]
      },
      "id": "way/1043800920"
    },
    {
      "type": "Feature",
      "properties": {
        "@id": "way/1043800922",
        "bridge": "yes",
        "highway": "motorway_link",
        "layer": "1",
        "oneway": "yes",
        "surface": "paved",
        "@geometry": "center"
      },
      "geometry": {
        "type": "Point",
        "coordinates": [
          3.3263425,
          6.4653509
        ]
      },
      "id": "way/1043800922"
    },
    {
      "type": "Feature",
      "properties": {
        "@id": "way/1043800923",
        "bridge": "yes",
        "highway": "motorway_link",
        "layer": "1",
        "oneway": "yes",
        "surface": "paved",
        "@geometry": "center"
      },
      "geometry": {
        "type": "Point",
        "coordinates": [
          3.3259925,
          6.4658425
        ]
      },
      "id": "way/1043800923"
    },
    {
      "type": "Feature",
      "properties": {
        "@id": "way/1043800929",
        "bridge": "yes",
        "highway": "motorway_link",
        "layer": "1",
        "oneway": "yes",
        "surface": "paved",
        "@geometry": "center"
      },
      "geometry": {
        "type": "Point",
        "coordinates": [
          3.3275349,
          6.4661993
        ]
      },
      "id": "way/1043800929"
    },
    {
      "type": "Feature",
      "properties": {
        "@id": "way/1043800930",
        "bridge": "yes",
        "highway": "motorway_link",
        "layer": "1",
        "oneway": "yes",
        "surface": "paved",
        "@geometry": "center"
      },
      "geometry": {
        "type": "Point",
        "coordinates": [
          3.3271983,
          6.4666936
        ]
      },
      "id": "way/1043800930"
    },
    {
      "type": "Feature",
      "properties": {
        "@id": "way/1051933323",
        "bridge": "yes",
        "highway": "track",
        "layer": "1",
        "@geometry": "center"
      },
      "geometry": {
        "type": "Point",
        "coordinates": [
          -8.7522147,
          37.167994
        ]
      },
      "id": "way/1051933323"
    },
    {
      "type": "Feature",
      "properties": {
        "@id": "way/1051933325",
        "bridge": "yes",
        "highway": "track",
        "layer": "1",
        "@geometry": "center"
      },
      "geometry": {
        "type": "Point",
        "coordinates": [
          -8.7502522,
          37.1664289
        ]
      },
      "id": "way/1051933325"
    },
    {
      "type": "Feature",
      "properties": {
        "@id": "way/1061545449",
        "bridge": "yes",
        "highway": "primary",
        "layer": "1",
        "name": "Falomo Bridge",
        "oneway": "yes",
        "ref": "F265",
        "@geometry": "center"
      },
      "geometry": {
        "type": "Point",
        "coordinates": [
          3.4260008,
          6.4408241
        ]
      },
      "id": "way/1061545449"
    },
    {
      "type": "Feature",
      "properties": {
        "@id": "way/1061545450",
        "bridge": "yes",
        "highway": "primary",
        "layer": "1",
        "name": "Falomo Bridge",
        "oneway": "yes",
        "ref": "F265",
        "@geometry": "center"
      },
      "geometry": {
        "type": "Point",
        "coordinates": [
          3.4251243,
          6.4388344
        ]
      },
      "id": "way/1061545450"
    },
    {
      "type": "Feature",
      "properties": {
        "@id": "way/1061807513",
        "bridge": "yes",
        "highway": "secondary",
        "layer": "1",
        "oneway": "yes",
        "@geometry": "center"
      },
      "geometry": {
        "type": "Point",
        "coordinates": [
          3.2075301,
          6.4603291
        ]
      },
      "id": "way/1061807513"
    },
    {
      "type": "Feature",
      "properties": {
        "@id": "way/1061807514",
        "bridge": "yes",
        "highway": "secondary",
        "layer": "1",
        "oneway": "yes",
        "@geometry": "center"
      },
      "geometry": {
        "type": "Point",
        "coordinates": [
          3.207433,
          6.4602794
        ]
      },
      "id": "way/1061807514"
    },
    {
      "type": "Feature",
      "properties": {
        "@id": "way/1061807515",
        "bridge": "yes",
        "highway": "trunk_link",
        "layer": "1",
        "oneway": "yes",
        "@geometry": "center"
      },
      "geometry": {
        "type": "Point",
        "coordinates": [
          3.2087727,
          6.4593627
        ]
      },
      "id": "way/1061807515"
    },
    {
      "type": "Feature",
      "properties": {
        "@id": "way/1061807517",
        "bridge": "yes",
        "highway": "trunk_link",
        "layer": "1",
        "oneway": "yes",
        "@geometry": "center"
      },
      "geometry": {
        "type": "Point",
        "coordinates": [
          3.2088238,
          6.4599006
        ]
      },
      "id": "way/1061807517"
    },
    {
      "type": "Feature",
      "properties": {
        "@id": "way/1061807519",
        "bridge": "yes",
        "highway": "trunk_link",
        "layer": "1",
        "oneway": "yes",
        "@geometry": "center"
      },
      "geometry": {
        "type": "Point",
        "coordinates": [
          3.207359,
          6.4600318
        ]
      },
      "id": "way/1061807519"
    },
    {
      "type": "Feature",
      "properties": {
        "@id": "way/1061807521",
        "bridge": "yes",
        "highway": "trunk_link",
        "layer": "1",
        "oneway": "yes",
        "@geometry": "center"
      },
      "geometry": {
        "type": "Point",
        "coordinates": [
          3.2072922,
          6.4595249
        ]
      },
      "id": "way/1061807521"
    },
    {
      "type": "Feature",
      "properties": {
        "@id": "way/1061807523",
        "bridge": "yes",
        "highway": "secondary",
        "layer": "1",
        "oneway": "yes",
        "@geometry": "center"
      },
      "geometry": {
        "type": "Point",
        "coordinates": [
          3.2080297,
          6.459316
        ]
      },
      "id": "way/1061807523"
    },
    {
      "type": "Feature",
      "properties": {
        "@id": "way/1061807524",
        "bridge": "yes",
        "highway": "secondary",
        "layer": "1",
        "oneway": "yes",
        "@geometry": "center"
      },
      "geometry": {
        "type": "Point",
        "coordinates": [
          3.2080882,
          6.4600319
        ]
      },
      "id": "way/1061807524"
    },
    {
      "type": "Feature",
      "properties": {
        "@id": "way/1061807525",
        "bridge": "yes",
        "highway": "secondary",
        "layer": "1",
        "oneway": "yes",
        "@geometry": "center"
      },
      "geometry": {
        "type": "Point",
        "coordinates": [
          3.2078691,
          6.4596963
        ]
      },
      "id": "way/1061807525"
    },
    {
      "type": "Feature",
      "properties": {
        "@id": "way/1061807526",
        "bridge": "yes",
        "highway": "secondary",
        "layer": "1",
        "oneway": "yes",
        "@geometry": "center"
      },
      "geometry": {
        "type": "Point",
        "coordinates": [
          3.2082496,
          6.4596595
        ]
      },
      "id": "way/1061807526"
    },
    {
      "type": "Feature",
      "properties": {
        "@id": "way/1071098795",
        "bridge": "yes",
        "electrified": "no",
        "gauge": "1435",
        "layer": "1",
        "railway": "rail",
        "surface": "unpaved",
        "usage": "industrial",
        "@geometry": "center"
      },
      "geometry": {
        "type": "Point",
        "coordinates": [
          3.372919,
          6.4885873
        ]
      },
      "id": "way/1071098795"
    },
    {
      "type": "Feature",
      "properties": {
        "@id": "way/1071098797",
        "bridge": "yes",
        "electrified": "no",
        "gauge": "1067",
        "layer": "1",
        "railway": "rail",
        "usage": "industrial",
        "@geometry": "center"
      },
      "geometry": {
        "type": "Point",
        "coordinates": [
          3.366478,
          6.4812475
        ]
      },
      "id": "way/1071098797"
    },
    {
      "type": "Feature",
      "properties": {
        "@id": "way/1071098799",
        "bridge": "yes",
        "electrified": "no",
        "gauge": "1435",
        "layer": "1",
        "railway": "rail",
        "usage": "industrial",
        "@geometry": "center"
      },
      "geometry": {
        "type": "Point",
        "coordinates": [
          3.3664626,
          6.4812935
        ]
      },
      "id": "way/1071098799"
    },
    {
      "type": "Feature",
      "properties": {
        "@id": "way/1071098801",
        "bridge": "yes",
        "highway": "motorway",
        "layer": "1",
        "name": "Apapa Road",
        "oneway": "yes",
        "ref": "A1",
        "surface": "paved",
        "@geometry": "center"
      },
      "geometry": {
        "type": "Point",
        "coordinates": [
          3.3657345,
          6.483908
        ]
      },
      "id": "way/1071098801"
    },
    {
      "type": "Feature",
      "properties": {
        "@id": "way/1113158589",
        "bridge": "yes",
        "highway": "unclassified",
        "layer": "1",
        "surface": "unpaved",
        "@geometry": "center"
      },
      "geometry": {
        "type": "Point",
        "coordinates": [
          4.2655451,
          6.3878748
        ]
      },
      "id": "way/1113158589"
    },
    {
      "type": "Feature",
      "properties": {
        "@id": "way/1115080788",
        "bridge": "yes",
        "highway": "residential",
        "layer": "1",
        "@geometry": "center"
      },
      "geometry": {
        "type": "Point",
        "coordinates": [
          4.0145881,
          6.4629609
        ]
      },
      "id": "way/1115080788"
    },
    {
      "type": "Feature",
      "properties": {
        "@id": "way/1115080797",
        "bridge": "yes",
        "highway": "residential",
        "layer": "1",
        "@geometry": "center"
      },
      "geometry": {
        "type": "Point",
        "coordinates": [
          4.0146002,
          6.4655338
        ]
      },
      "id": "way/1115080797"
    },
    {
      "type": "Feature",
      "properties": {
        "@id": "way/1115468506",
        "bridge": "yes",
        "highway": "service",
        "layer": "1",
        "@geometry": "center"
      },
      "geometry": {
        "type": "Point",
        "coordinates": [
          4.017884,
          6.4479897
        ]
      },
      "id": "way/1115468506"
    },
    {
      "type": "Feature",
      "properties": {
        "@id": "way/1115468509",
        "bridge": "yes",
        "highway": "service",
        "layer": "1",
        "@geometry": "center"
      },
      "geometry": {
        "type": "Point",
        "coordinates": [
          4.017848,
          6.4493399
        ]
      },
      "id": "way/1115468509"
    },
    {
      "type": "Feature",
      "properties": {
        "@id": "way/1115468512",
        "bridge": "yes",
        "highway": "service",
        "layer": "1",
        "@geometry": "center"
      },
      "geometry": {
        "type": "Point",
        "coordinates": [
          4.0178479,
          6.4509004
        ]
      },
      "id": "way/1115468512"
    },
    {
      "type": "Feature",
      "properties": {
        "@id": "way/1115468514",
        "bridge": "yes",
        "highway": "service",
        "layer": "1",
        "@geometry": "center"
      },
      "geometry": {
        "type": "Point",
        "coordinates": [
          4.0178418,
          6.452342
        ]
      },
      "id": "way/1115468514"
    },
    {
      "type": "Feature",
      "properties": {
        "@id": "way/1115468517",
        "bridge": "yes",
        "highway": "service",
        "layer": "1",
        "@geometry": "center"
      },
      "geometry": {
        "type": "Point",
        "coordinates": [
          4.0178552,
          6.453682
        ]
      },
      "id": "way/1115468517"
    },
    {
      "type": "Feature",
      "properties": {
        "@id": "way/1115468520",
        "bridge": "yes",
        "highway": "service",
        "layer": "1",
        "@geometry": "center"
      },
      "geometry": {
        "type": "Point",
        "coordinates": [
          4.0178669,
          6.4552456
        ]
      },
      "id": "way/1115468520"
    },
    {
      "type": "Feature",
      "properties": {
        "@id": "way/1115468524",
        "bridge": "yes",
        "highway": "service",
        "layer": "1",
        "@geometry": "center"
      },
      "geometry": {
        "type": "Point",
        "coordinates": [
          4.0197932,
          6.4523454
        ]
      },
      "id": "way/1115468524"
    },
    {
      "type": "Feature",
      "properties": {
        "@id": "way/1115468525",
        "bridge": "yes",
        "highway": "service",
        "layer": "1",
        "@geometry": "center"
      },
      "geometry": {
        "type": "Point",
        "coordinates": [
          4.0200913,
          6.4521722
        ]
      },
      "id": "way/1115468525"
    },
    {
      "type": "Feature",
      "properties": {
        "@id": "way/1115468549",
        "bridge": "yes",
        "highway": "service",
        "layer": "1",
        "@geometry": "center"
      },
      "geometry": {
        "type": "Point",
        "coordinates": [
          4.0217503,
          6.447983
        ]
      },
      "id": "way/1115468549"
    },
    {
      "type": "Feature",
      "properties": {
        "@id": "way/1115468551",
        "bridge": "yes",
        "highway": "service",
        "layer": "1",
        "@geometry": "center"
      },
      "geometry": {
        "type": "Point",
        "coordinates": [
          4.0198665,
          6.4479863
        ]
      },
      "id": "way/1115468551"
    },
    {
      "type": "Feature",
      "properties": {
        "@id": "way/1115468553",
        "bridge": "yes",
        "highway": "service",
        "layer": "1",
        "@geometry": "center"
      },
      "geometry": {
        "type": "Point",
        "coordinates": [
          4.019789,
          6.4508971
        ]
      },
      "id": "way/1115468553"
    },
    {
      "type": "Feature",
      "properties": {
        "@id": "way/1115468555",
        "bridge": "yes",
        "highway": "service",
        "layer": "1",
        "@geometry": "center"
      },
      "geometry": {
        "type": "Point",
        "coordinates": [
          4.0198315,
          6.4493334
        ]
      },
      "id": "way/1115468555"
    },
    {
      "type": "Feature",
      "properties": {
        "@id": "way/1115468558",
        "bridge": "yes",
        "highway": "service",
        "layer": "1",
        "@geometry": "center"
      },
      "geometry": {
        "type": "Point",
        "coordinates": [
          4.0217467,
          6.449327
        ]
      },
      "id": "way/1115468558"
    },
    {
      "type": "Feature",
      "properties": {
        "@id": "way/1115468560",
        "bridge": "yes",
        "highway": "service",
        "layer": "1",
        "@geometry": "center"
      },
      "geometry": {
        "type": "Point",
        "coordinates": [
          4.0217544,
          6.450894
        ]
      },
      "id": "way/1115468560"
    },
    {
      "type": "Feature",
      "properties": {
        "@id": "way/1115468562",
        "bridge": "yes",
        "highway": "service",
        "layer": "1",
        "@geometry": "center"
      },
      "geometry": {
        "type": "Point",
        "coordinates": [
          4.0219926,
          6.4521912
        ]
      },
      "id": "way/1115468562"
    },
    {
      "type": "Feature",
      "properties": {
        "@id": "way/1115468564",
        "bridge": "yes",
        "highway": "service",
        "layer": "1",
        "@geometry": "center"
      },
      "geometry": {
        "type": "Point",
        "coordinates": [
          4.0219879,
          6.4510941
        ]
      },
      "id": "way/1115468564"
    },
    {
      "type": "Feature",
      "properties": {
        "@id": "way/1115468566",
        "bridge": "yes",
        "highway": "service",
        "layer": "1",
        "@geometry": "center"
      },
      "geometry": {
        "type": "Point",
        "coordinates": [
          4.0219888,
          6.4504606
        ]
      },
      "id": "way/1115468566"
    },
    {
      "type": "Feature",
      "properties": {
        "@id": "way/1115468568",
        "bridge": "yes",
        "highway": "service",
        "layer": "1",
        "@geometry": "center"
      },
      "geometry": {
        "type": "Point",
        "coordinates": [
          4.0219945,
          6.449135
        ]
      },
      "id": "way/1115468568"
    },
    {
      "type": "Feature",
      "properties": {
        "@id": "way/1115468570",
        "bridge": "yes",
        "highway": "service",
        "layer": "1",
        "@geometry": "center"
      },
      "geometry": {
        "type": "Point",
        "coordinates": [
          4.0242179,
          6.4479859
        ]
      },
      "id": "way/1115468570"
    },
    {
      "type": "Feature",
      "properties": {
        "@id": "way/1115468572",
        "bridge": "yes",
        "highway": "service",
        "layer": "1",
        "@geometry": "center"
      },
      "geometry": {
        "type": "Point",
        "coordinates": [
          4.0242299,
          6.4493237
        ]
      },
      "id": "way/1115468572"
    },
    {
      "type": "Feature",
      "properties": {
        "@id": "way/1115468574",
        "bridge": "yes",
        "highway": "service",
        "layer": "1",
        "@geometry": "center"
      },
      "geometry": {
        "type": "Point",
        "coordinates": [
          4.0242313,
          6.4508899
        ]
      },
      "id": "way/1115468574"
    },
    {
      "type": "Feature",
      "properties": {
        "@id": "way/1115468575",
        "bridge": "yes",
        "highway": "service",
        "layer": "1",
        "@geometry": "center"
      },
      "geometry": {
        "type": "Point",
        "coordinates": [
          4.0240446,
          6.4521943
        ]
      },
      "id": "way/1115468575"
    },
    {
      "type": "Feature",
      "properties": {
        "@id": "way/1115468578",
        "bridge": "yes",
        "highway": "service",
        "layer": "1",
        "@geometry": "center"
      },
      "geometry": {
        "type": "Point",
        "coordinates": [
          4.0198071,
          6.4536741
        ]
      },
      "id": "way/1115468578"
    },
    {
      "type": "Feature",
      "properties": {
        "@id": "way/1115468580",
        "bridge": "yes",
        "highway": "service",
        "layer": "1",
        "@geometry": "center"
      },
      "geometry": {
        "type": "Point",
        "coordinates": [
          4.0149062,
          6.4520548
        ]
      },
      "id": "way/1115468580"
    },
    {
      "type": "Feature",
      "properties": {
        "@id": "way/1115468582",
        "bridge": "yes",
        "highway": "residential",
        "layer": "1",
        "@geometry": "center"
      },
      "geometry": {
        "type": "Point",
        "coordinates": [
          4.014904,
          6.4505815
        ]
      },
      "id": "way/1115468582"
    },
    {
      "type": "Feature",
      "properties": {
        "@id": "way/1115468586",
        "bridge": "yes",
        "highway": "service",
        "layer": "1",
        "@geometry": "center"
      },
      "geometry": {
        "type": "Point",
        "coordinates": [
          4.0173181,
          6.4465214
        ]
      },
      "id": "way/1115468586"
    },
    {
      "type": "Feature",
      "properties": {
        "@id": "way/1115468589",
        "bridge": "yes",
        "highway": "service",
        "layer": "1",
        "@geometry": "center"
      },
      "geometry": {
        "type": "Point",
        "coordinates": [
          4.0214,
          6.4463453
        ]
      },
      "id": "way/1115468589"
    },
    {
      "type": "Feature",
      "properties": {
        "@id": "way/1115468591",
        "bridge": "yes",
        "highway": "service",
        "layer": "1",
        "@geometry": "center"
      },
      "geometry": {
        "type": "Point",
        "coordinates": [
          4.022806,
          6.4463505
        ]
      },
      "id": "way/1115468591"
    },
    {
      "type": "Feature",
      "properties": {
        "@id": "way/1115468610",
        "bridge": "yes",
        "highway": "service",
        "layer": "1",
        "@geometry": "center"
      },
      "geometry": {
        "type": "Point",
        "coordinates": [
          4.028868,
          6.4458355
        ]
      },
      "id": "way/1115468610"
    },
    {
      "type": "Feature",
      "properties": {
        "@id": "way/1115468612",
        "bridge": "yes",
        "highway": "service",
        "layer": "1",
        "@geometry": "center"
      },
      "geometry": {
        "type": "Point",
        "coordinates": [
          4.0313502,
          6.447542
        ]
      },
      "id": "way/1115468612"
    },
    {
      "type": "Feature",
      "properties": {
        "@id": "way/1115468624",
        "bridge": "yes",
        "highway": "service",
        "layer": "1",
        "@geometry": "center"
      },
      "geometry": {
        "type": "Point",
        "coordinates": [
          4.0270405,
          6.4458532
        ]
      },
      "id": "way/1115468624"
    },
    {
      "type": "Feature",
      "properties": {
        "@id": "way/1115468635",
        "bridge": "yes",
        "highway": "service",
        "layer": "1",
        "@geometry": "center"
      },
      "geometry": {
        "type": "Point",
        "coordinates": [
          4.0178893,
          6.4560911
        ]
      },
      "id": "way/1115468635"
    },
    {
      "type": "Feature",
      "properties": {
        "@id": "way/1115827534",
        "bridge": "yes",
        "highway": "service",
        "layer": "1",
        "@geometry": "center"
      },
      "geometry": {
        "type": "Point",
        "coordinates": [
          3.991774,
          6.4490974
        ]
      },
      "id": "way/1115827534"
    },
    {
      "type": "Feature",
      "properties": {
        "@id": "way/1115827536",
        "bridge": "yes",
        "highway": "service",
        "layer": "1",
        "@geometry": "center"
      },
      "geometry": {
        "type": "Point",
        "coordinates": [
          3.9897398,
          6.4458335
        ]
      },
      "id": "way/1115827536"
    },
    {
      "type": "Feature",
      "properties": {
        "@id": "way/1115827538",
        "bridge": "yes",
        "highway": "service",
        "layer": "1",
        "surface": "unpaved",
        "@geometry": "center"
      },
      "geometry": {
        "type": "Point",
        "coordinates": [
          3.9877461,
          6.4458272
        ]
      },
      "id": "way/1115827538"
    },
    {
      "type": "Feature",
      "properties": {
        "@id": "way/1115827540",
        "bridge": "yes",
        "highway": "service",
        "layer": "1",
        "surface": "unpaved",
        "@geometry": "center"
      },
      "geometry": {
        "type": "Point",
        "coordinates": [
          3.987762,
          6.4490578
        ]
      },
      "id": "way/1115827540"
    },
    {
      "type": "Feature",
      "properties": {
        "@id": "way/1115827542",
        "bridge": "yes",
        "highway": "service",
        "layer": "1",
        "@geometry": "center"
      },
      "geometry": {
        "type": "Point",
        "coordinates": [
          3.9897525,
          6.4490148
        ]
      },
      "id": "way/1115827542"
    },
    {
      "type": "Feature",
      "properties": {
        "@id": "way/1115827545",
        "bridge": "yes",
        "highway": "service",
        "layer": "1",
        "surface": "unpaved",
        "@geometry": "center"
      },
      "geometry": {
        "type": "Point",
        "coordinates": [
          3.9867212,
          6.4449446
        ]
      },
      "id": "way/1115827545"
    },
    {
      "type": "Feature",
      "properties": {
        "@id": "way/1115827563",
        "bridge": "yes",
        "highway": "service",
        "layer": "1",
        "@geometry": "center"
      },
      "geometry": {
        "type": "Point",
        "coordinates": [
          4.0144127,
          6.4660781
        ]
      },
      "id": "way/1115827563"
    },
    {
      "type": "Feature",
      "properties": {
        "@id": "way/1117087941",
        "bicycle": "no",
        "bridge": "yes",
        "foot": "yes",
        "highway": "footway",
        "layer": "1",
        "motor_vehicle": "no",
        "@geometry": "center"
      },
      "geometry": {
        "type": "Point",
        "coordinates": [
          3.3802028,
          6.4566295
        ]
      },
      "id": "way/1117087941"
    },
    {
      "type": "Feature",
      "properties": {
        "@id": "way/1135639992",
        "bridge": "yes",
        "highway": "residential",
        "layer": "1",
        "name": "Pinewood Road",
        "@geometry": "center"
      },
      "geometry": {
        "type": "Point",
        "coordinates": [
          3.5245099,
          6.4541769
        ]
      },
      "id": "way/1135639992"
    },
    {
      "type": "Feature",
      "properties": {
        "@id": "way/1135639994",
        "bridge": "yes",
        "highway": "residential",
        "layer": "1",
        "@geometry": "center"
      },
      "geometry": {
        "type": "Point",
        "coordinates": [
          3.5228848,
          6.4540315
        ]
      },
      "id": "way/1135639994"
    },
    {
      "type": "Feature",
      "properties": {
        "@id": "way/1135639995",
        "bridge": "yes",
        "highway": "residential",
        "layer": "1",
        "@geometry": "center"
      },
      "geometry": {
        "type": "Point",
        "coordinates": [
          3.521823,
          6.4539763
        ]
      },
      "id": "way/1135639995"
    },
    {
      "type": "Feature",
      "properties": {
        "@id": "way/1137498819",
        "bridge": "yes",
        "highway": "residential",
        "layer": "1",
        "@geometry": "center"
      },
      "geometry": {
        "type": "Point",
        "coordinates": [
          3.5676029,
          6.4478623
        ]
      },
      "id": "way/1137498819"
    },
    {
      "type": "Feature",
      "properties": {
        "@id": "way/1152279573",
        "bridge": "yes",
        "foot": "yes",
        "highway": "primary",
        "lanes": "2",
        "layer": "1",
        "maxweight:signed": "no",
        "nat_ref": "IC 4",
        "ref": "EN 120",
        "sidewalk": "no",
        "smoothness": "good",
        "surface": "asphalt",
        "@geometry": "center"
      },
      "geometry": {
        "type": "Point",
        "coordinates": [
          -8.7428225,
          37.158562
        ]
      },
      "id": "way/1152279573"
    },
    {
      "type": "Feature",
      "properties": {
        "@id": "way/1156532567",
        "bridge": "yes",
        "highway": "tertiary",
        "layer": "1",
        "name": "Ligali Ayorinde Street",
        "oneway": "yes",
        "@geometry": "center"
      },
      "geometry": {
        "type": "Point",
        "coordinates": [
          3.439007,
          6.435174
        ]
      },
      "id": "way/1156532567"
    },
    {
      "type": "Feature",
      "properties": {
        "@id": "way/1157078040",
        "bridge": "yes",
        "highway": "secondary",
        "layer": "1",
        "name": "Ojuelegba Road",
        "@geometry": "center"
      },
      "geometry": {
        "type": "Point",
        "coordinates": [
          3.3695932,
          6.5089645
        ]
      },
      "id": "way/1157078040"
    },
    {
      "type": "Feature",
      "properties": {
        "@id": "way/1157078045",
        "bridge": "yes",
        "highway": "secondary",
        "layer": "1",
        "oneway": "yes",
        "surface": "unpaved",
        "@geometry": "center"
      },
      "geometry": {
        "type": "Point",
        "coordinates": [
          3.3714316,
          6.5097275
        ]
      },
      "id": "way/1157078045"
    },
    {
      "type": "Feature",
      "properties": {
        "@id": "way/1157079484",
        "bridge": "yes",
        "highway": "tertiary",
        "layer": "1",
        "name": "Mushin Flyover Bridge",
        "surface": "asphalt",
        "@geometry": "center"
      },
      "geometry": {
        "type": "Point",
        "coordinates": [
          3.3616952,
          6.5306205
        ]
      },
      "id": "way/1157079484"
    },
    {
      "type": "Feature",
      "properties": {
        "@id": "way/1157080487",
        "bridge": "yes",
        "highway": "tertiary",
        "layer": "1",
        "name": "Oyingbo Flyover Bridge",
        "@geometry": "center"
      },
      "geometry": {
        "type": "Point",
        "coordinates": [
          3.3824758,
          6.4821474
        ]
      },
      "id": "way/1157080487"
    },
    {
      "type": "Feature",
      "properties": {
        "@id": "way/1157080491",
        "bridge": "yes",
        "foot": "no",
        "highway": "tertiary",
        "layer": "1",
        "oneway": "yes",
        "@geometry": "center"
      },
      "geometry": {
        "type": "Point",
        "coordinates": [
          3.3829613,
          6.4822184
        ]
      },
      "id": "way/1157080491"
    },
    {
      "type": "Feature",
      "properties": {
        "@id": "way/1157247970",
        "bridge": "yes",
        "highway": "footway",
        "layer": "1",
        "@geometry": "center"
      },
      "geometry": {
        "type": "Point",
        "coordinates": [
          3.3494095,
          6.562336
        ]
      },
      "id": "way/1157247970"
    },
    {
      "type": "Feature",
      "properties": {
        "@id": "way/1157269493",
        "bridge": "yes",
        "highway": "footway",
        "layer": "1",
        "@geometry": "center"
      },
      "geometry": {
        "type": "Point",
        "coordinates": [
          3.3347513,
          6.5984458
        ]
      },
      "id": "way/1157269493"
    },
    {
      "type": "Feature",
      "properties": {
        "@id": "way/1165532922",
        "bridge": "yes",
        "highway": "residential",
        "layer": "1",
        "oneway": "yes",
        "@geometry": "center"
      },
      "geometry": {
        "type": "Point",
        "coordinates": [
          3.3863073,
          6.5840782
        ]
      },
      "id": "way/1165532922"
    },
    {
      "type": "Feature",
      "properties": {
        "@id": "way/1173213634",
        "bridge": "yes",
        "highway": "secondary",
        "layer": "1",
        "name": "Command Secondary School Road",
        "oneway": "yes",
        "@geometry": "center"
      },
      "geometry": {
        "type": "Point",
        "coordinates": [
          3.2646678,
          6.6386485
        ]
      },
      "id": "way/1173213634"
    },
    {
      "type": "Feature",
      "properties": {
        "@id": "way/1176088102",
        "bridge": "yes",
        "highway": "service",
        "layer": "1",
        "@geometry": "center"
      },
      "geometry": {
        "type": "Point",
        "coordinates": [
          3.9986587,
          6.4443428
        ]
      },
      "id": "way/1176088102"
    },
    {
      "type": "Feature",
      "properties": {
        "@id": "way/1176088104",
        "bridge": "yes",
        "highway": "service",
        "layer": "1",
        "@geometry": "center"
      },
      "geometry": {
        "type": "Point",
        "coordinates": [
          3.9986815,
          6.4541455
        ]
      },
      "id": "way/1176088104"
    },
    {
      "type": "Feature",
      "properties": {
        "@id": "way/1176088112",
        "bridge": "yes",
        "highway": "service",
        "layer": "1",
        "@geometry": "center"
      },
      "geometry": {
        "type": "Point",
        "coordinates": [
          4.0031259,
          6.4586997
        ]
      },
      "id": "way/1176088112"
    },
    {
      "type": "Feature",
      "properties": {
        "@id": "way/1203922979",
        "access": "private",
        "aeroway": "jet_bridge",
        "bridge": "yes",
        "highway": "footway",
        "level": "2",
        "@geometry": "center"
      },
      "geometry": {
        "type": "Point",
        "coordinates": [
          3.3322709,
          6.5851881
        ]
      },
      "id": "way/1203922979"
    },
    {
      "type": "Feature",
      "properties": {
        "@id": "way/1203922980",
        "access": "private",
        "aeroway": "jet_bridge",
        "bridge": "yes",
        "highway": "footway",
        "level": "2",
        "@geometry": "center"
      },
      "geometry": {
        "type": "Point",
        "coordinates": [
          3.3322105,
          6.5851114
        ]
      },
      "id": "way/1203922980"
    },
    {
      "type": "Feature",
      "properties": {
        "@id": "way/1203922981",
        "access": "private",
        "aeroway": "jet_bridge",
        "bridge": "yes",
        "highway": "footway",
        "level": "2",
        "@geometry": "center"
      },
      "geometry": {
        "type": "Point",
        "coordinates": [
          3.3322061,
          6.5847035
        ]
      },
      "id": "way/1203922981"
    },
    {
      "type": "Feature",
      "properties": {
        "@id": "way/1203922982",
        "access": "private",
        "aeroway": "jet_bridge",
        "bridge": "yes",
        "highway": "footway",
        "level": "2",
        "@geometry": "center"
      },
      "geometry": {
        "type": "Point",
        "coordinates": [
          3.3321946,
          6.5846079
        ]
      },
      "id": "way/1203922982"
    },
    {
      "type": "Feature",
      "properties": {
        "@id": "way/1203922983",
        "access": "private",
        "aeroway": "jet_bridge",
        "bridge": "yes",
        "highway": "footway",
        "level": "2",
        "@geometry": "center"
      },
      "geometry": {
        "type": "Point",
        "coordinates": [
          3.3322468,
          6.5842111
        ]
      },
      "id": "way/1203922983"
    },
    {
      "type": "Feature",
      "properties": {
        "@id": "way/1203922984",
        "access": "private",
        "aeroway": "jet_bridge",
        "bridge": "yes",
        "highway": "footway",
        "level": "2",
        "@geometry": "center"
      },
      "geometry": {
        "type": "Point",
        "coordinates": [
          3.332313,
          6.5841308
        ]
      },
      "id": "way/1203922984"
    },
    {
      "type": "Feature",
      "properties": {
        "@id": "way/1207723667",
        "bridge": "yes",
        "highway": "tertiary",
        "layer": "1",
        "name": "Princess Street",
        "source": "Bing",
        "@geometry": "center"
      },
      "geometry": {
        "type": "Point",
        "coordinates": [
          3.3928566,
          6.4604532
        ]
      },
      "id": "way/1207723667"
    },
    {
      "type": "Feature",
      "properties": {
        "@id": "way/1215765693",
        "area:highway": "footway",
        "bridge": "yes",
        "layer": "1",
        "surface": "wood",
        "@geometry": "center"
      },
      "geometry": {
        "type": "Point",
        "coordinates": [
          -8.6651698,
          37.1074034
        ]
      },
      "id": "way/1215765693"
    },
    {
      "type": "Feature",
      "properties": {
        "@id": "way/1215765694",
        "area:highway": "footway",
        "bridge": "yes",
        "layer": "1",
        "surface": "wood",
        "@geometry": "center"
      },
      "geometry": {
        "type": "Point",
        "coordinates": [
          -8.6625914,
          37.1094202
        ]
      },
      "id": "way/1215765694"
    },
    {
      "type": "Feature",
      "properties": {
        "@id": "way/1215765695",
        "area:highway": "footway",
        "bridge": "yes",
        "layer": "1",
        "surface": "wood",
        "@geometry": "center"
      },
      "geometry": {
        "type": "Point",
        "coordinates": [
          -8.6589251,
          37.1118452
        ]
      },
      "id": "way/1215765695"
    },
    {
      "type": "Feature",
      "properties": {
        "@id": "way/1215765696",
        "area:highway": "footway",
        "bridge": "yes",
        "layer": "1",
        "surface": "wood",
        "@geometry": "center"
      },
      "geometry": {
        "type": "Point",
        "coordinates": [
          -8.657389,
          37.11286
        ]
      },
      "id": "way/1215765696"
    },
    {
      "type": "Feature",
      "properties": {
        "@id": "way/1215765699",
        "area:highway": "footway",
        "bridge": "yes",
        "layer": "1",
        "surface": "wood",
        "@geometry": "center"
      },
      "geometry": {
        "type": "Point",
        "coordinates": [
          -8.6554131,
          37.1139798
        ]
      },
      "id": "way/1215765699"
    },
    {
      "type": "Feature",
      "properties": {
        "@id": "way/1215765700",
        "area:highway": "footway",
        "bridge": "yes",
        "layer": "1",
        "surface": "wood",
        "@geometry": "center"
      },
      "geometry": {
        "type": "Point",
        "coordinates": [
          -8.6533816,
          37.1150178
        ]
      },
      "id": "way/1215765700"
    },
    {
      "type": "Feature",
      "properties": {
        "@id": "way/1218697072",
        "bridge": "yes",
        "highway": "secondary",
        "layer": "1",
        "name": "Gaskiya College Road",
        "oneway": "yes",
        "source": "bing",
        "@geometry": "center"
      },
      "geometry": {
        "type": "Point",
        "coordinates": [
          3.3554627,
          6.4665938
        ]
      },
      "id": "way/1218697072"
    },
    {
      "type": "Feature",
      "properties": {
        "@id": "way/1218697078",
        "bridge": "yes",
        "highway": "secondary",
        "layer": "1",
        "name": "Iganmu Road",
        "oneway": "yes",
        "source": "bing",
        "surface": "paved",
        "@geometry": "center"
      },
      "geometry": {
        "type": "Point",
        "coordinates": [
          3.350426,
          6.4729525
        ]
      },
      "id": "way/1218697078"
    },
    {
      "type": "Feature",
      "properties": {
        "@id": "way/1219380757",
        "bridge": "yes",
        "highway": "path",
        "layer": "1",
        "@geometry": "center"
      },
      "geometry": {
        "type": "Point",
        "coordinates": [
          -8.6738247,
          37.1120543
        ]
      },
      "id": "way/1219380757"
    },
    {
      "type": "Feature",
      "properties": {
        "@id": "way/1219711030",
        "bridge": "yes",
        "highway": "residential",
        "layer": "1",
        "oneway": "no",
        "@geometry": "center"
      },
      "geometry": {
        "type": "Point",
        "coordinates": [
          3.3522766,
          6.6445956
        ]
      },
      "id": "way/1219711030"
    },
    {
      "type": "Feature",
      "properties": {
        "@id": "way/1220191622",
        "bridge": "yes",
        "highway": "path",
        "layer": "1",
        "@geometry": "center"
      },
      "geometry": {
        "type": "Point",
        "coordinates": [
          3.3424104,
          6.6522278
        ]
      },
      "id": "way/1220191622"
    },
    {
      "type": "Feature",
      "properties": {
        "@id": "way/1220439239",
        "bridge": "yes",
        "highway": "residential",
        "layer": "1",
        "@geometry": "center"
      },
      "geometry": {
        "type": "Point",
        "coordinates": [
          3.2531598,
          6.5543237
        ]
      },
      "id": "way/1220439239"
    },
    {
      "type": "Feature",
      "properties": {
        "@id": "way/1222390333",
        "bridge": "yes",
        "destination:ref": "A151",
        "destination:street": "Ijora Causeway",
        "highway": "motorway_link",
        "layer": "1",
        "oneway": "yes",
        "surface": "unpaved",
        "@geometry": "center"
      },
      "geometry": {
        "type": "Point",
        "coordinates": [
          3.3655175,
          6.4673423
        ]
      },
      "id": "way/1222390333"
    },
    {
      "type": "Feature",
      "properties": {
        "@id": "way/1226069627",
        "bridge": "yes",
        "highway": "path",
        "layer": "1",
        "@geometry": "center"
      },
      "geometry": {
        "type": "Point",
        "coordinates": [
          3.2708537,
          6.5420185
        ]
      },
      "id": "way/1226069627"
    },
    {
      "type": "Feature",
      "properties": {
        "@id": "way/1226069628",
        "bridge": "yes",
        "highway": "residential",
        "layer": "1",
        "surface": "unpaved",
        "@geometry": "center"
      },
      "geometry": {
        "type": "Point",
        "coordinates": [
          3.2714672,
          6.5355858
        ]
      },
      "id": "way/1226069628"
    },
    {
      "type": "Feature",
      "properties": {
        "@id": "way/1227073603",
        "bridge": "yes",
        "highway": "residential",
        "layer": "1",
        "@geometry": "center"
      },
      "geometry": {
        "type": "Point",
        "coordinates": [
          3.2264413,
          6.5280613
        ]
      },
      "id": "way/1227073603"
    },
    {
      "type": "Feature",
      "properties": {
        "@id": "way/1229580613",
        "bridge": "yes",
        "highway": "residential",
        "layer": "1",
        "@geometry": "center"
      },
      "geometry": {
        "type": "Point",
        "coordinates": [
          3.5539024,
          6.4407122
        ]
      },
      "id": "way/1229580613"
    },
    {
      "type": "Feature",
      "properties": {
        "@id": "way/1230238115",
        "bridge": "yes",
        "highway": "residential",
        "layer": "1",
        "@geometry": "center"
      },
      "geometry": {
        "type": "Point",
        "coordinates": [
          3.5224965,
          6.4540083
        ]
      },
      "id": "way/1230238115"
    },
    {
      "type": "Feature",
      "properties": {
        "@id": "way/1230267158",
        "bridge": "yes",
        "highway": "residential",
        "layer": "1",
        "name": "Olasani Owoseje Street",
        "@geometry": "center"
      },
      "geometry": {
        "type": "Point",
        "coordinates": [
          3.3757316,
          6.56726
        ]
      },
      "id": "way/1230267158"
    },
    {
      "type": "Feature",
      "properties": {
        "@id": "way/1230267160",
        "bridge": "yes",
        "highway": "residential",
        "layer": "1",
        "name": "Akinfe Street",
        "@geometry": "center"
      },
      "geometry": {
        "type": "Point",
        "coordinates": [
          3.375035,
          6.5669149
        ]
      },
      "id": "way/1230267160"
    },
    {
      "type": "Feature",
      "properties": {
        "@id": "way/1233820004",
        "bridge": "yes",
        "highway": "footway",
        "layer": "1",
        "@geometry": "center"
      },
      "geometry": {
        "type": "Point",
        "coordinates": [
          -8.6709407,
          37.1149961
        ]
      },
      "id": "way/1233820004"
    },
    {
      "type": "Feature",
      "properties": {
        "@id": "way/1241322266",
        "bridge": "yes",
        "highway": "footway",
        "layer": "1",
        "@geometry": "center"
      },
      "geometry": {
        "type": "Point",
        "coordinates": [
          -8.6786731,
          37.1169158
        ]
      },
      "id": "way/1241322266"
    },
    {
      "type": "Feature",
      "properties": {
        "@id": "way/1241322267",
        "bridge": "yes",
        "highway": "footway",
        "layer": "1",
        "@geometry": "center"
      },
      "geometry": {
        "type": "Point",
        "coordinates": [
          -8.6788063,
          37.1166559
        ]
      },
      "id": "way/1241322267"
    },
    {
      "type": "Feature",
      "properties": {
        "@id": "way/1256416219",
        "bridge": "yes",
        "highway": "tertiary",
        "layer": "1",
        "name": "Old Otta Road",
        "oneway": "yes",
        "@geometry": "center"
      },
      "geometry": {
        "type": "Point",
        "coordinates": [
          3.2889822,
          6.6449935
        ]
      },
      "id": "way/1256416219"
    },
    {
      "type": "Feature",
      "properties": {
        "@id": "way/1262784042",
        "bridge": "yes",
        "highway": "primary",
        "layer": "1",
        "name": "Ikeja Flyover Bridge",
        "oneway": "yes",
        "@geometry": "center"
      },
      "geometry": {
        "type": "Point",
        "coordinates": [
          3.3358105,
          6.5956355
        ]
      },
      "id": "way/1262784042"
    },
    {
      "type": "Feature",
      "properties": {
        "@id": "way/1262784043",
        "bridge": "yes",
        "highway": "primary",
        "layer": "1",
        "name": "Ikeja Flyover Bridge",
        "oneway": "yes",
        "@geometry": "center"
      },
      "geometry": {
        "type": "Point",
        "coordinates": [
          3.3357661,
          6.5957582
        ]
      },
      "id": "way/1262784043"
    },
    {
      "type": "Feature",
      "properties": {
        "@id": "way/1262842143",
        "bridge": "yes",
        "highway": "trunk",
        "layer": "1",
        "name": "Lagos-Badagry Expressway",
        "oneway": "yes",
        "ref": "F100",
        "@geometry": "center"
      },
      "geometry": {
        "type": "Point",
        "coordinates": [
          3.2038128,
          6.4606114
        ]
      },
      "id": "way/1262842143"
    },
    {
      "type": "Feature",
      "properties": {
        "@id": "way/1262842145",
        "bridge": "yes",
        "highway": "trunk",
        "layer": "1",
        "name": "Lagos-Badagry Expressway",
        "oneway": "yes",
        "ref": "F100",
        "surface": "asphalt",
        "@geometry": "center"
      },
      "geometry": {
        "type": "Point",
        "coordinates": [
          3.203916,
          6.4609036
        ]
      },
      "id": "way/1262842145"
    },
    {
      "type": "Feature",
      "properties": {
        "@id": "way/1264559746",
        "bridge": "yes",
        "highway": "residential",
        "layer": "1",
        "surface": "unpaved",
        "@geometry": "center"
      },
      "geometry": {
        "type": "Point",
        "coordinates": [
          -8.7622877,
          37.1244557
        ]
      },
      "id": "way/1264559746"
    },
    {
      "type": "Feature",
      "properties": {
        "@id": "way/1264996946",
        "bridge": "yes",
        "highway": "residential",
        "layer": "1",
        "@geometry": "center"
      },
      "geometry": {
        "type": "Point",
        "coordinates": [
          3.239491,
          6.6371054
        ]
      },
      "id": "way/1264996946"
    },
    {
      "type": "Feature",
      "properties": {
        "@id": "way/1266395294",
        "bridge": "yes",
        "highway": "residential",
        "layer": "1",
        "surface": "unpaved",
        "@geometry": "center"
      },
      "geometry": {
        "type": "Point",
        "coordinates": [
          3.2700952,
          6.4772038
        ]
      },
      "id": "way/1266395294"
    },
    {
      "type": "Feature",
      "properties": {
        "@id": "way/1267486453",
        "bridge": "yes",
        "highway": "service",
        "layer": "1",
        "surface": "unpaved",
        "@geometry": "center"
      },
      "geometry": {
        "type": "Point",
        "coordinates": [
          3.3125015,
          6.4797235
        ]
      },
      "id": "way/1267486453"
    },
    {
      "type": "Feature",
      "properties": {
        "@id": "way/1268155457",
        "bridge": "yes",
        "highway": "path",
        "layer": "1",
        "source": "maxar",
        "@geometry": "center"
      },
      "geometry": {
        "type": "Point",
        "coordinates": [
          3.2705591,
          6.5425789
        ]
      },
      "id": "way/1268155457"
    },
    {
      "type": "Feature",
      "properties": {
        "@id": "way/1268599101",
        "bridge": "yes",
        "highway": "residential",
        "layer": "1",
        "@geometry": "center"
      },
      "geometry": {
        "type": "Point",
        "coordinates": [
          3.4905386,
          6.4512789
        ]
      },
      "id": "way/1268599101"
    },
    {
      "type": "Feature",
      "properties": {
        "@id": "way/1268886767",
        "bridge": "yes",
        "highway": "residential",
        "layer": "1",
        "surface": "unpaved",
        "@geometry": "center"
      },
      "geometry": {
        "type": "Point",
        "coordinates": [
          3.2398698,
          6.5751793
        ]
      },
      "id": "way/1268886767"
    },
    {
      "type": "Feature",
      "properties": {
        "@id": "way/1279347656",
        "bridge": "yes",
        "highway": "residential",
        "layer": "1",
        "name": "Olaiya Street",
        "source": "BING",
        "surface": "unpaved",
        "@geometry": "center"
      },
      "geometry": {
        "type": "Point",
        "coordinates": [
          3.3379672,
          6.5573892
        ]
      },
      "id": "way/1279347656"
    },
    {
      "type": "Feature",
      "properties": {
        "@id": "way/1285065586",
        "bridge": "yes",
        "highway": "residential",
        "layer": "1",
        "surface": "paved",
        "@geometry": "center"
      },
      "geometry": {
        "type": "Point",
        "coordinates": [
          3.1451744,
          6.4691051
        ]
      },
      "id": "way/1285065586"
    },
    {
      "type": "Feature",
      "properties": {
        "@id": "way/1285065588",
        "bridge": "yes",
        "highway": "residential",
        "layer": "1",
        "surface": "unpaved",
        "@geometry": "center"
      },
      "geometry": {
        "type": "Point",
        "coordinates": [
          3.1607771,
          6.4680744
        ]
      },
      "id": "way/1285065588"
    },
    {
      "type": "Feature",
      "properties": {
        "@id": "way/1285460924",
        "bridge": "yes",
        "embankment": "yes",
        "highway": "residential",
        "layer": "1",
        "name": "Church Street",
        "@geometry": "center"
      },
      "geometry": {
        "type": "Point",
        "coordinates": [
          3.2191973,
          6.4499704
        ]
      },
      "id": "way/1285460924"
    },
    {
      "type": "Feature",
      "properties": {
        "@id": "way/1285511990",
        "bridge": "yes",
        "highway": "path",
        "layer": "1",
        "@geometry": "center"
      },
      "geometry": {
        "type": "Point",
        "coordinates": [
          3.2414533,
          6.5239713
        ]
      },
      "id": "way/1285511990"
    },
    {
      "type": "Feature",
      "properties": {
        "@id": "way/1285521695",
        "bridge": "yes",
        "highway": "path",
        "layer": "1",
        "@geometry": "center"
      },
      "geometry": {
        "type": "Point",
        "coordinates": [
          3.2409303,
          6.5233031
        ]
      },
      "id": "way/1285521695"
    },
    {
      "type": "Feature",
      "properties": {
        "@id": "way/1287643230",
        "bridge": "yes",
        "highway": "residential",
        "layer": "1",
        "name": "Clegg Street",
        "source": "bing",
        "surface": "unpaved",
        "@geometry": "center"
      },
      "geometry": {
        "type": "Point",
        "coordinates": [
          3.364539,
          6.5088177
        ]
      },
      "id": "way/1287643230"
    },
    {
      "type": "Feature",
      "properties": {
        "@id": "way/1287699024",
        "bridge": "yes",
        "highway": "motorway",
        "layer": "1",
        "name": "Apapa Road",
        "oneway": "yes",
        "ref": "A1",
        "surface": "paved",
        "@geometry": "center"
      },
      "geometry": {
        "type": "Point",
        "coordinates": [
          3.3659419,
          6.4800307
        ]
      },
      "id": "way/1287699024"
    },
    {
      "type": "Feature",
      "properties": {
        "@id": "way/1287699025",
        "bridge": "yes",
        "highway": "motorway",
        "layer": "1",
        "name": "Apapa Road",
        "oneway": "yes",
        "ref": "A1",
        "surface": "paved",
        "@geometry": "center"
      },
      "geometry": {
        "type": "Point",
        "coordinates": [
          3.3663071,
          6.4815106
        ]
      },
      "id": "way/1287699025"
    },
    {
      "type": "Feature",
      "properties": {
        "@id": "way/1288254092",
        "bridge": "yes",
        "highway": "tertiary",
        "layer": "1",
        "name": "Kusimo Street",
        "source": "Bing",
        "surface": "unpaved",
        "@geometry": "center"
      },
      "geometry": {
        "type": "Point",
        "coordinates": [
          3.3365235,
          6.4965375
        ]
      },
      "id": "way/1288254092"
    },
    {
      "type": "Feature",
      "properties": {
        "@id": "way/1289009115",
        "bridge": "yes",
        "highway": "residential",
        "layer": "1",
        "surface": "unpaved",
        "@geometry": "center"
      },
      "geometry": {
        "type": "Point",
        "coordinates": [
          3.3415861,
          6.4422763
        ]
      },
      "id": "way/1289009115"
    },
    {
      "type": "Feature",
      "properties": {
        "@id": "way/1289009117",
        "bridge": "yes",
        "highway": "residential",
        "layer": "1",
        "surface": "unpaved",
        "@geometry": "center"
      },
      "geometry": {
        "type": "Point",
        "coordinates": [
          3.3416828,
          6.4455924
        ]
      },
      "id": "way/1289009117"
    },
    {
      "type": "Feature",
      "properties": {
        "@id": "way/1289343120",
        "bridge": "yes",
        "highway": "residential",
        "layer": "1",
        "name": "Ashimowu Bakare Street",
        "surface": "unpaved",
        "@geometry": "center"
      },
      "geometry": {
        "type": "Point",
        "coordinates": [
          3.3399813,
          6.5067606
        ]
      },
      "id": "way/1289343120"
    },
    {
      "type": "Feature",
      "properties": {
        "@id": "way/1289504253",
        "bridge": "yes",
        "highway": "unclassified",
        "layer": "1",
        "source": "bing",
        "surface": "unpaved",
        "@geometry": "center"
      },
      "geometry": {
        "type": "Point",
        "coordinates": [
          3.3332786,
          6.462147
        ]
      },
      "id": "way/1289504253"
    },
    {
      "type": "Feature",
      "properties": {
        "@id": "way/1289504254",
        "bridge": "yes",
        "highway": "residential",
        "layer": "1",
        "source": "bing",
        "surface": "unpaved",
        "@geometry": "center"
      },
      "geometry": {
        "type": "Point",
        "coordinates": [
          3.3292421,
          6.463274
        ]
      },
      "id": "way/1289504254"
    },
    {
      "type": "Feature",
      "properties": {
        "@id": "way/1289504257",
        "bridge": "yes",
        "highway": "residential",
        "layer": "1",
        "source": "bing",
        "surface": "unpaved",
        "@geometry": "center"
      },
      "geometry": {
        "type": "Point",
        "coordinates": [
          3.3299355,
          6.4632602
        ]
      },
      "id": "way/1289504257"
    },
    {
      "type": "Feature",
      "properties": {
        "@id": "way/1289504258",
        "bridge": "yes",
        "highway": "residential",
        "layer": "1",
        "source": "bing",
        "surface": "unpaved",
        "@geometry": "center"
      },
      "geometry": {
        "type": "Point",
        "coordinates": [
          3.330678,
          6.4631978
        ]
      },
      "id": "way/1289504258"
    },
    {
      "type": "Feature",
      "properties": {
        "@id": "way/1289504260",
        "bridge": "yes",
        "highway": "residential",
        "layer": "1",
        "source": "bing",
        "surface": "unpaved",
        "@geometry": "center"
      },
      "geometry": {
        "type": "Point",
        "coordinates": [
          3.3311811,
          6.4634178
        ]
      },
      "id": "way/1289504260"
    },
    {
      "type": "Feature",
      "properties": {
        "@id": "way/1289507300",
        "bridge": "yes",
        "highway": "residential",
        "layer": "1",
        "oneway": "no",
        "surface": "unpaved",
        "@geometry": "center"
      },
      "geometry": {
        "type": "Point",
        "coordinates": [
          3.3413937,
          6.46195
        ]
      },
      "id": "way/1289507300"
    },
    {
      "type": "Feature",
      "properties": {
        "@id": "way/1289507306",
        "bridge": "yes",
        "highway": "residential",
        "layer": "1",
        "source": "bing",
        "surface": "unpaved",
        "@geometry": "center"
      },
      "geometry": {
        "type": "Point",
        "coordinates": [
          3.3538621,
          6.4729056
        ]
      },
      "id": "way/1289507306"
    },
    {
      "type": "Feature",
      "properties": {
        "@id": "way/1289507310",
        "bridge": "yes",
        "highway": "residential",
        "layer": "1",
        "oneway": "no",
        "surface": "unpaved",
        "@geometry": "center"
      },
      "geometry": {
        "type": "Point",
        "coordinates": [
          3.3426227,
          6.462071
        ]
      },
      "id": "way/1289507310"
    },
    {
      "type": "Feature",
      "properties": {
        "@id": "way/1289507313",
        "bridge": "yes",
        "highway": "residential",
        "layer": "1",
        "oneway": "no",
        "surface": "unpaved",
        "@geometry": "center"
      },
      "geometry": {
        "type": "Point",
        "coordinates": [
          3.3453168,
          6.4619935
        ]
      },
      "id": "way/1289507313"
    },
    {
      "type": "Feature",
      "properties": {
        "@id": "way/1289623042",
        "bridge": "yes",
        "highway": "residential",
        "layer": "1",
        "source": "Bing",
        "surface": "unpaved",
        "@geometry": "center"
      },
      "geometry": {
        "type": "Point",
        "coordinates": [
          3.3415273,
          6.4416177
        ]
      },
      "id": "way/1289623042"
    },
    {
      "type": "Feature",
      "properties": {
        "@id": "way/1289653457",
        "bridge": "yes",
        "highway": "unclassified",
        "layer": "1",
        "name": "Olayinka Street",
        "source": "bing",
        "surface": "unpaved",
        "@geometry": "center"
      },
      "geometry": {
        "type": "Point",
        "coordinates": [
          3.3480836,
          6.4622711
        ]
      },
      "id": "way/1289653457"
    },
    {
      "type": "Feature",
      "properties": {
        "@id": "way/1290010333",
        "bridge": "yes",
        "highway": "residential",
        "layer": "1",
        "surface": "unpaved",
        "@geometry": "center"
      },
      "geometry": {
        "type": "Point",
        "coordinates": [
          3.3748888,
          6.4798222
        ]
      },
      "id": "way/1290010333"
    },
    {
      "type": "Feature",
      "properties": {
        "@id": "way/1293529597",
        "bridge": "yes",
        "highway": "residential",
        "layer": "1",
        "surface": "unpaved",
        "@geometry": "center"
      },
      "geometry": {
        "type": "Point",
        "coordinates": [
          3.3500792,
          6.4391182
        ]
      },
      "id": "way/1293529597"
    },
    {
      "type": "Feature",
      "properties": {
        "@id": "way/1293616836",
        "bridge": "yes",
        "highway": "tertiary",
        "layer": "1",
        "name": "Park Lane",
        "surface": "unpaved",
        "@geometry": "center"
      },
      "geometry": {
        "type": "Point",
        "coordinates": [
          3.355367,
          6.4504292
        ]
      },
      "id": "way/1293616836"
    },
    {
      "type": "Feature",
      "properties": {
        "@id": "way/1293625665",
        "bridge": "yes",
        "highway": "residential",
        "layer": "1",
        "surface": "unpaved",
        "@geometry": "center"
      },
      "geometry": {
        "type": "Point",
        "coordinates": [
          3.3685221,
          6.4648401
        ]
      },
      "id": "way/1293625665"
    },
    {
      "type": "Feature",
      "properties": {
        "@id": "way/1300160659",
        "bridge": "yes",
        "highway": "tertiary",
        "layer": "1",
        "oneway": "yes",
        "@geometry": "center"
      },
      "geometry": {
        "type": "Point",
        "coordinates": [
          3.3986358,
          6.5872925
        ]
      },
      "id": "way/1300160659"
    },
    {
      "type": "Feature",
      "properties": {
        "@id": "way/1315774075",
        "bridge": "yes",
        "highway": "unclassified",
        "layer": "1",
        "name": "Prince Olanrewaju A. Elegushi Street",
        "@geometry": "center"
      },
      "geometry": {
        "type": "Point",
        "coordinates": [
          3.497617,
          6.4357469
        ]
      },
      "id": "way/1315774075"
    },
    {
      "type": "Feature",
      "properties": {
        "@id": "way/1321564891",
        "bridge": "yes",
        "highway": "footway",
        "layer": "1",
        "@geometry": "center"
      },
      "geometry": {
        "type": "Point",
        "coordinates": [
          3.3262318,
          6.6195102
        ]
      },
      "id": "way/1321564891"
    },
    {
      "type": "Feature",
      "properties": {
        "@id": "way/1321564897",
        "bridge": "yes",
        "highway": "footway",
        "layer": "1",
        "@geometry": "center"
      },
      "geometry": {
        "type": "Point",
        "coordinates": [
          3.3256583,
          6.621042
        ]
      },
      "id": "way/1321564897"
    },
    {
      "type": "Feature",
      "properties": {
        "@id": "way/1321574983",
        "bridge": "yes",
        "highway": "footway",
        "layer": "2",
        "@geometry": "center"
      },
      "geometry": {
        "type": "Point",
        "coordinates": [
          3.3367868,
          6.593148
        ]
      },
      "id": "way/1321574983"
    },
    {
      "type": "Feature",
      "properties": {
        "@id": "way/1321599126",
        "bridge": "yes",
        "highway": "footway",
        "layer": "1",
        "@geometry": "center"
      },
      "geometry": {
        "type": "Point",
        "coordinates": [
          3.3950502,
          6.4461795
        ]
      },
      "id": "way/1321599126"
    },
    {
      "type": "Feature",
      "properties": {
        "@id": "way/1321608724",
        "bridge": "yes",
        "highway": "footway",
        "layer": "1",
        "@geometry": "center"
      },
      "geometry": {
        "type": "Point",
        "coordinates": [
          3.3902234,
          6.5845328
        ]
      },
      "id": "way/1321608724"
    },
    {
      "type": "Feature",
      "properties": {
        "@id": "way/1321704384",
        "bridge": "yes",
        "highway": "footway",
        "layer": "1",
        "@geometry": "center"
      },
      "geometry": {
        "type": "Point",
        "coordinates": [
          3.3437133,
          6.5754559
        ]
      },
      "id": "way/1321704384"
    },
    {
      "type": "Feature",
      "properties": {
        "@id": "way/1321712201",
        "bridge": "yes",
        "highway": "trunk",
        "lanes": "2",
        "layer": "1",
        "name": "Agege Motor Road",
        "oneway": "yes",
        "ref": "A5",
        "surface": "paved",
        "@geometry": "center"
      },
      "geometry": {
        "type": "Point",
        "coordinates": [
          3.3356795,
          6.5956373
        ]
      },
      "id": "way/1321712201"
    },
    {
      "type": "Feature",
      "properties": {
        "@id": "way/1321791679",
        "bridge": "yes",
        "highway": "footway",
        "layer": "1",
        "@geometry": "center"
      },
      "geometry": {
        "type": "Point",
        "coordinates": [
          3.3478471,
          6.5541299
        ]
      },
      "id": "way/1321791679"
    },
    {
      "type": "Feature",
      "properties": {
        "@id": "way/1321793302",
        "bridge": "yes",
        "highway": "footway",
        "layer": "1",
        "@geometry": "center"
      },
      "geometry": {
        "type": "Point",
        "coordinates": [
          3.3369994,
          6.5386544
        ]
      },
      "id": "way/1321793302"
    },
    {
      "type": "Feature",
      "properties": {
        "@id": "way/1321825066",
        "bridge": "yes",
        "highway": "footway",
        "layer": "1",
        "@geometry": "center"
      },
      "geometry": {
        "type": "Point",
        "coordinates": [
          3.3265629,
          6.6081987
        ]
      },
      "id": "way/1321825066"
    },
    {
      "type": "Feature",
      "properties": {
        "@id": "way/1321832379",
        "bridge": "yes",
        "highway": "footway",
        "layer": "1",
        "@geometry": "center"
      },
      "geometry": {
        "type": "Point",
        "coordinates": [
          3.3182398,
          6.6065192
        ]
      },
      "id": "way/1321832379"
    },
    {
      "type": "Feature",
      "properties": {
        "@id": "way/1323825179",
        "bridge": "yes",
        "highway": "footway",
        "layer": "1",
        "@geometry": "center"
      },
      "geometry": {
        "type": "Point",
        "coordinates": [
          3.3204079,
          6.4671487
        ]
      },
      "id": "way/1323825179"
    },
    {
      "type": "Feature",
      "properties": {
        "@id": "way/1323963145",
        "bridge": "yes",
        "highway": "footway",
        "layer": "1",
        "@geometry": "center"
      },
      "geometry": {
        "type": "Point",
        "coordinates": [
          3.367103,
          6.5414942
        ]
      },
      "id": "way/1323963145"
    },
    {
      "type": "Feature",
      "properties": {
        "@id": "way/1323963665",
        "bridge": "yes",
        "highway": "footway",
        "layer": "1",
        "@geometry": "center"
      },
      "geometry": {
        "type": "Point",
        "coordinates": [
          3.3670516,
          6.5465158
        ]
      },
      "id": "way/1323963665"
    },
    {
      "type": "Feature",
      "properties": {
        "@id": "way/1323966850",
        "bridge": "yes",
        "highway": "footway",
        "layer": "1",
        "@geometry": "center"
      },
      "geometry": {
        "type": "Point",
        "coordinates": [
          3.3798861,
          6.5891539
        ]
      },
      "id": "way/1323966850"
    },
    {
      "type": "Feature",
      "properties": {
        "@id": "way/1327116859",
        "bridge": "yes",
        "highway": "footway",
        "layer": "1",
        "@geometry": "center"
      },
      "geometry": {
        "type": "Point",
        "coordinates": [
          3.5693458,
          6.4690016
        ]
      },
      "id": "way/1327116859"
    },
    {
      "type": "Feature",
      "properties": {
        "@id": "way/1327117716",
        "bridge": "yes",
        "highway": "footway",
        "layer": "1",
        "@geometry": "center"
      },
      "geometry": {
        "type": "Point",
        "coordinates": [
          3.5624301,
          6.4662065
        ]
      },
      "id": "way/1327117716"
    },
    {
      "type": "Feature",
      "properties": {
        "@id": "way/1332764270",
        "access": "private",
        "aeroway": "jet_bridge",
        "bridge": "yes",
        "highway": "footway",
        "level": "2",
        "@geometry": "center"
      },
      "geometry": {
        "type": "Point",
        "coordinates": [
          3.3198216,
          6.580468
        ]
      },
      "id": "way/1332764270"
    },
    {
      "type": "Feature",
      "properties": {
        "@id": "way/1332764271",
        "access": "private",
        "aeroway": "jet_bridge",
        "bridge": "yes",
        "highway": "footway",
        "level": "2",
        "@geometry": "center"
      },
      "geometry": {
        "type": "Point",
        "coordinates": [
          3.3194242,
          6.5802718
        ]
      },
      "id": "way/1332764271"
    },
    {
      "type": "Feature",
      "properties": {
        "@id": "way/1332764272",
        "access": "private",
        "aeroway": "jet_bridge",
        "bridge": "yes",
        "highway": "footway",
        "level": "2",
        "@geometry": "center"
      },
      "geometry": {
        "type": "Point",
        "coordinates": [
          3.3192233,
          6.5801741
        ]
      },
      "id": "way/1332764272"
    },
    {
      "type": "Feature",
      "properties": {
        "@id": "way/1332764273",
        "access": "private",
        "aeroway": "jet_bridge",
        "bridge": "yes",
        "highway": "footway",
        "level": "2",
        "@geometry": "center"
      },
      "geometry": {
        "type": "Point",
        "coordinates": [
          3.319608,
          6.5795669
        ]
      },
      "id": "way/1332764273"
    },
    {
      "type": "Feature",
      "properties": {
        "@id": "way/1332764274",
        "access": "private",
        "aeroway": "jet_bridge",
        "bridge": "yes",
        "highway": "footway",
        "level": "2",
        "@geometry": "center"
      },
      "geometry": {
        "type": "Point",
        "coordinates": [
          3.3195742,
          6.579536
        ]
      },
      "id": "way/1332764274"
    },
    {
      "type": "Feature",
      "properties": {
        "@id": "way/1332764275",
        "access": "private",
        "aeroway": "jet_bridge",
        "bridge": "yes",
        "highway": "footway",
        "level": "2",
        "@geometry": "center"
      },
      "geometry": {
        "type": "Point",
        "coordinates": [
          3.3198888,
          6.5789816
        ]
      },
      "id": "way/1332764275"
    },
    {
      "type": "Feature",
      "properties": {
        "@id": "way/1332764276",
        "access": "private",
        "aeroway": "jet_bridge",
        "bridge": "yes",
        "highway": "footway",
        "level": "2",
        "@geometry": "center"
      },
      "geometry": {
        "type": "Point",
        "coordinates": [
          3.3197634,
          6.5789317
        ]
      },
      "id": "way/1332764276"
    },
    {
      "type": "Feature",
      "properties": {
        "@id": "way/1332764277",
        "access": "private",
        "aeroway": "jet_bridge",
        "bridge": "yes",
        "highway": "footway",
        "level": "2",
        "@geometry": "center"
      },
      "geometry": {
        "type": "Point",
        "coordinates": [
          3.3200671,
          6.5799161
        ]
      },
      "id": "way/1332764277"
    },
    {
      "type": "Feature",
      "properties": {
        "@id": "way/1332764278",
        "access": "private",
        "aeroway": "jet_bridge",
        "bridge": "yes",
        "highway": "footway",
        "level": "2",
        "@geometry": "center"
      },
      "geometry": {
        "type": "Point",
        "coordinates": [
          3.3202708,
          6.5794489
        ]
      },
      "id": "way/1332764278"
    },
    {
      "type": "Feature",
      "properties": {
        "@id": "way/1332764279",
        "access": "private",
        "aeroway": "jet_bridge",
        "bridge": "yes",
        "highway": "footway",
        "level": "2",
        "@geometry": "center"
      },
      "geometry": {
        "type": "Point",
        "coordinates": [
          3.32044,
          6.5789324
        ]
      },
      "id": "way/1332764279"
    },
    {
      "type": "Feature",
      "properties": {
        "@id": "way/1332764280",
        "access": "private",
        "aeroway": "jet_bridge",
        "bridge": "yes",
        "highway": "footway",
        "level": "2",
        "@geometry": "center"
      },
      "geometry": {
        "type": "Point",
        "coordinates": [
          3.3224102,
          6.580106
        ]
      },
      "id": "way/1332764280"
    },
    {
      "type": "Feature",
      "properties": {
        "@id": "way/1332764281",
        "access": "private",
        "aeroway": "jet_bridge",
        "bridge": "yes",
        "highway": "footway",
        "level": "2",
        "@geometry": "center"
      },
      "geometry": {
        "type": "Point",
        "coordinates": [
          3.3228121,
          6.5798902
        ]
      },
      "id": "way/1332764281"
    },
    {
      "type": "Feature",
      "properties": {
        "@id": "way/1332764282",
        "access": "private",
        "aeroway": "jet_bridge",
        "bridge": "yes",
        "highway": "footway",
        "level": "2",
        "@geometry": "center"
      },
      "geometry": {
        "type": "Point",
        "coordinates": [
          3.3226568,
          6.579468
        ]
      },
      "id": "way/1332764282"
    },
    {
      "type": "Feature",
      "properties": {
        "@id": "way/1332764283",
        "access": "private",
        "aeroway": "jet_bridge",
        "bridge": "yes",
        "highway": "footway",
        "level": "2",
        "@geometry": "center"
      },
      "geometry": {
        "type": "Point",
        "coordinates": [
          3.322193,
          6.5796226
        ]
      },
      "id": "way/1332764283"
    },
    {
      "type": "Feature",
      "properties": {
        "@id": "way/1332764284",
        "access": "private",
        "aeroway": "jet_bridge",
        "bridge": "yes",
        "highway": "footway",
        "level": "2",
        "@geometry": "center"
      },
      "geometry": {
        "type": "Point",
        "coordinates": [
          3.3219871,
          6.579115
        ]
      },
      "id": "way/1332764284"
    },
    {
      "type": "Feature",
      "properties": {
        "@id": "way/1332764285",
        "access": "private",
        "aeroway": "jet_bridge",
        "bridge": "yes",
        "highway": "footway",
        "level": "2",
        "@geometry": "center"
      },
      "geometry": {
        "type": "Point",
        "coordinates": [
          3.3225086,
          6.5791032
        ]
      },
      "id": "way/1332764285"
    },
    {
      "type": "Feature",
      "properties": {
        "@id": "way/1332764286",
        "access": "private",
        "aeroway": "jet_bridge",
        "bridge": "yes",
        "highway": "footway",
        "level": "2",
        "@geometry": "center"
      },
      "geometry": {
        "type": "Point",
        "coordinates": [
          3.3223375,
          6.578725
        ]
      },
      "id": "way/1332764286"
    },
    {
      "type": "Feature",
      "properties": {
        "@id": "way/1332764288",
        "access": "private",
        "aeroway": "jet_bridge",
        "bridge": "yes",
        "highway": "footway",
        "level": "2",
        "@geometry": "center"
      },
      "geometry": {
        "type": "Point",
        "coordinates": [
          3.3238741,
          6.5776273
        ]
      },
      "id": "way/1332764288"
    },
    {
      "type": "Feature",
      "properties": {
        "@id": "way/1332764289",
        "access": "private",
        "aeroway": "jet_bridge",
        "bridge": "yes",
        "highway": "footway",
        "level": "2",
        "@geometry": "center"
      },
      "geometry": {
        "type": "Point",
        "coordinates": [
          3.323685,
          6.577574
        ]
      },
      "id": "way/1332764289"
    },
    {
      "type": "Feature",
      "properties": {
        "@id": "way/1332764290",
        "access": "private",
        "aeroway": "jet_bridge",
        "bridge": "yes",
        "highway": "footway",
        "level": "2",
        "@geometry": "center"
      },
      "geometry": {
        "type": "Point",
        "coordinates": [
          3.3245804,
          6.5778348
        ]
      },
      "id": "way/1332764290"
    },
    {
      "type": "Feature",
      "properties": {
        "@id": "way/1332764291",
        "access": "private",
        "aeroway": "jet_bridge",
        "bridge": "yes",
        "highway": "footway",
        "level": "2",
        "@geometry": "center"
      },
      "geometry": {
        "type": "Point",
        "coordinates": [
          3.3243973,
          6.5777901
        ]
      },
      "id": "way/1332764291"
    },
    {
      "type": "Feature",
      "properties": {
        "@id": "way/1332764292",
        "access": "private",
        "aeroway": "jet_bridge",
        "bridge": "yes",
        "highway": "footway",
        "level": "2",
        "@geometry": "center"
      },
      "geometry": {
        "type": "Point",
        "coordinates": [
          3.3244578,
          6.5770073
        ]
      },
      "id": "way/1332764292"
    },
    {
      "type": "Feature",
      "properties": {
        "@id": "way/1332764293",
        "access": "private",
        "aeroway": "jet_bridge",
        "bridge": "yes",
        "highway": "footway",
        "level": "2",
        "@geometry": "center"
      },
      "geometry": {
        "type": "Point",
        "coordinates": [
          3.3239437,
          6.5768484
        ]
      },
      "id": "way/1332764293"
    },
    {
      "type": "Feature",
      "properties": {
        "@id": "way/1332764294",
        "access": "private",
        "aeroway": "jet_bridge",
        "bridge": "yes",
        "highway": "footway",
        "level": "2",
        "@geometry": "center"
      },
      "geometry": {
        "type": "Point",
        "coordinates": [
          3.3237148,
          6.5767816
        ]
      },
      "id": "way/1332764294"
    },
    {
      "type": "Feature",
      "properties": {
        "@id": "way/1343965578",
        "bridge": "yes",
        "highway": "residential",
        "layer": "1",
        "@geometry": "center"
      },
      "geometry": {
        "type": "Point",
        "coordinates": [
          3.4010102,
          6.5396942
        ]
      },
      "id": "way/1343965578"
    },
    {
      "type": "Feature",
      "properties": {
        "@id": "way/1357176390",
        "bridge": "yes",
        "highway": "primary_link",
        "layer": "1",
        "oneway": "yes",
        "@geometry": "center"
      },
      "geometry": {
        "type": "Point",
        "coordinates": [
          3.324346,
          6.4696055
        ]
      },
      "id": "way/1357176390"
    },
    {
      "type": "Feature",
      "properties": {
        "@id": "way/1357176391",
        "bridge": "yes",
        "highway": "primary_link",
        "layer": "1",
        "oneway": "yes",
        "@geometry": "center"
      },
      "geometry": {
        "type": "Point",
        "coordinates": [
          3.3239008,
          6.4695798
        ]
      },
      "id": "way/1357176391"
    },
    {
      "type": "Feature",
      "properties": {
        "@id": "way/1364680257",
        "bridge": "yes",
        "highway": "footway",
        "layer": "1",
        "@geometry": "center"
      },
      "geometry": {
        "type": "Point",
        "coordinates": [
          3.4244062,
          6.4290014
        ]
      },
      "id": "way/1364680257"
    },
    {
      "type": "Feature",
      "properties": {
        "@id": "way/1364959440",
        "bridge": "yes",
        "highway": "service",
        "layer": "1",
        "@geometry": "center"
      },
      "geometry": {
        "type": "Point",
        "coordinates": [
          3.3266882,
          6.5196641
        ]
      },
      "id": "way/1364959440"
    },
    {
      "type": "Feature",
      "properties": {
        "@id": "way/1365140676",
        "bridge": "yes",
        "highway": "path",
        "layer": "1",
        "source": "Bing",
        "surface": "paved",
        "@geometry": "center"
      },
      "geometry": {
        "type": "Point",
        "coordinates": [
          3.2379086,
          6.5363677
        ]
      },
      "id": "way/1365140676"
    },
    {
      "type": "Feature",
      "properties": {
        "@id": "way/1365140679",
        "bridge": "yes",
        "highway": "path",
        "layer": "1",
        "surface": "paved",
        "@geometry": "center"
      },
      "geometry": {
        "type": "Point",
        "coordinates": [
          3.2374713,
          6.5370336
        ]
      },
      "id": "way/1365140679"
    },
    {
      "type": "Feature",
      "properties": {
        "@id": "way/1365222283",
        "bridge": "yes",
        "highway": "residential",
        "layer": "1",
        "@geometry": "center"
      },
      "geometry": {
        "type": "Point",
        "coordinates": [
          3.3164467,
          6.5057437
        ]
      },
      "id": "way/1365222283"
    },
    {
      "type": "Feature",
      "properties": {
        "@id": "way/1365868747",
        "bridge": "yes",
        "highway": "residential",
        "layer": "1",
        "name": "Federal Road",
        "oneway": "yes",
        "surface": "unpaved",
        "@geometry": "center"
      },
      "geometry": {
        "type": "Point",
        "coordinates": [
          3.2737196,
          6.5910244
        ]
      },
      "id": "way/1365868747"
    },
    {
      "type": "Feature",
      "properties": {
        "@id": "way/1365868749",
        "bridge": "yes",
        "highway": "residential",
        "layer": "1",
        "name": "Federal Road",
        "oneway": "yes",
        "@geometry": "center"
      },
      "geometry": {
        "type": "Point",
        "coordinates": [
          3.2737042,
          6.5909251
        ]
      },
      "id": "way/1365868749"
    },
    {
      "type": "Feature",
      "properties": {
        "@id": "way/1366519487",
        "bridge": "yes",
        "highway": "residential",
        "layer": "1",
        "oneway": "yes",
        "@geometry": "center"
      },
      "geometry": {
        "type": "Point",
        "coordinates": [
          3.3863519,
          6.5840285
        ]
      },
      "id": "way/1366519487"
    },
    {
      "type": "Feature",
      "properties": {
        "@id": "way/1372247998",
        "bridge": "yes",
        "highway": "residential",
        "layer": "1",
        "source": "bing",
        "surface": "unpaved",
        "@geometry": "center"
      },
      "geometry": {
        "type": "Point",
        "coordinates": [
          3.3416255,
          6.4466918
        ]
      },
      "id": "way/1372247998"
    },
    {
      "type": "Feature",
      "properties": {
        "@id": "way/1372259607",
        "bridge": "yes",
        "highway": "residential",
        "layer": "1",
        "name": "Opeifa Crescent",
        "@geometry": "center"
      },
      "geometry": {
        "type": "Point",
        "coordinates": [
          3.3732285,
          6.5667027
        ]
      },
      "id": "way/1372259607"
    },
    {
      "type": "Feature",
      "properties": {
        "@id": "way/1372272696",
        "bridge": "yes",
        "highway": "residential",
        "layer": "1",
        "name": "Aladelola Street",
        "@geometry": "center"
      },
      "geometry": {
        "type": "Point",
        "coordinates": [
          3.3764931,
          6.6102836
        ]
      },
      "id": "way/1372272696"
    },
    {
      "type": "Feature",
      "properties": {
        "@id": "way/1374083101",
        "bridge": "yes",
        "highway": "service",
        "layer": "1",
        "@geometry": "center"
      },
      "geometry": {
        "type": "Point",
        "coordinates": [
          3.3611579,
          6.4533893
        ]
      },
      "id": "way/1374083101"
    },
    {
      "type": "Feature",
      "properties": {
        "@id": "way/1383913257",
        "bridge": "yes",
        "highway": "residential",
        "layer": "1",
        "name": "Bamidele Adebule Street",
        "@geometry": "center"
      },
      "geometry": {
        "type": "Point",
        "coordinates": [
          3.3808445,
          6.5644716
        ]
      },
      "id": "way/1383913257"
    },
    {
      "type": "Feature",
      "properties": {
        "@id": "way/1386043744",
        "bridge": "yes",
        "highway": "footway",
        "layer": "1",
        "@geometry": "center"
      },
      "geometry": {
        "type": "Point",
        "coordinates": [
          3.3846353,
          6.5442715
        ]
      },
      "id": "way/1386043744"
    },
    {
      "type": "Feature",
      "properties": {
        "@id": "way/1386532404",
        "bridge": "yes",
        "highway": "footway",
        "layer": "1",
        "@geometry": "center"
      },
      "geometry": {
        "type": "Point",
        "coordinates": [
          3.3185363,
          6.4957365
        ]
      },
      "id": "way/1386532404"
    },
    {
      "type": "Feature",
      "properties": {
        "@id": "way/1386545260",
        "bridge": "yes",
        "highway": "residential",
        "layer": "1",
        "oneway": "no",
        "surface": "unpaved",
        "@geometry": "center"
      },
      "geometry": {
        "type": "Point",
        "coordinates": [
          3.3399466,
          6.6470407
        ]
      },
      "id": "way/1386545260"
    },
    {
      "type": "Feature",
      "properties": {
        "@id": "way/1387124389",
        "bridge": "yes",
        "highway": "residential",
        "layer": "1",
        "@geometry": "center"
      },
      "geometry": {
        "type": "Point",
        "coordinates": [
          3.3964756,
          6.5467874
        ]
      },
      "id": "way/1387124389"
    },
    {
      "type": "Feature",
      "properties": {
        "@id": "way/1387920109",
        "bridge": "yes",
        "highway": "footway",
        "layer": "1",
        "@geometry": "center"
      },
      "geometry": {
        "type": "Point",
        "coordinates": [
          3.3991011,
          6.5165909
        ]
      },
      "id": "way/1387920109"
    },
    {
      "type": "Feature",
      "properties": {
        "@id": "way/1387931998",
        "bridge": "yes",
        "highway": "footway",
        "layer": "1",
        "@geometry": "center"
      },
      "geometry": {
        "type": "Point",
        "coordinates": [
          3.3243544,
          6.6236169
        ]
      },
      "id": "way/1387931998"
    },
    {
      "type": "Feature",
      "properties": {
        "@id": "way/1387938995",
        "bridge": "yes",
        "highway": "footway",
        "layer": "1",
        "@geometry": "center"
      },
      "geometry": {
        "type": "Point",
        "coordinates": [
          3.3601864,
          6.5356144
        ]
      },
      "id": "way/1387938995"
    },
    {
      "type": "Feature",
      "properties": {
        "@id": "way/1387938998",
        "bridge": "yes",
        "highway": "footway",
        "layer": "1",
        "@geometry": "center"
      },
      "geometry": {
        "type": "Point",
        "coordinates": [
          3.3587446,
          6.5393888
        ]
      },
      "id": "way/1387938998"
    },
    {
      "type": "Feature",
      "properties": {
        "@id": "way/1390656441",
        "bridge": "yes",
        "highway": "footway",
        "layer": "1",
        "@geometry": "center"
      },
      "geometry": {
        "type": "Point",
        "coordinates": [
          3.3640076,
          6.5262764
        ]
      },
      "id": "way/1390656441"
    },
    {
      "type": "Feature",
      "properties": {
        "@id": "way/1391747356",
        "bridge": "yes",
        "highway": "service",
        "layer": "1",
        "@geometry": "center"
      },
      "geometry": {
        "type": "Point",
        "coordinates": [
          3.4819606,
          6.4415057
        ]
      },
      "id": "way/1391747356"
    },
    {
      "type": "Feature",
      "properties": {
        "@id": "way/1391747360",
        "bridge": "yes",
        "highway": "service",
        "layer": "1",
        "@geometry": "center"
      },
      "geometry": {
        "type": "Point",
        "coordinates": [
          3.4819539,
          6.4405527
        ]
      },
      "id": "way/1391747360"
    },
    {
      "type": "Feature",
      "properties": {
        "@id": "way/1395643349",
        "bridge": "yes",
        "highway": "footway",
        "layer": "1",
        "@geometry": "center"
      },
      "geometry": {
        "type": "Point",
        "coordinates": [
          3.3912363,
          6.5267409
        ]
      },
      "id": "way/1395643349"
    },
    {
      "type": "Feature",
      "properties": {
        "@id": "way/1395764854",
        "bridge": "yes",
        "highway": "residential",
        "layer": "1",
        "@geometry": "center"
      },
      "geometry": {
        "type": "Point",
        "coordinates": [
          3.2918597,
          6.5067323
        ]
      },
      "id": "way/1395764854"
    },
    {
      "type": "Feature",
      "properties": {
        "@id": "way/1395794688",
        "bridge": "yes",
        "highway": "residential",
        "layer": "1",
        "@geometry": "center"
      },
      "geometry": {
        "type": "Point",
        "coordinates": [
          3.352255,
          6.6363658
        ]
      },
      "id": "way/1395794688"
    },
    {
      "type": "Feature",
      "properties": {
        "@id": "way/1410943091",
        "bridge": "yes",
        "highway": "residential",
        "layer": "1",
        "@geometry": "center"
      },
      "geometry": {
        "type": "Point",
        "coordinates": [
          3.4092946,
          6.5755928
        ]
      },
      "id": "way/1410943091"
    },
    {
      "type": "Feature",
      "properties": {
        "@id": "way/1411601469",
        "bridge": "yes",
        "highway": "residential",
        "layer": "1",
        "oneway": "no",
        "surface": "unpaved",
        "@geometry": "center"
      },
      "geometry": {
        "type": "Point",
        "coordinates": [
          3.3250295,
          6.6129583
        ]
      },
      "id": "way/1411601469"
    },
    {
      "type": "Feature",
      "properties": {
        "@id": "way/1413180229",
        "bridge": "yes",
        "highway": "residential",
        "layer": "1",
        "surface": "unpaved",
        "@geometry": "center"
      },
      "geometry": {
        "type": "Point",
        "coordinates": [
          3.2590368,
          6.5802529
        ]
      },
      "id": "way/1413180229"
    },
    {
      "type": "Feature",
      "properties": {
        "@id": "way/1413605237",
        "bridge": "yes",
        "highway": "footway",
        "layer": "1",
        "@geometry": "center"
      },
      "geometry": {
        "type": "Point",
        "coordinates": [
          3.3974754,
          6.5741582
        ]
      },
      "id": "way/1413605237"
    },
    {
      "type": "Feature",
      "properties": {
        "@id": "way/1413605238",
        "bridge": "yes",
        "highway": "footway",
        "layer": "1",
        "@geometry": "center"
      },
      "geometry": {
        "type": "Point",
        "coordinates": [
          3.3974569,
          6.5742566
        ]
      },
      "id": "way/1413605238"
    },
    {
      "type": "Feature",
      "properties": {
        "@id": "way/1415415220",
        "bridge": "yes",
        "highway": "primary",
        "layer": "1",
        "oneway": "yes",
        "surface": "unpaved",
        "@geometry": "center"
      },
      "geometry": {
        "type": "Point",
        "coordinates": [
          3.364443,
          6.4628229
        ]
      },
      "id": "way/1415415220"
    },
    {
      "type": "Feature",
      "properties": {
        "@id": "way/1415442311",
        "bridge": "yes",
        "highway": "service",
        "layer": "1",
        "@geometry": "center"
      },
      "geometry": {
        "type": "Point",
        "coordinates": [
          3.3638743,
          6.4637049
        ]
      },
      "id": "way/1415442311"
    },
    {
      "type": "Feature",
      "properties": {
        "@id": "way/1420862250",
        "bridge": "yes",
        "highway": "primary",
        "layer": "2",
        "name": "Maryland-Opebi-Ojota Link Bridge",
        "oneway": "yes",
        "@geometry": "center"
      },
      "geometry": {
        "type": "Point",
        "coordinates": [
          3.3691883,
          6.5812936
        ]
      },
      "id": "way/1420862250"
    },
    {
      "type": "Feature",
      "properties": {
        "@id": "way/1420862251",
        "bridge": "yes",
        "highway": "primary",
        "layer": "1",
        "name": "Maryland-Opebi-Ojota Link Bridge",
        "oneway": "yes",
        "@geometry": "center"
      },
      "geometry": {
        "type": "Point",
        "coordinates": [
          3.3735977,
          6.5804607
        ]
      },
      "id": "way/1420862251"
    },
    {
      "type": "Feature",
      "properties": {
        "@id": "way/1420862254",
        "bridge": "yes",
        "highway": "primary",
        "layer": "2",
        "name": "Maryland-Opebi-Ojota Link Bridge",
        "oneway": "yes",
        "@geometry": "center"
      },
      "geometry": {
        "type": "Point",
        "coordinates": [
          3.3691407,
          6.5814626
        ]
      },
      "id": "way/1420862254"
    },
    {
      "type": "Feature",
      "properties": {
        "@id": "way/1420862256",
        "bridge": "yes",
        "highway": "primary",
        "layer": "1",
        "name": "Maryland-Opebi-Ojota Link Bridge",
        "oneway": "yes",
        "@geometry": "center"
      },
      "geometry": {
        "type": "Point",
        "coordinates": [
          3.3730898,
          6.5806462
        ]
      },
      "id": "way/1420862256"
    },
    {
      "type": "Feature",
      "properties": {
        "@id": "way/1420873112",
        "bridge": "yes",
        "highway": "residential",
        "layer": "1",
        "@geometry": "center"
      },
      "geometry": {
        "type": "Point",
        "coordinates": [
          3.4331461,
          6.4177981
        ]
      },
      "id": "way/1420873112"
    },
    {
      "type": "Feature",
      "properties": {
        "@id": "way/1420948877",
        "bridge": "yes",
        "highway": "primary",
        "layer": "2",
        "oneway": "yes",
        "@geometry": "center"
      },
      "geometry": {
        "type": "Point",
        "coordinates": [
          3.3678395,
          6.5825369
        ]
      },
      "id": "way/1420948877"
    },
    {
      "type": "Feature",
      "properties": {
        "@id": "way/1420948878",
        "bridge": "yes",
        "highway": "primary",
        "layer": "2",
        "oneway": "yes",
        "@geometry": "center"
      },
      "geometry": {
        "type": "Point",
        "coordinates": [
          3.3703942,
          6.5802038
        ]
      },
      "id": "way/1420948878"
    },
    {
      "type": "Feature",
      "properties": {
        "@id": "way/1420948882",
        "bridge": "yes",
        "highway": "primary",
        "layer": "1",
        "name": "Maryland-Opebi-Ojota Link Bridge",
        "oneway": "yes",
        "@geometry": "center"
      },
      "geometry": {
        "type": "Point",
        "coordinates": [
          3.374369,
          6.5814566
        ]
      },
      "id": "way/1420948882"
    },
    {
      "type": "Feature",
      "properties": {
        "@id": "way/1421774051",
        "bridge": "yes",
        "highway": "tertiary",
        "layer": "1",
        "name": "Fatai Atere Way",
        "surface": "paved",
        "@geometry": "center"
      },
      "geometry": {
        "type": "Point",
        "coordinates": [
          3.3474915,
          6.5414641
        ]
      },
      "id": "way/1421774051"
    },
    {
      "type": "Feature",
      "properties": {
        "@id": "way/1424810719",
        "bridge": "yes",
        "highway": "service",
        "layer": "1",
        "@geometry": "center"
      },
      "geometry": {
        "type": "Point",
        "coordinates": [
          3.4122288,
          6.424959
        ]
      },
      "id": "way/1424810719"
    },
    {
      "type": "Feature",
      "properties": {
        "@id": "way/1426055783",
        "bridge": "yes",
        "highway": "secondary",
        "lanes": "2",
        "layer": "1",
        "name": "Adewunmi Adebimpe Street",
        "oneway": "yes",
        "@geometry": "center"
      },
      "geometry": {
        "type": "Point",
        "coordinates": [
          3.4688843,
          6.4369798
        ]
      },
      "id": "way/1426055783"
    },
    {
      "type": "Feature",
      "properties": {
        "@id": "way/1426055786",
        "bridge": "yes",
        "highway": "secondary",
        "lanes": "2",
        "layer": "1",
        "name": "Adewunmi Adebimpe Street",
        "oneway": "yes",
        "@geometry": "center"
      },
      "geometry": {
        "type": "Point",
        "coordinates": [
          3.4687954,
          6.4369828
        ]
      },
      "id": "way/1426055786"
    },
    {
      "type": "Feature",
      "properties": {
        "@id": "way/1426625932",
        "bridge": "yes",
        "highway": "residential",
        "layer": "1",
        "surface": "unpaved",
        "@geometry": "center"
      },
      "geometry": {
        "type": "Point",
        "coordinates": [
          3.3889981,
          6.5089068
        ]
      },
      "id": "way/1426625932"
    },
    {
      "type": "Feature",
      "properties": {
        "@id": "way/1426847535",
        "bridge": "yes",
        "highway": "footway",
        "layer": "1",
        "@geometry": "center"
      },
      "geometry": {
        "type": "Point",
        "coordinates": [
          3.3552519,
          6.5479042
        ]
      },
      "id": "way/1426847535"
    },
    {
      "type": "Feature",
      "properties": {
        "@id": "way/1427144172",
        "bridge": "yes",
        "highway": "residential",
        "layer": "1",
        "@geometry": "center"
      },
      "geometry": {
        "type": "Point",
        "coordinates": [
          3.4948781,
          6.4751057
        ]
      },
      "id": "way/1427144172"
    },
    {
      "type": "Feature",
      "properties": {
        "@id": "way/1427284725",
        "access": "private",
        "bridge": "yes",
        "highway": "service",
        "layer": "1",
        "@geometry": "center"
      },
      "geometry": {
        "type": "Point",
        "coordinates": [
          3.5476908,
          6.4589653
        ]
      },
      "id": "way/1427284725"
    },
    {
      "type": "Feature",
      "properties": {
        "@id": "way/1427288439",
        "bridge": "yes",
        "highway": "residential",
        "layer": "1",
        "surface": "unpaved",
        "@geometry": "center"
      },
      "geometry": {
        "type": "Point",
        "coordinates": [
          3.3127943,
          6.6717453
        ]
      },
      "id": "way/1427288439"
    },
    {
      "type": "Feature",
      "properties": {
        "@id": "way/1429044314",
        "bridge": "yes",
        "highway": "service",
        "layer": "1",
        "@geometry": "center"
      },
      "geometry": {
        "type": "Point",
        "coordinates": [
          3.9422505,
          6.5586316
        ]
      },
      "id": "way/1429044314"
    },
    {
      "type": "Feature",
      "properties": {
        "@id": "way/1429044323",
        "bridge": "yes",
        "highway": "tertiary",
        "layer": "1",
        "oneway": "yes",
        "@geometry": "center"
      },
      "geometry": {
        "type": "Point",
        "coordinates": [
          3.9432677,
          6.5608699
        ]
      },
      "id": "way/1429044323"
    },
    {
      "type": "Feature",
      "properties": {
        "@id": "way/1429044325",
        "bridge": "yes",
        "highway": "secondary",
        "layer": "1",
        "oneway": "yes",
        "@geometry": "center"
      },
      "geometry": {
        "type": "Point",
        "coordinates": [
          3.9432314,
          6.560782
        ]
      },
      "id": "way/1429044325"
    },
    {
      "type": "Feature",
      "properties": {
        "@id": "way/1429044327",
        "bridge": "yes",
        "highway": "secondary",
        "layer": "1",
        "oneway": "yes",
        "@geometry": "center"
      },
      "geometry": {
        "type": "Point",
        "coordinates": [
          3.9431873,
          6.5606879
        ]
      },
      "id": "way/1429044327"
    },
    {
      "type": "Feature",
      "properties": {
        "@id": "way/1429044329",
        "bridge": "yes",
        "highway": "tertiary",
        "layer": "1",
        "oneway": "yes",
        "@geometry": "center"
      },
      "geometry": {
        "type": "Point",
        "coordinates": [
          3.9431414,
          6.560597
        ]
      },
      "id": "way/1429044329"
    },
    {
      "type": "Feature",
      "properties": {
        "@id": "way/1432214796",
        "bridge": "yes",
        "highway": "residential",
        "layer": "1",
        "name": "Pipeline Road",
        "surface": "unpaved",
        "@geometry": "center"
      },
      "geometry": {
        "type": "Point",
        "coordinates": [
          3.3154258,
          6.6543262
        ]
      },
      "id": "way/1432214796"
    },
    {
      "type": "Feature",
      "properties": {
        "@id": "way/1432227363",
        "bridge": "yes",
        "highway": "residential",
        "layer": "1",
        "name": "Wegbo Street",
        "surface": "unpaved",
        "@geometry": "center"
      },
      "geometry": {
        "type": "Point",
        "coordinates": [
          3.3889723,
          6.5055057
        ]
      },
      "id": "way/1432227363"
    },
    {
      "type": "Feature",
      "properties": {
        "@id": "way/1432503701",
        "bridge": "yes",
        "highway": "tertiary",
        "layer": "1",
        "@geometry": "center"
      },
      "geometry": {
        "type": "Point",
        "coordinates": [
          3.2134677,
          6.449582
        ]
      },
      "id": "way/1432503701"
    },
    {
      "type": "Feature",
      "properties": {
        "@id": "way/1432504083",
        "bridge": "yes",
        "highway": "path",
        "layer": "1",
        "surface": "unpaved",
        "@geometry": "center"
      },
      "geometry": {
        "type": "Point",
        "coordinates": [
          3.2440651,
          6.6113223
        ]
      },
      "id": "way/1432504083"
    },
    {
      "type": "Feature",
      "properties": {
        "@id": "way/1432504085",
        "bridge": "yes",
        "highway": "path",
        "layer": "1",
        "surface": "unpaved",
        "@geometry": "center"
      },
      "geometry": {
        "type": "Point",
        "coordinates": [
          3.2445816,
          6.6108653
        ]
      },
      "id": "way/1432504085"
    },
    {
      "type": "Feature",
      "properties": {
        "@id": "way/1433172319",
        "bridge": "yes",
        "highway": "residential",
        "layer": "1",
        "name": "Ajani Street",
        "source": "BING",
        "surface": "unpaved",
        "@geometry": "center"
      },
      "geometry": {
        "type": "Point",
        "coordinates": [
          3.3402519,
          6.5714475
        ]
      },
      "id": "way/1433172319"
    },
    {
      "type": "Feature",
      "properties": {
        "@id": "way/1433195978",
        "bridge": "yes",
        "highway": "primary",
        "layer": "1",
        "name": "Maryland-Opebi-Ojota Link Bridge",
        "oneway": "yes",
        "@geometry": "center"
      },
      "geometry": {
        "type": "Point",
        "coordinates": [
          3.3741693,
          6.5819347
        ]
      },
      "id": "way/1433195978"
    },
    {
      "type": "Feature",
      "properties": {
        "@id": "way/1433195979",
        "bridge": "yes",
        "highway": "primary",
        "layer": "2",
        "name": "Maryland-Opebi-Ojota Link Bridge",
        "oneway": "yes",
        "@geometry": "center"
      },
      "geometry": {
        "type": "Point",
        "coordinates": [
          3.3722141,
          6.5796301
        ]
      },
      "id": "way/1433195979"
    },
    {
      "type": "Feature",
      "properties": {
        "@id": "way/1433195983",
        "bridge": "yes",
        "highway": "busway",
        "lanes": "1",
        "layer": "2",
        "oneway": "yes",
        "@geometry": "center"
      },
      "geometry": {
        "type": "Point",
        "coordinates": [
          3.3731763,
          6.5800736
        ]
      },
      "id": "way/1433195983"
    },
    {
      "type": "Feature",
      "properties": {
        "@id": "way/1433195985",
        "bridge": "yes",
        "highway": "busway",
        "layer": "2",
        "oneway": "yes",
        "@geometry": "center"
      },
      "geometry": {
        "type": "Point",
        "coordinates": [
          3.3733404,
          6.5799753
        ]
      },
      "id": "way/1433195985"
    },
    {
      "type": "Feature",
      "properties": {
        "@id": "way/1433685136",
        "bridge": "yes",
        "highway": "primary",
        "layer": "1",
        "name": "Ikeja Flyover Bridge",
        "oneway": "yes",
        "@geometry": "center"
      },
      "geometry": {
        "type": "Point",
        "coordinates": [
          3.3370125,
          6.5958298
        ]
      },
      "id": "way/1433685136"
    },
    {
      "type": "Feature",
      "properties": {
        "@id": "way/1434007992",
        "barrier": "wall",
        "bridge": "yes",
        "layer": "1",
        "@geometry": "center"
      },
      "geometry": {
        "type": "Point",
        "coordinates": [
          -8.6983372,
          37.2019874
        ]
      },
      "id": "way/1434007992"
    },
    {
      "type": "Feature",
      "properties": {
        "@id": "way/1434007995",
        "bridge": "yes",
        "foot": "yes",
        "highway": "service",
        "layer": "1",
        "motor_vehicle": "no",
        "@geometry": "center"
      },
      "geometry": {
        "type": "Point",
        "coordinates": [
          -8.6983525,
          37.2020059
        ]
      },
      "id": "way/1434007995"
    },
    {
      "type": "Feature",
      "properties": {
        "@id": "way/1436889716",
        "bridge": "yes",
        "highway": "residential",
        "layer": "1",
        "name": "Richmond Pearl Road",
        "@geometry": "center"
      },
      "geometry": {
        "type": "Point",
        "coordinates": [
          3.4857901,
          6.4548545
        ]
      },
      "id": "way/1436889716"
    },
    {
      "type": "Feature",
      "properties": {
        "@id": "way/1441732411",
        "bridge": "yes",
        "highway": "trunk",
        "layer": "1",
        "name": "Lagos-Calabar Coastal Highway",
        "oneway": "yes",
        "@geometry": "center"
      },
      "geometry": {
        "type": "Point",
        "coordinates": [
          3.5246564,
          6.4279708
        ]
      },
      "id": "way/1441732411"
    },
    {
      "type": "Feature",
      "properties": {
        "@id": "way/1441732412",
        "bridge": "yes",
        "highway": "trunk",
        "layer": "1",
        "name": "Lagos-Calabar Coastal Highway",
        "oneway": "yes",
        "@geometry": "center"
      },
      "geometry": {
        "type": "Point",
        "coordinates": [
          3.5246488,
          6.4277933
        ]
      },
      "id": "way/1441732412"
    },
    {
      "type": "Feature",
      "properties": {
        "@id": "way/1441732417",
        "bridge": "yes",
        "construction": "motorway",
        "highway": "construction",
        "layer": "1",
        "name": "2nd Flyover",
        "@geometry": "center"
      },
      "geometry": {
        "type": "Point",
        "coordinates": [
          3.8541354,
          6.4423633
        ]
      },
      "id": "way/1441732417"
    },
    {
      "type": "Feature",
      "properties": {
        "@id": "way/1445970227",
        "bridge": "yes",
        "highway": "footway",
        "layer": "1",
        "@geometry": "center"
      },
      "geometry": {
        "type": "Point",
        "coordinates": [
          3.3797741,
          6.5459676
        ]
      },
      "id": "way/1445970227"
    },
    {
      "type": "Feature",
      "properties": {
        "@id": "way/1447666444",
        "bridge": "yes",
        "highway": "service",
        "layer": "1",
        "oneway": "no",
        "@geometry": "center"
      },
      "geometry": {
        "type": "Point",
        "coordinates": [
          3.3517924,
          6.6421135
        ]
      },
      "id": "way/1447666444"
    },
    {
      "type": "Feature",
      "properties": {
        "@id": "way/1449443896",
        "bridge": "yes",
        "highway": "residential",
        "layer": "1",
        "@geometry": "center"
      },
      "geometry": {
        "type": "Point",
        "coordinates": [
          3.2455105,
          6.4520773
        ]
      },
      "id": "way/1449443896"
    },
    {
      "type": "Feature",
      "properties": {
        "@id": "way/1451632947",
        "bridge": "yes",
        "highway": "residential",
        "layer": "1",
        "@geometry": "center"
      },
      "geometry": {
        "type": "Point",
        "coordinates": [
          3.6135659,
          6.4854408
        ]
      },
      "id": "way/1451632947"
    },
    {
      "type": "Feature",
      "properties": {
        "@id": "way/1465186425",
        "bridge": "yes",
        "construction": "motorway",
        "highway": "construction",
        "layer": "1",
        "name": "Lagos-Calabar Coastal Highway",
        "@geometry": "center"
      },
      "geometry": {
        "type": "Point",
        "coordinates": [
          3.993733,
          6.438604
        ]
      },
      "id": "way/1465186425"
    },
    {
      "type": "Feature",
      "properties": {
        "@id": "way/1465194307",
        "bridge": "yes",
        "highway": "primary",
        "layer": "1",
        "name": "Maryland-Opebi-Ojota Link Bridge",
        "oneway": "yes",
        "@geometry": "center"
      },
      "geometry": {
        "type": "Point",
        "coordinates": [
          3.3724633,
          6.5795679
        ]
      },
      "id": "way/1465194307"
    },
    {
      "type": "Feature",
      "properties": {
        "@id": "way/1465194309",
        "bridge": "yes",
        "highway": "motorway",
        "lanes": "2",
        "layer": "1",
        "name": "Ikorodu Road",
        "oneway": "yes",
        "ref": "A1",
        "surface": "paved",
        "@geometry": "center"
      },
      "geometry": {
        "type": "Point",
        "coordinates": [
          3.3747523,
          6.5820133
        ]
      },
      "id": "way/1465194309"
    },
    {
      "type": "Feature",
      "properties": {
        "@id": "way/1465194313",
        "bridge": "yes",
        "highway": "primary",
        "layer": "2",
        "name": "Maryland-Opebi-Ojota Link Bridge",
        "oneway": "yes",
        "@geometry": "center"
      },
      "geometry": {
        "type": "Point",
        "coordinates": [
          3.3715496,
          6.5797156
        ]
      },
      "id": "way/1465194313"
    },
    {
      "type": "Feature",
      "properties": {
        "@id": "way/1466654256",
        "bridge": "yes",
        "highway": "path",
        "layer": "1",
        "@geometry": "center"
      },
      "geometry": {
        "type": "Point",
        "coordinates": [
          3.2712674,
          6.541357
        ]
      },
      "id": "way/1466654256"
    },
    {
      "type": "Feature",
      "properties": {
        "@id": "way/1472797403",
        "bridge": "yes",
        "highway": "path",
        "layer": "1",
        "surface": "wood",
        "@geometry": "center"
      },
      "geometry": {
        "type": "Point",
        "coordinates": [
          3.6548867,
          6.463482
        ]
      },
      "id": "way/1472797403"
    },
    {
      "type": "Feature",
      "properties": {
        "@id": "way/1479150866",
        "bridge": "yes",
        "highway": "residential",
        "layer": "1",
        "surface": "unpaved",
        "@geometry": "center"
      },
      "geometry": {
        "type": "Point",
        "coordinates": [
          3.2199934,
          6.5207263
        ]
      },
      "id": "way/1479150866"
    },
    {
      "type": "Feature",
      "properties": {
        "@id": "way/1480490431",
        "bridge": "yes",
        "highway": "secondary",
        "lanes": "2",
        "layer": "1",
        "name": "Obalende Road",
        "oneway": "yes",
        "ref": "F271",
        "surface": "paved",
        "@geometry": "center"
      },
      "geometry": {
        "type": "Point",
        "coordinates": [
          3.4087944,
          6.4494678
        ]
      },
      "id": "way/1480490431"
    },
    {
      "type": "Feature",
      "properties": {
        "@id": "way/1483307174",
        "bridge": "yes",
        "highway": "residential",
        "layer": "1",
        "surface": "unpaved",
        "@geometry": "center"
      },
      "geometry": {
        "type": "Point",
        "coordinates": [
          3.3640011,
          6.5184676
        ]
      },
      "id": "way/1483307174"
    },
    {
      "type": "Feature",
      "properties": {
        "@id": "way/1485335788",
        "bridge": "yes",
        "highway": "service",
        "layer": "1",
        "@geometry": "center"
      },
      "geometry": {
        "type": "Point",
        "coordinates": [
          3.3657088,
          6.4905468
        ]
      },
      "id": "way/1485335788"
    },
    {
      "type": "Feature",
      "properties": {
        "@id": "way/1485438255",
        "bridge": "yes",
        "highway": "tertiary",
        "layer": "1",
        "surface": "unpaved",
        "@geometry": "center"
      },
      "geometry": {
        "type": "Point",
        "coordinates": [
          3.1659,
          6.4657238
        ]
      },
      "id": "way/1485438255"
    },
    {
      "type": "Feature",
      "properties": {
        "@id": "way/1489516722",
        "bridge": "yes",
        "highway": "path",
        "layer": "1",
        "@geometry": "center"
      },
      "geometry": {
        "type": "Point",
        "coordinates": [
          -0.2089286,
          43.213727
        ]
      },
      "id": "way/1489516722"
    },
    {
      "type": "Feature",
      "properties": {
        "@id": "way/1489667625",
        "bridge": "yes",
        "highway": "secondary",
        "layer": "1",
        "name": "Yaba Flyover Bridge",
        "oneway": "yes",
        "surface": "paved",
        "@geometry": "center"
      },
      "geometry": {
        "type": "Point",
        "coordinates": [
          3.3713359,
          6.5096652
        ]
      },
      "id": "way/1489667625"
    },
    {
      "type": "Feature",
      "properties": {
        "@id": "way/1489667626",
        "bridge": "yes",
        "highway": "secondary",
        "layer": "1",
        "name": "Yaba Flyover Bridge",
        "oneway": "yes",
        "surface": "paved",
        "@geometry": "center"
      },
      "geometry": {
        "type": "Point",
        "coordinates": [
          3.3712969,
          6.5097558
        ]
      },
      "id": "way/1489667626"
    },
    {
      "type": "Feature",
      "properties": {
        "@id": "way/1489747759",
        "bridge": "yes",
        "highway": "path",
        "layer": "1",
        "@geometry": "center"
      },
      "geometry": {
        "type": "Point",
        "coordinates": [
          3.2862894,
          6.5634452
        ]
      },
      "id": "way/1489747759"
    },
    {
      "type": "Feature",
      "properties": {
        "@id": "way/1491284259",
        "bridge": "yes",
        "description": "passage ancien canal des coteaux",
        "highway": "path",
        "layer": "1",
        "@geometry": "center"
      },
      "geometry": {
        "type": "Point",
        "coordinates": [
          -0.2078049,
          43.2122583
        ]
      },
      "id": "way/1491284259"
    },
    {
      "type": "Feature",
      "properties": {
        "@id": "way/1491296118",
        "bridge": "yes",
        "description": "passage ancien canal des coteaux",
        "highway": "track",
        "layer": "1",
        "@geometry": "center"
      },
      "geometry": {
        "type": "Point",
        "coordinates": [
          -0.20878,
          43.2109786
        ]
      },
      "id": "way/1491296118"
    },
    {
      "type": "Feature",
      "properties": {
        "@id": "way/1495460292",
        "bridge": "yes",
        "footway": "sidewalk",
        "highway": "footway",
        "layer": "1",
        "lit": "yes",
        "surface": "sett",
        "@geometry": "center"
      },
      "geometry": {
        "type": "Point",
        "coordinates": [
          -8.6784832,
          37.113639
        ]
      },
      "id": "way/1495460292"
    },
    {
      "type": "Feature",
      "properties": {
        "@id": "way/1495927598",
        "bridge": "yes",
        "highway": "footway",
        "surface": "wood",
        "@geometry": "center"
      },
      "geometry": {
        "type": "Point",
        "coordinates": [
          -8.6703292,
          37.1169069
        ]
      },
      "id": "way/1495927598"
    },
    {
      "type": "Feature",
      "properties": {
        "@id": "way/1499312737",
        "bridge": "yes",
        "highway": "service",
        "layer": "1",
        "@geometry": "center"
      },
      "geometry": {
        "type": "Point",
        "coordinates": [
          3.5102566,
          6.4374404
        ]
      },
      "id": "way/1499312737"
    },
    {
      "type": "Feature",
      "properties": {
        "@id": "way/1499496663",
        "bridge": "yes",
        "highway": "residential",
        "layer": "1",
        "@geometry": "center"
      },
      "geometry": {
        "type": "Point",
        "coordinates": [
          3.969892,
          6.5958813
        ]
      },
      "id": "way/1499496663"
    },
    {
      "type": "Feature",
      "properties": {
        "@id": "way/1503331425",
        "bridge": "yes",
        "highway": "tertiary",
        "layer": "1",
        "name": "Demurin Street",
        "oneway": "yes",
        "@geometry": "center"
      },
      "geometry": {
        "type": "Point",
        "coordinates": [
          3.3952756,
          6.5971911
        ]
      },
      "id": "way/1503331425"
    },
    {
      "type": "Feature",
      "properties": {
        "@id": "way/1503331427",
        "bridge": "yes",
        "highway": "tertiary",
        "layer": "1",
        "name": "Demurin Street",
        "oneway": "yes",
        "@geometry": "center"
      },
      "geometry": {
        "type": "Point",
        "coordinates": [
          3.3888098,
          6.5975814
        ]
      },
      "id": "way/1503331427"
    },
    {
      "type": "Feature",
      "properties": {
        "@id": "way/1509678501",
        "bridge": "yes",
        "highway": "residential",
        "layer": "1",
        "@geometry": "center"
      },
      "geometry": {
        "type": "Point",
        "coordinates": [
          3.3881851,
          6.5578784
        ]
      },
      "id": "way/1509678501"
    },
    {
      "type": "Feature",
      "properties": {
        "@id": "way/1510188792",
        "bridge": "yes",
        "highway": "residential",
        "layer": "1",
        "name": "Oduduwa",
        "oneway": "no",
        "@geometry": "center"
      },
      "geometry": {
        "type": "Point",
        "coordinates": [
          3.3988867,
          6.5575353
        ]
      },
      "id": "way/1510188792"
    },
    {
      "type": "Feature",
      "properties": {
        "@id": "way/1510196763",
        "bridge": "yes",
        "highway": "footway",
        "layer": "1",
        "@geometry": "center"
      },
      "geometry": {
        "type": "Point",
        "coordinates": [
          3.3622064,
          6.5307971
        ]
      },
      "id": "way/1510196763"
    },
    {
      "type": "Feature",
      "properties": {
        "@id": "way/1510450812",
        "bridge": "yes",
        "highway": "residential",
        "layer": "1",
        "@geometry": "center"
      },
      "geometry": {
        "type": "Point",
        "coordinates": [
          3.3939177,
          6.5902307
        ]
      },
      "id": "way/1510450812"
    },
    {
      "type": "Feature",
      "properties": {
        "@id": "way/1511952027",
        "bridge": "yes",
        "highway": "unclassified",
        "layer": "1",
        "@geometry": "center"
      },
      "geometry": {
        "type": "Point",
        "coordinates": [
          3.4242685,
          6.4163318
        ]
      },
      "id": "way/1511952027"
    },
    {
      "type": "Feature",
      "properties": {
        "@id": "way/1512020621",
        "bridge": "yes",
        "highway": "footway",
        "layer": "1",
        "@geometry": "center"
      },
      "geometry": {
        "type": "Point",
        "coordinates": [
          3.5106039,
          6.4370146
        ]
      },
      "id": "way/1512020621"
    },
    {
      "type": "Feature",
      "properties": {
        "@id": "way/1512100227",
        "bridge": "yes",
        "highway": "footway",
        "layer": "1",
        "@geometry": "center"
      },
      "geometry": {
        "type": "Point",
        "coordinates": [
          3.3352838,
          6.4947301
        ]
      },
      "id": "way/1512100227"
    },
    {
      "type": "Feature",
      "properties": {
        "@id": "way/1512100234",
        "bridge": "yes",
        "highway": "footway",
        "layer": "1",
        "@geometry": "center"
      },
      "geometry": {
        "type": "Point",
        "coordinates": [
          3.3333648,
          6.4909449
        ]
      },
      "id": "way/1512100234"
    },
    {
      "type": "Feature",
      "properties": {
        "@id": "way/1512100237",
        "bridge": "yes",
        "highway": "footway",
        "layer": "1",
        "@geometry": "center"
      },
      "geometry": {
        "type": "Point",
        "coordinates": [
          3.3325689,
          6.4897531
        ]
      },
      "id": "way/1512100237"
    },
    {
      "type": "Feature",
      "properties": {
        "@id": "way/1518595874",
        "bridge": "yes",
        "highway": "residential",
        "layer": "1",
        "surface": "unpaved",
        "@geometry": "center"
      },
      "geometry": {
        "type": "Point",
        "coordinates": [
          3.2125988,
          6.456174
        ]
      },
      "id": "way/1518595874"
    },
    {
      "type": "Feature",
      "properties": {
        "@id": "way/1518595875",
        "bridge": "yes",
        "highway": "residential",
        "layer": "1",
        "name": "Yisa Jinadu Street",
        "@geometry": "center"
      },
      "geometry": {
        "type": "Point",
        "coordinates": [
          3.2141883,
          6.4570276
        ]
      },
      "id": "way/1518595875"
    },
    {
      "type": "Feature",
      "properties": {
        "@id": "way/1525108655",
        "bridge": "yes",
        "highway": "path",
        "layer": "1",
        "@geometry": "center"
      },
      "geometry": {
        "type": "Point",
        "coordinates": [
          3.286455,
          6.5656175
        ]
      },
      "id": "way/1525108655"
    },
    {
      "type": "Feature",
      "properties": {
        "@id": "way/1529493694",
        "bridge": "yes",
        "highway": "primary",
        "layer": "2",
        "oneway": "yes",
        "@geometry": "center"
      },
      "geometry": {
        "type": "Point",
        "coordinates": [
          3.3676118,
          6.5822264
        ]
      },
      "id": "way/1529493694"
    },
    {
      "type": "Feature",
      "properties": {
        "@id": "way/1529493695",
        "bridge": "yes",
        "highway": "primary",
        "layer": "1",
        "oneway": "yes",
        "@geometry": "center"
      },
      "geometry": {
        "type": "Point",
        "coordinates": [
          3.3685777,
          6.5817609
        ]
      },
      "id": "way/1529493695"
    },
    {
      "type": "Feature",
      "properties": {
        "@id": "way/1529493696",
        "bridge": "yes",
        "highway": "primary",
        "layer": "2",
        "oneway": "yes",
        "@geometry": "center"
      },
      "geometry": {
        "type": "Point",
        "coordinates": [
          3.3706765,
          6.5804971
        ]
      },
      "id": "way/1529493696"
    },
    {
      "type": "Feature",
      "properties": {
        "@id": "way/1529493697",
        "bridge": "yes",
        "highway": "primary",
        "layer": "1",
        "oneway": "yes",
        "@geometry": "center"
      },
      "geometry": {
        "type": "Point",
        "coordinates": [
          3.3696091,
          6.5810141
        ]
      },
      "id": "way/1529493697"
    },
    {
      "type": "Feature",
      "properties": {
        "@id": "way/1530704762",
        "bridge": "yes",
        "highway": "unclassified",
        "layer": "1",
        "surface": "unpaved",
        "@geometry": "center"
      },
      "geometry": {
        "type": "Point",
        "coordinates": [
          2.9482709,
          6.4888585
        ]
      },
      "id": "way/1530704762"
    },
    {
      "type": "Feature",
      "properties": {
        "@id": "way/1533575574",
        "bridge": "yes",
        "highway": "residential",
        "layer": "1",
        "surface": "unpaved",
        "@geometry": "center"
      },
      "geometry": {
        "type": "Point",
        "coordinates": [
          2.7290824,
          6.3832448
        ]
      },
      "id": "way/1533575574"
    },
    {
      "type": "Feature",
      "properties": {
        "@id": "way/1538316561",
        "bridge": "yes",
        "highway": "service",
        "layer": "1",
        "@geometry": "center"
      },
      "geometry": {
        "type": "Point",
        "coordinates": [
          3.4761174,
          6.4322457
        ]
      },
      "id": "way/1538316561"
    }
  ]
}