{
  "type": "FeatureCollection",
  "generator": "overpass-turbo",
  "copyright": "The data included in this document is from www.openstreetmap.org. The data is made available under ODbL.",
  "timestamp": "2026-07-25T08:23:21Z",
  "features": [
    {
      "type": "Feature",
      "properties": {
        "@id": "node/266316091",
        "bench": "yes",
        "bin": "yes",
        "bus": "yes",
        "covered": "yes",
        "highway": "bus_stop",
        "lit": "yes",
        "local_ref": "2",
        "name": "Terminal Rodoviário",
        "public_transport": "platform",
        "ref": "2",
        "tactile_paving": "no",
        "wheelchair": "limited"
      },
      "geometry": {
        "type": "Point",
        "coordinates": [
          -8.6763618,
          37.1072459
        ]
      },
      "id": "node/266316091"
    },
    {
      "type": "Feature",
      "properties": {
        "@id": "node/1423114427",
        "highway": "bus_stop",
        "name": "BRT Palmgrove",
        "public_transport": "platform"
      },
      "geometry": {
        "type": "Point",
        "coordinates": [
          3.3674144,
          6.5417787
        ]
      },
      "id": "node/1423114427"
    },
    {
      "type": "Feature",
      "properties": {
        "@id": "node/1423114428",
        "highway": "bus_stop",
        "name": "BRT Obanikoro",
        "public_transport": "platform"
      },
      "geometry": {
        "type": "Point",
        "coordinates": [
          3.367578,
          6.5465534
        ]
      },
      "id": "node/1423114428"
    },
    {
      "type": "Feature",
      "properties": {
        "@id": "node/1423114429",
        "highway": "bus_stop",
        "name": "BRT Barracks",
        "public_transport": "platform"
      },
      "geometry": {
        "type": "Point",
        "coordinates": [
          3.3645844,
          6.5059942
        ]
      },
      "id": "node/1423114429"
    },
    {
      "type": "Feature",
      "properties": {
        "@id": "node/1423114431",
        "bus": "yes",
        "highway": "bus_stop",
        "name": "BRT Ketu",
        "public_transport": "platform"
      },
      "geometry": {
        "type": "Point",
        "coordinates": [
          3.3864292,
          6.5983761
        ]
      },
      "id": "node/1423114431"
    },
    {
      "type": "Feature",
      "properties": {
        "@id": "node/1423114432",
        "addr:country": "NG",
        "bus": "yes",
        "highway": "bus_stop",
        "name": "Fadeyi Bus Stop",
        "operator": "LAMATA",
        "public_transport": "platform",
        "shelter": "yes"
      },
      "geometry": {
        "type": "Point",
        "coordinates": [
          3.3676887,
          6.5249219
        ]
      },
      "id": "node/1423114432"
    },
    {
      "type": "Feature",
      "properties": {
        "@id": "node/1513671680",
        "highway": "bus_stop",
        "name": "Alagomeji"
      },
      "geometry": {
        "type": "Point",
        "coordinates": [
          3.3782136,
          6.5001473
        ]
      },
      "id": "node/1513671680"
    },
    {
      "type": "Feature",
      "properties": {
        "@id": "node/1513671684",
        "highway": "bus_stop",
        "name": "Casino"
      },
      "geometry": {
        "type": "Point",
        "coordinates": [
          3.3801169,
          6.4970901
        ]
      },
      "id": "node/1513671684"
    },
    {
      "type": "Feature",
      "properties": {
        "@id": "node/1513671690",
        "highway": "bus_stop",
        "name": "Spencer"
      },
      "geometry": {
        "type": "Point",
        "coordinates": [
          3.3774681,
          6.5021015
        ]
      },
      "id": "node/1513671690"
    },
    {
      "type": "Feature",
      "properties": {
        "@id": "node/1577482636",
        "bus": "yes",
        "highway": "bus_stop",
        "name": "Bakery",
        "public_transport": "platform"
      },
      "geometry": {
        "type": "Point",
        "coordinates": [
          3.2956935,
          6.599954
        ]
      },
      "id": "node/1577482636"
    },
    {
      "type": "Feature",
      "properties": {
        "@id": "node/1577482674",
        "bus": "yes",
        "highway": "bus_stop",
        "name": "Bakery",
        "public_transport": "platform"
      },
      "geometry": {
        "type": "Point",
        "coordinates": [
          3.295816,
          6.6001365
        ]
      },
      "id": "node/1577482674"
    },
    {
      "type": "Feature",
      "properties": {
        "@id": "node/1577482955",
        "bus": "yes",
        "highway": "bus_stop",
        "name": "Micom",
        "public_transport": "platform"
      },
      "geometry": {
        "type": "Point",
        "coordinates": [
          3.2971865,
          6.6004622
        ]
      },
      "id": "node/1577482955"
    },
    {
      "type": "Feature",
      "properties": {
        "@id": "node/1578567850",
        "bus": "yes",
        "highway": "bus_stop",
        "name": "Micom",
        "public_transport": "platform"
      },
      "geometry": {
        "type": "Point",
        "coordinates": [
          3.2974606,
          6.6004652
        ]
      },
      "id": "node/1578567850"
    },
    {
      "type": "Feature",
      "properties": {
        "@id": "node/1594773197",
        "bench": "yes",
        "bin": "yes",
        "bus": "yes",
        "highway": "bus_stop",
        "lit": "yes",
        "name": "Sitio da Ponte",
        "network": "Transportes Urbanos de Lagos",
        "operator": "ONDA",
        "public_transport": "platform",
        "shelter": "yes",
        "tactile_paving": "no"
      },
      "geometry": {
        "type": "Point",
        "coordinates": [
          -8.6757698,
          37.1130845
        ]
      },
      "id": "node/1594773197"
    },
    {
      "type": "Feature",
      "properties": {
        "@id": "node/1594773415",
        "bench": "yes",
        "bus": "yes",
        "highway": "bus_stop",
        "name": "Bombeiros",
        "network": "Transportes Urbanos de Lagos",
        "operator": "ONDA",
        "public_transport": "platform",
        "shelter": "yes"
      },
      "geometry": {
        "type": "Point",
        "coordinates": [
          -8.6733198,
          37.0954088
        ]
      },
      "id": "node/1594773415"
    },
    {
      "type": "Feature",
      "properties": {
        "@id": "node/1595075760",
        "bench": "yes",
        "bin": "no",
        "bus": "yes",
        "check_date": "2025-02-08",
        "check_date:bench": "2025-02-08",
        "check_date:bin": "2025-02-08",
        "check_date:shelter": "2025-02-08",
        "check_date:tactile_paving": "2025-02-08",
        "departures_board": "timetable",
        "highway": "bus_stop",
        "mapillary": "939067973594719",
        "name": "Telheiro - EN125",
        "network": "onda",
        "operator": "municipal",
        "public_transport": "platform",
        "ref": "Telheiro - EN125 3 rosa",
        "shelter": "yes",
        "tactile_paving": "no"
      },
      "geometry": {
        "type": "Point",
        "coordinates": [
          -8.6733076,
          37.1192856
        ]
      },
      "id": "node/1595075760"
    },
    {
      "type": "Feature",
      "properties": {
        "@id": "node/1595075763",
        "bus": "yes",
        "departures_board": "timetable",
        "highway": "bus_stop",
        "name": "Torre (nascente)",
        "network": "onda",
        "operator": "municipal",
        "public_transport": "platform",
        "ref": "Torre (nascente) 3 onda rosa",
        "shelter": "yes"
      },
      "geometry": {
        "type": "Point",
        "coordinates": [
          -8.6633847,
          37.1360837
        ]
      },
      "id": "node/1595075763"
    },
    {
      "type": "Feature",
      "properties": {
        "@id": "node/1706914587",
        "bench": "yes",
        "bin": "no",
        "bus": "yes",
        "highway": "bus_stop",
        "lit": "yes",
        "name": "Chinicato - EN125 (sul)",
        "public_transport": "platform",
        "shelter": "yes",
        "tactile_paving": "no"
      },
      "geometry": {
        "type": "Point",
        "coordinates": [
          -8.668006,
          37.13066
        ]
      },
      "id": "node/1706914587"
    },
    {
      "type": "Feature",
      "properties": {
        "@id": "node/1710554488",
        "bench": "no",
        "bin": "no",
        "highway": "bus_stop",
        "lit": "yes",
        "name": "Paraíso",
        "public_transport": "platform",
        "ref:signed": "no",
        "shelter": "no",
        "tactile_paving": "no"
      },
      "geometry": {
        "type": "Point",
        "coordinates": [
          -8.7227183,
          37.1550214
        ]
      },
      "id": "node/1710554488"
    },
    {
      "type": "Feature",
      "properties": {
        "@id": "node/1710555008",
        "bench": "no",
        "bin": "no",
        "highway": "bus_stop",
        "lit": "no",
        "name": "Poço do Vale",
        "public_transport": "platform",
        "shelter": "no",
        "tactile_paving": "no"
      },
      "geometry": {
        "type": "Point",
        "coordinates": [
          -8.717677,
          37.1494983
        ]
      },
      "id": "node/1710555008"
    },
    {
      "type": "Feature",
      "properties": {
        "@id": "node/2335292454",
        "bus": "yes",
        "highway": "bus_stop",
        "name": "Mile 12 Bus Stop",
        "public_transport": "stop_position"
      },
      "geometry": {
        "type": "Point",
        "coordinates": [
          3.3998072,
          6.6057316
        ]
      },
      "id": "node/2335292454"
    },
    {
      "type": "Feature",
      "properties": {
        "@id": "node/2541435553",
        "bus": "yes",
        "highway": "bus_stop",
        "name": "Oko-Filling",
        "public_transport": "platform"
      },
      "geometry": {
        "type": "Point",
        "coordinates": [
          3.251099,
          6.5658262
        ]
      },
      "id": "node/2541435553"
    },
    {
      "type": "Feature",
      "properties": {
        "@id": "node/2541613435",
        "highway": "bus_stop",
        "name": "Idumota",
        "note": "A major bus stop on the Lagos Island"
      },
      "geometry": {
        "type": "Point",
        "coordinates": [
          3.3866909,
          6.4629402
        ]
      },
      "id": "node/2541613435"
    },
    {
      "type": "Feature",
      "properties": {
        "@id": "node/2606427934",
        "bench": "no",
        "bus": "yes",
        "highway": "bus_stop",
        "name": "Quinta das Achadas / Ponte de Moira",
        "public_transport": "platform",
        "shelter": "no"
      },
      "geometry": {
        "type": "Point",
        "coordinates": [
          -8.6714169,
          37.1561022
        ]
      },
      "id": "node/2606427934"
    },
    {
      "type": "Feature",
      "properties": {
        "@id": "node/2975038459",
        "bench": "yes",
        "highway": "bus_stop",
        "lit": "no",
        "name": "Almádena",
        "operator": "EVA",
        "public_transport": "platform",
        "shelter": "yes",
        "transportation": "bus_stop"
      },
      "geometry": {
        "type": "Point",
        "coordinates": [
          -8.7686133,
          37.0949467
        ]
      },
      "id": "node/2975038459"
    },
    {
      "type": "Feature",
      "properties": {
        "@id": "node/3085114169",
        "highway": "bus_stop",
        "name": "Synagogue Bus-Stop"
      },
      "geometry": {
        "type": "Point",
        "coordinates": [
          3.2722601,
          6.5462266
        ]
      },
      "id": "node/3085114169"
    },
    {
      "type": "Feature",
      "properties": {
        "@id": "node/3095002640",
        "highway": "bus_stop",
        "name": "Chevron"
      },
      "geometry": {
        "type": "Point",
        "coordinates": [
          3.5297134,
          6.4410322
        ]
      },
      "id": "node/3095002640"
    },
    {
      "type": "Feature",
      "properties": {
        "@id": "node/3095002719",
        "highway": "bus_stop",
        "name": "Chevron"
      },
      "geometry": {
        "type": "Point",
        "coordinates": [
          3.5320166,
          6.4417146
        ]
      },
      "id": "node/3095002719"
    },
    {
      "type": "Feature",
      "properties": {
        "@id": "node/3742522981",
        "bus": "yes",
        "highway": "bus_stop",
        "name": "Last bus stop",
        "public_transport": "platform"
      },
      "geometry": {
        "type": "Point",
        "coordinates": [
          3.2419941,
          6.4991475
        ]
      },
      "id": "node/3742522981"
    },
    {
      "type": "Feature",
      "properties": {
        "@id": "node/3786097412",
        "bench": "no",
        "bin": "no",
        "bus": "yes",
        "highway": "bus_stop",
        "name": "Espiche",
        "operator": "ONDA",
        "public_transport": "platform",
        "shelter": "no"
      },
      "geometry": {
        "type": "Point",
        "coordinates": [
          -8.737248,
          37.0996778
        ]
      },
      "id": "node/3786097412"
    },
    {
      "type": "Feature",
      "properties": {
        "@id": "node/3786100086",
        "bench": "yes",
        "bin": "no",
        "bus": "yes",
        "highway": "bus_stop",
        "lit": "yes",
        "name": "Avenida dos Descobrimentos - Marina",
        "network": "Transportes Urbanos de Lagos",
        "operator": "ONDA",
        "public_transport": "platform",
        "ref:signed": "no",
        "shelter": "yes",
        "tactile_paving": "no"
      },
      "geometry": {
        "type": "Point",
        "coordinates": [
          -8.6748119,
          37.1072145
        ]
      },
      "id": "node/3786100086"
    },
    {
      "type": "Feature",
      "properties": {
        "@id": "node/3786100287",
        "bench": "yes",
        "bus": "yes",
        "highway": "bus_stop",
        "name": "Escola Júlio Dantas (Sul)",
        "operator": "ONDA",
        "public_transport": "platform",
        "shelter": "yes"
      },
      "geometry": {
        "type": "Point",
        "coordinates": [
          -8.6824743,
          37.1002002
        ]
      },
      "id": "node/3786100287"
    },
    {
      "type": "Feature",
      "properties": {
        "@id": "node/3786102721",
        "bench": "no",
        "bin": "no",
        "bus": "yes",
        "highway": "bus_stop",
        "name": "Centro de Saúde",
        "operator": "ONDA",
        "public_transport": "platform",
        "shelter": "no"
      },
      "geometry": {
        "type": "Point",
        "coordinates": [
          -8.6883513,
          37.101236
        ]
      },
      "id": "node/3786102721"
    },
    {
      "type": "Feature",
      "properties": {
        "@id": "node/4236173623",
        "bench": "no",
        "bin": "yes",
        "highway": "bus_stop",
        "name": "Colinas Verdes",
        "operator": "ONDA",
        "public_transport": "platform",
        "shelter": "no"
      },
      "geometry": {
        "type": "Point",
        "coordinates": [
          -8.7047856,
          37.1624581
        ]
      },
      "id": "node/4236173623"
    },
    {
      "type": "Feature",
      "properties": {
        "@id": "node/4348858649",
        "bus": "yes",
        "highway": "bus_stop",
        "name": "Iya Segun bus stop",
        "public_transport": "platform"
      },
      "geometry": {
        "type": "Point",
        "coordinates": [
          3.2452682,
          6.4992937
        ]
      },
      "id": "node/4348858649"
    },
    {
      "type": "Feature",
      "properties": {
        "@id": "node/4394960000",
        "highway": "bus_stop",
        "name": "Onike R / A"
      },
      "geometry": {
        "type": "Point",
        "coordinates": [
          3.383897,
          6.5095116
        ]
      },
      "id": "node/4394960000"
    },
    {
      "type": "Feature",
      "properties": {
        "@id": "node/4600032909",
        "bus": "yes",
        "highway": "bus_stop",
        "name": "Aeródromo - EN125",
        "public_transport": "platform",
        "shelter": "no"
      },
      "geometry": {
        "type": "Point",
        "coordinates": [
          -8.6732754,
          37.1225191
        ]
      },
      "id": "node/4600032909"
    },
    {
      "type": "Feature",
      "properties": {
        "@id": "node/4600032910",
        "bench": "no",
        "bus": "yes",
        "check_date:shelter": "2022-09-06",
        "highway": "bus_stop",
        "name": "Aeródromo - EN125",
        "public_transport": "platform",
        "shelter": "no"
      },
      "geometry": {
        "type": "Point",
        "coordinates": [
          -8.6730144,
          37.1228329
        ]
      },
      "id": "node/4600032910"
    },
    {
      "type": "Feature",
      "properties": {
        "@id": "node/4600033551",
        "bench": "yes",
        "bin": "no",
        "bus": "yes",
        "highway": "bus_stop",
        "lit": "yes",
        "name": "Estação CP",
        "network": "Transportes Urbanos de Lagos",
        "operator": "ONDA",
        "public_transport": "platform",
        "ref:signed": "no",
        "shelter": "yes",
        "tactile_paving": "no"
      },
      "geometry": {
        "type": "Point",
        "coordinates": [
          -8.6716082,
          37.1086939
        ]
      },
      "id": "node/4600033551"
    },
    {
      "type": "Feature",
      "properties": {
        "@id": "node/4600216775",
        "bus": "yes",
        "highway": "bus_stop",
        "name": "Cemitério Novo",
        "pole": "yes",
        "public_transport": "platform"
      },
      "geometry": {
        "type": "Point",
        "coordinates": [
          -8.6879386,
          37.1078063
        ]
      },
      "id": "node/4600216775"
    },
    {
      "type": "Feature",
      "properties": {
        "@id": "node/4600216776",
        "bench": "yes",
        "bus": "yes",
        "highway": "bus_stop",
        "name": "Cemitério Novo",
        "public_transport": "platform",
        "shelter": "yes"
      },
      "geometry": {
        "type": "Point",
        "coordinates": [
          -8.6879675,
          37.1076134
        ]
      },
      "id": "node/4600216776"
    },
    {
      "type": "Feature",
      "properties": {
        "@id": "node/4611962298",
        "bench": "yes",
        "bin": "no",
        "bus": "yes",
        "highway": "bus_stop",
        "lit": "yes",
        "name": "Portas de Portugal - Mercado",
        "network": "Transportes Urbanos de Lagos",
        "operator": "ONDA",
        "public_transport": "platform",
        "shelter": "yes",
        "tactile_paving": "no"
      },
      "geometry": {
        "type": "Point",
        "coordinates": [
          -8.6728974,
          37.1040789
        ]
      },
      "id": "node/4611962298"
    },
    {
      "type": "Feature",
      "properties": {
        "@id": "node/4720420511",
        "highway": "bus_stop",
        "name": "Adexson Ilepo Busstop"
      },
      "geometry": {
        "type": "Point",
        "coordinates": [
          3.2156075,
          6.5291967
        ]
      },
      "id": "node/4720420511"
    },
    {
      "type": "Feature",
      "properties": {
        "@id": "node/4730643374",
        "bus": "yes",
        "highway": "bus_stop",
        "name": "Lar J. Filipe Fialho (Norte)",
        "network": "Transportes Urbanos de Lagos",
        "operator": "ONDA",
        "public_transport": "platform",
        "shelter": "no"
      },
      "geometry": {
        "type": "Point",
        "coordinates": [
          -8.6731704,
          37.0940785
        ]
      },
      "id": "node/4730643374"
    },
    {
      "type": "Feature",
      "properties": {
        "@id": "node/4730643375",
        "bench": "yes",
        "bus": "yes",
        "highway": "bus_stop",
        "name": "Lar J. Filipe Fialho (Sul)",
        "network": "Transportes Urbanos de Lagos",
        "operator": "ONDA",
        "public_transport": "platform",
        "shelter": "yes"
      },
      "geometry": {
        "type": "Point",
        "coordinates": [
          -8.6732388,
          37.0939373
        ]
      },
      "id": "node/4730643375"
    },
    {
      "type": "Feature",
      "properties": {
        "@id": "node/5194462785",
        "highway": "bus_stop"
      },
      "geometry": {
        "type": "Point",
        "coordinates": [
          3.4670081,
          6.4305929
        ]
      },
      "id": "node/5194462785"
    },
    {
      "type": "Feature",
      "properties": {
        "@id": "node/5194462786",
        "highway": "bus_stop"
      },
      "geometry": {
        "type": "Point",
        "coordinates": [
          3.4669598,
          6.4309154
        ]
      },
      "id": "node/5194462786"
    },
    {
      "type": "Feature",
      "properties": {
        "@id": "node/5194462787",
        "highway": "bus_stop"
      },
      "geometry": {
        "type": "Point",
        "coordinates": [
          3.4700022,
          6.4309502
        ]
      },
      "id": "node/5194462787"
    },
    {
      "type": "Feature",
      "properties": {
        "@id": "node/5194462788",
        "highway": "bus_stop"
      },
      "geometry": {
        "type": "Point",
        "coordinates": [
          3.4702002,
          6.4313941
        ]
      },
      "id": "node/5194462788"
    },
    {
      "type": "Feature",
      "properties": {
        "@id": "node/5194462789",
        "highway": "bus_stop"
      },
      "geometry": {
        "type": "Point",
        "coordinates": [
          3.4810817,
          6.4329767
        ]
      },
      "id": "node/5194462789"
    },
    {
      "type": "Feature",
      "properties": {
        "@id": "node/5194462790",
        "highway": "bus_stop"
      },
      "geometry": {
        "type": "Point",
        "coordinates": [
          3.4811464,
          6.432643
        ]
      },
      "id": "node/5194462790"
    },
    {
      "type": "Feature",
      "properties": {
        "@id": "node/5194462791",
        "highway": "bus_stop"
      },
      "geometry": {
        "type": "Point",
        "coordinates": [
          3.4832569,
          6.4332951
        ]
      },
      "id": "node/5194462791"
    },
    {
      "type": "Feature",
      "properties": {
        "@id": "node/5194462792",
        "highway": "bus_stop"
      },
      "geometry": {
        "type": "Point",
        "coordinates": [
          3.4833216,
          6.4329675
        ]
      },
      "id": "node/5194462792"
    },
    {
      "type": "Feature",
      "properties": {
        "@id": "node/5194462793",
        "highway": "bus_stop"
      },
      "geometry": {
        "type": "Point",
        "coordinates": [
          3.4898773,
          6.4342716
        ]
      },
      "id": "node/5194462793"
    },
    {
      "type": "Feature",
      "properties": {
        "@id": "node/5194462794",
        "highway": "bus_stop"
      },
      "geometry": {
        "type": "Point",
        "coordinates": [
          3.4899256,
          6.4339385
        ]
      },
      "id": "node/5194462794"
    },
    {
      "type": "Feature",
      "properties": {
        "@id": "node/5194462796",
        "highway": "bus_stop"
      },
      "geometry": {
        "type": "Point",
        "coordinates": [
          3.4921089,
          6.4345888
        ]
      },
      "id": "node/5194462796"
    },
    {
      "type": "Feature",
      "properties": {
        "@id": "node/5194462797",
        "bus": "yes",
        "highway": "bus_stop",
        "public_transport": "platform"
      },
      "geometry": {
        "type": "Point",
        "coordinates": [
          3.4921411,
          6.4341877
        ]
      },
      "id": "node/5194462797"
    },
    {
      "type": "Feature",
      "properties": {
        "@id": "node/5194462798",
        "highway": "bus_stop"
      },
      "geometry": {
        "type": "Point",
        "coordinates": [
          3.5018694,
          6.4360286
        ]
      },
      "id": "node/5194462798"
    },
    {
      "type": "Feature",
      "properties": {
        "@id": "node/5194462799",
        "highway": "bus_stop"
      },
      "geometry": {
        "type": "Point",
        "coordinates": [
          3.5019341,
          6.4356857
        ]
      },
      "id": "node/5194462799"
    },
    {
      "type": "Feature",
      "properties": {
        "@id": "node/5194462800",
        "highway": "bus_stop"
      },
      "geometry": {
        "type": "Point",
        "coordinates": [
          3.5039337,
          6.4363409
        ]
      },
      "id": "node/5194462800"
    },
    {
      "type": "Feature",
      "properties": {
        "@id": "node/5194462801",
        "bus": "yes",
        "highway": "bus_stop",
        "public_transport": "platform"
      },
      "geometry": {
        "type": "Point",
        "coordinates": [
          3.5044969,
          6.4425184
        ]
      },
      "id": "node/5194462801"
    },
    {
      "type": "Feature",
      "properties": {
        "@id": "node/5194462802",
        "highway": "bus_stop"
      },
      "geometry": {
        "type": "Point",
        "coordinates": [
          3.5091629,
          6.4370797
        ]
      },
      "id": "node/5194462802"
    },
    {
      "type": "Feature",
      "properties": {
        "@id": "node/5194462803",
        "highway": "bus_stop"
      },
      "geometry": {
        "type": "Point",
        "coordinates": [
          3.5092245,
          6.4367399
        ]
      },
      "id": "node/5194462803"
    },
    {
      "type": "Feature",
      "properties": {
        "@id": "node/5194462804",
        "highway": "bus_stop"
      },
      "geometry": {
        "type": "Point",
        "coordinates": [
          3.5205213,
          6.4386993
        ]
      },
      "id": "node/5194462804"
    },
    {
      "type": "Feature",
      "properties": {
        "@id": "node/5194462805",
        "highway": "bus_stop"
      },
      "geometry": {
        "type": "Point",
        "coordinates": [
          3.5205829,
          6.4383594
        ]
      },
      "id": "node/5194462805"
    },
    {
      "type": "Feature",
      "properties": {
        "@id": "node/5194462806",
        "highway": "bus_stop"
      },
      "geometry": {
        "type": "Point",
        "coordinates": [
          3.5227519,
          6.4390299
        ]
      },
      "id": "node/5194462806"
    },
    {
      "type": "Feature",
      "properties": {
        "@id": "node/5194462807",
        "highway": "bus_stop"
      },
      "geometry": {
        "type": "Point",
        "coordinates": [
          3.522832,
          6.4386931
        ]
      },
      "id": "node/5194462807"
    },
    {
      "type": "Feature",
      "properties": {
        "@id": "node/5194462808",
        "highway": "bus_stop",
        "name": "Chevron"
      },
      "geometry": {
        "type": "Point",
        "coordinates": [
          3.529829,
          6.4407177
        ]
      },
      "id": "node/5194462808"
    },
    {
      "type": "Feature",
      "properties": {
        "@id": "node/5194462809",
        "highway": "bus_stop",
        "name": "Chevron"
      },
      "geometry": {
        "type": "Point",
        "coordinates": [
          3.5319104,
          6.4419224
        ]
      },
      "id": "node/5194462809"
    },
    {
      "type": "Feature",
      "properties": {
        "@id": "node/5206471624",
        "highway": "bus_stop",
        "name": "Stop over bus stop"
      },
      "geometry": {
        "type": "Point",
        "coordinates": [
          3.325181,
          6.5538125
        ]
      },
      "id": "node/5206471624"
    },
    {
      "type": "Feature",
      "properties": {
        "@id": "node/5206477223",
        "highway": "bus_stop",
        "name": "Ajao Estate main entrance"
      },
      "geometry": {
        "type": "Point",
        "coordinates": [
          3.3288226,
          6.5521983
        ]
      },
      "id": "node/5206477223"
    },
    {
      "type": "Feature",
      "properties": {
        "@id": "node/5212289128",
        "highway": "bus_stop",
        "name": "Junction bus stop"
      },
      "geometry": {
        "type": "Point",
        "coordinates": [
          3.3291611,
          6.5520558
        ]
      },
      "id": "node/5212289128"
    },
    {
      "type": "Feature",
      "properties": {
        "@id": "node/5246332118",
        "bus": "yes",
        "highway": "bus_stop",
        "public_transport": "platform"
      },
      "geometry": {
        "type": "Point",
        "coordinates": [
          3.6175314,
          6.4750816
        ]
      },
      "id": "node/5246332118"
    },
    {
      "type": "Feature",
      "properties": {
        "@id": "node/5396505721",
        "bench": "no",
        "highway": "bus_stop",
        "name": "Bensafrim Junta",
        "public_transport": "platform",
        "shelter": "yes"
      },
      "geometry": {
        "type": "Point",
        "coordinates": [
          -8.734561,
          37.155309
        ]
      },
      "id": "node/5396505721"
    },
    {
      "type": "Feature",
      "properties": {
        "@id": "node/5396506421",
        "bench": "no",
        "bus": "yes",
        "highway": "bus_stop",
        "name": "Monte Figueiras",
        "public_transport": "platform",
        "shelter": "no"
      },
      "geometry": {
        "type": "Point",
        "coordinates": [
          -8.7592579,
          37.147955
        ]
      },
      "id": "node/5396506421"
    },
    {
      "type": "Feature",
      "properties": {
        "@id": "node/5396506422",
        "bench": "no",
        "bus": "yes",
        "highway": "bus_stop",
        "name": "Carrasqueira",
        "public_transport": "platform",
        "shelter": "no"
      },
      "geometry": {
        "type": "Point",
        "coordinates": [
          -8.7692647,
          37.1438338
        ]
      },
      "id": "node/5396506422"
    },
    {
      "type": "Feature",
      "properties": {
        "@id": "node/5582073426",
        "bus": "yes",
        "highway": "bus_stop",
        "name": "General Paint Bus Stop",
        "public_transport": "platform"
      },
      "geometry": {
        "type": "Point",
        "coordinates": [
          3.5896508,
          6.470832
        ]
      },
      "id": "node/5582073426"
    },
    {
      "type": "Feature",
      "properties": {
        "@id": "node/5649291344",
        "bus": "yes",
        "highway": "bus_stop",
        "name": "Ikeja City Mall",
        "public_transport": "platform"
      },
      "geometry": {
        "type": "Point",
        "coordinates": [
          3.3572665,
          6.6154055
        ]
      },
      "id": "node/5649291344"
    },
    {
      "type": "Feature",
      "properties": {
        "@id": "node/5649291345",
        "bus": "yes",
        "highway": "bus_stop",
        "name": "Ikeja City Mall",
        "public_transport": "platform"
      },
      "geometry": {
        "type": "Point",
        "coordinates": [
          3.3569029,
          6.6153805
        ]
      },
      "id": "node/5649291345"
    },
    {
      "type": "Feature",
      "properties": {
        "@id": "node/5661711530",
        "bus": "yes",
        "highway": "bus_stop",
        "name": "Bonny Camp",
        "public_transport": "platform"
      },
      "geometry": {
        "type": "Point",
        "coordinates": [
          3.408765,
          6.4376645
        ]
      },
      "id": "node/5661711530"
    },
    {
      "type": "Feature",
      "properties": {
        "@id": "node/5661711531",
        "bus": "yes",
        "highway": "bus_stop",
        "name": "Bonny Camp",
        "public_transport": "platform"
      },
      "geometry": {
        "type": "Point",
        "coordinates": [
          3.4095706,
          6.4381611
        ]
      },
      "id": "node/5661711531"
    },
    {
      "type": "Feature",
      "properties": {
        "@id": "node/5661711532",
        "bus": "yes",
        "highway": "bus_stop",
        "name": "Bonny Camp",
        "public_transport": "platform"
      },
      "geometry": {
        "type": "Point",
        "coordinates": [
          3.4076698,
          6.4377773
        ]
      },
      "id": "node/5661711532"
    },
    {
      "type": "Feature",
      "properties": {
        "@id": "node/5661711533",
        "bus": "yes",
        "highway": "bus_stop",
        "name": "phone tracking",
        "phone": "08166318737",
        "public_transport": "platform"
      },
      "geometry": {
        "type": "Point",
        "coordinates": [
          3.4074847,
          6.4374708
        ]
      },
      "id": "node/5661711533"
    },
    {
      "type": "Feature",
      "properties": {
        "@id": "node/5661711556",
        "bench": "yes",
        "bin": "no",
        "bus": "yes",
        "highway": "bus_stop",
        "name": "Falomo",
        "public_transport": "platform",
        "shelter": "yes"
      },
      "geometry": {
        "type": "Point",
        "coordinates": [
          3.4260352,
          6.4444127
        ]
      },
      "id": "node/5661711556"
    },
    {
      "type": "Feature",
      "properties": {
        "@id": "node/5661711557",
        "bench": "yes",
        "bin": "no",
        "bus": "yes",
        "highway": "bus_stop",
        "name": "Falomo",
        "public_transport": "platform",
        "shelter": "yes"
      },
      "geometry": {
        "type": "Point",
        "coordinates": [
          3.4258296,
          6.4446043
        ]
      },
      "id": "node/5661711557"
    },
    {
      "type": "Feature",
      "properties": {
        "@id": "node/5661711558",
        "bus": "yes",
        "highway": "bus_stop",
        "public_transport": "platform"
      },
      "geometry": {
        "type": "Point",
        "coordinates": [
          3.4307082,
          6.4541624
        ]
      },
      "id": "node/5661711558"
    },
    {
      "type": "Feature",
      "properties": {
        "@id": "node/5661711559",
        "bus": "yes",
        "highway": "bus_stop",
        "public_transport": "platform"
      },
      "geometry": {
        "type": "Point",
        "coordinates": [
          3.4310456,
          6.4542411
        ]
      },
      "id": "node/5661711559"
    },
    {
      "type": "Feature",
      "properties": {
        "@id": "node/5665683280",
        "highway": "bus_stop"
      },
      "geometry": {
        "type": "Point",
        "coordinates": [
          3.3084254,
          6.5412545
        ]
      },
      "id": "node/5665683280"
    },
    {
      "type": "Feature",
      "properties": {
        "@id": "node/5673266187",
        "bus": "yes",
        "highway": "bus_stop",
        "public_transport": "platform"
      },
      "geometry": {
        "type": "Point",
        "coordinates": [
          3.4114056,
          6.430141
        ]
      },
      "id": "node/5673266187"
    },
    {
      "type": "Feature",
      "properties": {
        "@id": "node/5673266188",
        "bus": "yes",
        "highway": "bus_stop",
        "public_transport": "platform"
      },
      "geometry": {
        "type": "Point",
        "coordinates": [
          3.4111437,
          6.4302597
        ]
      },
      "id": "node/5673266188"
    },
    {
      "type": "Feature",
      "properties": {
        "@id": "node/5674250721",
        "highway": "bus_stop",
        "name": "Elele Bus stop"
      },
      "geometry": {
        "type": "Point",
        "coordinates": [
          3.4789258,
          6.6735129
        ]
      },
      "id": "node/5674250721"
    },
    {
      "type": "Feature",
      "properties": {
        "@id": "node/5674250722",
        "highway": "bus_stop",
        "name": "Lawyer"
      },
      "geometry": {
        "type": "Point",
        "coordinates": [
          3.4777726,
          6.6721319
        ]
      },
      "id": "node/5674250722"
    },
    {
      "type": "Feature",
      "properties": {
        "@id": "node/5674250723",
        "highway": "bus_stop",
        "name": "Ogolonto"
      },
      "geometry": {
        "type": "Point",
        "coordinates": [
          3.474762,
          6.6196284
        ]
      },
      "id": "node/5674250723"
    },
    {
      "type": "Feature",
      "properties": {
        "@id": "node/5674250821",
        "highway": "bus_stop",
        "name": "Agape"
      },
      "geometry": {
        "type": "Point",
        "coordinates": [
          3.4784523,
          6.6730292
        ]
      },
      "id": "node/5674250821"
    },
    {
      "type": "Feature",
      "properties": {
        "@id": "node/5674250822",
        "highway": "bus_stop",
        "name": "Asolo"
      },
      "geometry": {
        "type": "Point",
        "coordinates": [
          3.4759899,
          6.6566872
        ]
      },
      "id": "node/5674250822"
    },
    {
      "type": "Feature",
      "properties": {
        "@id": "node/5674250824",
        "bus": "yes",
        "highway": "bus_stop",
        "name": "Golden Gate",
        "public_transport": "platform"
      },
      "geometry": {
        "type": "Point",
        "coordinates": [
          3.4308879,
          6.4544702
        ]
      },
      "id": "node/5674250824"
    },
    {
      "type": "Feature",
      "properties": {
        "@id": "node/5674250921",
        "highway": "bus_stop",
        "name": "Major"
      },
      "geometry": {
        "type": "Point",
        "coordinates": [
          3.4781867,
          6.6726183
        ]
      },
      "id": "node/5674250921"
    },
    {
      "type": "Feature",
      "properties": {
        "@id": "node/5674251021",
        "highway": "bus_stop",
        "name": "Agric"
      },
      "geometry": {
        "type": "Point",
        "coordinates": [
          3.4839309,
          6.6254126
        ]
      },
      "id": "node/5674251021"
    },
    {
      "type": "Feature",
      "properties": {
        "@id": "node/5676295239",
        "bus": "yes",
        "highway": "bus_stop",
        "public_transport": "platform"
      },
      "geometry": {
        "type": "Point",
        "coordinates": [
          3.4351838,
          6.4454158
        ]
      },
      "id": "node/5676295239"
    },
    {
      "type": "Feature",
      "properties": {
        "@id": "node/5676295240",
        "bus": "yes",
        "highway": "bus_stop",
        "public_transport": "platform"
      },
      "geometry": {
        "type": "Point",
        "coordinates": [
          3.435917,
          6.4458661
        ]
      },
      "id": "node/5676295240"
    },
    {
      "type": "Feature",
      "properties": {
        "@id": "node/5703157712",
        "bus": "yes",
        "highway": "bus_stop",
        "name": "Oniru",
        "public_transport": "platform"
      },
      "geometry": {
        "type": "Point",
        "coordinates": [
          3.4182258,
          6.4363867
        ]
      },
      "id": "node/5703157712"
    },
    {
      "type": "Feature",
      "properties": {
        "@id": "node/5703157713",
        "bus": "yes",
        "highway": "bus_stop",
        "name": "Oniru",
        "public_transport": "platform"
      },
      "geometry": {
        "type": "Point",
        "coordinates": [
          3.4189453,
          6.4367405
        ]
      },
      "id": "node/5703157713"
    },
    {
      "type": "Feature",
      "properties": {
        "@id": "node/5729098591",
        "bus": "yes",
        "highway": "bus_stop",
        "name": "Law School",
        "public_transport": "platform"
      },
      "geometry": {
        "type": "Point",
        "coordinates": [
          3.4266989,
          6.4391004
        ]
      },
      "id": "node/5729098591"
    },
    {
      "type": "Feature",
      "properties": {
        "@id": "node/5729098592",
        "bus": "yes",
        "highway": "bus_stop",
        "name": "Law School",
        "public_transport": "platform"
      },
      "geometry": {
        "type": "Point",
        "coordinates": [
          3.4249643,
          6.4388774
        ]
      },
      "id": "node/5729098592"
    },
    {
      "type": "Feature",
      "properties": {
        "@id": "node/5752390427",
        "alt_name": "Odiáxere - Esc. 1° Ciclo (Norte)",
        "bench": "yes",
        "bus": "yes",
        "departures_board": "timetable",
        "highway": "bus_stop",
        "name": "Odiáxere - Escola 1° Ciclo (Norte)",
        "network": "Onda",
        "operator": "municipal",
        "public_transport": "platform",
        "ref": "Odiáxere - Esc. 1o Ciclo (norte) 3 Onda Rosa",
        "shelter": "yes"
      },
      "geometry": {
        "type": "Point",
        "coordinates": [
          -8.6522696,
          37.1505853
        ]
      },
      "id": "node/5752390427"
    },
    {
      "type": "Feature",
      "properties": {
        "@id": "node/5752390432",
        "bench": "yes",
        "bin": "no",
        "bus": "yes",
        "check_date:shelter": "2025-02-08",
        "highway": "bus_stop",
        "lit": "yes",
        "name": "Urb. Varandas de S. Francisco",
        "public_transport": "platform",
        "shelter": "yes",
        "tactile_paving": "no"
      },
      "geometry": {
        "type": "Point",
        "coordinates": [
          -8.6598674,
          37.1468606
        ]
      },
      "id": "node/5752390432"
    },
    {
      "type": "Feature",
      "properties": {
        "@id": "node/5752390437",
        "bench": "no",
        "bin": "no",
        "bus": "yes",
        "highway": "bus_stop",
        "public_transport": "platform",
        "shelter": "no",
        "tactile_paving": "no"
      },
      "geometry": {
        "type": "Point",
        "coordinates": [
          -8.6659695,
          37.1326571
        ]
      },
      "id": "node/5752390437"
    },
    {
      "type": "Feature",
      "properties": {
        "@id": "node/5752390442",
        "bench": "no",
        "bin": "no",
        "bus": "yes",
        "highway": "bus_stop",
        "public_transport": "platform",
        "shelter": "no",
        "tactile_paving": "no"
      },
      "geometry": {
        "type": "Point",
        "coordinates": [
          -8.6658499,
          37.1325368
        ]
      },
      "id": "node/5752390442"
    },
    {
      "type": "Feature",
      "properties": {
        "@id": "node/5752390450",
        "bench": "no",
        "bin": "yes",
        "bus": "yes",
        "highway": "bus_stop",
        "lit": "yes",
        "name": "Largo da Esperança",
        "operator": "ONDA",
        "public_transport": "platform",
        "shelter": "no",
        "tactile_paving": "no"
      },
      "geometry": {
        "type": "Point",
        "coordinates": [
          -8.6571081,
          37.1490284
        ]
      },
      "id": "node/5752390450"
    },
    {
      "type": "Feature",
      "properties": {
        "@id": "node/5752390454",
        "bench": "yes",
        "highway": "bus_stop",
        "shelter": "no"
      },
      "geometry": {
        "type": "Point",
        "coordinates": [
          -8.6391889,
          37.1576973
        ]
      },
      "id": "node/5752390454"
    },
    {
      "type": "Feature",
      "properties": {
        "@id": "node/5752390469",
        "bench": "no",
        "check_date:shelter": "2026-06-19",
        "highway": "bus_stop",
        "shelter": "no"
      },
      "geometry": {
        "type": "Point",
        "coordinates": [
          -8.6394426,
          37.1578416
        ]
      },
      "id": "node/5752390469"
    },
    {
      "type": "Feature",
      "properties": {
        "@id": "node/5752390474",
        "bench": "yes",
        "bus": "yes",
        "check_date:shelter": "2025-02-08",
        "highway": "bus_stop",
        "name": "Largo da Liberdade",
        "public_transport": "platform",
        "shelter": "yes"
      },
      "geometry": {
        "type": "Point",
        "coordinates": [
          -8.6558977,
          37.1493493
        ]
      },
      "id": "node/5752390474"
    },
    {
      "type": "Feature",
      "properties": {
        "@id": "node/5752390479",
        "bench": "yes",
        "bin": "no",
        "bus": "yes",
        "highway": "bus_stop",
        "lit": "yes",
        "name": "Vale da Igreja",
        "public_transport": "platform",
        "shelter": "yes",
        "tactile_paving": "no"
      },
      "geometry": {
        "type": "Point",
        "coordinates": [
          -8.6621831,
          37.1430455
        ]
      },
      "id": "node/5752390479"
    },
    {
      "type": "Feature",
      "properties": {
        "@id": "node/5752390483",
        "bench": "yes",
        "bin": "no",
        "bus": "yes",
        "departures_board": "timetable",
        "highway": "bus_stop",
        "lit": "yes",
        "name": "Chinicato - EN125",
        "network": "onda",
        "operator": "municipal",
        "public_transport": "platform",
        "shelter": "yes",
        "tactile_paving": "no"
      },
      "geometry": {
        "type": "Point",
        "coordinates": [
          -8.6693885,
          37.1296289
        ]
      },
      "id": "node/5752390483"
    },
    {
      "type": "Feature",
      "properties": {
        "@id": "node/5752390487",
        "bench": "no",
        "bin": "no",
        "bus": "yes",
        "check_date": "2025-02-08",
        "check_date:bin": "2025-02-08",
        "check_date:tactile_paving": "2025-02-08",
        "highway": "bus_stop",
        "mapillary": "2893026817623148",
        "name": "Vale da Igreja",
        "pole": "yes",
        "public_transport": "platform",
        "shelter": "no",
        "tactile_paving": "no"
      },
      "geometry": {
        "type": "Point",
        "coordinates": [
          -8.6619986,
          37.1430099
        ]
      },
      "id": "node/5752390487"
    },
    {
      "type": "Feature",
      "properties": {
        "@id": "node/5752390496",
        "bench": "no",
        "highway": "bus_stop",
        "shelter": "no"
      },
      "geometry": {
        "type": "Point",
        "coordinates": [
          -8.643624,
          37.1556995
        ]
      },
      "id": "node/5752390496"
    },
    {
      "type": "Feature",
      "properties": {
        "@id": "node/5752390515",
        "bench": "no",
        "highway": "bus_stop",
        "shelter": "yes"
      },
      "geometry": {
        "type": "Point",
        "coordinates": [
          -8.6436752,
          37.1557548
        ]
      },
      "id": "node/5752390515"
    },
    {
      "type": "Feature",
      "properties": {
        "@id": "node/5752390624",
        "bench": "yes",
        "bus": "yes",
        "departures_board": "timetable",
        "highway": "bus_stop",
        "name": "Torre (poente)",
        "network": "onda",
        "operator": "municipal",
        "public_transport": "platform",
        "ref": "Torre (poente) 3 onda rosa",
        "shelter": "yes"
      },
      "geometry": {
        "type": "Point",
        "coordinates": [
          -8.6635184,
          37.1361303
        ]
      },
      "id": "node/5752390624"
    },
    {
      "type": "Feature",
      "properties": {
        "@id": "node/5752390629",
        "bench": "no",
        "bin": "no",
        "bus": "yes",
        "highway": "bus_stop",
        "lit": "no",
        "name": "Marateca - EN125",
        "public_transport": "platform",
        "ref:signed": "no",
        "shelter": "no",
        "tactile_paving": "no"
      },
      "geometry": {
        "type": "Point",
        "coordinates": [
          -8.6711376,
          37.1274118
        ]
      },
      "id": "node/5752390629"
    },
    {
      "type": "Feature",
      "properties": {
        "@id": "node/5752390634",
        "bench": "no",
        "bin": "no",
        "bus": "yes",
        "highway": "bus_stop",
        "lit": "yes",
        "name": "Urb. Varandas de S. Francisco",
        "public_transport": "platform",
        "shelter": "no",
        "tactile_paving": "no"
      },
      "geometry": {
        "type": "Point",
        "coordinates": [
          -8.6598035,
          37.14677
        ]
      },
      "id": "node/5752390634"
    },
    {
      "type": "Feature",
      "properties": {
        "@id": "node/5777682132",
        "bus": "yes",
        "highway": "bus_stop",
        "public_transport": "platform"
      },
      "geometry": {
        "type": "Point",
        "coordinates": [
          3.413552,
          6.4307513
        ]
      },
      "id": "node/5777682132"
    },
    {
      "type": "Feature",
      "properties": {
        "@id": "node/5777682133",
        "bus": "yes",
        "highway": "bus_stop",
        "public_transport": "platform"
      },
      "geometry": {
        "type": "Point",
        "coordinates": [
          3.4149086,
          6.4305573
        ]
      },
      "id": "node/5777682133"
    },
    {
      "type": "Feature",
      "properties": {
        "@id": "node/5777682134",
        "bus": "yes",
        "highway": "bus_stop",
        "public_transport": "platform"
      },
      "geometry": {
        "type": "Point",
        "coordinates": [
          3.4166975,
          6.4307087
        ]
      },
      "id": "node/5777682134"
    },
    {
      "type": "Feature",
      "properties": {
        "@id": "node/5777682135",
        "bus": "yes",
        "highway": "bus_stop",
        "public_transport": "platform"
      },
      "geometry": {
        "type": "Point",
        "coordinates": [
          3.4170102,
          6.4304685
        ]
      },
      "id": "node/5777682135"
    },
    {
      "type": "Feature",
      "properties": {
        "@id": "node/5777682136",
        "bus": "yes",
        "highway": "bus_stop",
        "public_transport": "platform"
      },
      "geometry": {
        "type": "Point",
        "coordinates": [
          3.4210443,
          6.4294355
        ]
      },
      "id": "node/5777682136"
    },
    {
      "type": "Feature",
      "properties": {
        "@id": "node/5777682137",
        "bus": "yes",
        "highway": "bus_stop",
        "public_transport": "platform"
      },
      "geometry": {
        "type": "Point",
        "coordinates": [
          3.4210455,
          6.4296418
        ]
      },
      "id": "node/5777682137"
    },
    {
      "type": "Feature",
      "properties": {
        "@id": "node/5777682138",
        "bus": "yes",
        "highway": "bus_stop",
        "public_transport": "platform"
      },
      "geometry": {
        "type": "Point",
        "coordinates": [
          3.4226782,
          6.4293286
        ]
      },
      "id": "node/5777682138"
    },
    {
      "type": "Feature",
      "properties": {
        "@id": "node/5777682139",
        "bus": "yes",
        "highway": "bus_stop",
        "public_transport": "platform"
      },
      "geometry": {
        "type": "Point",
        "coordinates": [
          3.4229542,
          6.4291074
        ]
      },
      "id": "node/5777682139"
    },
    {
      "type": "Feature",
      "properties": {
        "@id": "node/6291068267",
        "bus": "yes",
        "highway": "bus_stop",
        "name": "Aruna Bus Stop",
        "operator": "Primero",
        "public_transport": "stop_position"
      },
      "geometry": {
        "type": "Point",
        "coordinates": [
          3.4927082,
          6.6245943
        ]
      },
      "id": "node/6291068267"
    },
    {
      "type": "Feature",
      "properties": {
        "@id": "node/6291068268",
        "bus": "yes",
        "highway": "bus_stop",
        "name": "Aruna Bus Stop",
        "public_transport": "stop_position"
      },
      "geometry": {
        "type": "Point",
        "coordinates": [
          3.4917301,
          6.6247402
        ]
      },
      "id": "node/6291068268"
    },
    {
      "type": "Feature",
      "properties": {
        "@id": "node/6291068704",
        "bus": "yes",
        "highway": "bus_stop",
        "name": "Agric Bus Stop",
        "public_transport": "stop_position"
      },
      "geometry": {
        "type": "Point",
        "coordinates": [
          3.4878266,
          6.6253321
        ]
      },
      "id": "node/6291068704"
    },
    {
      "type": "Feature",
      "properties": {
        "@id": "node/6291068705",
        "bus": "yes",
        "highway": "bus_stop",
        "name": "Agric Bus Stop",
        "public_transport": "stop_position"
      },
      "geometry": {
        "type": "Point",
        "coordinates": [
          3.4863272,
          6.6255612
        ]
      },
      "id": "node/6291068705"
    },
    {
      "type": "Feature",
      "properties": {
        "@id": "node/6291068706",
        "bus": "yes",
        "highway": "bus_stop",
        "name": "Agric",
        "public_transport": "stop_position"
      },
      "geometry": {
        "type": "Point",
        "coordinates": [
          3.4840018,
          6.6253867
        ]
      },
      "id": "node/6291068706"
    },
    {
      "type": "Feature",
      "properties": {
        "@id": "node/6291069012",
        "bus": "yes",
        "highway": "bus_stop",
        "name": "Majidun Ogolonto Bus Stop",
        "public_transport": "stop_position"
      },
      "geometry": {
        "type": "Point",
        "coordinates": [
          3.4731978,
          6.6195958
        ]
      },
      "id": "node/6291069012"
    },
    {
      "type": "Feature",
      "properties": {
        "@id": "node/6291069013",
        "bus": "yes",
        "highway": "bus_stop",
        "name": "Majidun Ogolonto Bus Stop",
        "public_transport": "stop_position"
      },
      "geometry": {
        "type": "Point",
        "coordinates": [
          3.4722322,
          6.6196784
        ]
      },
      "id": "node/6291069013"
    },
    {
      "type": "Feature",
      "properties": {
        "@id": "node/6291069035",
        "bus": "yes",
        "highway": "bus_stop",
        "name": "Majidun Awori Bus Stop",
        "public_transport": "stop_position"
      },
      "geometry": {
        "type": "Point",
        "coordinates": [
          3.4629496,
          6.6189812
        ]
      },
      "id": "node/6291069035"
    },
    {
      "type": "Feature",
      "properties": {
        "@id": "node/6291069036",
        "bus": "yes",
        "highway": "bus_stop",
        "name": "Majidun Awori Bus Stop",
        "public_transport": "stop_position"
      },
      "geometry": {
        "type": "Point",
        "coordinates": [
          3.4620357,
          6.6187297
        ]
      },
      "id": "node/6291069036"
    },
    {
      "type": "Feature",
      "properties": {
        "@id": "node/6291069267",
        "bus": "yes",
        "highway": "bus_stop",
        "name": "Irawo Bus Stop",
        "public_transport": "stop_position"
      },
      "geometry": {
        "type": "Point",
        "coordinates": [
          3.4220803,
          6.6098363
        ]
      },
      "id": "node/6291069267"
    },
    {
      "type": "Feature",
      "properties": {
        "@id": "node/6291069371",
        "bus": "yes",
        "highway": "bus_stop",
        "name": "Irawo Bus Stop",
        "public_transport": "stop_position"
      },
      "geometry": {
        "type": "Point",
        "coordinates": [
          3.4212542,
          6.6102786
        ]
      },
      "id": "node/6291069371"
    },
    {
      "type": "Feature",
      "properties": {
        "@id": "node/6291069506",
        "bus": "yes",
        "highway": "bus_stop",
        "name": "Idera Bus Stop",
        "public_transport": "stop_position"
      },
      "geometry": {
        "type": "Point",
        "coordinates": [
          3.4155384,
          6.6120477
        ]
      },
      "id": "node/6291069506"
    },
    {
      "type": "Feature",
      "properties": {
        "@id": "node/6291069507",
        "bus": "yes",
        "highway": "bus_stop",
        "name": "Idera Bus Stop",
        "public_transport": "stop_position"
      },
      "geometry": {
        "type": "Point",
        "coordinates": [
          3.4145755,
          6.6118878
        ]
      },
      "id": "node/6291069507"
    },
    {
      "type": "Feature",
      "properties": {
        "@id": "node/6291069508",
        "bus": "yes",
        "highway": "bus_stop",
        "name": "Onirin Bus Stop",
        "public_transport": "stop_position"
      },
      "geometry": {
        "type": "Point",
        "coordinates": [
          3.4092298,
          6.608584
        ]
      },
      "id": "node/6291069508"
    },
    {
      "type": "Feature",
      "properties": {
        "@id": "node/6291069559",
        "bus": "yes",
        "highway": "bus_stop",
        "name": "Onirin Bus Stop",
        "public_transport": "stop_position"
      },
      "geometry": {
        "type": "Point",
        "coordinates": [
          3.4086183,
          6.6078646
        ]
      },
      "id": "node/6291069559"
    },
    {
      "type": "Feature",
      "properties": {
        "@id": "node/6291069586",
        "bus": "yes",
        "highway": "bus_stop",
        "name": "Mile 12 Bus Stop",
        "public_transport": "stop_position"
      },
      "geometry": {
        "type": "Point",
        "coordinates": [
          3.4019369,
          6.6044942
        ]
      },
      "id": "node/6291069586"
    },
    {
      "type": "Feature",
      "properties": {
        "@id": "node/6291361173",
        "bus": "yes",
        "highway": "bus_stop",
        "public_transport": "stop_position"
      },
      "geometry": {
        "type": "Point",
        "coordinates": [
          3.3856605,
          6.5968718
        ]
      },
      "id": "node/6291361173"
    },
    {
      "type": "Feature",
      "properties": {
        "@id": "node/6291361174",
        "bus": "yes",
        "highway": "bus_stop",
        "public_transport": "stop_position"
      },
      "geometry": {
        "type": "Point",
        "coordinates": [
          3.3787519,
          6.587407
        ]
      },
      "id": "node/6291361174"
    },
    {
      "type": "Feature",
      "properties": {
        "@id": "node/6291361179",
        "bus": "yes",
        "highway": "bus_stop",
        "public_transport": "stop_position"
      },
      "geometry": {
        "type": "Point",
        "coordinates": [
          3.378481,
          6.5873857
        ]
      },
      "id": "node/6291361179"
    },
    {
      "type": "Feature",
      "properties": {
        "@id": "node/6291362221",
        "bus": "yes",
        "highway": "bus_stop",
        "public_transport": "stop_position"
      },
      "geometry": {
        "type": "Point",
        "coordinates": [
          3.385338,
          6.596762
        ]
      },
      "id": "node/6291362221"
    },
    {
      "type": "Feature",
      "properties": {
        "@id": "node/6303260826",
        "bin": "yes",
        "bus": "yes",
        "highway": "bus_stop",
        "name": "Porto de Mós/Casa Velha",
        "network": "Transportes Urbanos de Lagos",
        "operator": "ONDA",
        "pole": "yes",
        "public_transport": "platform",
        "shelter": "no"
      },
      "geometry": {
        "type": "Point",
        "coordinates": [
          -8.6828333,
          37.0875727
        ]
      },
      "id": "node/6303260826"
    },
    {
      "type": "Feature",
      "properties": {
        "@id": "node/6312219062",
        "bench": "yes",
        "bin": "yes",
        "bus": "yes",
        "highway": "bus_stop",
        "mapillary": "1014017099005367",
        "name": "Praia Porto de Mós",
        "network": "Transportes Urbanos de Lagos",
        "operator": "ONDA",
        "public_transport": "platform",
        "shelter": "yes",
        "tactile_paving": "no"
      },
      "geometry": {
        "type": "Point",
        "coordinates": [
          -8.687499,
          37.0860318
        ]
      },
      "id": "node/6312219062"
    },
    {
      "type": "Feature",
      "properties": {
        "@id": "node/6332794587",
        "bench": "yes",
        "bin": "yes",
        "bus": "yes",
        "highway": "bus_stop",
        "lit": "yes",
        "name": "Portas de Portugal / CTT",
        "network": "Transportes Urbanos de Lagos",
        "operator": "ONDA",
        "public_transport": "platform",
        "shelter": "yes",
        "tactile_paving": "no",
        "transportation": "bus_stop"
      },
      "geometry": {
        "type": "Point",
        "coordinates": [
          -8.6719928,
          37.1032986
        ]
      },
      "id": "node/6332794587"
    },
    {
      "type": "Feature",
      "properties": {
        "@id": "node/6332794588",
        "bench": "yes",
        "bin": "no",
        "bus": "yes",
        "highway": "bus_stop",
        "name": "Praça do Infante",
        "network": "Transportes Urbanos de Lagos",
        "operator": "ONDA",
        "public_transport": "platform",
        "shelter": "yes"
      },
      "geometry": {
        "type": "Point",
        "coordinates": [
          -8.6699108,
          37.1008535
        ]
      },
      "id": "node/6332794588"
    },
    {
      "type": "Feature",
      "properties": {
        "@id": "node/6332794590",
        "bench": "no",
        "bin": "no",
        "bus": "yes",
        "highway": "bus_stop",
        "name": "Praça do Infante",
        "network": "Transportes Urbanos de Lagos",
        "operator": "ONDA",
        "public_transport": "platform",
        "shelter": "no",
        "tactile_paving": "no"
      },
      "geometry": {
        "type": "Point",
        "coordinates": [
          -8.6705064,
          37.1011957
        ]
      },
      "id": "node/6332794590"
    },
    {
      "type": "Feature",
      "properties": {
        "@id": "node/6332794595",
        "bench": "yes",
        "bin": "yes",
        "bus": "yes",
        "highway": "bus_stop",
        "lit": "yes",
        "name": "Sitio da Ponte",
        "network": "Transportes Urbanos de Lagos",
        "operator": "ONDA",
        "public_transport": "platform",
        "shelter": "yes",
        "tactile_paving": "no"
      },
      "geometry": {
        "type": "Point",
        "coordinates": [
          -8.676155,
          37.1128181
        ]
      },
      "id": "node/6332794595"
    },
    {
      "type": "Feature",
      "properties": {
        "@id": "node/6332794598",
        "bus": "yes",
        "highway": "bus_stop",
        "name": "R. Dr. Nataniel Costa",
        "network": "Transportes Urbanos de Lagos",
        "operator": "ONDA",
        "pole": "yes",
        "public_transport": "platform"
      },
      "geometry": {
        "type": "Point",
        "coordinates": [
          -8.6817799,
          37.0889798
        ]
      },
      "id": "node/6332794598"
    },
    {
      "type": "Feature",
      "properties": {
        "@id": "node/6332794599",
        "bench": "yes",
        "bin": "yes",
        "bus": "yes",
        "highway": "bus_stop",
        "name": "R. Dr. Nataniel Costa",
        "network": "Transportes Urbanos de Lagos",
        "operator": "ONDA",
        "public_transport": "platform",
        "shelter": "yes"
      },
      "geometry": {
        "type": "Point",
        "coordinates": [
          -8.681596,
          37.0889724
        ]
      },
      "id": "node/6332794599"
    },
    {
      "type": "Feature",
      "properties": {
        "@id": "node/6332794600",
        "bus": "yes",
        "highway": "bus_stop",
        "name": "Forte da Meia Praia",
        "network": "Transportes Urbanos de Lagos",
        "operator": "ONDA",
        "public_transport": "platform",
        "shelter": "yes"
      },
      "geometry": {
        "type": "Point",
        "coordinates": [
          -8.6471799,
          37.1187497
        ]
      },
      "id": "node/6332794600"
    },
    {
      "type": "Feature",
      "properties": {
        "@id": "node/6332794601",
        "bus": "yes",
        "highway": "bus_stop",
        "name": "Torraltinha",
        "network": "Transportes Urbanos de Lagos",
        "operator": "ONDA",
        "public_transport": "platform",
        "shelter": "no"
      },
      "geometry": {
        "type": "Point",
        "coordinates": [
          -8.6786996,
          37.0925254
        ]
      },
      "id": "node/6332794601"
    },
    {
      "type": "Feature",
      "properties": {
        "@id": "node/6332794602",
        "bench": "yes",
        "bus": "yes",
        "highway": "bus_stop",
        "name": "Torraltinha",
        "network": "Transportes Urbanos de Lagos",
        "operator": "ONDA",
        "public_transport": "platform",
        "shelter": "yes"
      },
      "geometry": {
        "type": "Point",
        "coordinates": [
          -8.6788747,
          37.0925775
        ]
      },
      "id": "node/6332794602"
    },
    {
      "type": "Feature",
      "properties": {
        "@id": "node/6332794603",
        "bench": "yes",
        "bus": "yes",
        "highway": "bus_stop",
        "name": "Praia de Dona Ana",
        "network": "Transportes Urbanos de Lagos",
        "operator": "ONDA",
        "public_transport": "platform",
        "shelter": "yes"
      },
      "geometry": {
        "type": "Point",
        "coordinates": [
          -8.6697973,
          37.0915104
        ]
      },
      "id": "node/6332794603"
    },
    {
      "type": "Feature",
      "properties": {
        "@id": "node/6332794604",
        "bench": "yes",
        "bin": "yes",
        "bus": "yes",
        "highway": "bus_stop",
        "name": "Esc. EB 2/3 das Naus",
        "network": "Transportes Urbanos de Lagos",
        "operator": "ONDA",
        "public_transport": "platform",
        "shelter": "yes"
      },
      "geometry": {
        "type": "Point",
        "coordinates": [
          -8.6713435,
          37.1111178
        ]
      },
      "id": "node/6332794604"
    },
    {
      "type": "Feature",
      "properties": {
        "@id": "node/6332794606",
        "bus": "yes",
        "highway": "bus_stop",
        "name": "Bairro 1º de Maio",
        "network": "Transportes Urbanos de Lagos",
        "operator": "ONDA",
        "pole": "yes",
        "public_transport": "platform",
        "shelter": "no"
      },
      "geometry": {
        "type": "Point",
        "coordinates": [
          -8.6598716,
          37.112739
        ]
      },
      "id": "node/6332794606"
    },
    {
      "type": "Feature",
      "properties": {
        "@id": "node/6349491769",
        "bench": "yes",
        "bin": "no",
        "bus": "yes",
        "highway": "bus_stop",
        "name": "Montinhos da Luz",
        "public_transport": "platform",
        "shelter": "yes",
        "tactile_paving": "no"
      },
      "geometry": {
        "type": "Point",
        "coordinates": [
          -8.7510432,
          37.0848893
        ]
      },
      "id": "node/6349491769"
    },
    {
      "type": "Feature",
      "properties": {
        "@id": "node/6354128897",
        "bench": "yes",
        "bin": "yes",
        "bus": "yes",
        "check_date:shelter": "2025-02-08",
        "highway": "bus_stop",
        "lit": "yes",
        "name": "Complexo Desportivo",
        "public_transport": "platform",
        "shelter": "yes",
        "tactile_paving": "yes"
      },
      "geometry": {
        "type": "Point",
        "coordinates": [
          -8.6800311,
          37.1112224
        ]
      },
      "id": "node/6354128897"
    },
    {
      "type": "Feature",
      "properties": {
        "@id": "node/6354128898",
        "bench": "yes",
        "bus": "yes",
        "highway": "bus_stop",
        "name": "Portas de Portugal / CTT",
        "network": "Transportes Urbanos de Lagos",
        "operator": "ONDA",
        "public_transport": "platform",
        "shelter": "yes"
      },
      "geometry": {
        "type": "Point",
        "coordinates": [
          -8.6723131,
          37.1033009
        ]
      },
      "id": "node/6354128898"
    },
    {
      "type": "Feature",
      "properties": {
        "@id": "node/6354128899",
        "bench": "no",
        "bus": "yes",
        "highway": "bus_stop",
        "name": "Quiosque do Ambiente",
        "pole": "yes",
        "public_transport": "platform",
        "shelter": "no"
      },
      "geometry": {
        "type": "Point",
        "coordinates": [
          -8.6783298,
          37.1017852
        ]
      },
      "id": "node/6354128899"
    },
    {
      "type": "Feature",
      "properties": {
        "@id": "node/6354128900",
        "bench": "yes",
        "bin": "yes",
        "bus": "yes",
        "check_date:shelter": "2025-07-18",
        "highway": "bus_stop",
        "name": "Parque da Cidade",
        "public_transport": "platform",
        "shelter": "yes",
        "tactile_paving": "no"
      },
      "geometry": {
        "type": "Point",
        "coordinates": [
          -8.6741057,
          37.0971321
        ]
      },
      "id": "node/6354128900"
    },
    {
      "type": "Feature",
      "properties": {
        "@id": "node/6413837086",
        "bench": "yes",
        "bus": "yes",
        "highway": "bus_stop",
        "name": "Escola da Ameijeira - R. Fernando Pessoa",
        "public_transport": "platform",
        "shelter": "yes"
      },
      "geometry": {
        "type": "Point",
        "coordinates": [
          -8.6802469,
          37.0937148
        ]
      },
      "id": "node/6413837086"
    },
    {
      "type": "Feature",
      "properties": {
        "@id": "node/6518697909",
        "bus": "yes",
        "highway": "bus_stop",
        "public_transport": "platform"
      },
      "geometry": {
        "type": "Point",
        "coordinates": [
          3.3456776,
          6.5706693
        ]
      },
      "id": "node/6518697909"
    },
    {
      "type": "Feature",
      "properties": {
        "@id": "node/6518697911",
        "bus": "yes",
        "highway": "bus_stop",
        "public_transport": "platform"
      },
      "geometry": {
        "type": "Point",
        "coordinates": [
          3.3436566,
          6.5756883
        ]
      },
      "id": "node/6518697911"
    },
    {
      "type": "Feature",
      "properties": {
        "@id": "node/6518697912",
        "bus": "yes",
        "highway": "bus_stop",
        "public_transport": "platform"
      },
      "geometry": {
        "type": "Point",
        "coordinates": [
          3.3420418,
          6.5796001
        ]
      },
      "id": "node/6518697912"
    },
    {
      "type": "Feature",
      "properties": {
        "@id": "node/6518697915",
        "bus": "yes",
        "highway": "bus_stop",
        "public_transport": "platform"
      },
      "geometry": {
        "type": "Point",
        "coordinates": [
          3.3389332,
          6.5873149
        ]
      },
      "id": "node/6518697915"
    },
    {
      "type": "Feature",
      "properties": {
        "@id": "node/6871106617",
        "bus": "yes",
        "highway": "bus_stop",
        "name": "BRT Ketu",
        "public_transport": "platform"
      },
      "geometry": {
        "type": "Point",
        "coordinates": [
          3.3867844,
          6.5980531
        ]
      },
      "id": "node/6871106617"
    },
    {
      "type": "Feature",
      "properties": {
        "@id": "node/6871106823",
        "bus": "yes",
        "highway": "bus_stop",
        "public_transport": "platform"
      },
      "geometry": {
        "type": "Point",
        "coordinates": [
          3.3645471,
          6.6179855
        ]
      },
      "id": "node/6871106823"
    },
    {
      "type": "Feature",
      "properties": {
        "@id": "node/6871106824",
        "bus": "yes",
        "highway": "bus_stop",
        "public_transport": "platform"
      },
      "geometry": {
        "type": "Point",
        "coordinates": [
          3.3648517,
          6.6180415
        ]
      },
      "id": "node/6871106824"
    },
    {
      "type": "Feature",
      "properties": {
        "@id": "node/6871106873",
        "bus": "yes",
        "highway": "bus_stop",
        "public_transport": "platform"
      },
      "geometry": {
        "type": "Point",
        "coordinates": [
          3.36537,
          6.6168984
        ]
      },
      "id": "node/6871106873"
    },
    {
      "type": "Feature",
      "properties": {
        "@id": "node/6871106874",
        "bus": "yes",
        "highway": "bus_stop",
        "public_transport": "platform"
      },
      "geometry": {
        "type": "Point",
        "coordinates": [
          3.3657733,
          6.6170184
        ]
      },
      "id": "node/6871106874"
    },
    {
      "type": "Feature",
      "properties": {
        "@id": "node/6887250412",
        "bus": "yes",
        "highway": "bus_stop",
        "public_transport": "platform"
      },
      "geometry": {
        "type": "Point",
        "coordinates": [
          3.3828594,
          6.4712722
        ]
      },
      "id": "node/6887250412"
    },
    {
      "type": "Feature",
      "properties": {
        "@id": "node/6887250417",
        "bus": "yes",
        "highway": "bus_stop",
        "public_transport": "platform"
      },
      "geometry": {
        "type": "Point",
        "coordinates": [
          3.3827562,
          6.4704852
        ]
      },
      "id": "node/6887250417"
    },
    {
      "type": "Feature",
      "properties": {
        "@id": "node/6919151216",
        "bus": "yes",
        "highway": "bus_stop",
        "public_transport": "station"
      },
      "geometry": {
        "type": "Point",
        "coordinates": [
          3.3639822,
          6.5058662
        ]
      },
      "id": "node/6919151216"
    },
    {
      "type": "Feature",
      "properties": {
        "@id": "node/6919151222",
        "bus": "yes",
        "highway": "bus_stop",
        "public_transport": "station"
      },
      "geometry": {
        "type": "Point",
        "coordinates": [
          3.3637306,
          6.5059957
        ]
      },
      "id": "node/6919151222"
    },
    {
      "type": "Feature",
      "properties": {
        "@id": "node/6967079690",
        "bus": "yes",
        "highway": "bus_stop",
        "public_transport": "platform"
      },
      "geometry": {
        "type": "Point",
        "coordinates": [
          3.3671172,
          6.5584274
        ]
      },
      "id": "node/6967079690"
    },
    {
      "type": "Feature",
      "properties": {
        "@id": "node/6967079715",
        "bus": "yes",
        "bus_stop:category": "BRT",
        "highway": "bus_stop",
        "name": "Anthony Bus Stop",
        "public_transport": "platform"
      },
      "geometry": {
        "type": "Point",
        "coordinates": [
          3.3669627,
          6.5589729
        ]
      },
      "id": "node/6967079715"
    },
    {
      "type": "Feature",
      "properties": {
        "@id": "node/6967079716",
        "bus": "yes",
        "bus_stop:category": "BRT",
        "highway": "bus_stop",
        "name": "Anthony Bus Stop",
        "public_transport": "platform"
      },
      "geometry": {
        "type": "Point",
        "coordinates": [
          3.3667482,
          6.5570516
        ]
      },
      "id": "node/6967079716"
    },
    {
      "type": "Feature",
      "properties": {
        "@id": "node/6967418559",
        "bus": "yes",
        "bus_stop:category": "BRT",
        "highway": "bus_stop",
        "name": "Maryland Bus Stop",
        "public_transport": "platform"
      },
      "geometry": {
        "type": "Point",
        "coordinates": [
          3.36981,
          6.5750088
        ]
      },
      "id": "node/6967418559"
    },
    {
      "type": "Feature",
      "properties": {
        "@id": "node/6967418560",
        "bus": "yes",
        "bus_stop:category": "BRT",
        "highway": "bus_stop",
        "name": "Maryland Bus Stop",
        "public_transport": "platform"
      },
      "geometry": {
        "type": "Point",
        "coordinates": [
          3.3689705,
          6.5742742
        ]
      },
      "id": "node/6967418560"
    },
    {
      "type": "Feature",
      "properties": {
        "@id": "node/6992641421",
        "bus": "yes",
        "highway": "bus_stop",
        "name": "Barracks",
        "public_transport": "platform"
      },
      "geometry": {
        "type": "Point",
        "coordinates": [
          3.3606852,
          6.6180254
        ]
      },
      "id": "node/6992641421"
    },
    {
      "type": "Feature",
      "properties": {
        "@id": "node/6997535241",
        "bus": "yes",
        "highway": "bus_stop",
        "name": "Alimosho",
        "public_transport": "platform"
      },
      "geometry": {
        "type": "Point",
        "coordinates": [
          3.2958755,
          6.6112012
        ]
      },
      "id": "node/6997535241"
    },
    {
      "type": "Feature",
      "properties": {
        "@id": "node/6997535242",
        "bus": "yes",
        "highway": "bus_stop",
        "name": "Alimosho",
        "public_transport": "platform"
      },
      "geometry": {
        "type": "Point",
        "coordinates": [
          3.2959545,
          6.6116652
        ]
      },
      "id": "node/6997535242"
    },
    {
      "type": "Feature",
      "properties": {
        "@id": "node/7101335385",
        "bench": "yes",
        "bin": "no",
        "bus": "yes",
        "highway": "bus_stop",
        "name": "Rua Direita - Praia da Luz",
        "public_transport": "platform",
        "shelter": "yes"
      },
      "geometry": {
        "type": "Point",
        "coordinates": [
          -8.7270422,
          37.0911573
        ]
      },
      "id": "node/7101335385"
    },
    {
      "type": "Feature",
      "properties": {
        "@id": "node/7101360785",
        "bench": "yes",
        "bin": "no",
        "bus": "yes",
        "highway": "bus_stop",
        "name": "Luz Parque (Norte)",
        "public_transport": "platform",
        "shelter": "yes"
      },
      "geometry": {
        "type": "Point",
        "coordinates": [
          -8.7413915,
          37.0862446
        ]
      },
      "id": "node/7101360785"
    },
    {
      "type": "Feature",
      "properties": {
        "@id": "node/7101360786",
        "bench": "yes",
        "bin": "no",
        "bus": "yes",
        "highway": "bus_stop",
        "name": "Luz Parque (Sul)",
        "public_transport": "platform",
        "shelter": "yes"
      },
      "geometry": {
        "type": "Point",
        "coordinates": [
          -8.7413574,
          37.0860827
        ]
      },
      "id": "node/7101360786"
    },
    {
      "type": "Feature",
      "properties": {
        "@id": "node/7123177742",
        "bench": "yes",
        "bin": "no",
        "bus": "yes",
        "highway": "bus_stop",
        "lit": "yes",
        "name": "Portelas",
        "public_transport": "platform",
        "ref:signed": "no",
        "shelter": "yes",
        "tactile_paving": "no"
      },
      "geometry": {
        "type": "Point",
        "coordinates": [
          -8.6939552,
          37.1221301
        ]
      },
      "id": "node/7123177742"
    },
    {
      "type": "Feature",
      "properties": {
        "@id": "node/7263913870",
        "bus": "yes",
        "highway": "bus_stop",
        "name": "Benson",
        "public_transport": "platform"
      },
      "geometry": {
        "type": "Point",
        "coordinates": [
          3.4992762,
          6.6224962
        ]
      },
      "id": "node/7263913870"
    },
    {
      "type": "Feature",
      "properties": {
        "@id": "node/7377223107",
        "bus": "yes",
        "highway": "bus_stop",
        "name": "Vulcanizer Bus Stop",
        "public_transport": "platform"
      },
      "geometry": {
        "type": "Point",
        "coordinates": [
          3.3009008,
          6.6006251
        ]
      },
      "id": "node/7377223107"
    },
    {
      "type": "Feature",
      "properties": {
        "@id": "node/7443645135",
        "bus": "yes",
        "highway": "bus_stop",
        "public_transport": "stop_position"
      },
      "geometry": {
        "type": "Point",
        "coordinates": [
          3.3625245,
          6.5239425
        ]
      },
      "id": "node/7443645135"
    },
    {
      "type": "Feature",
      "properties": {
        "@id": "node/7443645136",
        "bus": "yes",
        "highway": "bus_stop",
        "public_transport": "stop_position"
      },
      "geometry": {
        "type": "Point",
        "coordinates": [
          3.3621141,
          6.523804
        ]
      },
      "id": "node/7443645136"
    },
    {
      "type": "Feature",
      "properties": {
        "@id": "node/8110480604",
        "bus": "yes",
        "highway": "bus_stop",
        "name": "Rua da Alfarrobeira / Escola",
        "network": "onda",
        "operator": "municipal",
        "public_transport": "platform",
        "shelter": "no"
      },
      "geometry": {
        "type": "Point",
        "coordinates": [
          -8.6690879,
          37.1309277
        ]
      },
      "id": "node/8110480604"
    },
    {
      "type": "Feature",
      "properties": {
        "@id": "node/8151728875",
        "alt_name": "Odiáxere - Esc. 1° Ciclo (Sul)",
        "bus": "yes",
        "highway": "bus_stop",
        "name": "Odiáxere - Escola 1° Ciclo (Sul)",
        "network": "onda",
        "operator": "municipal",
        "public_transport": "platform",
        "ref": "Odiáxere - Esc. 1o Ciclo (sul) 3 onda rosa",
        "shelter": "yes"
      },
      "geometry": {
        "type": "Point",
        "coordinates": [
          -8.6524667,
          37.1504065
        ]
      },
      "id": "node/8151728875"
    },
    {
      "type": "Feature",
      "properties": {
        "@id": "node/8152172290",
        "bus": "yes",
        "departures_board": "timetable",
        "highway": "bus_stop",
        "name": "Chinicato - Urb. Municipal",
        "network": "onda",
        "operator": "municipal",
        "public_transport": "platform",
        "ref": "Chinicato - Urb. Municipal 3 onda rosa"
      },
      "geometry": {
        "type": "Point",
        "coordinates": [
          -8.6734875,
          37.1303493
        ]
      },
      "id": "node/8152172290"
    },
    {
      "type": "Feature",
      "properties": {
        "@id": "node/8162289370",
        "bench": "no",
        "bin": "no",
        "bus": "yes",
        "check_date:shelter": "2025-02-08",
        "departures_board": "timetable",
        "highway": "bus_stop",
        "lit": "yes",
        "name": "Telheiro - EN125 (nascente)",
        "network": "onda",
        "operator": "municipal",
        "public_transport": "platform",
        "ref": "Telheiro - EN125 (nascente) rosa 3",
        "shelter": "no",
        "tactile_paving": "no"
      },
      "geometry": {
        "type": "Point",
        "coordinates": [
          -8.6730744,
          37.119308
        ]
      },
      "id": "node/8162289370"
    },
    {
      "type": "Feature",
      "properties": {
        "@id": "node/9127712617",
        "bus": "yes",
        "highway": "bus_stop",
        "name": "Ikeja Along",
        "public_transport": "platform"
      },
      "geometry": {
        "type": "Point",
        "coordinates": [
          3.3345357,
          6.5986825
        ]
      },
      "id": "node/9127712617"
    },
    {
      "type": "Feature",
      "properties": {
        "@id": "node/9225526232",
        "bus": "yes",
        "highway": "bus_stop",
        "name": "Rua José Ribeiro Lopes",
        "operator": "AONDA",
        "public_transport": "platform",
        "ref": "1",
        "shelter": "no"
      },
      "geometry": {
        "type": "Point",
        "coordinates": [
          -8.7272315,
          37.0916393
        ]
      },
      "id": "node/9225526232"
    },
    {
      "type": "Feature",
      "properties": {
        "@id": "node/9225563048",
        "bench": "yes",
        "bin": "yes",
        "bus": "yes",
        "highway": "bus_stop",
        "name": "Igreja Senhora da Luz",
        "public_transport": "platform",
        "shelter": "yes"
      },
      "geometry": {
        "type": "Point",
        "coordinates": [
          -8.7302937,
          37.0860481
        ]
      },
      "id": "node/9225563048"
    },
    {
      "type": "Feature",
      "properties": {
        "@id": "node/9579079731",
        "bench": "no",
        "bin": "no",
        "bus": "yes",
        "highway": "bus_stop",
        "name": "Rua Lazaro Corte",
        "network": "Transportes Urbanos de Lagos",
        "operator": "ONDA",
        "public_transport": "platform",
        "shelter": "no",
        "tactile_paving": "no"
      },
      "geometry": {
        "type": "Point",
        "coordinates": [
          -8.6770165,
          37.0927021
        ]
      },
      "id": "node/9579079731"
    },
    {
      "type": "Feature",
      "properties": {
        "@id": "node/9579079737",
        "bench": "no",
        "bin": "no",
        "bus": "yes",
        "highway": "bus_stop",
        "name": "Rua Lazaro Corte",
        "network": "Transportes Urbanos de Lagos",
        "operator": "ONDA",
        "public_transport": "platform",
        "shelter": "no",
        "tactile_paving": "no"
      },
      "geometry": {
        "type": "Point",
        "coordinates": [
          -8.676958,
          37.0923619
        ]
      },
      "id": "node/9579079737"
    },
    {
      "type": "Feature",
      "properties": {
        "@id": "node/9579079744",
        "bench": "no",
        "bin": "no",
        "bus": "yes",
        "highway": "bus_stop",
        "lit": "no",
        "name": "Estrada da Ponta da Piedade",
        "network": "Transportes Urbanos de Lagos",
        "operator": "ONDA",
        "public_transport": "platform",
        "shelter": "no"
      },
      "geometry": {
        "type": "Point",
        "coordinates": [
          -8.6726471,
          37.0913839
        ]
      },
      "id": "node/9579079744"
    },
    {
      "type": "Feature",
      "properties": {
        "@id": "node/9581146470",
        "bus": "yes",
        "highway": "bus_stop",
        "name": "Rua do Cemitério",
        "public_transport": "platform"
      },
      "geometry": {
        "type": "Point",
        "coordinates": [
          -8.6766884,
          37.1044494
        ]
      },
      "id": "node/9581146470"
    },
    {
      "type": "Feature",
      "properties": {
        "@id": "node/9581146474",
        "bus": "yes",
        "highway": "bus_stop",
        "name": "R. Sto. Amaro",
        "public_transport": "platform"
      },
      "geometry": {
        "type": "Point",
        "coordinates": [
          -8.6785989,
          37.1032378
        ]
      },
      "id": "node/9581146474"
    },
    {
      "type": "Feature",
      "properties": {
        "@id": "node/9587080424",
        "bench": "no",
        "bin": "no",
        "bus": "yes",
        "highway": "bus_stop",
        "local_ref": "5",
        "name": "Terminal Rodoviário - ONDA Linhas 1, 2",
        "operator": "ONDA",
        "public_transport": "platform",
        "ref": "5",
        "shelter": "no",
        "tactile_paving": "no",
        "was:highway": "bus_stop",
        "wheelchair": "limited"
      },
      "geometry": {
        "type": "Point",
        "coordinates": [
          -8.6758977,
          37.1077692
        ]
      },
      "id": "node/9587080424"
    },
    {
      "type": "Feature",
      "properties": {
        "@id": "node/9587080427",
        "bench": "yes",
        "bin": "yes",
        "bus": "yes",
        "covered": "yes",
        "highway": "bus_stop",
        "lit": "yes",
        "local_ref": "3",
        "name": "Terminal Rodoviário",
        "public_transport": "platform",
        "ref": "3",
        "tactile_paving": "no",
        "wheelchair": "limited"
      },
      "geometry": {
        "type": "Point",
        "coordinates": [
          -8.6763445,
          37.1072125
        ]
      },
      "id": "node/9587080427"
    },
    {
      "type": "Feature",
      "properties": {
        "@id": "node/9587080429",
        "bench": "yes",
        "bin": "yes",
        "bus": "yes",
        "covered": "yes",
        "highway": "bus_stop",
        "lit": "yes",
        "local_ref": "1",
        "name": "Terminal Rodoviário",
        "public_transport": "platform",
        "tactile_paving": "no",
        "wheelchair": "limited"
      },
      "geometry": {
        "type": "Point",
        "coordinates": [
          -8.6763785,
          37.1072737
        ]
      },
      "id": "node/9587080429"
    },
    {
      "type": "Feature",
      "properties": {
        "@id": "node/9831378250",
        "bus": "yes",
        "highway": "bus_stop",
        "name": "Estrada Porto Do Mos",
        "network": "Transportes Urbanos de Lagos",
        "operator": "ONDA",
        "public_transport": "platform",
        "shelter": "no"
      },
      "geometry": {
        "type": "Point",
        "coordinates": [
          -8.6761425,
          37.0913185
        ]
      },
      "id": "node/9831378250"
    },
    {
      "type": "Feature",
      "properties": {
        "@id": "node/9831378251",
        "bus": "yes",
        "highway": "bus_stop",
        "name": "Estrada Porto Do Mos",
        "network": "Transportes Urbanos de Lagos",
        "operator": "ONDA",
        "public_transport": "platform",
        "shelter": "no"
      },
      "geometry": {
        "type": "Point",
        "coordinates": [
          -8.6762954,
          37.0913297
        ]
      },
      "id": "node/9831378251"
    },
    {
      "type": "Feature",
      "properties": {
        "@id": "node/11271525149",
        "bench": "no",
        "bus": "yes",
        "highway": "bus_stop",
        "name": "Jardim",
        "public_transport": "platform",
        "shelter": "no"
      },
      "geometry": {
        "type": "Point",
        "coordinates": [
          -8.6972197,
          37.1305864
        ]
      },
      "id": "node/11271525149"
    },
    {
      "type": "Feature",
      "properties": {
        "@id": "node/11271526190",
        "bench": "no",
        "bin": "no",
        "bus": "yes",
        "highway": "bus_stop",
        "lit": "yes",
        "name": "Quinta do Paúl",
        "public_transport": "platform",
        "shelter": "no",
        "tactile_paving": "no"
      },
      "geometry": {
        "type": "Point",
        "coordinates": [
          -8.6951698,
          37.1251272
        ]
      },
      "id": "node/11271526190"
    },
    {
      "type": "Feature",
      "properties": {
        "@id": "node/11271711825",
        "bench": "no",
        "bus": "yes",
        "highway": "bus_stop",
        "name": "Barrada do Poço",
        "public_transport": "platform",
        "shelter": "no"
      },
      "geometry": {
        "type": "Point",
        "coordinates": [
          -8.7343876,
          37.1523527
        ]
      },
      "id": "node/11271711825"
    },
    {
      "type": "Feature",
      "properties": {
        "@id": "node/11271758599",
        "bench": "yes",
        "bin": "no",
        "bus": "yes",
        "departures_board": "timetable",
        "highway": "bus_stop",
        "name": "Colégio",
        "network": "7",
        "operator": "Onda",
        "public_transport": "platform",
        "shelter": "yes"
      },
      "geometry": {
        "type": "Point",
        "coordinates": [
          -8.7255785,
          37.1396112
        ]
      },
      "id": "node/11271758599"
    },
    {
      "type": "Feature",
      "properties": {
        "@id": "node/11271768997",
        "bench": "no",
        "bus": "yes",
        "highway": "bus_stop",
        "name": "Monte das Figueiras de Cima",
        "public_transport": "platform",
        "shelter": "no"
      },
      "geometry": {
        "type": "Point",
        "coordinates": [
          -8.7260661,
          37.1447173
        ]
      },
      "id": "node/11271768997"
    },
    {
      "type": "Feature",
      "properties": {
        "@id": "node/11271782598",
        "bus": "yes",
        "highway": "bus_stop",
        "name": "Viaduto",
        "network": "7",
        "operator": "Onda",
        "public_transport": "platform",
        "shelter": "no"
      },
      "geometry": {
        "type": "Point",
        "coordinates": [
          -8.7237914,
          37.1423153
        ]
      },
      "id": "node/11271782598"
    },
    {
      "type": "Feature",
      "properties": {
        "@id": "node/11271841925",
        "bench": "no",
        "bin": "no",
        "bus": "yes",
        "departures_board": "timetable",
        "highway": "bus_stop",
        "name": "Monte Judeo",
        "network": "7",
        "operator": "Onda",
        "public_transport": "platform",
        "shelter": "no"
      },
      "geometry": {
        "type": "Point",
        "coordinates": [
          -8.7219129,
          37.1265467
        ]
      },
      "id": "node/11271841925"
    },
    {
      "type": "Feature",
      "properties": {
        "@id": "node/11271841927",
        "bench": "yes",
        "bin": "no",
        "bus": "yes",
        "highway": "bus_stop",
        "name": "Monte Judeo",
        "network": "7",
        "operator": "Onda",
        "public_transport": "platform",
        "shelter": "yes"
      },
      "geometry": {
        "type": "Point",
        "coordinates": [
          -8.7226169,
          37.126669
        ]
      },
      "id": "node/11271841927"
    },
    {
      "type": "Feature",
      "properties": {
        "@id": "node/11283487521",
        "bus": "yes",
        "highway": "bus_stop",
        "name": "Estrada da Ponta da Piedade",
        "network": "Transportes Urbanos de Lagos",
        "operator": "ONDA",
        "public_transport": "platform",
        "shelter": "no"
      },
      "geometry": {
        "type": "Point",
        "coordinates": [
          -8.672429,
          37.0926068
        ]
      },
      "id": "node/11283487521"
    },
    {
      "type": "Feature",
      "properties": {
        "@id": "node/11283508944",
        "bench": "yes",
        "bin": "yes",
        "bus": "yes",
        "highway": "bus_stop",
        "name": "Rotunda Dom João II",
        "network": "Transportes Urbanos de Lagos",
        "operator": "ONDA",
        "public_transport": "platform",
        "shelter": "yes",
        "tactile_paving": "no"
      },
      "geometry": {
        "type": "Point",
        "coordinates": [
          -8.6765269,
          37.1093865
        ]
      },
      "id": "node/11283508944"
    },
    {
      "type": "Feature",
      "properties": {
        "@id": "node/11283508945",
        "bench": "no",
        "bin": "no",
        "bus": "yes",
        "highway": "bus_stop",
        "lit": "yes",
        "name": "Avenida dos Descobrimentos - Marina",
        "network": "Transportes Urbanos de Lagos",
        "operator": "ONDA",
        "public_transport": "platform",
        "ref:signed": "no",
        "shelter": "no",
        "tactile_paving": "no"
      },
      "geometry": {
        "type": "Point",
        "coordinates": [
          -8.6749988,
          37.1071496
        ]
      },
      "id": "node/11283508945"
    },
    {
      "type": "Feature",
      "properties": {
        "@id": "node/11283525671",
        "bench": "yes",
        "bin": "no",
        "bus": "yes",
        "highway": "bus_stop",
        "name": "Rossio da Trindade (Nascente)",
        "public_transport": "platform",
        "shelter": "yes"
      },
      "geometry": {
        "type": "Point",
        "coordinates": [
          -8.6720249,
          37.0948497
        ]
      },
      "id": "node/11283525671"
    },
    {
      "type": "Feature",
      "properties": {
        "@id": "node/11283526413",
        "bus": "yes",
        "highway": "bus_stop",
        "name": "R. Santa Casa da Misericórdia",
        "network": "Transportes Urbanos de Lagos",
        "operator": "ONDA",
        "public_transport": "platform"
      },
      "geometry": {
        "type": "Point",
        "coordinates": [
          -8.6819947,
          37.0911808
        ]
      },
      "id": "node/11283526413"
    },
    {
      "type": "Feature",
      "properties": {
        "@id": "node/11283526414",
        "bus": "yes",
        "highway": "bus_stop",
        "name": "R. Santa Casa da Misericórdia",
        "network": "Transportes Urbanos de Lagos",
        "operator": "ONDA",
        "public_transport": "platform",
        "shelter": "yes"
      },
      "geometry": {
        "type": "Point",
        "coordinates": [
          -8.6819385,
          37.091103
        ]
      },
      "id": "node/11283526414"
    },
    {
      "type": "Feature",
      "properties": {
        "@id": "node/11283980894",
        "bus": "yes",
        "highway": "bus_stop",
        "name": "Bairro 1º de Maio",
        "network": "Transportes Urbanos de Lagos",
        "operator": "ONDA",
        "public_transport": "platform",
        "shelter": "no"
      },
      "geometry": {
        "type": "Point",
        "coordinates": [
          -8.6605758,
          37.1121885
        ]
      },
      "id": "node/11283980894"
    },
    {
      "type": "Feature",
      "properties": {
        "@id": "node/11284031628",
        "bench": "yes",
        "bus": "yes",
        "highway": "bus_stop",
        "name": "Hotéis",
        "network": "Transportes Urbanos de Lagos",
        "operator": "ONDA",
        "public_transport": "platform",
        "shelter": "no"
      },
      "geometry": {
        "type": "Point",
        "coordinates": [
          -8.6514982,
          37.1171702
        ]
      },
      "id": "node/11284031628"
    },
    {
      "type": "Feature",
      "properties": {
        "@id": "node/11297942237",
        "bus": "yes",
        "highway": "bus_stop",
        "mapillary": "1163866560728076",
        "name": "Porto de Mós/Casa Velha",
        "network": "Transportes Urbanos de Lagos",
        "operator": "ONDA",
        "public_transport": "platform",
        "shelter": "no",
        "survey:date": "2018-04-30"
      },
      "geometry": {
        "type": "Point",
        "coordinates": [
          -8.6827189,
          37.0876568
        ]
      },
      "id": "node/11297942237"
    },
    {
      "type": "Feature",
      "properties": {
        "@id": "node/11297942238",
        "bus": "yes",
        "highway": "bus_stop",
        "name": "Rua Dr. Luís de Albuquerque",
        "network": "Transportes Urbanos de Lagos",
        "operator": "ONDA",
        "public_transport": "platform",
        "shelter": "no"
      },
      "geometry": {
        "type": "Point",
        "coordinates": [
          -8.6731086,
          37.092213
        ]
      },
      "id": "node/11297942238"
    },
    {
      "type": "Feature",
      "properties": {
        "@id": "node/11297942239",
        "bus": "yes",
        "highway": "bus_stop",
        "name": "Rua Dr. Luís de Albuquerque",
        "network": "Transportes Urbanos de Lagos",
        "operator": "ONDA",
        "public_transport": "platform",
        "shelter": "no"
      },
      "geometry": {
        "type": "Point",
        "coordinates": [
          -8.6730563,
          37.092305
        ]
      },
      "id": "node/11297942239"
    },
    {
      "type": "Feature",
      "properties": {
        "@id": "node/11297942240",
        "bench": "no",
        "bus": "yes",
        "highway": "bus_stop",
        "name": "Estrada da Ponta da Piedade",
        "network": "Transportes Urbanos de Lagos",
        "operator": "ONDA",
        "public_transport": "platform",
        "shelter": "no"
      },
      "geometry": {
        "type": "Point",
        "coordinates": [
          -8.6723945,
          37.0925195
        ]
      },
      "id": "node/11297942240"
    },
    {
      "type": "Feature",
      "properties": {
        "@id": "node/11297942241",
        "bench": "yes",
        "bin": "yes",
        "bus": "yes",
        "highway": "bus_stop",
        "name": "Torraltinha / Lar Jóse Filipe Fialho",
        "public_transport": "platform",
        "shelter": "yes"
      },
      "geometry": {
        "type": "Point",
        "coordinates": [
          -8.6750793,
          37.0936689
        ]
      },
      "id": "node/11297942241"
    },
    {
      "type": "Feature",
      "properties": {
        "@id": "node/11297942242",
        "bench": "yes",
        "bin": "yes",
        "bus": "yes",
        "highway": "bus_stop",
        "name": "Rotunda do Pêndulo",
        "network": "Transportes Urbanos de Lagos",
        "operator": "ONDA",
        "public_transport": "platform",
        "shelter": "yes",
        "tactile_paving": "no"
      },
      "geometry": {
        "type": "Point",
        "coordinates": [
          -8.6739441,
          37.095504
        ]
      },
      "id": "node/11297942242"
    },
    {
      "type": "Feature",
      "properties": {
        "@id": "node/11297942243",
        "bench": "yes",
        "bin": "yes",
        "bus": "yes",
        "highway": "bus_stop",
        "lit": "yes",
        "name": "Rotunda Dom João II",
        "network": "Transportes Urbanos de Lagos",
        "operator": "ONDA",
        "public_transport": "platform",
        "shelter": "yes",
        "tactile_paving": "no"
      },
      "geometry": {
        "type": "Point",
        "coordinates": [
          -8.6763514,
          37.1094378
        ]
      },
      "id": "node/11297942243"
    },
    {
      "type": "Feature",
      "properties": {
        "@id": "node/11297942244",
        "bus": "yes",
        "highway": "bus_stop",
        "name": "Hotel Marina",
        "network": "Transportes Urbanos de Lagos",
        "operator": "ONDA",
        "public_transport": "platform",
        "shelter": "no"
      },
      "geometry": {
        "type": "Point",
        "coordinates": [
          -8.6728337,
          37.1103806
        ]
      },
      "id": "node/11297942244"
    },
    {
      "type": "Feature",
      "properties": {
        "@id": "node/11297942245",
        "bench": "no",
        "bin": "no",
        "bus": "yes",
        "fixme": "Verify position, unclear where the bus will stop.",
        "highway": "bus_stop",
        "name": "Jardim das Dunas",
        "network": "Transportes Urbanos de Lagos",
        "operator": "ONDA",
        "public_transport": "platform",
        "shelter": "no"
      },
      "geometry": {
        "type": "Point",
        "coordinates": [
          -8.6678709,
          37.1105415
        ]
      },
      "id": "node/11297942245"
    },
    {
      "type": "Feature",
      "properties": {
        "@id": "node/11297942246",
        "bench": "no",
        "bin": "no",
        "bus": "yes",
        "highway": "bus_stop",
        "name": "Jardim das Dunas",
        "network": "Transportes Urbanos de Lagos",
        "operator": "ONDA",
        "public_transport": "platform",
        "shelter": "no",
        "tactile_paving": "no"
      },
      "geometry": {
        "type": "Point",
        "coordinates": [
          -8.6678837,
          37.1104544
        ]
      },
      "id": "node/11297942246"
    },
    {
      "type": "Feature",
      "properties": {
        "@id": "node/11297942247",
        "bus": "yes",
        "fixme": "Verify position, unclear where the bus will stop.",
        "highway": "bus_stop",
        "name": "Vila Galé",
        "network": "Transportes Urbanos de Lagos",
        "operator": "ONDA",
        "public_transport": "platform",
        "shelter": "no"
      },
      "geometry": {
        "type": "Point",
        "coordinates": [
          -8.6619231,
          37.1115116
        ]
      },
      "id": "node/11297942247"
    },
    {
      "type": "Feature",
      "properties": {
        "@id": "node/11297942248",
        "bus": "yes",
        "highway": "bus_stop",
        "name": "Vila Galé",
        "network": "Transportes Urbanos de Lagos",
        "operator": "ONDA",
        "public_transport": "platform",
        "shelter": "no"
      },
      "geometry": {
        "type": "Point",
        "coordinates": [
          -8.6628109,
          37.1114174
        ]
      },
      "id": "node/11297942248"
    },
    {
      "type": "Feature",
      "properties": {
        "@id": "node/11297942249",
        "bench": "yes",
        "bus": "yes",
        "highway": "bus_stop",
        "name": "Urbanização Baía de Cristal",
        "network": "Transportes Urbanos de Lagos",
        "operator": "ONDA",
        "public_transport": "platform",
        "shelter": "no"
      },
      "geometry": {
        "type": "Point",
        "coordinates": [
          -8.6552773,
          37.1152659
        ]
      },
      "id": "node/11297942249"
    },
    {
      "type": "Feature",
      "properties": {
        "@id": "node/11297942250",
        "bench": "yes",
        "bus": "yes",
        "highway": "bus_stop",
        "name": "Urbanização Baía de Cristal",
        "network": "Transportes Urbanos de Lagos",
        "operator": "ONDA",
        "public_transport": "platform",
        "shelter": "yes"
      },
      "geometry": {
        "type": "Point",
        "coordinates": [
          -8.6553349,
          37.1153204
        ]
      },
      "id": "node/11297942250"
    },
    {
      "type": "Feature",
      "properties": {
        "@id": "node/11297942251",
        "bench": "yes",
        "bus": "yes",
        "highway": "bus_stop",
        "name": "Hotéis",
        "network": "Transportes Urbanos de Lagos",
        "operator": "ONDA",
        "public_transport": "platform",
        "shelter": "no"
      },
      "geometry": {
        "type": "Point",
        "coordinates": [
          -8.6515456,
          37.1172662
        ]
      },
      "id": "node/11297942251"
    },
    {
      "type": "Feature",
      "properties": {
        "@id": "node/11297942252",
        "bus": "yes",
        "highway": "bus_stop",
        "name": "Esc. 1° Ciclo Meia Praia",
        "network": "Transportes Urbanos de Lagos",
        "operator": "ONDA",
        "public_transport": "platform",
        "shelter": "no"
      },
      "geometry": {
        "type": "Point",
        "coordinates": [
          -8.648969,
          37.1184575
        ]
      },
      "id": "node/11297942252"
    },
    {
      "type": "Feature",
      "properties": {
        "@id": "node/11297942253",
        "bus": "yes",
        "highway": "bus_stop",
        "name": "Esc. 1° Ciclo Meia Praia",
        "network": "Transportes Urbanos de Lagos",
        "operator": "ONDA",
        "public_transport": "platform",
        "shelter": "no"
      },
      "geometry": {
        "type": "Point",
        "coordinates": [
          -8.6489613,
          37.1183666
        ]
      },
      "id": "node/11297942253"
    },
    {
      "type": "Feature",
      "properties": {
        "@id": "node/11298545568",
        "bench": "no",
        "bus": "yes",
        "highway": "bus_stop",
        "name": "Complexo Desportivo",
        "public_transport": "platform",
        "shelter": "no"
      },
      "geometry": {
        "type": "Point",
        "coordinates": [
          -8.6802017,
          37.1111228
        ]
      },
      "id": "node/11298545568"
    },
    {
      "type": "Feature",
      "properties": {
        "@id": "node/11298552969",
        "bench": "no",
        "bin": "no",
        "bus": "yes",
        "highway": "bus_stop",
        "lit": "yes",
        "name": "S. João",
        "public_transport": "platform",
        "shelter": "no",
        "tactile_paving": "no"
      },
      "geometry": {
        "type": "Point",
        "coordinates": [
          -8.6825024,
          37.1131682
        ]
      },
      "id": "node/11298552969"
    },
    {
      "type": "Feature",
      "properties": {
        "@id": "node/11298552970",
        "bench": "no",
        "bus": "yes",
        "highway": "bus_stop",
        "name": "Curvas do Garrocho",
        "public_transport": "platform",
        "shelter": "no"
      },
      "geometry": {
        "type": "Point",
        "coordinates": [
          -8.6865002,
          37.1147338
        ]
      },
      "id": "node/11298552970"
    },
    {
      "type": "Feature",
      "properties": {
        "@id": "node/11298552971",
        "bench": "no",
        "bus": "yes",
        "highway": "bus_stop",
        "name": "Curvas do Garrocho",
        "public_transport": "platform",
        "shelter": "no"
      },
      "geometry": {
        "type": "Point",
        "coordinates": [
          -8.6862709,
          37.1156963
        ]
      },
      "id": "node/11298552971"
    },
    {
      "type": "Feature",
      "properties": {
        "@id": "node/11298552972",
        "bench": "no",
        "bus": "yes",
        "highway": "bus_stop",
        "name": "ETAR",
        "public_transport": "platform",
        "shelter": "no"
      },
      "geometry": {
        "type": "Point",
        "coordinates": [
          -8.6904068,
          37.1174651
        ]
      },
      "id": "node/11298552972"
    },
    {
      "type": "Feature",
      "properties": {
        "@id": "node/11298552973",
        "bench": "no",
        "bin": "no",
        "bus": "yes",
        "highway": "bus_stop",
        "lit": "yes",
        "name": "Portelas",
        "public_transport": "platform",
        "ref:signed": "no",
        "shelter": "no",
        "tactile_paving": "no"
      },
      "geometry": {
        "type": "Point",
        "coordinates": [
          -8.6939098,
          37.1222997
        ]
      },
      "id": "node/11298552973"
    },
    {
      "type": "Feature",
      "properties": {
        "@id": "node/11298552974",
        "bench": "no",
        "bin": "no",
        "bus": "yes",
        "highway": "bus_stop",
        "lit": "yes",
        "name": "Portelas",
        "public_transport": "platform",
        "ref:signed": "no",
        "shelter": "no",
        "tactile_paving": "no"
      },
      "geometry": {
        "type": "Point",
        "coordinates": [
          -8.6945938,
          37.1235861
        ]
      },
      "id": "node/11298552974"
    },
    {
      "type": "Feature",
      "properties": {
        "@id": "node/11298552975",
        "bench": "yes",
        "bin": "yes",
        "bus": "yes",
        "highway": "bus_stop",
        "lit": "yes",
        "name": "Portelas",
        "public_transport": "platform",
        "shelter": "yes",
        "tactile_paving": "no"
      },
      "geometry": {
        "type": "Point",
        "coordinates": [
          -8.694571,
          37.1237893
        ]
      },
      "id": "node/11298552975"
    },
    {
      "type": "Feature",
      "properties": {
        "@id": "node/11298552976",
        "bench": "no",
        "highway": "bus_stop",
        "name": "Figueiral",
        "public_transport": "platform",
        "shelter": "no"
      },
      "geometry": {
        "type": "Point",
        "coordinates": [
          -8.703486,
          37.1381647
        ]
      },
      "id": "node/11298552976"
    },
    {
      "type": "Feature",
      "properties": {
        "@id": "node/11298552977",
        "bench": "no",
        "highway": "bus_stop",
        "name": "Vale da Bensafrim",
        "public_transport": "platform",
        "shelter": "no"
      },
      "geometry": {
        "type": "Point",
        "coordinates": [
          -8.7060629,
          37.1401522
        ]
      },
      "id": "node/11298552977"
    },
    {
      "type": "Feature",
      "properties": {
        "@id": "node/11298552978",
        "bench": "no",
        "bin": "no",
        "highway": "bus_stop",
        "name": "Paraíso",
        "public_transport": "platform",
        "shelter": "no",
        "tactile_paving": "no"
      },
      "geometry": {
        "type": "Point",
        "coordinates": [
          -8.722309,
          37.1550109
        ]
      },
      "id": "node/11298552978"
    },
    {
      "type": "Feature",
      "properties": {
        "@id": "node/11298552979",
        "bench": "no",
        "bin": "no",
        "highway": "bus_stop",
        "lit": "yes",
        "name": "Fronteira",
        "public_transport": "platform",
        "shelter": "no",
        "tactile_paving": "no"
      },
      "geometry": {
        "type": "Point",
        "coordinates": [
          -8.7308129,
          37.1544387
        ]
      },
      "id": "node/11298552979"
    },
    {
      "type": "Feature",
      "properties": {
        "@id": "node/11298552980",
        "bench": "no",
        "highway": "bus_stop",
        "name": "Bensafrim Junta",
        "note": "No bus stop is physically visible here, but the bus stops here nevertheless.",
        "public_transport": "platform",
        "shelter": "no"
      },
      "geometry": {
        "type": "Point",
        "coordinates": [
          -8.7345446,
          37.1553572
        ]
      },
      "id": "node/11298552980"
    },
    {
      "type": "Feature",
      "properties": {
        "@id": "node/11298552981",
        "bench": "yes",
        "bin": "no",
        "highway": "bus_stop",
        "lit": "yes",
        "name": "Bensafrim Mercado",
        "public_transport": "platform",
        "shelter": "yes",
        "tactile_paving": "no"
      },
      "geometry": {
        "type": "Point",
        "coordinates": [
          -8.7393142,
          37.1549826
        ]
      },
      "id": "node/11298552981"
    },
    {
      "type": "Feature",
      "properties": {
        "@id": "node/11340713223",
        "bench": "no",
        "bus": "yes",
        "highway": "bus_stop",
        "name": "Casa das Palmeiras",
        "public_transport": "platform",
        "shelter": "no"
      },
      "geometry": {
        "type": "Point",
        "coordinates": [
          -8.6776777,
          37.1076298
        ]
      },
      "id": "node/11340713223"
    },
    {
      "type": "Feature",
      "properties": {
        "@id": "node/11340713224",
        "bench": "no",
        "bus": "yes",
        "highway": "bus_stop",
        "name": "Esc. EB 2/3 No. 1",
        "public_transport": "platform",
        "shelter": "no"
      },
      "geometry": {
        "type": "Point",
        "coordinates": [
          -8.6792113,
          37.1091528
        ]
      },
      "id": "node/11340713224"
    },
    {
      "type": "Feature",
      "properties": {
        "@id": "node/11340713225",
        "bench": "no",
        "bus": "yes",
        "highway": "bus_stop",
        "name": "CM Lagos",
        "public_transport": "platform",
        "shelter": "no"
      },
      "geometry": {
        "type": "Point",
        "coordinates": [
          -8.6790235,
          37.1077886
        ]
      },
      "id": "node/11340713225"
    },
    {
      "type": "Feature",
      "properties": {
        "@id": "node/11340713226",
        "bench": "no",
        "bus": "yes",
        "highway": "bus_stop",
        "name": "CM Lagos",
        "public_transport": "platform",
        "shelter": "no"
      },
      "geometry": {
        "type": "Point",
        "coordinates": [
          -8.6788619,
          37.1077308
        ]
      },
      "id": "node/11340713226"
    },
    {
      "type": "Feature",
      "properties": {
        "@id": "node/11340713227",
        "bench": "no",
        "bus": "yes",
        "highway": "bus_stop",
        "name": "Avenida da República",
        "public_transport": "platform",
        "shelter": "no"
      },
      "geometry": {
        "type": "Point",
        "coordinates": [
          -8.6819874,
          37.1069774
        ]
      },
      "id": "node/11340713227"
    },
    {
      "type": "Feature",
      "properties": {
        "@id": "node/11340713228",
        "bench": "no",
        "bus": "yes",
        "highway": "bus_stop",
        "name": "Avenida da República",
        "public_transport": "platform",
        "shelter": "no"
      },
      "geometry": {
        "type": "Point",
        "coordinates": [
          -8.6820591,
          37.1068356
        ]
      },
      "id": "node/11340713228"
    },
    {
      "type": "Feature",
      "properties": {
        "@id": "node/11340713229",
        "bench": "yes",
        "bus": "yes",
        "highway": "bus_stop",
        "name": "Rotunda das Cadeiras - PL do Bairro da Abrótea",
        "public_transport": "platform",
        "shelter": "yes"
      },
      "geometry": {
        "type": "Point",
        "coordinates": [
          -8.6854689,
          37.1037842
        ]
      },
      "id": "node/11340713229"
    },
    {
      "type": "Feature",
      "properties": {
        "@id": "node/11340713230",
        "bench": "yes",
        "bus": "yes",
        "highway": "bus_stop",
        "name": "Avenida da República (Rot. Cadeiras)",
        "public_transport": "platform",
        "shelter": "yes"
      },
      "geometry": {
        "type": "Point",
        "coordinates": [
          -8.6844503,
          37.1038585
        ]
      },
      "id": "node/11340713230"
    },
    {
      "type": "Feature",
      "properties": {
        "@id": "node/11340713231",
        "bench": "yes",
        "bus": "yes",
        "highway": "bus_stop",
        "name": "Avenida da República (Rot. Cadeiras)",
        "public_transport": "platform",
        "shelter": "yes"
      },
      "geometry": {
        "type": "Point",
        "coordinates": [
          -8.6846079,
          37.104028
        ]
      },
      "id": "node/11340713231"
    },
    {
      "type": "Feature",
      "properties": {
        "@id": "node/11340713232",
        "bench": "no",
        "bin": "yes",
        "bus": "yes",
        "highway": "bus_stop",
        "lit": "yes",
        "name": "Rua do Moinho do Azeite",
        "public_transport": "platform",
        "shelter": "no",
        "tactile_paving": "no"
      },
      "geometry": {
        "type": "Point",
        "coordinates": [
          -8.6871178,
          37.1037486
        ]
      },
      "id": "node/11340713232"
    },
    {
      "type": "Feature",
      "properties": {
        "@id": "node/11340713233",
        "bench": "yes",
        "bin": "yes",
        "bus": "yes",
        "highway": "bus_stop",
        "lit": "yes",
        "name": "Rua do Moinho do Azeite",
        "public_transport": "platform",
        "shelter": "yes",
        "tactile_paving": "no"
      },
      "geometry": {
        "type": "Point",
        "coordinates": [
          -8.6871806,
          37.1036919
        ]
      },
      "id": "node/11340713233"
    },
    {
      "type": "Feature",
      "properties": {
        "@id": "node/11340713236",
        "bench": "yes",
        "bus": "yes",
        "highway": "bus_stop",
        "name": "Esc. Tecnopólis",
        "public_transport": "platform",
        "shelter": "yes"
      },
      "geometry": {
        "type": "Point",
        "coordinates": [
          -8.6887759,
          37.1059237
        ]
      },
      "id": "node/11340713236"
    },
    {
      "type": "Feature",
      "properties": {
        "@id": "node/11340713237",
        "bench": "no",
        "bus": "yes",
        "highway": "bus_stop",
        "name": "Fonte Coberta",
        "public_transport": "platform",
        "shelter": "no"
      },
      "geometry": {
        "type": "Point",
        "coordinates": [
          -8.6894614,
          37.1093428
        ]
      },
      "id": "node/11340713237"
    },
    {
      "type": "Feature",
      "properties": {
        "@id": "node/11340814151",
        "bench": "yes",
        "bin": "yes",
        "bus": "yes",
        "highway": "bus_stop",
        "name": "Barão de São João",
        "public_transport": "platform",
        "shelter": "yes",
        "tactile_paving": "no"
      },
      "geometry": {
        "type": "Point",
        "coordinates": [
          -8.7756548,
          37.1396454
        ]
      },
      "id": "node/11340814151"
    },
    {
      "type": "Feature",
      "properties": {
        "@id": "node/11340814152",
        "bench": "no",
        "bus": "yes",
        "highway": "bus_stop",
        "name": "Medronhal / Zoo",
        "public_transport": "platform",
        "shelter": "no"
      },
      "geometry": {
        "type": "Point",
        "coordinates": [
          -8.7662309,
          37.1455588
        ]
      },
      "id": "node/11340814152"
    },
    {
      "type": "Feature",
      "properties": {
        "@id": "node/11340814153",
        "bench": "yes",
        "bus": "yes",
        "highway": "bus_stop",
        "name": "Medronhal / Zoo",
        "public_transport": "platform",
        "shelter": "yes"
      },
      "geometry": {
        "type": "Point",
        "coordinates": [
          -8.7649629,
          37.1458464
        ]
      },
      "id": "node/11340814153"
    },
    {
      "type": "Feature",
      "properties": {
        "@id": "node/11340814154",
        "bench": "no",
        "bus": "yes",
        "departures_board": "no",
        "highway": "bus_stop",
        "name": "Azóia",
        "public_transport": "platform",
        "shelter": "no"
      },
      "geometry": {
        "type": "Point",
        "coordinates": [
          -8.7547906,
          37.1494932
        ]
      },
      "id": "node/11340814154"
    },
    {
      "type": "Feature",
      "properties": {
        "@id": "node/11340814155",
        "bench": "no",
        "bus": "yes",
        "highway": "bus_stop",
        "name": "Fonte do Maranhão 2",
        "public_transport": "platform",
        "shelter": "no"
      },
      "geometry": {
        "type": "Point",
        "coordinates": [
          -8.7469109,
          37.1512548
        ]
      },
      "id": "node/11340814155"
    },
    {
      "type": "Feature",
      "properties": {
        "@id": "node/11340851781",
        "bench": "no",
        "bus": "yes",
        "highway": "bus_stop",
        "name": "Barradas",
        "public_transport": "platform",
        "shelter": "no"
      },
      "geometry": {
        "type": "Point",
        "coordinates": [
          -8.6990221,
          37.1253184
        ]
      },
      "id": "node/11340851781"
    },
    {
      "type": "Feature",
      "properties": {
        "@id": "node/11340851782",
        "bench": "no",
        "bus": "yes",
        "highway": "bus_stop",
        "name": "Barba Preta",
        "public_transport": "platform",
        "shelter": "no"
      },
      "geometry": {
        "type": "Point",
        "coordinates": [
          -8.7117257,
          37.1260444
        ]
      },
      "id": "node/11340851782"
    },
    {
      "type": "Feature",
      "properties": {
        "@id": "node/11340851783",
        "bench": "no",
        "bus": "yes",
        "highway": "bus_stop",
        "name": "Monte Judeo Escolha Velha",
        "public_transport": "platform",
        "shelter": "no"
      },
      "geometry": {
        "type": "Point",
        "coordinates": [
          -8.7162177,
          37.1262829
        ]
      },
      "id": "node/11340851783"
    },
    {
      "type": "Feature",
      "properties": {
        "@id": "node/11340851784",
        "bench": "no",
        "bus": "yes",
        "highway": "bus_stop",
        "name": "Cruzamento do Barão",
        "public_transport": "platform",
        "shelter": "no"
      },
      "geometry": {
        "type": "Point",
        "coordinates": [
          -8.732435,
          37.1280193
        ]
      },
      "id": "node/11340851784"
    },
    {
      "type": "Feature",
      "properties": {
        "@id": "node/11340851796",
        "bench": "no",
        "bus": "yes",
        "highway": "bus_stop",
        "name": "Moinho do Boneco",
        "public_transport": "platform",
        "shelter": "no"
      },
      "geometry": {
        "type": "Point",
        "coordinates": [
          -8.733402,
          37.1361377
        ]
      },
      "id": "node/11340851796"
    },
    {
      "type": "Feature",
      "properties": {
        "@id": "node/11340851797",
        "bench": "no",
        "bus": "yes",
        "highway": "bus_stop",
        "name": "Colégio",
        "public_transport": "platform",
        "shelter": "no"
      },
      "geometry": {
        "type": "Point",
        "coordinates": [
          -8.725476,
          37.1396043
        ]
      },
      "id": "node/11340851797"
    },
    {
      "type": "Feature",
      "properties": {
        "@id": "node/11340851798",
        "bench": "no",
        "bus": "yes",
        "highway": "bus_stop",
        "name": "Casa Tomé",
        "public_transport": "platform",
        "shelter": "no",
        "tactile_paving": "no"
      },
      "geometry": {
        "type": "Point",
        "coordinates": [
          -8.7308103,
          37.145159
        ]
      },
      "id": "node/11340851798"
    },
    {
      "type": "Feature",
      "properties": {
        "@id": "node/11340851799",
        "bench": "no",
        "bus": "yes",
        "highway": "bus_stop",
        "name": "Maranhão 2",
        "public_transport": "platform",
        "shelter": "no"
      },
      "geometry": {
        "type": "Point",
        "coordinates": [
          -8.7360084,
          37.1455455
        ]
      },
      "id": "node/11340851799"
    },
    {
      "type": "Feature",
      "properties": {
        "@id": "node/11340851800",
        "bench": "no",
        "bus": "yes",
        "highway": "bus_stop",
        "name": "Maranhão 1",
        "public_transport": "platform",
        "shelter": "no"
      },
      "geometry": {
        "type": "Point",
        "coordinates": [
          -8.7403549,
          37.1474627
        ]
      },
      "id": "node/11340851800"
    },
    {
      "type": "Feature",
      "properties": {
        "@id": "node/11445913646",
        "bus": "yes",
        "fixme": "Verify position, unclear where the bus will stop.",
        "highway": "bus_stop",
        "name": "Hotel Marina",
        "network": "Transportes Urbanos de Lagos",
        "operator": "ONDA",
        "public_transport": "platform",
        "shelter": "no"
      },
      "geometry": {
        "type": "Point",
        "coordinates": [
          -8.6728156,
          37.1106132
        ]
      },
      "id": "node/11445913646"
    },
    {
      "type": "Feature",
      "properties": {
        "@id": "node/11445913647",
        "bench": "no",
        "bus": "yes",
        "highway": "bus_stop",
        "name": "Rua Hospital São João de Deus - Esc. J. Dantas",
        "public_transport": "platform",
        "shelter": "no"
      },
      "geometry": {
        "type": "Point",
        "coordinates": [
          -8.6805973,
          37.1007283
        ]
      },
      "id": "node/11445913647"
    },
    {
      "type": "Feature",
      "properties": {
        "@id": "node/11445913648",
        "bench": "yes",
        "bus": "yes",
        "highway": "bus_stop",
        "name": "IEFP - Pólo Formação / Centro Saúde",
        "public_transport": "platform",
        "shelter": "yes"
      },
      "geometry": {
        "type": "Point",
        "coordinates": [
          -8.6869823,
          37.1022477
        ]
      },
      "id": "node/11445913648"
    },
    {
      "type": "Feature",
      "properties": {
        "@id": "node/11445913649",
        "bench": "yes",
        "bus": "yes",
        "highway": "bus_stop",
        "name": "Rua Filarmónica Primeiro de Maio - Esc. J. Dantas",
        "public_transport": "platform",
        "shelter": "yes"
      },
      "geometry": {
        "type": "Point",
        "coordinates": [
          -8.6823066,
          37.1029638
        ]
      },
      "id": "node/11445913649"
    },
    {
      "type": "Feature",
      "properties": {
        "@id": "node/11445913650",
        "bench": "yes",
        "bus": "yes",
        "highway": "bus_stop",
        "name": "Mercado Santo Amaro",
        "public_transport": "platform",
        "shelter": "yes"
      },
      "geometry": {
        "type": "Point",
        "coordinates": [
          -8.6799576,
          37.1022065
        ]
      },
      "id": "node/11445913650"
    },
    {
      "type": "Feature",
      "properties": {
        "@id": "node/11445913651",
        "bench": "yes",
        "bus": "yes",
        "highway": "bus_stop",
        "name": "Rua Compromisso Maritimo",
        "public_transport": "platform",
        "shelter": "yes"
      },
      "geometry": {
        "type": "Point",
        "coordinates": [
          -8.6786956,
          37.1004202
        ]
      },
      "id": "node/11445913651"
    },
    {
      "type": "Feature",
      "properties": {
        "@id": "node/11445913652",
        "bench": "no",
        "bus": "yes",
        "highway": "bus_stop",
        "name": "Rua Dr. Francisco Sá Carneiro - CTT",
        "public_transport": "platform",
        "shelter": "no"
      },
      "geometry": {
        "type": "Point",
        "coordinates": [
          -8.6773398,
          37.0983959
        ]
      },
      "id": "node/11445913652"
    },
    {
      "type": "Feature",
      "properties": {
        "@id": "node/11445913653",
        "bench": "yes",
        "bus": "yes",
        "highway": "bus_stop",
        "name": "Finanças",
        "public_transport": "platform",
        "shelter": "yes"
      },
      "geometry": {
        "type": "Point",
        "coordinates": [
          -8.6764788,
          37.0970989
        ]
      },
      "id": "node/11445913653"
    },
    {
      "type": "Feature",
      "properties": {
        "@id": "node/11446019102",
        "bench": "no",
        "bus": "yes",
        "highway": "bus_stop",
        "name": "S. João",
        "public_transport": "platform",
        "shelter": "no"
      },
      "geometry": {
        "type": "Point",
        "coordinates": [
          -8.6815643,
          37.1119987
        ]
      },
      "id": "node/11446019102"
    },
    {
      "type": "Feature",
      "properties": {
        "@id": "node/11446019103",
        "bench": "no",
        "bin": "no",
        "bus": "yes",
        "highway": "bus_stop",
        "name": "Marateca - EN125",
        "public_transport": "platform",
        "shelter": "no",
        "tactile_paving": "no"
      },
      "geometry": {
        "type": "Point",
        "coordinates": [
          -8.6710044,
          37.1271126
        ]
      },
      "id": "node/11446019103"
    },
    {
      "type": "Feature",
      "properties": {
        "@id": "node/11446019106",
        "bus": "yes",
        "departures_board": "timetable",
        "highway": "bus_stop",
        "name": "Rua da Alfarrobeira",
        "network": "onda",
        "operator": "municipal",
        "public_transport": "platform"
      },
      "geometry": {
        "type": "Point",
        "coordinates": [
          -8.6722778,
          37.1293725
        ]
      },
      "id": "node/11446019106"
    },
    {
      "type": "Feature",
      "properties": {
        "@id": "node/11446019107",
        "bench": "yes",
        "bin": "no",
        "bus": "yes",
        "highway": "bus_stop",
        "name": "Chinicato - Esc. 1° Ciclo",
        "public_transport": "platform",
        "shelter": "yes"
      },
      "geometry": {
        "type": "Point",
        "coordinates": [
          -8.6699677,
          37.1312564
        ]
      },
      "id": "node/11446019107"
    },
    {
      "type": "Feature",
      "properties": {
        "@id": "node/11446019108",
        "bench": "yes",
        "bin": "yes",
        "bus": "yes",
        "highway": "bus_stop",
        "lit": "yes",
        "name": "Chinicato - Ed. Multifunções",
        "public_transport": "platform",
        "shelter": "yes",
        "tactile_paving": "no"
      },
      "geometry": {
        "type": "Point",
        "coordinates": [
          -8.6671606,
          37.1324265
        ]
      },
      "id": "node/11446019108"
    },
    {
      "type": "Feature",
      "properties": {
        "@id": "node/11446019109",
        "bench": "yes",
        "bin": "yes",
        "bus": "yes",
        "highway": "bus_stop",
        "lit": "yes",
        "name": "Chinicato - Ed. Multifunções",
        "public_transport": "platform",
        "shelter": "yes",
        "tactile_paving": "no"
      },
      "geometry": {
        "type": "Point",
        "coordinates": [
          -8.6671424,
          37.1322868
        ]
      },
      "id": "node/11446019109"
    },
    {
      "type": "Feature",
      "properties": {
        "@id": "node/11446100052",
        "bench": "no",
        "bin": "no",
        "bus": "yes",
        "highway": "bus_stop",
        "name": "Rua Vasco da Gama",
        "operator": "ONDA",
        "public_transport": "platform",
        "shelter": "no"
      },
      "geometry": {
        "type": "Point",
        "coordinates": [
          -8.6802064,
          37.1102292
        ]
      },
      "id": "node/11446100052"
    },
    {
      "type": "Feature",
      "properties": {
        "@id": "node/11446100053",
        "bench": "yes",
        "bin": "no",
        "bus": "yes",
        "highway": "bus_stop",
        "name": "Hospital Terras do Infante (Nascente)",
        "operator": "ONDA",
        "public_transport": "platform",
        "shelter": "yes",
        "tactile_paving": "no"
      },
      "geometry": {
        "type": "Point",
        "coordinates": [
          -8.6824179,
          37.0979686
        ]
      },
      "id": "node/11446100053"
    },
    {
      "type": "Feature",
      "properties": {
        "@id": "node/11446100054",
        "bench": "yes",
        "bin": "no",
        "bus": "yes",
        "highway": "bus_stop",
        "name": "Hospital Terras do Infante (Poente)",
        "operator": "ONDA",
        "public_transport": "platform",
        "shelter": "yes",
        "tactile_paving": "no"
      },
      "geometry": {
        "type": "Point",
        "coordinates": [
          -8.6825607,
          37.0979846
        ]
      },
      "id": "node/11446100054"
    },
    {
      "type": "Feature",
      "properties": {
        "@id": "node/11446100055",
        "bench": "no",
        "bin": "no",
        "bus": "yes",
        "fixme": "Verify position, unclear where the bus will stop.",
        "highway": "bus_stop",
        "name": "Rua Dr. Adelino Palma Carlos",
        "operator": "ONDA",
        "public_transport": "platform",
        "shelter": "no"
      },
      "geometry": {
        "type": "Point",
        "coordinates": [
          -8.6836909,
          37.0972217
        ]
      },
      "id": "node/11446100055"
    },
    {
      "type": "Feature",
      "properties": {
        "@id": "node/11446100056",
        "bench": "no",
        "bin": "no",
        "bus": "yes",
        "highway": "bus_stop",
        "name": "Rua Dr. Adelino Palma Carlos",
        "operator": "ONDA",
        "public_transport": "platform",
        "shelter": "no"
      },
      "geometry": {
        "type": "Point",
        "coordinates": [
          -8.6836584,
          37.0971436
        ]
      },
      "id": "node/11446100056"
    },
    {
      "type": "Feature",
      "properties": {
        "@id": "node/11446100057",
        "bench": "yes",
        "bin": "no",
        "bus": "yes",
        "highway": "bus_stop",
        "name": "Esc. Gil Eanes",
        "operator": "ONDA",
        "public_transport": "platform",
        "shelter": "yes"
      },
      "geometry": {
        "type": "Point",
        "coordinates": [
          -8.6866383,
          37.0964314
        ]
      },
      "id": "node/11446100057"
    },
    {
      "type": "Feature",
      "properties": {
        "@id": "node/11446100058",
        "bench": "no",
        "bin": "no",
        "bus": "yes",
        "highway": "bus_stop",
        "name": "Pedra Alçada - Centro de Saúde (Poente)",
        "operator": "ONDA",
        "public_transport": "platform",
        "shelter": "no"
      },
      "geometry": {
        "type": "Point",
        "coordinates": [
          -8.6879023,
          37.1005855
        ]
      },
      "id": "node/11446100058"
    },
    {
      "type": "Feature",
      "properties": {
        "@id": "node/11446100059",
        "bench": "no",
        "bin": "no",
        "bus": "yes",
        "highway": "bus_stop",
        "name": "Pedra Alçada - Centro de Saúde (Nascente)",
        "operator": "ONDA",
        "public_transport": "platform",
        "shelter": "no"
      },
      "geometry": {
        "type": "Point",
        "coordinates": [
          -8.687848,
          37.1005256
        ]
      },
      "id": "node/11446100059"
    },
    {
      "type": "Feature",
      "properties": {
        "@id": "node/11446100060",
        "bench": "yes",
        "bin": "no",
        "bus": "yes",
        "highway": "bus_stop",
        "name": "Centro de Saúde (Norte)",
        "operator": "ONDA",
        "public_transport": "platform",
        "shelter": "yes"
      },
      "geometry": {
        "type": "Point",
        "coordinates": [
          -8.6882074,
          37.1013508
        ]
      },
      "id": "node/11446100060"
    },
    {
      "type": "Feature",
      "properties": {
        "@id": "node/11446100061",
        "bench": "no",
        "bin": "no",
        "bus": "yes",
        "highway": "bus_stop",
        "name": "Boavista",
        "public_transport": "platform",
        "shelter": "no"
      },
      "geometry": {
        "type": "Point",
        "coordinates": [
          -8.7027148,
          37.1039922
        ]
      },
      "id": "node/11446100061"
    },
    {
      "type": "Feature",
      "properties": {
        "@id": "node/11446100064",
        "bench": "no",
        "bin": "no",
        "bus": "yes",
        "highway": "bus_stop",
        "name": "Boavista",
        "public_transport": "platform",
        "shelter": "no"
      },
      "geometry": {
        "type": "Point",
        "coordinates": [
          -8.7028141,
          37.1038307
        ]
      },
      "id": "node/11446100064"
    },
    {
      "type": "Feature",
      "properties": {
        "@id": "node/11446100065",
        "bench": "no",
        "bin": "no",
        "bus": "yes",
        "highway": "bus_stop",
        "name": "Quatro Estradas",
        "public_transport": "platform",
        "shelter": "no"
      },
      "geometry": {
        "type": "Point",
        "coordinates": [
          -8.7052998,
          37.1061677
        ]
      },
      "id": "node/11446100065"
    },
    {
      "type": "Feature",
      "properties": {
        "@id": "node/11446100066",
        "bench": "no",
        "bin": "no",
        "bus": "yes",
        "highway": "bus_stop",
        "name": "Quatro Estradas",
        "public_transport": "platform",
        "shelter": "no"
      },
      "geometry": {
        "type": "Point",
        "coordinates": [
          -8.7061226,
          37.1066522
        ]
      },
      "id": "node/11446100066"
    },
    {
      "type": "Feature",
      "properties": {
        "@id": "node/11446100067",
        "bench": "no",
        "bin": "no",
        "bus": "yes",
        "fixme": "Verify position, unclear where the bus will stop.",
        "highway": "bus_stop",
        "name": "Monte S. Pedro",
        "public_transport": "platform",
        "shelter": "no"
      },
      "geometry": {
        "type": "Point",
        "coordinates": [
          -8.7110712,
          37.1041136
        ]
      },
      "id": "node/11446100067"
    },
    {
      "type": "Feature",
      "properties": {
        "@id": "node/11446100068",
        "bench": "yes",
        "bin": "no",
        "bus": "yes",
        "highway": "bus_stop",
        "name": "Monte S. Pedro",
        "public_transport": "platform",
        "shelter": "no"
      },
      "geometry": {
        "type": "Point",
        "coordinates": [
          -8.7109184,
          37.10415
        ]
      },
      "id": "node/11446100068"
    },
    {
      "type": "Feature",
      "properties": {
        "@id": "node/11446109269",
        "bench": "no",
        "bin": "no",
        "bus": "yes",
        "highway": "bus_stop",
        "name": "Valverde",
        "public_transport": "platform",
        "shelter": "no"
      },
      "geometry": {
        "type": "Point",
        "coordinates": [
          -8.7176393,
          37.0992554
        ]
      },
      "id": "node/11446109269"
    },
    {
      "type": "Feature",
      "properties": {
        "@id": "node/11446109270",
        "bench": "yes",
        "bin": "no",
        "bus": "yes",
        "highway": "bus_stop",
        "name": "Valverde (Sul)",
        "public_transport": "platform",
        "shelter": "yes"
      },
      "geometry": {
        "type": "Point",
        "coordinates": [
          -8.7175679,
          37.0992292
        ]
      },
      "id": "node/11446109270"
    },
    {
      "type": "Feature",
      "properties": {
        "@id": "node/11446109271",
        "bench": "no",
        "bin": "no",
        "bus": "yes",
        "fixme": "Verify position, unclear where the bus will stop.",
        "highway": "bus_stop",
        "name": "Quinta da Luz",
        "public_transport": "platform",
        "shelter": "no"
      },
      "geometry": {
        "type": "Point",
        "coordinates": [
          -8.7225457,
          37.0948515
        ]
      },
      "id": "node/11446109271"
    },
    {
      "type": "Feature",
      "properties": {
        "@id": "node/11446109272",
        "bench": "yes",
        "bin": "no",
        "bus": "yes",
        "highway": "bus_stop",
        "name": "Quinta da Luz",
        "public_transport": "platform",
        "shelter": "no"
      },
      "geometry": {
        "type": "Point",
        "coordinates": [
          -8.7223332,
          37.0948916
        ]
      },
      "id": "node/11446109272"
    },
    {
      "type": "Feature",
      "properties": {
        "@id": "node/11446109273",
        "bench": "yes",
        "bin": "no",
        "bus": "yes",
        "highway": "bus_stop",
        "name": "Clube Luzense",
        "public_transport": "platform",
        "shelter": "yes"
      },
      "geometry": {
        "type": "Point",
        "coordinates": [
          -8.7283487,
          37.089315
        ]
      },
      "id": "node/11446109273"
    },
    {
      "type": "Feature",
      "properties": {
        "@id": "node/11446109274",
        "bench": "yes",
        "bin": "no",
        "bus": "yes",
        "highway": "bus_stop",
        "name": "Luz - Mercado (nascente)",
        "public_transport": "platform",
        "shelter": "yes",
        "tactile_paving": "no"
      },
      "geometry": {
        "type": "Point",
        "coordinates": [
          -8.7313347,
          37.0873754
        ]
      },
      "id": "node/11446109274"
    },
    {
      "type": "Feature",
      "properties": {
        "@id": "node/11446109275",
        "bench": "no",
        "bin": "no",
        "bus": "yes",
        "highway": "bus_stop",
        "name": "Luz - Mercado",
        "public_transport": "platform",
        "shelter": "no",
        "tactile_paving": "no"
      },
      "geometry": {
        "type": "Point",
        "coordinates": [
          -8.731503,
          37.0875268
        ]
      },
      "id": "node/11446109275"
    },
    {
      "type": "Feature",
      "properties": {
        "@id": "node/11446109276",
        "bench": "no",
        "bin": "no",
        "bus": "yes",
        "fixme": "Verify position, unclear where the bus will stop.",
        "highway": "bus_stop",
        "name": "Hotel Bela Vista",
        "public_transport": "platform",
        "shelter": "no"
      },
      "geometry": {
        "type": "Point",
        "coordinates": [
          -8.7333041,
          37.0909822
        ]
      },
      "id": "node/11446109276"
    },
    {
      "type": "Feature",
      "properties": {
        "@id": "node/11446109277",
        "bench": "no",
        "bin": "no",
        "bus": "yes",
        "highway": "bus_stop",
        "name": "Hotel Bela Vista",
        "public_transport": "platform",
        "shelter": "no"
      },
      "geometry": {
        "type": "Point",
        "coordinates": [
          -8.7334395,
          37.0909999
        ]
      },
      "id": "node/11446109277"
    },
    {
      "type": "Feature",
      "properties": {
        "@id": "node/11446109278",
        "bench": "no",
        "bin": "no",
        "bus": "yes",
        "highway": "bus_stop",
        "name": "Vila Serena - Avenida Infante Dom Henrique",
        "public_transport": "platform",
        "shelter": "no"
      },
      "geometry": {
        "type": "Point",
        "coordinates": [
          -8.7349114,
          37.0921729
        ]
      },
      "id": "node/11446109278"
    },
    {
      "type": "Feature",
      "properties": {
        "@id": "node/11446109279",
        "bench": "no",
        "bin": "no",
        "bus": "yes",
        "highway": "bus_stop",
        "name": "Vila Serena - Avenida Infante Dom Henrique",
        "public_transport": "platform",
        "shelter": "no"
      },
      "geometry": {
        "type": "Point",
        "coordinates": [
          -8.7349825,
          37.0922445
        ]
      },
      "id": "node/11446109279"
    },
    {
      "type": "Feature",
      "properties": {
        "@id": "node/11446109280",
        "bench": "no",
        "bin": "no",
        "bus": "yes",
        "highway": "bus_stop",
        "name": "Avenida Infante Dom Henrique",
        "public_transport": "platform",
        "shelter": "no"
      },
      "geometry": {
        "type": "Point",
        "coordinates": [
          -8.7370196,
          37.0877317
        ]
      },
      "id": "node/11446109280"
    },
    {
      "type": "Feature",
      "properties": {
        "@id": "node/11446109281",
        "bench": "no",
        "bin": "no",
        "bus": "yes",
        "highway": "bus_stop",
        "name": "Avenida Infante Dom Henrique",
        "public_transport": "platform",
        "shelter": "no"
      },
      "geometry": {
        "type": "Point",
        "coordinates": [
          -8.7370209,
          37.0872604
        ]
      },
      "id": "node/11446109281"
    },
    {
      "type": "Feature",
      "properties": {
        "@id": "node/11446109282",
        "bench": "no",
        "bin": "no",
        "bus": "yes",
        "highway": "bus_stop",
        "name": "Luz Mar",
        "public_transport": "platform",
        "shelter": "no"
      },
      "geometry": {
        "type": "Point",
        "coordinates": [
          -8.7467627,
          37.0860601
        ]
      },
      "id": "node/11446109282"
    },
    {
      "type": "Feature",
      "properties": {
        "@id": "node/11446109283",
        "bench": "yes",
        "bin": "no",
        "bus": "yes",
        "highway": "bus_stop",
        "name": "Luz Mar",
        "public_transport": "platform",
        "shelter": "yes"
      },
      "geometry": {
        "type": "Point",
        "coordinates": [
          -8.7466407,
          37.0861756
        ]
      },
      "id": "node/11446109283"
    },
    {
      "type": "Feature",
      "properties": {
        "@id": "node/11446109284",
        "amenity": "bus_station",
        "bench": "no",
        "bin": "no",
        "bus": "yes",
        "fixme": "Verify position, unclear where the bus will stop.",
        "highway": "bus_stop",
        "name": "Montinhos da Luz",
        "public_transport": "platform",
        "shelter": "no",
        "tactile_paving": "no"
      },
      "geometry": {
        "type": "Point",
        "coordinates": [
          -8.7506526,
          37.0849613
        ]
      },
      "id": "node/11446109284"
    },
    {
      "type": "Feature",
      "properties": {
        "@id": "node/11446109285",
        "bench": "no",
        "bin": "no",
        "fixme": "Verify position, unclear where the bus will stop.",
        "highway": "bus_stop",
        "name": "Porto Dona Maria",
        "public_transport": "platform",
        "shelter": "no"
      },
      "geometry": {
        "type": "Point",
        "coordinates": [
          -8.7546819,
          37.0834571
        ]
      },
      "id": "node/11446109285"
    },
    {
      "type": "Feature",
      "properties": {
        "@id": "node/11446109286",
        "bench": "no",
        "bin": "no",
        "highway": "bus_stop",
        "name": "Porto Dona Maria",
        "public_transport": "platform",
        "shelter": "no"
      },
      "geometry": {
        "type": "Point",
        "coordinates": [
          -8.7547456,
          37.083348
        ]
      },
      "id": "node/11446109286"
    },
    {
      "type": "Feature",
      "properties": {
        "@id": "node/11446109287",
        "bench": "no",
        "bin": "no",
        "fixme": "Verify position, unclear where the bus will stop.",
        "highway": "bus_stop",
        "name": "Alagoa / Cama de Vaca",
        "public_transport": "platform",
        "shelter": "no"
      },
      "geometry": {
        "type": "Point",
        "coordinates": [
          -8.7589969,
          37.0808043
        ]
      },
      "id": "node/11446109287"
    },
    {
      "type": "Feature",
      "properties": {
        "@id": "node/11446109288",
        "bench": "no",
        "bin": "no",
        "highway": "bus_stop",
        "name": "Alagoa / Cama de Vaca",
        "public_transport": "platform",
        "shelter": "no"
      },
      "geometry": {
        "type": "Point",
        "coordinates": [
          -8.7591928,
          37.0806443
        ]
      },
      "id": "node/11446109288"
    },
    {
      "type": "Feature",
      "properties": {
        "@id": "node/11446109289",
        "bench": "no",
        "bin": "no",
        "highway": "bus_stop",
        "name": "Escola Internacional Vale Verde",
        "public_transport": "platform",
        "shelter": "no"
      },
      "geometry": {
        "type": "Point",
        "coordinates": [
          -8.7665159,
          37.0768878
        ]
      },
      "id": "node/11446109289"
    },
    {
      "type": "Feature",
      "properties": {
        "@id": "node/11446109290",
        "bench": "no",
        "bin": "no",
        "highway": "bus_stop",
        "name": "Escola Internacional Vale Verde",
        "public_transport": "platform",
        "shelter": "no"
      },
      "geometry": {
        "type": "Point",
        "coordinates": [
          -8.7665856,
          37.0769215
        ]
      },
      "id": "node/11446109290"
    },
    {
      "type": "Feature",
      "properties": {
        "@id": "node/11446109291",
        "bench": "no",
        "bin": "no",
        "highway": "bus_stop",
        "name": "Montinhos do Burgau",
        "public_transport": "platform",
        "shelter": "no"
      },
      "geometry": {
        "type": "Point",
        "coordinates": [
          -8.7703863,
          37.0754663
        ]
      },
      "id": "node/11446109291"
    },
    {
      "type": "Feature",
      "properties": {
        "@id": "node/11446109292",
        "bench": "no",
        "bin": "no",
        "highway": "bus_stop",
        "name": "Montinhos do Burgau",
        "public_transport": "platform",
        "shelter": "no"
      },
      "geometry": {
        "type": "Point",
        "coordinates": [
          -8.7705043,
          37.0755048
        ]
      },
      "id": "node/11446109292"
    },
    {
      "type": "Feature",
      "properties": {
        "@id": "node/11446167714",
        "bench": "no",
        "bin": "no",
        "bus": "yes",
        "fixme": "Verify position, unclear where the bus will stop.",
        "highway": "bus_stop",
        "name": "Monte da Horta",
        "operator": "ONDA",
        "public_transport": "platform",
        "shelter": "no"
      },
      "geometry": {
        "type": "Point",
        "coordinates": [
          -8.7339418,
          37.0932351
        ]
      },
      "id": "node/11446167714"
    },
    {
      "type": "Feature",
      "properties": {
        "@id": "node/11446167715",
        "bench": "no",
        "bin": "no",
        "bus": "yes",
        "fixme": "Verify position, unclear where the bus will stop.",
        "highway": "bus_stop",
        "name": "Monte da Horta",
        "operator": "ONDA",
        "public_transport": "platform",
        "shelter": "no"
      },
      "geometry": {
        "type": "Point",
        "coordinates": [
          -8.7340611,
          37.0932169
        ]
      },
      "id": "node/11446167715"
    },
    {
      "type": "Feature",
      "properties": {
        "@id": "node/11446167716",
        "bench": "no",
        "bin": "no",
        "bus": "yes",
        "fixme": "Verify position, unclear where the bus will stop.",
        "highway": "bus_stop",
        "name": "Caliços",
        "operator": "ONDA",
        "public_transport": "platform",
        "shelter": "no"
      },
      "geometry": {
        "type": "Point",
        "coordinates": [
          -8.7359286,
          37.0956217
        ]
      },
      "id": "node/11446167716"
    },
    {
      "type": "Feature",
      "properties": {
        "@id": "node/11446167717",
        "bench": "no",
        "bin": "no",
        "bus": "yes",
        "highway": "bus_stop",
        "name": "Caliços",
        "operator": "ONDA",
        "public_transport": "platform",
        "shelter": "no"
      },
      "geometry": {
        "type": "Point",
        "coordinates": [
          -8.7360473,
          37.0955661
        ]
      },
      "id": "node/11446167717"
    },
    {
      "type": "Feature",
      "properties": {
        "@id": "node/11446167718",
        "bench": "yes",
        "bin": "no",
        "bus": "yes",
        "highway": "bus_stop",
        "name": "Espiche",
        "operator": "ONDA",
        "public_transport": "platform",
        "shelter": "no"
      },
      "geometry": {
        "type": "Point",
        "coordinates": [
          -8.7371993,
          37.1000523
        ]
      },
      "id": "node/11446167718"
    },
    {
      "type": "Feature",
      "properties": {
        "@id": "node/11446167719",
        "bench": "yes",
        "bin": "no",
        "bus": "yes",
        "highway": "bus_stop",
        "name": "Fontanário (Poente)",
        "operator": "ONDA",
        "public_transport": "platform",
        "shelter": "yes"
      },
      "geometry": {
        "type": "Point",
        "coordinates": [
          -8.7395382,
          37.0999111
        ]
      },
      "id": "node/11446167719"
    },
    {
      "type": "Feature",
      "properties": {
        "@id": "node/11446167720",
        "bench": "yes",
        "bin": "no",
        "bus": "yes",
        "highway": "bus_stop",
        "name": "Fontanário (Nascente)",
        "operator": "ONDA",
        "public_transport": "platform",
        "shelter": "yes"
      },
      "geometry": {
        "type": "Point",
        "coordinates": [
          -8.7394396,
          37.1000218
        ]
      },
      "id": "node/11446167720"
    },
    {
      "type": "Feature",
      "properties": {
        "@id": "node/11446167721",
        "bench": "no",
        "bin": "no",
        "bus": "yes",
        "highway": "bus_stop",
        "name": "Areões",
        "operator": "ONDA",
        "public_transport": "platform",
        "shelter": "no"
      },
      "geometry": {
        "type": "Point",
        "coordinates": [
          -8.7457207,
          37.100924
        ]
      },
      "id": "node/11446167721"
    },
    {
      "type": "Feature",
      "properties": {
        "@id": "node/11446167722",
        "bench": "no",
        "bin": "no",
        "bus": "yes",
        "highway": "bus_stop",
        "name": "Cerro dos Vales",
        "operator": "ONDA",
        "public_transport": "platform",
        "shelter": "no",
        "tactile_paving": "no"
      },
      "geometry": {
        "type": "Point",
        "coordinates": [
          -8.7542273,
          37.0992901
        ]
      },
      "id": "node/11446167722"
    },
    {
      "type": "Feature",
      "properties": {
        "@id": "node/11446167723",
        "bench": "no",
        "bin": "no",
        "bus": "yes",
        "highway": "bus_stop",
        "name": "Cerro dos Vales",
        "operator": "ONDA",
        "public_transport": "platform",
        "shelter": "no"
      },
      "geometry": {
        "type": "Point",
        "coordinates": [
          -8.7541965,
          37.0993993
        ]
      },
      "id": "node/11446167723"
    },
    {
      "type": "Feature",
      "properties": {
        "@id": "node/11446167724",
        "bench": "no",
        "bin": "no",
        "bus": "yes",
        "highway": "bus_stop",
        "name": "Belo Horizonte",
        "operator": "ONDA",
        "public_transport": "platform",
        "shelter": "no",
        "tactile_paving": "no"
      },
      "geometry": {
        "type": "Point",
        "coordinates": [
          -8.7591639,
          37.0974931
        ]
      },
      "id": "node/11446167724"
    },
    {
      "type": "Feature",
      "properties": {
        "@id": "node/11446167725",
        "bench": "no",
        "bin": "no",
        "bus": "yes",
        "highway": "bus_stop",
        "name": "Belo Horizonte",
        "operator": "ONDA",
        "public_transport": "platform",
        "shelter": "no",
        "tactile_paving": "no"
      },
      "geometry": {
        "type": "Point",
        "coordinates": [
          -8.7594476,
          37.0974573
        ]
      },
      "id": "node/11446167725"
    },
    {
      "type": "Feature",
      "properties": {
        "@id": "node/11446196487",
        "bench": "yes",
        "bin": "no",
        "bus": "yes",
        "highway": "bus_stop",
        "name": "Rua do Ramalhete 2",
        "operator": "ONDA",
        "public_transport": "platform",
        "shelter": "yes"
      },
      "geometry": {
        "type": "Point",
        "coordinates": [
          -8.7316465,
          37.0892176
        ]
      },
      "id": "node/11446196487"
    },
    {
      "type": "Feature",
      "properties": {
        "@id": "node/11446196488",
        "bench": "no",
        "bin": "no",
        "bus": "yes",
        "highway": "bus_stop",
        "name": "Rua do Ramalhete 1",
        "operator": "ONDA",
        "public_transport": "platform",
        "shelter": "no"
      },
      "geometry": {
        "type": "Point",
        "coordinates": [
          -8.7287745,
          37.0907036
        ]
      },
      "id": "node/11446196488"
    },
    {
      "type": "Feature",
      "properties": {
        "@id": "node/11446196489",
        "bench": "yes",
        "bin": "no",
        "bus": "yes",
        "highway": "bus_stop",
        "name": "Escola Júlio Dantas (Norte)",
        "operator": "ONDA",
        "public_transport": "platform",
        "shelter": "yes"
      },
      "geometry": {
        "type": "Point",
        "coordinates": [
          -8.6829992,
          37.1004716
        ]
      },
      "id": "node/11446196489"
    },
    {
      "type": "Feature",
      "properties": {
        "@id": "node/11446196490",
        "bench": "no",
        "bin": "no",
        "bus": "yes",
        "highway": "bus_stop",
        "name": "Rua Dom Manuel I",
        "operator": "ONDA",
        "public_transport": "platform",
        "shelter": "no"
      },
      "geometry": {
        "type": "Point",
        "coordinates": [
          -8.6820095,
          37.0963293
        ]
      },
      "id": "node/11446196490"
    },
    {
      "type": "Feature",
      "properties": {
        "@id": "node/11446196491",
        "bench": "yes",
        "bin": "no",
        "bus": "yes",
        "highway": "bus_stop",
        "name": "Rua Dom Manuel I (Nascente)",
        "operator": "ONDA",
        "public_transport": "platform",
        "shelter": "yes"
      },
      "geometry": {
        "type": "Point",
        "coordinates": [
          -8.681915,
          37.0963881
        ]
      },
      "id": "node/11446196491"
    },
    {
      "type": "Feature",
      "properties": {
        "@id": "node/11446257472",
        "bench": "no",
        "bin": "no",
        "fixme": "Verify position, unclear where the bus will stop.",
        "highway": "bus_stop",
        "name": "Montes Juntos 2",
        "public_transport": "platform",
        "shelter": "no"
      },
      "geometry": {
        "type": "Point",
        "coordinates": [
          -8.6904632,
          37.1459656
        ]
      },
      "id": "node/11446257472"
    },
    {
      "type": "Feature",
      "properties": {
        "@id": "node/11446257473",
        "bench": "no",
        "bin": "no",
        "fixme": "Verify position, unclear where the bus will stop.",
        "highway": "bus_stop",
        "name": "Montes Juntos 2",
        "public_transport": "platform",
        "shelter": "no"
      },
      "geometry": {
        "type": "Point",
        "coordinates": [
          -8.6904055,
          37.1459453
        ]
      },
      "id": "node/11446257473"
    },
    {
      "type": "Feature",
      "properties": {
        "@id": "node/11446257474",
        "bench": "no",
        "bin": "no",
        "highway": "bus_stop",
        "name": "Montes Juntos 1",
        "public_transport": "platform",
        "shelter": "no"
      },
      "geometry": {
        "type": "Point",
        "coordinates": [
          -8.6886077,
          37.1490736
        ]
      },
      "id": "node/11446257474"
    },
    {
      "type": "Feature",
      "properties": {
        "@id": "node/11446257475",
        "bench": "no",
        "bin": "no",
        "fixme": "Verify position, unclear where the bus will stop.",
        "highway": "bus_stop",
        "name": "Montes Juntos 3",
        "public_transport": "platform",
        "shelter": "no"
      },
      "geometry": {
        "type": "Point",
        "coordinates": [
          -8.6921523,
          37.1429943
        ]
      },
      "id": "node/11446257475"
    },
    {
      "type": "Feature",
      "properties": {
        "@id": "node/11446257476",
        "bench": "no",
        "bin": "no",
        "highway": "bus_stop",
        "name": "Montes Juntos 3",
        "public_transport": "platform",
        "shelter": "no"
      },
      "geometry": {
        "type": "Point",
        "coordinates": [
          -8.6922696,
          37.1429745
        ]
      },
      "id": "node/11446257476"
    },
    {
      "type": "Feature",
      "properties": {
        "@id": "node/11446257477",
        "bench": "no",
        "bin": "no",
        "bus": "yes",
        "highway": "bus_stop",
        "name": "Montes Juntos (cruz.)",
        "public_transport": "platform",
        "shelter": "no"
      },
      "geometry": {
        "type": "Point",
        "coordinates": [
          -8.6922971,
          37.137929
        ]
      },
      "id": "node/11446257477"
    },
    {
      "type": "Feature",
      "properties": {
        "@id": "node/11446257478",
        "bench": "yes",
        "bin": "no",
        "bus": "yes",
        "highway": "bus_stop",
        "name": "Montes Juntos (cruz.)",
        "public_transport": "platform",
        "shelter": "yes"
      },
      "geometry": {
        "type": "Point",
        "coordinates": [
          -8.6921074,
          37.1379552
        ]
      },
      "id": "node/11446257478"
    },
    {
      "type": "Feature",
      "properties": {
        "@id": "node/11446257479",
        "bench": "yes",
        "bin": "no",
        "bus": "yes",
        "highway": "bus_stop",
        "name": "Sargaçal",
        "public_transport": "platform",
        "shelter": "yes"
      },
      "geometry": {
        "type": "Point",
        "coordinates": [
          -8.6880317,
          37.1370609
        ]
      },
      "id": "node/11446257479"
    },
    {
      "type": "Feature",
      "properties": {
        "@id": "node/11446257480",
        "bench": "no",
        "bin": "no",
        "bus": "yes",
        "highway": "bus_stop",
        "name": "Sargaçal",
        "public_transport": "platform",
        "shelter": "no"
      },
      "geometry": {
        "type": "Point",
        "coordinates": [
          -8.6880632,
          37.137194
        ]
      },
      "id": "node/11446257480"
    },
    {
      "type": "Feature",
      "properties": {
        "@id": "node/11446257481",
        "bench": "no",
        "bin": "no",
        "bus": "yes",
        "highway": "bus_stop",
        "name": "Várzea do Paúl",
        "public_transport": "platform",
        "shelter": "no"
      },
      "geometry": {
        "type": "Point",
        "coordinates": [
          -8.6837912,
          37.1396005
        ]
      },
      "id": "node/11446257481"
    },
    {
      "type": "Feature",
      "properties": {
        "@id": "node/11446257482",
        "bench": "yes",
        "bin": "no",
        "bus": "yes",
        "highway": "bus_stop",
        "name": "Várzea do Paúl",
        "public_transport": "platform",
        "shelter": "yes"
      },
      "geometry": {
        "type": "Point",
        "coordinates": [
          -8.684052,
          37.1401736
        ]
      },
      "id": "node/11446257482"
    },
    {
      "type": "Feature",
      "properties": {
        "@id": "node/11446257483",
        "bench": "yes",
        "bin": "no",
        "bus": "yes",
        "highway": "bus_stop",
        "name": "Casteleja",
        "public_transport": "platform",
        "shelter": "yes"
      },
      "geometry": {
        "type": "Point",
        "coordinates": [
          -8.6817178,
          37.1331446
        ]
      },
      "id": "node/11446257483"
    },
    {
      "type": "Feature",
      "properties": {
        "@id": "node/11446257484",
        "bench": "no",
        "bin": "no",
        "bus": "yes",
        "highway": "bus_stop",
        "name": "Casteleja",
        "public_transport": "platform",
        "shelter": "no"
      },
      "geometry": {
        "type": "Point",
        "coordinates": [
          -8.6812752,
          37.1331334
        ]
      },
      "id": "node/11446257484"
    },
    {
      "type": "Feature",
      "properties": {
        "@id": "node/11446257485",
        "bench": "no",
        "bin": "no",
        "bus": "yes",
        "highway": "bus_stop",
        "name": "Solmate",
        "public_transport": "platform",
        "shelter": "no"
      },
      "geometry": {
        "type": "Point",
        "coordinates": [
          -8.6780036,
          37.134449
        ]
      },
      "id": "node/11446257485"
    },
    {
      "type": "Feature",
      "properties": {
        "@id": "node/11446257486",
        "bench": "no",
        "bin": "no",
        "bus": "yes",
        "highway": "bus_stop",
        "name": "Solmate",
        "public_transport": "platform",
        "shelter": "no"
      },
      "geometry": {
        "type": "Point",
        "coordinates": [
          -8.677787,
          37.1343811
        ]
      },
      "id": "node/11446257486"
    },
    {
      "type": "Feature",
      "properties": {
        "@id": "node/11446257487",
        "bench": "no",
        "bin": "no",
        "bus": "yes",
        "fixme": "Verify position, unclear where the bus will stop.",
        "highway": "bus_stop",
        "name": "Chinicato - Oficinas da CML",
        "public_transport": "platform",
        "shelter": "no"
      },
      "geometry": {
        "type": "Point",
        "coordinates": [
          -8.668176,
          37.13431
        ]
      },
      "id": "node/11446257487"
    },
    {
      "type": "Feature",
      "properties": {
        "@id": "node/11446257488",
        "bench": "no",
        "bin": "no",
        "bus": "yes",
        "highway": "bus_stop",
        "name": "Chinicato - Oficinas da CML",
        "public_transport": "platform",
        "shelter": "no"
      },
      "geometry": {
        "type": "Point",
        "coordinates": [
          -8.6681619,
          37.1342571
        ]
      },
      "id": "node/11446257488"
    },
    {
      "type": "Feature",
      "properties": {
        "@id": "node/11449131288",
        "bench": "no",
        "bus": "yes",
        "fixme": "Verify position, unclear where the bus will stop.",
        "highway": "bus_stop",
        "name": "Barrada do Poço",
        "public_transport": "platform",
        "shelter": "no"
      },
      "geometry": {
        "type": "Point",
        "coordinates": [
          -8.7342475,
          37.1523365
        ]
      },
      "id": "node/11449131288"
    },
    {
      "type": "Feature",
      "properties": {
        "@id": "node/11449131289",
        "bench": "no",
        "bus": "yes",
        "fixme": "Verify position, unclear where the bus will stop.",
        "highway": "bus_stop",
        "name": "Maranhão 1",
        "public_transport": "platform",
        "shelter": "no"
      },
      "geometry": {
        "type": "Point",
        "coordinates": [
          -8.7402825,
          37.1474974
        ]
      },
      "id": "node/11449131289"
    },
    {
      "type": "Feature",
      "properties": {
        "@id": "node/11449131290",
        "bench": "no",
        "bus": "yes",
        "fixme": "Verify position, unclear where the bus will stop.",
        "highway": "bus_stop",
        "name": "Moinho do Boneco",
        "public_transport": "platform",
        "shelter": "no"
      },
      "geometry": {
        "type": "Point",
        "coordinates": [
          -8.7333544,
          37.1361719
        ]
      },
      "id": "node/11449131290"
    },
    {
      "type": "Feature",
      "properties": {
        "@id": "node/11449131291",
        "bench": "no",
        "bus": "yes",
        "fixme": "Verify position, unclear where the bus will stop.",
        "highway": "bus_stop",
        "name": "Cruzamento do Barão",
        "public_transport": "platform",
        "shelter": "no"
      },
      "geometry": {
        "type": "Point",
        "coordinates": [
          -8.7323485,
          37.1279071
        ]
      },
      "id": "node/11449131291"
    },
    {
      "type": "Feature",
      "properties": {
        "@id": "node/11449131292",
        "bench": "no",
        "bus": "yes",
        "fixme": "Verify position, unclear where the bus will stop.",
        "highway": "bus_stop",
        "name": "Monte Judeo Escolha Velha",
        "public_transport": "platform",
        "shelter": "no"
      },
      "geometry": {
        "type": "Point",
        "coordinates": [
          -8.7160863,
          37.1263438
        ]
      },
      "id": "node/11449131292"
    },
    {
      "type": "Feature",
      "properties": {
        "@id": "node/11449131293",
        "bench": "no",
        "bus": "yes",
        "fixme": "Verify position, unclear where the bus will stop.",
        "highway": "bus_stop",
        "name": "Barba Preta",
        "public_transport": "platform",
        "shelter": "no"
      },
      "geometry": {
        "type": "Point",
        "coordinates": [
          -8.7117022,
          37.126116
        ]
      },
      "id": "node/11449131293"
    },
    {
      "type": "Feature",
      "properties": {
        "@id": "node/11449131294",
        "bench": "no",
        "bus": "yes",
        "fixme": "Verify position, unclear where the bus will stop.",
        "highway": "bus_stop",
        "name": "Barradas",
        "public_transport": "platform",
        "shelter": "no"
      },
      "geometry": {
        "type": "Point",
        "coordinates": [
          -8.6990771,
          37.1253804
        ]
      },
      "id": "node/11449131294"
    },
    {
      "type": "Feature",
      "properties": {
        "@id": "node/11449131295",
        "bench": "no",
        "bus": "yes",
        "fixme": "Verify position, unclear where the bus will stop.",
        "highway": "bus_stop",
        "name": "ETAR",
        "public_transport": "platform",
        "shelter": "no"
      },
      "geometry": {
        "type": "Point",
        "coordinates": [
          -8.6903559,
          37.1175785
        ]
      },
      "id": "node/11449131295"
    },
    {
      "type": "Feature",
      "properties": {
        "@id": "node/11449131319",
        "bus": "yes",
        "fixme": "Verify position, unclear where the bus will stop.",
        "highway": "bus_stop",
        "name": "Viaduto",
        "network": "7",
        "operator": "Onda",
        "public_transport": "platform",
        "shelter": "no"
      },
      "geometry": {
        "type": "Point",
        "coordinates": [
          -8.723862,
          37.1423849
        ]
      },
      "id": "node/11449131319"
    },
    {
      "type": "Feature",
      "properties": {
        "@id": "node/11449131320",
        "bench": "no",
        "bus": "yes",
        "fixme": "Verify position, unclear where the bus will stop.",
        "highway": "bus_stop",
        "name": "Monte das Figueiras de Cima",
        "public_transport": "platform",
        "shelter": "no"
      },
      "geometry": {
        "type": "Point",
        "coordinates": [
          -8.7260997,
          37.1446053
        ]
      },
      "id": "node/11449131320"
    },
    {
      "type": "Feature",
      "properties": {
        "@id": "node/11449131321",
        "bench": "no",
        "bus": "yes",
        "fixme": "Verify position, unclear where the bus will stop.",
        "highway": "bus_stop",
        "name": "Casa Tomé",
        "public_transport": "platform",
        "shelter": "no",
        "tactile_paving": "no"
      },
      "geometry": {
        "type": "Point",
        "coordinates": [
          -8.7307942,
          37.1451227
        ]
      },
      "id": "node/11449131321"
    },
    {
      "type": "Feature",
      "properties": {
        "@id": "node/11449131322",
        "bench": "no",
        "bus": "yes",
        "fixme": "Verify position, unclear where the bus will stop.",
        "highway": "bus_stop",
        "name": "Maranhão 2",
        "public_transport": "platform",
        "shelter": "no"
      },
      "geometry": {
        "type": "Point",
        "coordinates": [
          -8.7361418,
          37.1454974
        ]
      },
      "id": "node/11449131322"
    },
    {
      "type": "Feature",
      "properties": {
        "@id": "node/11449131324",
        "bench": "yes",
        "bin": "no",
        "bus": "yes",
        "highway": "bus_stop",
        "lit": "yes",
        "name": "Quinta do Paúl",
        "public_transport": "platform",
        "shelter": "yes",
        "tactile_paving": "no"
      },
      "geometry": {
        "type": "Point",
        "coordinates": [
          -8.6953622,
          37.1257963
        ]
      },
      "id": "node/11449131324"
    },
    {
      "type": "Feature",
      "properties": {
        "@id": "node/11449140139",
        "bench": "no",
        "bus": "yes",
        "fixme": "Verify position, unclear where the bus will stop.",
        "highway": "bus_stop",
        "name": "Lagoa da Rosa",
        "public_transport": "platform",
        "shelter": "no"
      },
      "geometry": {
        "type": "Point",
        "coordinates": [
          -8.7561377,
          37.1375227
        ]
      },
      "id": "node/11449140139"
    },
    {
      "type": "Feature",
      "properties": {
        "@id": "node/11449140140",
        "bench": "no",
        "bus": "yes",
        "highway": "bus_stop",
        "name": "Lagoa da Rosa",
        "public_transport": "platform",
        "shelter": "no"
      },
      "geometry": {
        "type": "Point",
        "coordinates": [
          -8.7560914,
          37.137581
        ]
      },
      "id": "node/11449140140"
    },
    {
      "type": "Feature",
      "properties": {
        "@id": "node/11449140141",
        "bench": "no",
        "bus": "yes",
        "fixme": "Verify position, unclear where the bus will stop.",
        "highway": "bus_stop",
        "name": "Catalão",
        "public_transport": "platform",
        "shelter": "no"
      },
      "geometry": {
        "type": "Point",
        "coordinates": [
          -8.7372865,
          37.1292457
        ]
      },
      "id": "node/11449140141"
    },
    {
      "type": "Feature",
      "properties": {
        "@id": "node/11449140142",
        "bench": "no",
        "bus": "yes",
        "highway": "bus_stop",
        "name": "Catalão",
        "public_transport": "platform",
        "shelter": "no"
      },
      "geometry": {
        "type": "Point",
        "coordinates": [
          -8.7371859,
          37.129296
        ]
      },
      "id": "node/11449140142"
    },
    {
      "type": "Feature",
      "properties": {
        "@id": "node/11449140143",
        "bench": "no",
        "bus": "yes",
        "fixme": "Verify position, unclear where the bus will stop.",
        "highway": "bus_stop",
        "name": "Charneca da Corte",
        "public_transport": "platform",
        "shelter": "no"
      },
      "geometry": {
        "type": "Point",
        "coordinates": [
          -8.7447973,
          37.1336482
        ]
      },
      "id": "node/11449140143"
    },
    {
      "type": "Feature",
      "properties": {
        "@id": "node/11449140144",
        "bench": "no",
        "bus": "yes",
        "highway": "bus_stop",
        "name": "Charneca da Corte",
        "public_transport": "platform",
        "shelter": "no"
      },
      "geometry": {
        "type": "Point",
        "coordinates": [
          -8.7447967,
          37.1337097
        ]
      },
      "id": "node/11449140144"
    },
    {
      "type": "Feature",
      "properties": {
        "@id": "node/11449140145",
        "bench": "no",
        "bus": "yes",
        "fixme": "Verify position, unclear where the bus will stop.",
        "highway": "bus_stop",
        "name": "Pédragosa",
        "public_transport": "platform",
        "shelter": "no"
      },
      "geometry": {
        "type": "Point",
        "coordinates": [
          -8.7631772,
          37.1387201
        ]
      },
      "id": "node/11449140145"
    },
    {
      "type": "Feature",
      "properties": {
        "@id": "node/11449140146",
        "bench": "no",
        "bus": "yes",
        "highway": "bus_stop",
        "name": "Pédragosa",
        "public_transport": "platform",
        "shelter": "no"
      },
      "geometry": {
        "type": "Point",
        "coordinates": [
          -8.7637049,
          37.138826
        ]
      },
      "id": "node/11449140146"
    },
    {
      "type": "Feature",
      "properties": {
        "@id": "node/11449140147",
        "bench": "no",
        "bus": "yes",
        "fixme": "Verify position, unclear where the bus will stop.",
        "highway": "bus_stop",
        "name": "Várzea Grande-Cruzamento",
        "public_transport": "platform",
        "shelter": "no"
      },
      "geometry": {
        "type": "Point",
        "coordinates": [
          -8.7718602,
          37.1391398
        ]
      },
      "id": "node/11449140147"
    },
    {
      "type": "Feature",
      "properties": {
        "@id": "node/11449140148",
        "bench": "no",
        "bus": "yes",
        "fixme": "Verify position, unclear where the bus will stop.",
        "highway": "bus_stop",
        "name": "Várzea Grande-Cruzamento",
        "public_transport": "platform",
        "shelter": "no"
      },
      "geometry": {
        "type": "Point",
        "coordinates": [
          -8.7718789,
          37.1390874
        ]
      },
      "id": "node/11449140148"
    },
    {
      "type": "Feature",
      "properties": {
        "@id": "node/11449218633",
        "bench": "no",
        "fixme": "Verify position, unclear where the bus will stop.",
        "highway": "bus_stop",
        "name": "Figueiral",
        "public_transport": "platform",
        "shelter": "no"
      },
      "geometry": {
        "type": "Point",
        "coordinates": [
          -8.7036241,
          37.1381327
        ]
      },
      "id": "node/11449218633"
    },
    {
      "type": "Feature",
      "properties": {
        "@id": "node/11449218634",
        "bench": "no",
        "fixme": "Verify position, unclear where the bus will stop.",
        "highway": "bus_stop",
        "name": "Vale da Bensafrim",
        "public_transport": "platform",
        "shelter": "no"
      },
      "geometry": {
        "type": "Point",
        "coordinates": [
          -8.7065819,
          37.1403649
        ]
      },
      "id": "node/11449218634"
    },
    {
      "type": "Feature",
      "properties": {
        "@id": "node/11449218635",
        "bench": "no",
        "fixme": "Verify position, unclear where the bus will stop.",
        "highway": "bus_stop",
        "name": "Fronteira",
        "public_transport": "platform",
        "shelter": "no"
      },
      "geometry": {
        "type": "Point",
        "coordinates": [
          -8.730986,
          37.1543065
        ]
      },
      "id": "node/11449218635"
    },
    {
      "type": "Feature",
      "properties": {
        "@id": "node/11449218636",
        "bench": "no",
        "bus": "yes",
        "fixme": "Verify position, unclear where the bus will stop.",
        "highway": "bus_stop",
        "name": "Fonte do Maranhão 2",
        "public_transport": "platform",
        "shelter": "no"
      },
      "geometry": {
        "type": "Point",
        "coordinates": [
          -8.7470926,
          37.1512131
        ]
      },
      "id": "node/11449218636"
    },
    {
      "type": "Feature",
      "properties": {
        "@id": "node/11449238161",
        "bench": "no",
        "bus": "yes",
        "fixme": "Verify position, unclear where the bus will stop.",
        "highway": "bus_stop",
        "name": "Carrasqueira",
        "public_transport": "platform",
        "shelter": "no"
      },
      "geometry": {
        "type": "Point",
        "coordinates": [
          -8.7693201,
          37.1439355
        ]
      },
      "id": "node/11449238161"
    },
    {
      "type": "Feature",
      "properties": {
        "@id": "node/11449238162",
        "bench": "no",
        "bus": "yes",
        "fixme": "Verify position, unclear where the bus will stop.",
        "highway": "bus_stop",
        "name": "Monte Figueiras",
        "public_transport": "platform",
        "shelter": "no"
      },
      "geometry": {
        "type": "Point",
        "coordinates": [
          -8.7592665,
          37.1480057
        ]
      },
      "id": "node/11449238162"
    },
    {
      "type": "Feature",
      "properties": {
        "@id": "node/11449238163",
        "bench": "no",
        "bus": "yes",
        "fixme": "Verify position, unclear where the bus will stop.",
        "highway": "bus_stop",
        "name": "Azóia",
        "public_transport": "platform",
        "shelter": "no"
      },
      "geometry": {
        "type": "Point",
        "coordinates": [
          -8.7547691,
          37.1496065
        ]
      },
      "id": "node/11449238163"
    },
    {
      "type": "Feature",
      "properties": {
        "@id": "node/11449238164",
        "bench": "no",
        "bin": "no",
        "fixme": "Verify position, unclear where the bus will stop.",
        "highway": "bus_stop",
        "lit": "no",
        "name": "Poço do Vale",
        "public_transport": "platform",
        "shelter": "no",
        "tactile_paving": "no"
      },
      "geometry": {
        "type": "Point",
        "coordinates": [
          -8.7181637,
          37.1499764
        ]
      },
      "id": "node/11449238164"
    },
    {
      "type": "Feature",
      "properties": {
        "@id": "node/11449238165",
        "bench": "no",
        "bus": "yes",
        "fixme": "Verify position, unclear where the bus will stop.",
        "highway": "bus_stop",
        "name": "Jardim",
        "public_transport": "platform",
        "shelter": "no"
      },
      "geometry": {
        "type": "Point",
        "coordinates": [
          -8.6971137,
          37.1306368
        ]
      },
      "id": "node/11449238165"
    },
    {
      "type": "Feature",
      "properties": {
        "@id": "node/11452199386",
        "bench": "no",
        "bin": "yes",
        "highway": "bus_stop",
        "name": "Cotifo de Cima",
        "operator": "ONDA",
        "public_transport": "platform",
        "shelter": "no"
      },
      "geometry": {
        "type": "Point",
        "coordinates": [
          -8.7015501,
          37.1701226
        ]
      },
      "id": "node/11452199386"
    },
    {
      "type": "Feature",
      "properties": {
        "@id": "node/11452199387",
        "bench": "no",
        "bin": "yes",
        "highway": "bus_stop",
        "name": "Cotifo de Cima",
        "operator": "ONDA",
        "public_transport": "platform",
        "shelter": "no"
      },
      "geometry": {
        "type": "Point",
        "coordinates": [
          -8.7013596,
          37.1701589
        ]
      },
      "id": "node/11452199387"
    },
    {
      "type": "Feature",
      "properties": {
        "@id": "node/11452199388",
        "bench": "no",
        "bin": "yes",
        "fixme": "Verify position, unclear where the bus will stop.",
        "highway": "bus_stop",
        "name": "Cotifo (Escola)",
        "operator": "ONDA",
        "public_transport": "platform",
        "shelter": "no"
      },
      "geometry": {
        "type": "Point",
        "coordinates": [
          -8.6998677,
          37.1716903
        ]
      },
      "id": "node/11452199388"
    },
    {
      "type": "Feature",
      "properties": {
        "@id": "node/11452199389",
        "bench": "no",
        "bin": "yes",
        "highway": "bus_stop",
        "name": "Cotifo (Escola)",
        "operator": "ONDA",
        "public_transport": "platform",
        "shelter": "no"
      },
      "geometry": {
        "type": "Point",
        "coordinates": [
          -8.6997959,
          37.1716465
        ]
      },
      "id": "node/11452199389"
    },
    {
      "type": "Feature",
      "properties": {
        "@id": "node/11452199390",
        "bench": "no",
        "bin": "yes",
        "fixme": "Verify position, unclear where the bus will stop.",
        "highway": "bus_stop",
        "name": "Cotifo",
        "operator": "ONDA",
        "public_transport": "platform",
        "shelter": "no"
      },
      "geometry": {
        "type": "Point",
        "coordinates": [
          -8.6970513,
          37.1741299
        ]
      },
      "id": "node/11452199390"
    },
    {
      "type": "Feature",
      "properties": {
        "@id": "node/11452199391",
        "bench": "yes",
        "bin": "yes",
        "highway": "bus_stop",
        "name": "Cotifo",
        "operator": "ONDA",
        "public_transport": "platform",
        "shelter": "yes"
      },
      "geometry": {
        "type": "Point",
        "coordinates": [
          -8.697227,
          37.1741161
        ]
      },
      "id": "node/11452199391"
    },
    {
      "type": "Feature",
      "properties": {
        "@id": "node/11452199392",
        "bench": "no",
        "bin": "yes",
        "highway": "bus_stop",
        "name": "Quinta Velha",
        "operator": "ONDA",
        "public_transport": "platform",
        "shelter": "no"
      },
      "geometry": {
        "type": "Point",
        "coordinates": [
          -8.6936429,
          37.1723753
        ]
      },
      "id": "node/11452199392"
    },
    {
      "type": "Feature",
      "properties": {
        "@id": "node/11452199393",
        "bench": "no",
        "bin": "yes",
        "highway": "bus_stop",
        "name": "Arneiro da Lage",
        "operator": "ONDA",
        "public_transport": "platform",
        "shelter": "no"
      },
      "geometry": {
        "type": "Point",
        "coordinates": [
          -8.6869267,
          37.1726376
        ]
      },
      "id": "node/11452199393"
    },
    {
      "type": "Feature",
      "properties": {
        "@id": "node/11452199398",
        "bench": "no",
        "bin": "yes",
        "highway": "bus_stop",
        "name": "Monte Ruivo",
        "operator": "ONDA",
        "public_transport": "platform",
        "shelter": "no"
      },
      "geometry": {
        "type": "Point",
        "coordinates": [
          -8.6824923,
          37.1723646
        ]
      },
      "id": "node/11452199398"
    },
    {
      "type": "Feature",
      "properties": {
        "@id": "node/11452199399",
        "bench": "no",
        "bin": "yes",
        "highway": "bus_stop",
        "name": "Monte Ruivo / Bemparece",
        "operator": "ONDA",
        "public_transport": "platform",
        "shelter": "no"
      },
      "geometry": {
        "type": "Point",
        "coordinates": [
          -8.6779835,
          37.1723507
        ]
      },
      "id": "node/11452199399"
    },
    {
      "type": "Feature",
      "properties": {
        "@id": "node/11452199400",
        "bench": "no",
        "bin": "yes",
        "highway": "bus_stop",
        "name": "Farta Vacas Cruzamento",
        "operator": "ONDA",
        "public_transport": "platform",
        "shelter": "no"
      },
      "geometry": {
        "type": "Point",
        "coordinates": [
          -8.6747608,
          37.1630718
        ]
      },
      "id": "node/11452199400"
    },
    {
      "type": "Feature",
      "properties": {
        "@id": "node/11452199401",
        "bench": "no",
        "bin": "yes",
        "highway": "bus_stop",
        "name": "Farta Vacas",
        "operator": "ONDA",
        "public_transport": "platform",
        "shelter": "no"
      },
      "geometry": {
        "type": "Point",
        "coordinates": [
          -8.6710151,
          37.1646541
        ]
      },
      "id": "node/11452199401"
    },
    {
      "type": "Feature",
      "properties": {
        "@id": "node/11452199402",
        "bench": "no",
        "bin": "yes",
        "highway": "bus_stop",
        "name": "Farta Vacas",
        "operator": "ONDA",
        "public_transport": "platform",
        "shelter": "no"
      },
      "geometry": {
        "type": "Point",
        "coordinates": [
          -8.6650546,
          37.1653675
        ]
      },
      "id": "node/11452199402"
    },
    {
      "type": "Feature",
      "properties": {
        "@id": "node/11452199403",
        "bench": "no",
        "bin": "yes",
        "highway": "bus_stop",
        "name": "Alfarrobeiras / Pedra Branca",
        "operator": "ONDA",
        "public_transport": "platform",
        "shelter": "no"
      },
      "geometry": {
        "type": "Point",
        "coordinates": [
          -8.6599959,
          37.1675733
        ]
      },
      "id": "node/11452199403"
    },
    {
      "type": "Feature",
      "properties": {
        "@id": "node/11452199404",
        "bench": "no",
        "bin": "yes",
        "highway": "bus_stop",
        "name": "Pedra Branca",
        "operator": "ONDA",
        "public_transport": "platform",
        "shelter": "no"
      },
      "geometry": {
        "type": "Point",
        "coordinates": [
          -8.6539388,
          37.1731019
        ]
      },
      "id": "node/11452199404"
    },
    {
      "type": "Feature",
      "properties": {
        "@id": "node/11452199405",
        "bench": "no",
        "bin": "yes",
        "highway": "bus_stop",
        "name": "Arão",
        "operator": "ONDA",
        "public_transport": "platform",
        "shelter": "no"
      },
      "geometry": {
        "type": "Point",
        "coordinates": [
          -8.6477771,
          37.1732959
        ]
      },
      "id": "node/11452199405"
    },
    {
      "type": "Feature",
      "properties": {
        "@id": "node/11452199406",
        "bench": "no",
        "bin": "yes",
        "highway": "bus_stop",
        "name": "Eiras Velhas",
        "operator": "ONDA",
        "public_transport": "platform",
        "shelter": "no"
      },
      "geometry": {
        "type": "Point",
        "coordinates": [
          -8.6478248,
          37.1703262
        ]
      },
      "id": "node/11452199406"
    },
    {
      "type": "Feature",
      "properties": {
        "@id": "node/11452199407",
        "bench": "no",
        "bin": "yes",
        "highway": "bus_stop",
        "name": "Descampadinho",
        "operator": "ONDA",
        "public_transport": "platform",
        "shelter": "no"
      },
      "geometry": {
        "type": "Point",
        "coordinates": [
          -8.6492155,
          37.1642004
        ]
      },
      "id": "node/11452199407"
    },
    {
      "type": "Feature",
      "properties": {
        "@id": "node/11452199408",
        "bench": "no",
        "bin": "yes",
        "highway": "bus_stop",
        "name": "Alfarrobeira",
        "operator": "ONDA",
        "public_transport": "platform",
        "shelter": "no"
      },
      "geometry": {
        "type": "Point",
        "coordinates": [
          -8.6561255,
          37.1637831
        ]
      },
      "id": "node/11452199408"
    },
    {
      "type": "Feature",
      "properties": {
        "@id": "node/11452199409",
        "bench": "no",
        "bin": "yes",
        "highway": "bus_stop",
        "name": "Ruivas II",
        "operator": "ONDA",
        "public_transport": "platform",
        "shelter": "no"
      },
      "geometry": {
        "type": "Point",
        "coordinates": [
          -8.6575793,
          37.1593832
        ]
      },
      "id": "node/11452199409"
    },
    {
      "type": "Feature",
      "properties": {
        "@id": "node/11452199410",
        "bench": "no",
        "bin": "yes",
        "highway": "bus_stop",
        "name": "Ruivas I",
        "operator": "ONDA",
        "public_transport": "platform",
        "shelter": "no"
      },
      "geometry": {
        "type": "Point",
        "coordinates": [
          -8.6576758,
          37.1563379
        ]
      },
      "id": "node/11452199410"
    },
    {
      "type": "Feature",
      "properties": {
        "@id": "node/11452199411",
        "bench": "no",
        "bin": "yes",
        "highway": "bus_stop",
        "name": "Carapito / Cova da Zorra",
        "operator": "ONDA",
        "public_transport": "platform",
        "shelter": "no"
      },
      "geometry": {
        "type": "Point",
        "coordinates": [
          -8.6613035,
          37.1519629
        ]
      },
      "id": "node/11452199411"
    },
    {
      "type": "Feature",
      "properties": {
        "@id": "node/11452199412",
        "bench": "no",
        "bin": "yes",
        "highway": "bus_stop",
        "name": "Odiáxere Moinho",
        "operator": "ONDA",
        "public_transport": "platform",
        "shelter": "no"
      },
      "geometry": {
        "type": "Point",
        "coordinates": [
          -8.6586642,
          37.1519352
        ]
      },
      "id": "node/11452199412"
    },
    {
      "type": "Feature",
      "properties": {
        "@id": "node/11452199413",
        "bench": "no",
        "bin": "yes",
        "bus": "yes",
        "fixme": "Verify position, unclear where the bus will stop.",
        "highway": "bus_stop",
        "name": "Odiáxere Mercado",
        "operator": "ONDA",
        "public_transport": "platform",
        "shelter": "no"
      },
      "geometry": {
        "type": "Point",
        "coordinates": [
          -8.6570183,
          37.1495046
        ]
      },
      "id": "node/11452199413"
    },
    {
      "type": "Feature",
      "properties": {
        "@id": "node/11452199414",
        "bench": "no",
        "bin": "yes",
        "bus": "yes",
        "highway": "bus_stop",
        "name": "Odiáxere Mercado",
        "operator": "ONDA",
        "public_transport": "platform",
        "shelter": "no"
      },
      "geometry": {
        "type": "Point",
        "coordinates": [
          -8.6570528,
          37.1494637
        ]
      },
      "id": "node/11452199414"
    },
    {
      "type": "Feature",
      "properties": {
        "@id": "node/11453028411",
        "bench": "no",
        "bin": "yes",
        "highway": "bus_stop",
        "name": "Cova da Zorra",
        "operator": "ONDA",
        "public_transport": "platform",
        "shelter": "no"
      },
      "geometry": {
        "type": "Point",
        "coordinates": [
          -8.6674776,
          37.1536756
        ]
      },
      "id": "node/11453028411"
    },
    {
      "type": "Feature",
      "properties": {
        "@id": "node/11453028412",
        "bench": "no",
        "bin": "yes",
        "highway": "bus_stop",
        "name": "Várzea da Moira",
        "operator": "ONDA",
        "public_transport": "platform",
        "shelter": "no"
      },
      "geometry": {
        "type": "Point",
        "coordinates": [
          -8.6693327,
          37.1546827
        ]
      },
      "id": "node/11453028412"
    },
    {
      "type": "Feature",
      "properties": {
        "@id": "node/11453028413",
        "bench": "yes",
        "bin": "yes",
        "highway": "bus_stop",
        "name": "Olheiros",
        "operator": "ONDA",
        "public_transport": "platform",
        "shelter": "yes"
      },
      "geometry": {
        "type": "Point",
        "coordinates": [
          -8.6742117,
          37.1597864
        ]
      },
      "id": "node/11453028413"
    },
    {
      "type": "Feature",
      "properties": {
        "@id": "node/11453028414",
        "bench": "no",
        "bin": "yes",
        "highway": "bus_stop",
        "name": "Cotifo de Baixo / Olheiros",
        "operator": "ONDA",
        "public_transport": "platform",
        "shelter": "no"
      },
      "geometry": {
        "type": "Point",
        "coordinates": [
          -8.6785508,
          37.1614414
        ]
      },
      "id": "node/11453028414"
    },
    {
      "type": "Feature",
      "properties": {
        "@id": "node/11453028415",
        "bench": "no",
        "bin": "yes",
        "highway": "bus_stop",
        "name": "Cotifo de Baixo",
        "operator": "ONDA",
        "public_transport": "platform",
        "shelter": "no"
      },
      "geometry": {
        "type": "Point",
        "coordinates": [
          -8.6889403,
          37.1635587
        ]
      },
      "id": "node/11453028415"
    },
    {
      "type": "Feature",
      "properties": {
        "@id": "node/11453028416",
        "bench": "no",
        "bin": "yes",
        "highway": "bus_stop",
        "name": "Monte Ruivo / Quinta da Bravura",
        "operator": "ONDA",
        "public_transport": "platform",
        "shelter": "no"
      },
      "geometry": {
        "type": "Point",
        "coordinates": [
          -8.6936523,
          37.1674092
        ]
      },
      "id": "node/11453028416"
    },
    {
      "type": "Feature",
      "properties": {
        "@id": "node/11453028417",
        "bench": "no",
        "bin": "yes",
        "highway": "bus_stop",
        "name": "Monte Ruivo Cruzamento",
        "operator": "ONDA",
        "public_transport": "platform",
        "shelter": "no"
      },
      "geometry": {
        "type": "Point",
        "coordinates": [
          -8.6945958,
          37.1713692
        ]
      },
      "id": "node/11453028417"
    },
    {
      "type": "Feature",
      "properties": {
        "@id": "node/11459320483",
        "bench": "no",
        "bin": "no",
        "bus": "yes",
        "fixme": "Verify position, unclear where the bus will stop.",
        "highway": "bus_stop",
        "name": "Areões",
        "operator": "ONDA",
        "public_transport": "platform",
        "shelter": "no"
      },
      "geometry": {
        "type": "Point",
        "coordinates": [
          -8.7456603,
          37.1008834
        ]
      },
      "id": "node/11459320483"
    },
    {
      "type": "Feature",
      "properties": {
        "@id": "node/11459411498",
        "bench": "no",
        "bin": "no",
        "bus": "yes",
        "highway": "bus_stop",
        "name": "Anel Verde (Poente)",
        "public_transport": "platform",
        "shelter": "no",
        "tactile_paving": "no"
      },
      "geometry": {
        "type": "Point",
        "coordinates": [
          -8.6736437,
          37.0968272
        ]
      },
      "id": "node/11459411498"
    },
    {
      "type": "Feature",
      "properties": {
        "@id": "node/11459411499",
        "bench": "yes",
        "bin": "no",
        "bus": "yes",
        "highway": "bus_stop",
        "name": "Escola da Ameijeira - R. Miguel Torga",
        "operator": "ONDA",
        "public_transport": "platform",
        "shelter": "yes"
      },
      "geometry": {
        "type": "Point",
        "coordinates": [
          -8.6796894,
          37.0948077
        ]
      },
      "id": "node/11459411499"
    },
    {
      "type": "Feature",
      "properties": {
        "@id": "node/11459411500",
        "bench": "no",
        "bin": "no",
        "bus": "yes",
        "highway": "bus_stop",
        "name": "Rua Prof. Mota Pinto",
        "operator": "ONDA",
        "public_transport": "platform",
        "shelter": "no",
        "tactile_paving": "no"
      },
      "geometry": {
        "type": "Point",
        "coordinates": [
          -8.6813537,
          37.0969711
        ]
      },
      "id": "node/11459411500"
    },
    {
      "type": "Feature",
      "properties": {
        "@id": "node/11459411501",
        "bench": "no",
        "bin": "no",
        "bus": "yes",
        "highway": "bus_stop",
        "name": "Bairro da Abrótea",
        "public_transport": "platform",
        "shelter": "no"
      },
      "geometry": {
        "type": "Point",
        "coordinates": [
          -8.6861029,
          37.1047051
        ]
      },
      "id": "node/11459411501"
    },
    {
      "type": "Feature",
      "properties": {
        "@id": "node/11459411502",
        "bench": "no",
        "bus": "yes",
        "highway": "bus_stop",
        "name": "Rossio da Trindade (Poente)",
        "public_transport": "platform",
        "shelter": "no"
      },
      "geometry": {
        "type": "Point",
        "coordinates": [
          -8.6721759,
          37.094928
        ]
      },
      "id": "node/11459411502"
    },
    {
      "type": "Feature",
      "properties": {
        "@id": "node/11459697999",
        "bench": "no",
        "bus": "yes",
        "highway": "bus_stop",
        "name": "Rua Hospital São João de Deus - Esc. J. Dantas",
        "public_transport": "platform",
        "shelter": "no"
      },
      "geometry": {
        "type": "Point",
        "coordinates": [
          -8.6807609,
          37.1007775
        ]
      },
      "id": "node/11459697999"
    },
    {
      "type": "Feature",
      "properties": {
        "@id": "node/11459698000",
        "bench": "no",
        "bus": "yes",
        "highway": "bus_stop",
        "name": "Quiosque do Ambiente",
        "pole": "yes",
        "public_transport": "platform",
        "shelter": "no"
      },
      "geometry": {
        "type": "Point",
        "coordinates": [
          -8.6784938,
          37.1017835
        ]
      },
      "id": "node/11459698000"
    },
    {
      "type": "Feature",
      "properties": {
        "@id": "node/11459698001",
        "bench": "no",
        "bus": "yes",
        "fixme": "Verify position, unclear where the bus will stop.",
        "highway": "bus_stop",
        "name": "Rua Filarmónica Primeiro de Maio - Esc. J. Dantas",
        "public_transport": "platform",
        "shelter": "no"
      },
      "geometry": {
        "type": "Point",
        "coordinates": [
          -8.6823441,
          37.1028541
        ]
      },
      "id": "node/11459698001"
    },
    {
      "type": "Feature",
      "properties": {
        "@id": "node/11459846583",
        "bench": "no",
        "bin": "yes",
        "bus": "yes",
        "highway": "bus_stop",
        "name": "Escola da Ameijeira - R. Fernando Pessoa",
        "public_transport": "platform",
        "shelter": "no"
      },
      "geometry": {
        "type": "Point",
        "coordinates": [
          -8.680368,
          37.0936344
        ]
      },
      "id": "node/11459846583"
    },
    {
      "type": "Feature",
      "properties": {
        "@id": "node/11459961417",
        "bench": "no",
        "bin": "no",
        "highway": "bus_stop",
        "name": "Calafate",
        "public_transport": "platform",
        "shelter": "no",
        "tactile_paving": "no"
      },
      "geometry": {
        "type": "Point",
        "coordinates": [
          -8.765335,
          37.0903976
        ]
      },
      "id": "node/11459961417"
    },
    {
      "type": "Feature",
      "properties": {
        "@id": "node/11459961418",
        "bench": "no",
        "bin": "no",
        "highway": "bus_stop",
        "name": "Rosa Montes",
        "public_transport": "platform",
        "shelter": "no",
        "tactile_paving": "no"
      },
      "geometry": {
        "type": "Point",
        "coordinates": [
          -8.7616932,
          37.0853489
        ]
      },
      "id": "node/11459961418"
    },
    {
      "type": "Feature",
      "properties": {
        "@id": "node/11465488538",
        "bench": "no",
        "bin": "no",
        "bus": "yes",
        "highway": "bus_stop",
        "lit": "no",
        "operator": "EVA",
        "public_transport": "platform",
        "shelter": "no",
        "tactile_paving": "no"
      },
      "geometry": {
        "type": "Point",
        "coordinates": [
          -8.7314916,
          37.100962
        ]
      },
      "id": "node/11465488538"
    },
    {
      "type": "Feature",
      "properties": {
        "@id": "node/11476359535",
        "bench": "no",
        "bus": "yes",
        "departures_board": "no",
        "highway": "bus_stop",
        "public_transport": "platform",
        "shelter": "no"
      },
      "geometry": {
        "type": "Point",
        "coordinates": [
          -8.6788519,
          37.0981445
        ]
      },
      "id": "node/11476359535"
    },
    {
      "type": "Feature",
      "properties": {
        "@id": "node/11535170607",
        "bus": "yes",
        "highway": "bus_stop",
        "name": "Fadeyi Bus Stop",
        "operator": "LAMATA",
        "public_transport": "platform",
        "shelter": "yes"
      },
      "geometry": {
        "type": "Point",
        "coordinates": [
          3.3673769,
          6.5232544
        ]
      },
      "id": "node/11535170607"
    },
    {
      "type": "Feature",
      "properties": {
        "@id": "node/11757909789",
        "highway": "bus_stop",
        "public_transport": "platform"
      },
      "geometry": {
        "type": "Point",
        "coordinates": [
          -8.6813859,
          37.1025461
        ]
      },
      "id": "node/11757909789"
    },
    {
      "type": "Feature",
      "properties": {
        "@id": "node/12281590817",
        "facility_manager": "state government",
        "highway": "bus_stop",
        "name": "Owode Orini",
        "operator": "state government",
        "source:position": "gps",
        "status": "functional",
        "users_PLWD": "yes",
        "users_boy": "yes",
        "users_elderly": "yes",
        "users_female": "yes",
        "users_girl": "yes",
        "users_men": "yes"
      },
      "geometry": {
        "type": "Point",
        "coordinates": [
          3.411132,
          6.610121
        ]
      },
      "id": "node/12281590817"
    },
    {
      "type": "Feature",
      "properties": {
        "@id": "node/12570701186",
        "bench": "no",
        "bin": "no",
        "bus": "yes",
        "highway": "bus_stop",
        "lit": "yes",
        "name:signed": "no",
        "public_transport": "platform",
        "ref:signed": "no",
        "shelter": "no",
        "tactile_paving": "no"
      },
      "geometry": {
        "type": "Point",
        "coordinates": [
          -8.7778139,
          37.2159333
        ]
      },
      "id": "node/12570701186"
    },
    {
      "type": "Feature",
      "properties": {
        "@id": "node/13255237272",
        "bus": "yes",
        "highway": "bus_stop",
        "name": "Abraham Adesanya",
        "public_transport": "platform"
      },
      "geometry": {
        "type": "Point",
        "coordinates": [
          3.5842821,
          6.4695611
        ]
      },
      "id": "node/13255237272"
    },
    {
      "type": "Feature",
      "properties": {
        "@id": "node/13597480726",
        "bus": "yes",
        "highway": "bus_stop",
        "name": "Eleko Junction",
        "public_transport": "platform"
      },
      "geometry": {
        "type": "Point",
        "coordinates": [
          3.8439711,
          6.4751252
        ]
      },
      "id": "node/13597480726"
    },
    {
      "type": "Feature",
      "properties": {
        "@id": "node/13713262412",
        "bench": "yes",
        "bus": "yes",
        "highway": "bus_stop",
        "name": "Interface Rodoviario Municipal de Lagos",
        "public_transport": "platform",
        "shelter": "yes"
      },
      "geometry": {
        "type": "Point",
        "coordinates": [
          -8.6762406,
          37.1076753
        ]
      },
      "id": "node/13713262412"
    },
    {
      "type": "Feature",
      "properties": {
        "@id": "node/13713262413",
        "bench": "yes",
        "bin": "no",
        "bus": "yes",
        "highway": "bus_stop",
        "name": "Interface Rodoviario Municipal de Lagos",
        "public_transport": "platform",
        "ref:signed": "no",
        "shelter": "yes",
        "tactile_paving": "no"
      },
      "geometry": {
        "type": "Point",
        "coordinates": [
          -8.6760529,
          37.1077761
        ]
      },
      "id": "node/13713262413"
    },
    {
      "type": "Feature",
      "properties": {
        "@id": "node/13739716924",
        "bench": "yes",
        "bus": "yes",
        "highway": "bus_stop",
        "name": "Terminal Rodoviario",
        "public_transport": "platform",
        "shelter": "yes"
      },
      "geometry": {
        "type": "Point",
        "coordinates": [
          -8.6762946,
          37.1075964
        ]
      },
      "id": "node/13739716924"
    },
    {
      "type": "Feature",
      "properties": {
        "@id": "node/13740051745",
        "bus": "yes",
        "highway": "bus_stop",
        "local_ref": "4",
        "name": "Terminal Rodoviário - Outros Operadores",
        "name:en": "Other operators",
        "public_transport": "platform",
        "ref": "4",
        "tactile_paving": "no",
        "wheelchair": "limited"
      },
      "geometry": {
        "type": "Point",
        "coordinates": [
          -8.6759601,
          37.1077402
        ]
      },
      "id": "node/13740051745"
    },
    {
      "type": "Feature",
      "properties": {
        "@id": "node/13740051746",
        "bus": "yes",
        "highway": "bus_stop",
        "local_ref": "3",
        "name": "Terminal Rodoviário - Vamus",
        "public_transport": "platform",
        "ref": "3",
        "tactile_paving": "no",
        "wheelchair": "limited"
      },
      "geometry": {
        "type": "Point",
        "coordinates": [
          -8.6760252,
          37.1076996
        ]
      },
      "id": "node/13740051746"
    },
    {
      "type": "Feature",
      "properties": {
        "@id": "node/13740051747",
        "bus": "yes",
        "highway": "bus_stop",
        "local_ref": "2",
        "name": "Terminal Rodoviário - Flixbus",
        "public_transport": "platform",
        "ref": "2",
        "tactile_paving": "no",
        "wheelchair": "limited"
      },
      "geometry": {
        "type": "Point",
        "coordinates": [
          -8.6760993,
          37.1076659
        ]
      },
      "id": "node/13740051747"
    },
    {
      "type": "Feature",
      "properties": {
        "@id": "node/13740051748",
        "bus": "yes",
        "highway": "bus_stop",
        "local_ref": "1",
        "name": "Terminal Rodoviário - Onda Linhas 4, 6, 8",
        "public_transport": "platform",
        "ref": "1",
        "tactile_paving": "no",
        "wheelchair": "limited"
      },
      "geometry": {
        "type": "Point",
        "coordinates": [
          -8.676165,
          37.1076431
        ]
      },
      "id": "node/13740051748"
    }
  ]
}