{
  "type": "FeatureCollection",
  "generator": "overpass-turbo",
  "copyright": "The data included in this document is from www.openstreetmap.org. The data is made available under ODbL.",
  "timestamp": "2026-07-25T08:33:21Z",
  "features": [
    {
      "type": "Feature",
      "properties": {
        "@id": "way/11102692",
        "amenity": "school",
        "name": "Administrative Staff College Of Nigeria",
        "short_name": "ASCON",
        "wikidata": "Q20990740",
        "wikipedia": "en:Administrative Staff College of Nigeria",
        "@geometry": "center"
      },
      "geometry": {
        "type": "Point",
        "coordinates": [
          2.9385741,
          6.4115668
        ]
      },
      "id": "way/11102692"
    },
    {
      "type": "Feature",
      "properties": {
        "@id": "way/71593689",
        "addr:city": "Lagos",
        "addr:postcode": "8600-315",
        "addr:street": "Rua da Gafaria",
        "amenity": "school",
        "barrier": "fence",
        "contact:email": "eb1ji.stamaria@escolas.min-edu.pt",
        "contact:phone": "+351 282780130",
        "grades": "3-9",
        "name": "Escola Básica de Santa Maria",
        "operator": "Agrupamento de Escolas Júlio Dantas",
        "operator:ref": "145415",
        "operator:type": "public",
        "ref": "294111",
        "ref:qzp": "QZP.59",
        "short_name": "EB1 de Santa Maria;EB1/JI de Santa Maria",
        "@geometry": "center"
      },
      "geometry": {
        "type": "Point",
        "coordinates": [
          -8.67665,
          37.0980503
        ]
      },
      "id": "way/71593689"
    },
    {
      "type": "Feature",
      "properties": {
        "@id": "way/92542378",
        "amenity": "school",
        "disused": "yes",
        "@geometry": "center"
      },
      "geometry": {
        "type": "Point",
        "coordinates": [
          -8.6712754,
          37.0958679
        ]
      },
      "id": "way/92542378"
    },
    {
      "type": "Feature",
      "properties": {
        "@id": "way/143883114",
        "amenity": "school",
        "@geometry": "center"
      },
      "geometry": {
        "type": "Point",
        "coordinates": [
          -8.6765423,
          37.1079633
        ]
      },
      "id": "way/143883114"
    },
    {
      "type": "Feature",
      "properties": {
        "@id": "way/157858200",
        "amenity": "school",
        "@geometry": "center"
      },
      "geometry": {
        "type": "Point",
        "coordinates": [
          -8.6495351,
          37.1184246
        ]
      },
      "id": "way/157858200"
    },
    {
      "type": "Feature",
      "properties": {
        "@id": "way/158032311",
        "addr:city": "Bensafrim",
        "addr:postcode": "8600-069",
        "amenity": "school",
        "barrier": "fence",
        "contact:email": "eb1.bensafrim@escolas.min-edu.pt",
        "contact:fax": "+351 282688131",
        "contact:phone": "+351 282688131",
        "grades": "6-9",
        "name": "Escola Básica de Bensafrim",
        "operator": "Agrupamento de Escolas Gil Eanes",
        "operator:ref": "145427",
        "operator:type": "public",
        "ref": "207664",
        "ref:qzp": "QZP.59",
        "short_name": "EB1 de Bensafrim",
        "@geometry": "center"
      },
      "geometry": {
        "type": "Point",
        "coordinates": [
          -8.7327737,
          37.1550633
        ]
      },
      "id": "way/158032311"
    },
    {
      "type": "Feature",
      "properties": {
        "@id": "way/158037093",
        "amenity": "school",
        "building": "yes",
        "@geometry": "center"
      },
      "geometry": {
        "type": "Point",
        "coordinates": [
          -8.7325103,
          37.1554601
        ]
      },
      "id": "way/158037093"
    },
    {
      "type": "Feature",
      "properties": {
        "@id": "way/158053687",
        "amenity": "school",
        "building": "yes",
        "@geometry": "center"
      },
      "geometry": {
        "type": "Point",
        "coordinates": [
          -8.7317504,
          37.1556047
        ]
      },
      "id": "way/158053687"
    },
    {
      "type": "Feature",
      "properties": {
        "@id": "way/158617749",
        "amenity": "school",
        "building": "yes",
        "@geometry": "center"
      },
      "geometry": {
        "type": "Point",
        "coordinates": [
          -8.6770507,
          37.1080342
        ]
      },
      "id": "way/158617749"
    },
    {
      "type": "Feature",
      "properties": {
        "@id": "way/158617755",
        "amenity": "school",
        "building": "yes",
        "@geometry": "center"
      },
      "geometry": {
        "type": "Point",
        "coordinates": [
          -8.6767247,
          37.1082222
        ]
      },
      "id": "way/158617755"
    },
    {
      "type": "Feature",
      "properties": {
        "@id": "way/158617798",
        "amenity": "school",
        "building": "yes",
        "check_date": "2026-04-26",
        "name": "CASLAS",
        "@geometry": "center"
      },
      "geometry": {
        "type": "Point",
        "coordinates": [
          -8.6767788,
          37.1079912
        ]
      },
      "id": "way/158617798"
    },
    {
      "type": "Feature",
      "properties": {
        "@id": "way/158617816",
        "addr:city": "Lagos",
        "addr:postcode": "8600-614",
        "addr:street": "Rua da Escola Gil Eanes",
        "amenity": "school",
        "barrier": "fence",
        "contact:email": "direcao@aegileanes.edu.gov.pt;servicos@aegileanes.edu.gov.pt",
        "contact:fax": "+351 282768875",
        "contact:phone": "+351 282770160",
        "contact:website": "http://www.escola-gileanes.pt",
        "grades": "12-17",
        "name": "Escola Secundária Gil Eanes",
        "operator": "Agrupamento de Escolas Gil Eanes",
        "operator:ref": "145427",
        "operator:type": "public",
        "ref": "400233",
        "ref:qzp": "QZP.59",
        "@geometry": "center"
      },
      "geometry": {
        "type": "Point",
        "coordinates": [
          -8.6873974,
          37.0962826
        ]
      },
      "id": "way/158617816"
    },
    {
      "type": "Feature",
      "properties": {
        "@id": "way/158617849",
        "amenity": "school",
        "building": "yes",
        "@geometry": "center"
      },
      "geometry": {
        "type": "Point",
        "coordinates": [
          -8.6764958,
          37.1082846
        ]
      },
      "id": "way/158617849"
    },
    {
      "type": "Feature",
      "properties": {
        "@id": "way/158700455",
        "addr:postcode": "8600-000",
        "addr:street": "Travessa João de Deus",
        "amenity": "school",
        "barrier": "fence",
        "contact:email": "eb1.odeaxere@escolas.min-edu.pt",
        "contact:fax": "+351 282798909",
        "contact:phone": "+351 282798909",
        "grades": "6-9",
        "name": "Escola Básica de Odiáxere",
        "operator": "Agrupamento de Escolas Gil Eanes",
        "operator:ref": "145427",
        "operator:type": "public",
        "ref": "259895",
        "ref:qzp": "QZP.59",
        "short_name": "EB1 de Odiáxere",
        "@geometry": "center"
      },
      "geometry": {
        "type": "Point",
        "coordinates": [
          -8.6528492,
          37.150042
        ]
      },
      "id": "way/158700455"
    },
    {
      "type": "Feature",
      "properties": {
        "@id": "way/159115104",
        "addr:city": "Lagos",
        "addr:postcode": "8600-001",
        "addr:street": "Rua Dom Gaspar de Leão",
        "alt_name": "Escola Básica Tecnopolis de Lagos",
        "amenity": "school",
        "barrier": "fence",
        "contact:email": "eb.tecnopolis@escolas.min-edu.pt",
        "contact:fax": "+351 282244459",
        "contact:phone": "+351 282244430",
        "contact:website": "http://www.avelagos.net/",
        "grades": "10-14",
        "name": "Escola Básica Tecnopolis",
        "operator": "Agrupamento de Escolas Júlio Dantas, Lagos",
        "operator:ref": "145415",
        "operator:type": "public",
        "ref": "346901",
        "ref:qzp": "QZP.59",
        "short_name": "EB2,3 Tecnopolis",
        "@geometry": "center"
      },
      "geometry": {
        "type": "Point",
        "coordinates": [
          -8.6895879,
          37.1054788
        ]
      },
      "id": "way/159115104"
    },
    {
      "type": "Feature",
      "properties": {
        "@id": "way/164616481",
        "addr:city": "Lagos",
        "addr:postcode": "8600-315",
        "amenity": "school",
        "barrier": "fence",
        "contact:email": "eb23.naus@escolas.min-edu.pt",
        "contact:fax": "+351 282792265",
        "contact:phone": "+351 282792266",
        "grades": "10-14",
        "name": "Escola Básica das Naus",
        "operator": "Agrupamento de Escolas Gil Eanes",
        "operator:ref": "145427",
        "operator:type": "public",
        "ref": "341940",
        "ref:qzp": "QZP.59",
        "short_name": "EB2,3 das Naus",
        "@geometry": "center"
      },
      "geometry": {
        "type": "Point",
        "coordinates": [
          -8.6708102,
          37.1101814
        ]
      },
      "id": "way/164616481"
    },
    {
      "type": "Feature",
      "properties": {
        "@id": "way/373798482",
        "addr:city": "Lagos",
        "addr:postcode": "8600-331",
        "alt_name": "Escola Básica do Bairro Operário",
        "amenity": "school",
        "barrier": "fence",
        "contact:email": "eb1.n1.lagos@escolas.min-edu.pt",
        "contact:fax": "+351 282768635",
        "contact:phone": "+351 282769247",
        "grades": "6-9",
        "name": "Escola Básica N.º 1 de Lagos",
        "operator": "Agrupamento de Escolas Júlio Dantas",
        "operator:ref": "145415",
        "operator:type": "public",
        "ref": "228930",
        "ref:qzp": "QZP.59",
        "short_name": "EB1 N.º 1 de Lagos;EB1 do Bairro Operário",
        "@geometry": "center"
      },
      "geometry": {
        "type": "Point",
        "coordinates": [
          -8.6768132,
          37.1015383
        ]
      },
      "id": "way/373798482"
    },
    {
      "type": "Feature",
      "properties": {
        "@id": "way/378260772",
        "amenity": "school",
        "name": "Greensprings School - Lekki Campus",
        "website": "https://www.greenspringsschool.com/",
        "@geometry": "center"
      },
      "geometry": {
        "type": "Point",
        "coordinates": [
          3.6960298,
          6.4610758
        ]
      },
      "id": "way/378260772"
    },
    {
      "type": "Feature",
      "properties": {
        "@id": "way/379358948",
        "amenity": "school",
        "name": "Altantic Hall Boarding School",
        "website": "https://atlantic-hall.net/",
        "wikidata": "Q4816448",
        "wikipedia": "en:Atlantic Hall",
        "@geometry": "center"
      },
      "geometry": {
        "type": "Point",
        "coordinates": [
          3.9622823,
          6.6165241
        ]
      },
      "id": "way/379358948"
    },
    {
      "type": "Feature",
      "properties": {
        "@id": "way/434338035",
        "amenity": "school",
        "name": "Sea School",
        "@geometry": "center"
      },
      "geometry": {
        "type": "Point",
        "coordinates": [
          3.3497619,
          6.4291151
        ]
      },
      "id": "way/434338035"
    },
    {
      "type": "Feature",
      "properties": {
        "@id": "way/481337673",
        "addr:city": "Lagos",
        "addr:housenumber": "1",
        "addr:street": "Land Bridge Avenue",
        "alt_name": "British International Primary School",
        "amenity": "school",
        "contact:phone": "+234 706 174 3619",
        "name": "British International School Lagos",
        "website": "https://bijsnigeria.org/",
        "wikidata": "Q22032051",
        "wikipedia": "en:British International School Lagos",
        "@geometry": "center"
      },
      "geometry": {
        "type": "Point",
        "coordinates": [
          3.4491384,
          6.4333818
        ]
      },
      "id": "way/481337673"
    },
    {
      "type": "Feature",
      "properties": {
        "@id": "way/504468148",
        "addr:city": "Lagos",
        "addr:housenumber": "36-40",
        "addr:street": "Glover Road",
        "amenity": "school",
        "name": "Lagos Preparatory School",
        "wikidata": "Q6472609",
        "@geometry": "center"
      },
      "geometry": {
        "type": "Point",
        "coordinates": [
          3.4368853,
          6.4530562
        ]
      },
      "id": "way/504468148"
    },
    {
      "type": "Feature",
      "properties": {
        "@id": "way/507665758",
        "addr:city": "Lagos",
        "addr:housenumber": "13A/B",
        "addr:street": "Walter Carrington Crescent",
        "amenity": "school",
        "name": "Netherlands International School Lagos",
        "@geometry": "center"
      },
      "geometry": {
        "type": "Point",
        "coordinates": [
          3.4067544,
          6.4390061
        ]
      },
      "id": "way/507665758"
    },
    {
      "type": "Feature",
      "properties": {
        "@id": "way/525043233",
        "amenity": "school",
        "name": "CMS Grammar School",
        "wikidata": "Q5013015",
        "wikipedia": "en:CMS Grammar School, Lagos",
        "@geometry": "center"
      },
      "geometry": {
        "type": "Point",
        "coordinates": [
          3.3875044,
          6.5331414
        ]
      },
      "id": "way/525043233"
    },
    {
      "type": "Feature",
      "properties": {
        "@id": "way/537017448",
        "addr:city": "Lagos",
        "addr:housenumber": "1004",
        "addr:street": "Federal Housing Complex Road",
        "amenity": "school",
        "name": "American International School Lagos",
        "wikidata": "Q20312652",
        "@geometry": "center"
      },
      "geometry": {
        "type": "Point",
        "coordinates": [
          3.4345058,
          6.4368951
        ]
      },
      "id": "way/537017448"
    },
    {
      "type": "Feature",
      "properties": {
        "@id": "way/537017477",
        "addr:city": "Lagos",
        "addr:housenumber": "16",
        "addr:street": "Younis Bashorun Street",
        "amenity": "school",
        "name": "Lycée Français Louis Pasteur",
        "wikidata": "Q19572739",
        "wikipedia": "en:Lycée Français Louis Pasteur de Lagos",
        "@geometry": "center"
      },
      "geometry": {
        "type": "Point",
        "coordinates": [
          3.4360027,
          6.4264662
        ]
      },
      "id": "way/537017477"
    },
    {
      "type": "Feature",
      "properties": {
        "@id": "way/537017478",
        "addr:city": "Lagos",
        "addr:housenumber": "11",
        "addr:street": "Sinari Daranijo Street",
        "amenity": "school",
        "name": "Methodist Boys' High School",
        "@geometry": "center"
      },
      "geometry": {
        "type": "Point",
        "coordinates": [
          3.4356498,
          6.4275215
        ]
      },
      "id": "way/537017478"
    },
    {
      "type": "Feature",
      "properties": {
        "@id": "way/537017561",
        "addr:city": "Lagos",
        "addr:housenumber": "6",
        "addr:street": "Harold Sodipo Crescent",
        "amenity": "school",
        "name": "Avi-Cenna International School",
        "website": "https://avi-cenna.com/",
        "wikidata": "Q21481035",
        "wikipedia": "en:Avi-Cenna International School",
        "@geometry": "center"
      },
      "geometry": {
        "type": "Point",
        "coordinates": [
          3.3523644,
          6.5879065
        ]
      },
      "id": "way/537017561"
    },
    {
      "type": "Feature",
      "properties": {
        "@id": "way/537017590",
        "addr:street": "Waziri Ibrahim Crescent",
        "amenity": "school",
        "name": "Corona School Victoria Island",
        "@geometry": "center"
      },
      "geometry": {
        "type": "Point",
        "coordinates": [
          3.4133281,
          6.4340753
        ]
      },
      "id": "way/537017590"
    },
    {
      "type": "Feature",
      "properties": {
        "@id": "way/539288411",
        "amenity": "school",
        "name": "Greater Scholars International School",
        "@geometry": "center"
      },
      "geometry": {
        "type": "Point",
        "coordinates": [
          3.5881247,
          6.4660267
        ]
      },
      "id": "way/539288411"
    },
    {
      "type": "Feature",
      "properties": {
        "@id": "way/540869065",
        "addr:city": "Lagos",
        "addr:housenumber": "54",
        "addr:street": "Alexander Avenue",
        "amenity": "school",
        "name": "Saint Saviour's School Ikoyi",
        "@geometry": "center"
      },
      "geometry": {
        "type": "Point",
        "coordinates": [
          3.4503971,
          6.4475883
        ]
      },
      "id": "way/540869065"
    },
    {
      "type": "Feature",
      "properties": {
        "@id": "way/540869075",
        "amenity": "school",
        "name": "Greenwood House School",
        "@geometry": "center"
      },
      "geometry": {
        "type": "Point",
        "coordinates": [
          3.446499,
          6.4608108
        ]
      },
      "id": "way/540869075"
    },
    {
      "type": "Feature",
      "properties": {
        "@id": "way/540869127",
        "addr:city": "Lagos",
        "addr:street": "Oba Akinjobi Street",
        "amenity": "school",
        "name": "Police College Ikeja",
        "@geometry": "center"
      },
      "geometry": {
        "type": "Point",
        "coordinates": [
          3.3500371,
          6.5891803
        ]
      },
      "id": "way/540869127"
    },
    {
      "type": "Feature",
      "properties": {
        "@id": "way/541689636",
        "amenity": "school",
        "name": "New Horizons Nigeria Ikeja Campus",
        "@geometry": "center"
      },
      "geometry": {
        "type": "Point",
        "coordinates": [
          3.340025,
          6.5977362
        ]
      },
      "id": "way/541689636"
    },
    {
      "type": "Feature",
      "properties": {
        "@id": "way/543921634",
        "amenity": "school",
        "grades": "1-6",
        "name": "Centro de Bachillerato Tecnológico Industrial y de Servicios No. 137 (CBTis 137)",
        "website": "https://www.cbtis137.edu.mx/",
        "@geometry": "center"
      },
      "geometry": {
        "type": "Point",
        "coordinates": [
          -99.5267233,
          27.4472255
        ]
      },
      "id": "way/543921634"
    },
    {
      "type": "Feature",
      "properties": {
        "@id": "way/544212470",
        "amenity": "school",
        "name": "The Rock Montessori School",
        "@geometry": "center"
      },
      "geometry": {
        "type": "Point",
        "coordinates": [
          3.4718941,
          6.440087
        ]
      },
      "id": "way/544212470"
    },
    {
      "type": "Feature",
      "properties": {
        "@id": "way/544212474",
        "amenity": "school",
        "name": "Enrico Mattei Italian International School Lagos",
        "@geometry": "center"
      },
      "geometry": {
        "type": "Point",
        "coordinates": [
          3.4657372,
          6.4449396
        ]
      },
      "id": "way/544212474"
    },
    {
      "type": "Feature",
      "properties": {
        "@id": "way/551350580",
        "amenity": "school",
        "name": "Lagoon School",
        "@geometry": "center"
      },
      "geometry": {
        "type": "Point",
        "coordinates": [
          3.4677421,
          6.4346932
        ]
      },
      "id": "way/551350580"
    },
    {
      "type": "Feature",
      "properties": {
        "@id": "way/555290455",
        "amenity": "school",
        "name": "Lekki British School",
        "@geometry": "center"
      },
      "geometry": {
        "type": "Point",
        "coordinates": [
          3.4709945,
          6.4441181
        ]
      },
      "id": "way/555290455"
    },
    {
      "type": "Feature",
      "properties": {
        "@id": "way/555290499",
        "amenity": "school",
        "name": "Lekki British Junior School",
        "@geometry": "center"
      },
      "geometry": {
        "type": "Point",
        "coordinates": [
          3.4714482,
          6.4451984
        ]
      },
      "id": "way/555290499"
    },
    {
      "type": "Feature",
      "properties": {
        "@id": "way/555290536",
        "addr:street": "Olubunmi Owa St",
        "amenity": "school",
        "name": "Crisland School Lekki",
        "@geometry": "center"
      },
      "geometry": {
        "type": "Point",
        "coordinates": [
          3.4704193,
          6.4469808
        ]
      },
      "id": "way/555290536"
    },
    {
      "type": "Feature",
      "properties": {
        "@id": "way/555290584",
        "amenity": "school",
        "name": "Ocean Crest School",
        "@geometry": "center"
      },
      "geometry": {
        "type": "Point",
        "coordinates": [
          3.4657428,
          6.428543
        ]
      },
      "id": "way/555290584"
    },
    {
      "type": "Feature",
      "properties": {
        "@id": "way/558906221",
        "amenity": "school",
        "name": "Neander International School",
        "@geometry": "center"
      },
      "geometry": {
        "type": "Point",
        "coordinates": [
          3.9411225,
          6.5723433
        ]
      },
      "id": "way/558906221"
    },
    {
      "type": "Feature",
      "properties": {
        "@id": "way/560190818",
        "addr:city": "Lagos",
        "addr:housenumber": "8",
        "addr:street": "Mekunwen Road",
        "amenity": "school",
        "name": "Corona Primary School Ikoyi",
        "@geometry": "center"
      },
      "geometry": {
        "type": "Point",
        "coordinates": [
          3.4370071,
          6.4441535
        ]
      },
      "id": "way/560190818"
    },
    {
      "type": "Feature",
      "properties": {
        "@id": "way/560190843",
        "addr:city": "Lagos",
        "addr:housenumber": "4",
        "addr:street": "Mekunwen Road",
        "amenity": "school",
        "name": "Hope and Ireti Primary Schools",
        "@geometry": "center"
      },
      "geometry": {
        "type": "Point",
        "coordinates": [
          3.436466,
          6.4440798
        ]
      },
      "id": "way/560190843"
    },
    {
      "type": "Feature",
      "properties": {
        "@id": "way/570559570",
        "addr:city": "Lagos",
        "addr:street": "227 Close",
        "amenity": "school",
        "email": "mail@bananaislandschool.com",
        "name": "Banana Island School",
        "phone": "+234 812 992 7447",
        "website": "https://www.bananaislandschool.com/",
        "@geometry": "center"
      },
      "geometry": {
        "type": "Point",
        "coordinates": [
          3.4539444,
          6.4637521
        ]
      },
      "id": "way/570559570"
    },
    {
      "type": "Feature",
      "properties": {
        "@id": "way/570559588",
        "addr:city": "Lagos",
        "addr:housenumber": "14",
        "addr:street": "Glover Road",
        "amenity": "school",
        "name": "St. John Paul II School",
        "@geometry": "center"
      },
      "geometry": {
        "type": "Point",
        "coordinates": [
          3.4271921,
          6.4565915
        ]
      },
      "id": "way/570559588"
    },
    {
      "type": "Feature",
      "properties": {
        "@id": "way/570657230",
        "addr:city": "Lagos",
        "addr:housenumber": "6",
        "addr:street": "Ruxton Street",
        "amenity": "school",
        "name": "Home Science Association Nursery & Primary School Ikoyi",
        "@geometry": "center"
      },
      "geometry": {
        "type": "Point",
        "coordinates": [
          3.4452189,
          6.451192
        ]
      },
      "id": "way/570657230"
    },
    {
      "type": "Feature",
      "properties": {
        "@id": "way/599054420",
        "amenity": "school",
        "name": "Whiteoak School",
        "@geometry": "center"
      },
      "geometry": {
        "type": "Point",
        "coordinates": [
          3.4458354,
          6.4272748
        ]
      },
      "id": "way/599054420"
    },
    {
      "type": "Feature",
      "properties": {
        "@id": "way/604386577",
        "addr:city": "Lagos",
        "addr:housenumber": "6",
        "addr:street": "Aina George Street",
        "amenity": "school",
        "name": "Indian Language School Lagos",
        "@geometry": "center"
      },
      "geometry": {
        "type": "Point",
        "coordinates": [
          3.364235,
          6.551784
        ]
      },
      "id": "way/604386577"
    },
    {
      "type": "Feature",
      "properties": {
        "@id": "way/611247774",
        "addr:city": "Ikeja",
        "addr:street": "CMD Avenue",
        "amenity": "school",
        "name": "Caleb Secondary School",
        "@geometry": "center"
      },
      "geometry": {
        "type": "Point",
        "coordinates": [
          3.3757089,
          6.6048007
        ]
      },
      "id": "way/611247774"
    },
    {
      "type": "Feature",
      "properties": {
        "@id": "way/611586860",
        "addr:street": "Remi Fani-Kayode Avenue",
        "amenity": "school",
        "name": "STT&T",
        "@geometry": "center"
      },
      "geometry": {
        "type": "Point",
        "coordinates": [
          3.3508964,
          6.5743539
        ]
      },
      "id": "way/611586860"
    },
    {
      "type": "Feature",
      "properties": {
        "@id": "way/627612253",
        "amenity": "school",
        "name": "Victoria Island Nursery & Primary School",
        "@geometry": "center"
      },
      "geometry": {
        "type": "Point",
        "coordinates": [
          3.4386782,
          6.4363681
        ]
      },
      "id": "way/627612253"
    },
    {
      "type": "Feature",
      "properties": {
        "@id": "way/680465790",
        "amenity": "school",
        "name": "Community Secondary School Baiyeku",
        "@geometry": "center"
      },
      "geometry": {
        "type": "Point",
        "coordinates": [
          3.5389765,
          6.5517481
        ]
      },
      "id": "way/680465790"
    },
    {
      "type": "Feature",
      "properties": {
        "@id": "way/680466348",
        "addr:street": "Obafemi Awolowo way",
        "amenity": "school",
        "name": "Zumratul Islamiya Grammar school",
        "operator": "Lagos state Govt",
        "religion": "muslim",
        "@geometry": "center"
      },
      "geometry": {
        "type": "Point",
        "coordinates": [
          3.522406,
          6.5879719
        ]
      },
      "id": "way/680466348"
    },
    {
      "type": "Feature",
      "properties": {
        "@id": "way/704995747",
        "amenity": "school",
        "name": "Police Training School Ikeja",
        "@geometry": "center"
      },
      "geometry": {
        "type": "Point",
        "coordinates": [
          3.346115,
          6.5912841
        ]
      },
      "id": "way/704995747"
    },
    {
      "type": "Feature",
      "properties": {
        "@id": "way/705854752",
        "amenity": "school",
        "name": "African Church Primary School",
        "operator": "Lagos State Government",
        "@geometry": "center"
      },
      "geometry": {
        "type": "Point",
        "coordinates": [
          3.2694329,
          6.6737595
        ]
      },
      "id": "way/705854752"
    },
    {
      "type": "Feature",
      "properties": {
        "@id": "way/707826539",
        "amenity": "school",
        "name": "Chrisland College, Idimu",
        "website": "https://chrislandschools.org/",
        "@geometry": "center"
      },
      "geometry": {
        "type": "Point",
        "coordinates": [
          3.2894984,
          6.5654708
        ]
      },
      "id": "way/707826539"
    },
    {
      "type": "Feature",
      "properties": {
        "@id": "way/707853512",
        "amenity": "school",
        "@geometry": "center"
      },
      "geometry": {
        "type": "Point",
        "coordinates": [
          3.3885538,
          6.5537466
        ]
      },
      "id": "way/707853512"
    },
    {
      "type": "Feature",
      "properties": {
        "@id": "way/707858106",
        "amenity": "school",
        "@geometry": "center"
      },
      "geometry": {
        "type": "Point",
        "coordinates": [
          3.3901616,
          6.5350331
        ]
      },
      "id": "way/707858106"
    },
    {
      "type": "Feature",
      "properties": {
        "@id": "way/707858107",
        "amenity": "school",
        "@geometry": "center"
      },
      "geometry": {
        "type": "Point",
        "coordinates": [
          3.3869367,
          6.5312222
        ]
      },
      "id": "way/707858107"
    },
    {
      "type": "Feature",
      "properties": {
        "@id": "way/733601658",
        "amenity": "school",
        "@geometry": "center"
      },
      "geometry": {
        "type": "Point",
        "coordinates": [
          3.3766938,
          6.6297632
        ]
      },
      "id": "way/733601658"
    },
    {
      "type": "Feature",
      "properties": {
        "@id": "way/733604260",
        "amenity": "school",
        "@geometry": "center"
      },
      "geometry": {
        "type": "Point",
        "coordinates": [
          3.3726695,
          6.6373114
        ]
      },
      "id": "way/733604260"
    },
    {
      "type": "Feature",
      "properties": {
        "@id": "way/733621371",
        "amenity": "school",
        "@geometry": "center"
      },
      "geometry": {
        "type": "Point",
        "coordinates": [
          3.3946134,
          6.6003259
        ]
      },
      "id": "way/733621371"
    },
    {
      "type": "Feature",
      "properties": {
        "@id": "way/733621397",
        "amenity": "school",
        "@geometry": "center"
      },
      "geometry": {
        "type": "Point",
        "coordinates": [
          3.396706,
          6.5932841
        ]
      },
      "id": "way/733621397"
    },
    {
      "type": "Feature",
      "properties": {
        "@id": "way/733633242",
        "amenity": "school",
        "@geometry": "center"
      },
      "geometry": {
        "type": "Point",
        "coordinates": [
          3.2776729,
          6.51518
        ]
      },
      "id": "way/733633242"
    },
    {
      "type": "Feature",
      "properties": {
        "@id": "way/733633243",
        "amenity": "school",
        "@geometry": "center"
      },
      "geometry": {
        "type": "Point",
        "coordinates": [
          3.2911168,
          6.5226964
        ]
      },
      "id": "way/733633243"
    },
    {
      "type": "Feature",
      "properties": {
        "@id": "way/734438171",
        "amenity": "school",
        "@geometry": "center"
      },
      "geometry": {
        "type": "Point",
        "coordinates": [
          3.2814764,
          6.6063171
        ]
      },
      "id": "way/734438171"
    },
    {
      "type": "Feature",
      "properties": {
        "@id": "way/735024470",
        "amenity": "school",
        "survey:date": "2022-01-07",
        "@geometry": "center"
      },
      "geometry": {
        "type": "Point",
        "coordinates": [
          3.376441,
          6.5276409
        ]
      },
      "id": "way/735024470"
    },
    {
      "type": "Feature",
      "properties": {
        "@id": "way/735119438",
        "amenity": "school",
        "name": "Nigerian Navy Secondary School Ojo",
        "@geometry": "center"
      },
      "geometry": {
        "type": "Point",
        "coordinates": [
          3.2760129,
          6.4510614
        ]
      },
      "id": "way/735119438"
    },
    {
      "type": "Feature",
      "properties": {
        "@id": "way/735140638",
        "amenity": "school",
        "name": "Supreme High School",
        "@geometry": "center"
      },
      "geometry": {
        "type": "Point",
        "coordinates": [
          3.3799301,
          6.6176488
        ]
      },
      "id": "way/735140638"
    },
    {
      "type": "Feature",
      "properties": {
        "@id": "way/737290198",
        "amenity": "school",
        "@geometry": "center"
      },
      "geometry": {
        "type": "Point",
        "coordinates": [
          3.2669662,
          6.5535797
        ]
      },
      "id": "way/737290198"
    },
    {
      "type": "Feature",
      "properties": {
        "@id": "way/739531714",
        "amenity": "school",
        "@geometry": "center"
      },
      "geometry": {
        "type": "Point",
        "coordinates": [
          3.2653711,
          6.5451002
        ]
      },
      "id": "way/739531714"
    },
    {
      "type": "Feature",
      "properties": {
        "@id": "way/739531715",
        "amenity": "school",
        "@geometry": "center"
      },
      "geometry": {
        "type": "Point",
        "coordinates": [
          3.249471,
          6.5531928
        ]
      },
      "id": "way/739531715"
    },
    {
      "type": "Feature",
      "properties": {
        "@id": "way/739536563",
        "amenity": "school",
        "@geometry": "center"
      },
      "geometry": {
        "type": "Point",
        "coordinates": [
          3.2475889,
          6.5506574
        ]
      },
      "id": "way/739536563"
    },
    {
      "type": "Feature",
      "properties": {
        "@id": "way/741295045",
        "amenity": "school",
        "name": "Igbobi College",
        "surface": "unpaved",
        "website": "https://igbobicollegeyaba.com",
        "wikidata": "Q16733645",
        "wikipedia": "en:Igbobi College",
        "@geometry": "center"
      },
      "geometry": {
        "type": "Point",
        "coordinates": [
          3.3711133,
          6.5282902
        ]
      },
      "id": "way/741295045"
    },
    {
      "type": "Feature",
      "properties": {
        "@id": "way/741295046",
        "amenity": "school",
        "surface": "unpaved",
        "@geometry": "center"
      },
      "geometry": {
        "type": "Point",
        "coordinates": [
          3.3728989,
          6.5272591
        ]
      },
      "id": "way/741295046"
    },
    {
      "type": "Feature",
      "properties": {
        "@id": "way/741295047",
        "amenity": "school",
        "surface": "unpaved",
        "survey:date": "2022-01-07",
        "@geometry": "center"
      },
      "geometry": {
        "type": "Point",
        "coordinates": [
          3.3736701,
          6.5275513
        ]
      },
      "id": "way/741295047"
    },
    {
      "type": "Feature",
      "properties": {
        "@id": "way/741295048",
        "amenity": "school",
        "surface": "unpaved",
        "@geometry": "center"
      },
      "geometry": {
        "type": "Point",
        "coordinates": [
          3.372891,
          6.5289891
        ]
      },
      "id": "way/741295048"
    },
    {
      "type": "Feature",
      "properties": {
        "@id": "way/741313010",
        "amenity": "school",
        "name": "Federal Government College Lagos",
        "website": "https://fgclagos.org.ng/",
        "wikidata": "Q5440236",
        "wikipedia": "en:Federal Government College Lagos",
        "@geometry": "center"
      },
      "geometry": {
        "type": "Point",
        "coordinates": [
          3.135132,
          6.4908115
        ]
      },
      "id": "way/741313010"
    },
    {
      "type": "Feature",
      "properties": {
        "@id": "way/741343401",
        "amenity": "school",
        "@geometry": "center"
      },
      "geometry": {
        "type": "Point",
        "coordinates": [
          3.3289906,
          6.6183354
        ]
      },
      "id": "way/741343401"
    },
    {
      "type": "Feature",
      "properties": {
        "@id": "way/742237732",
        "addr:street": "Emmanuel Street",
        "amenity": "school",
        "name": "Ogudu GRA School Complex",
        "@geometry": "center"
      },
      "geometry": {
        "type": "Point",
        "coordinates": [
          3.3830907,
          6.579976
        ]
      },
      "id": "way/742237732"
    },
    {
      "type": "Feature",
      "properties": {
        "@id": "way/742327210",
        "amenity": "school",
        "name": "Afariogun Primary school",
        "@geometry": "center"
      },
      "geometry": {
        "type": "Point",
        "coordinates": [
          3.3395374,
          6.5531429
        ]
      },
      "id": "way/742327210"
    },
    {
      "type": "Feature",
      "properties": {
        "@id": "way/742515535",
        "addr:city": "Ibeshe",
        "amenity": "school",
        "name": "Methodist Primary School",
        "@geometry": "center"
      },
      "geometry": {
        "type": "Point",
        "coordinates": [
          3.4746981,
          6.5536601
        ]
      },
      "id": "way/742515535"
    },
    {
      "type": "Feature",
      "properties": {
        "@id": "way/742519253",
        "amenity": "school",
        "name": "Keme Balogun College",
        "@geometry": "center"
      },
      "geometry": {
        "type": "Point",
        "coordinates": [
          3.4752699,
          6.5570062
        ]
      },
      "id": "way/742519253"
    },
    {
      "type": "Feature",
      "properties": {
        "@id": "way/742564560",
        "amenity": "school",
        "name": "Kith & Kin Educational Schools",
        "website": "https://www.kithandkinschools.com/",
        "@geometry": "center"
      },
      "geometry": {
        "type": "Point",
        "coordinates": [
          3.4780854,
          6.5638176
        ]
      },
      "id": "way/742564560"
    },
    {
      "type": "Feature",
      "properties": {
        "@id": "way/742626635",
        "amenity": "school",
        "name": "Unique Blossom school",
        "operator": "private",
        "@geometry": "center"
      },
      "geometry": {
        "type": "Point",
        "coordinates": [
          3.497737,
          6.6061381
        ]
      },
      "id": "way/742626635"
    },
    {
      "type": "Feature",
      "properties": {
        "@id": "way/742626665",
        "amenity": "school",
        "name": "Ayangburen Primary School",
        "@geometry": "center"
      },
      "geometry": {
        "type": "Point",
        "coordinates": [
          3.501833,
          6.6199468
        ]
      },
      "id": "way/742626665"
    },
    {
      "type": "Feature",
      "properties": {
        "@id": "way/742626666",
        "amenity": "school",
        "name": "Ayangburen Senior High School",
        "@geometry": "center"
      },
      "geometry": {
        "type": "Point",
        "coordinates": [
          3.5015079,
          6.6185674
        ]
      },
      "id": "way/742626666"
    },
    {
      "type": "Feature",
      "properties": {
        "@id": "way/742638091",
        "amenity": "school",
        "name": "Mahmud Ahmadiyya College",
        "@geometry": "center"
      },
      "geometry": {
        "type": "Point",
        "coordinates": [
          3.588915,
          6.58384
        ]
      },
      "id": "way/742638091"
    },
    {
      "type": "Feature",
      "properties": {
        "@id": "way/742652352",
        "addr:city": "Oke-Eletu",
        "addr:housenumber": "55",
        "addr:street": "Dede Road",
        "amenity": "school",
        "name": "Methodist Primary School",
        "official_name": "Methodist Primary School, Oke-Eletu",
        "@geometry": "center"
      },
      "geometry": {
        "type": "Point",
        "coordinates": [
          3.5878936,
          6.6023681
        ]
      },
      "id": "way/742652352"
    },
    {
      "type": "Feature",
      "properties": {
        "@id": "way/742652375",
        "addr:city": "Oke-Eletu",
        "addr:street": "Ijede Road",
        "amenity": "school",
        "name": "Kingsfield College",
        "@geometry": "center"
      },
      "geometry": {
        "type": "Point",
        "coordinates": [
          3.5819829,
          6.608666
        ]
      },
      "id": "way/742652375"
    },
    {
      "type": "Feature",
      "properties": {
        "@id": "way/742675433",
        "addr:city": "Ijede",
        "addr:housenumber": "44",
        "addr:street": "Oke-Oyinbo Street",
        "amenity": "school",
        "name": "Anwar ul Islam Primary School",
        "@geometry": "center"
      },
      "geometry": {
        "type": "Point",
        "coordinates": [
          3.5925306,
          6.5701233
        ]
      },
      "id": "way/742675433"
    },
    {
      "type": "Feature",
      "properties": {
        "@id": "way/743165529",
        "amenity": "school",
        "name": "Local Government Primary School, Baiyeku",
        "@geometry": "center"
      },
      "geometry": {
        "type": "Point",
        "coordinates": [
          3.5504407,
          6.5386602
        ]
      },
      "id": "way/743165529"
    },
    {
      "type": "Feature",
      "properties": {
        "@id": "way/744442353",
        "amenity": "school",
        "name": "Halifield Schools",
        "website": "https://www.halifieldschools.com.ng/",
        "@geometry": "center"
      },
      "geometry": {
        "type": "Point",
        "coordinates": [
          3.3725523,
          6.5754735
        ]
      },
      "id": "way/744442353"
    },
    {
      "type": "Feature",
      "properties": {
        "@id": "way/744474963",
        "amenity": "school",
        "name": "Ewenla Primary School",
        "@geometry": "center"
      },
      "geometry": {
        "type": "Point",
        "coordinates": [
          3.3433534,
          6.5533691
        ]
      },
      "id": "way/744474963"
    },
    {
      "type": "Feature",
      "properties": {
        "@id": "way/744474986",
        "amenity": "school",
        "name": "Oshodi Primary School",
        "source": "mapillary",
        "@geometry": "center"
      },
      "geometry": {
        "type": "Point",
        "coordinates": [
          3.3463917,
          6.5595838
        ]
      },
      "id": "way/744474986"
    },
    {
      "type": "Feature",
      "properties": {
        "@id": "way/744475002",
        "addr:city": "Oshodi",
        "amenity": "school",
        "name": "Methodist Primary School",
        "official_name": "Methodist Primary School, Oshodi",
        "source": "mapillary",
        "@geometry": "center"
      },
      "geometry": {
        "type": "Point",
        "coordinates": [
          3.3460384,
          6.5571076
        ]
      },
      "id": "way/744475002"
    },
    {
      "type": "Feature",
      "properties": {
        "@id": "way/744486419",
        "addr:city": "Oshodi",
        "amenity": "school",
        "name": "Ideal Primary School",
        "official_name": "Ideal Primary School, Oshodi",
        "@geometry": "center"
      },
      "geometry": {
        "type": "Point",
        "coordinates": [
          3.3446308,
          6.5534891
        ]
      },
      "id": "way/744486419"
    },
    {
      "type": "Feature",
      "properties": {
        "@id": "way/744486420",
        "amenity": "school",
        "@geometry": "center"
      },
      "geometry": {
        "type": "Point",
        "coordinates": [
          3.344998,
          6.5540211
        ]
      },
      "id": "way/744486420"
    },
    {
      "type": "Feature",
      "properties": {
        "@id": "way/744497152",
        "amenity": "school",
        "@geometry": "center"
      },
      "geometry": {
        "type": "Point",
        "coordinates": [
          3.3594369,
          6.5548295
        ]
      },
      "id": "way/744497152"
    },
    {
      "type": "Feature",
      "properties": {
        "@id": "way/744502262",
        "amenity": "school",
        "@geometry": "center"
      },
      "geometry": {
        "type": "Point",
        "coordinates": [
          3.1226026,
          6.4766027
        ]
      },
      "id": "way/744502262"
    },
    {
      "type": "Feature",
      "properties": {
        "@id": "way/744690447",
        "amenity": "school",
        "@geometry": "center"
      },
      "geometry": {
        "type": "Point",
        "coordinates": [
          3.2628873,
          6.5439655
        ]
      },
      "id": "way/744690447"
    },
    {
      "type": "Feature",
      "properties": {
        "@id": "way/745380537",
        "amenity": "school",
        "name": "Adeniran Ogunsanya College of Education",
        "short_name": "AOCOED",
        "wikidata": "Q20646619",
        "wikipedia": "en:Adeniran Ogunsanya College of Education",
        "@geometry": "center"
      },
      "geometry": {
        "type": "Point",
        "coordinates": [
          3.1114732,
          6.4999145
        ]
      },
      "id": "way/745380537"
    },
    {
      "type": "Feature",
      "properties": {
        "@id": "way/745396773",
        "amenity": "school",
        "@geometry": "center"
      },
      "geometry": {
        "type": "Point",
        "coordinates": [
          3.6704332,
          6.6616103
        ]
      },
      "id": "way/745396773"
    },
    {
      "type": "Feature",
      "properties": {
        "@id": "way/745470838",
        "addr:city": "elepe Igbogbo",
        "amenity": "school",
        "name": "Methodist Primary School",
        "official_name": "Methodist Primary School, Elepe Igbogbo",
        "@geometry": "center"
      },
      "geometry": {
        "type": "Point",
        "coordinates": [
          3.5660669,
          6.6161704
        ]
      },
      "id": "way/745470838"
    },
    {
      "type": "Feature",
      "properties": {
        "@id": "way/745470839",
        "addr:city": "Lagos",
        "addr:street": "Ijede Road",
        "amenity": "school",
        "name": "Elepe Community Secondary School",
        "official_name": "Elepe Community Junior/Senior Secondary School",
        "@geometry": "center"
      },
      "geometry": {
        "type": "Point",
        "coordinates": [
          3.5690407,
          6.6145652
        ]
      },
      "id": "way/745470839"
    },
    {
      "type": "Feature",
      "properties": {
        "@id": "way/745489595",
        "amenity": "school",
        "name": "Tiakod College",
        "website": "http://www.tiakodschools.com/",
        "@geometry": "center"
      },
      "geometry": {
        "type": "Point",
        "coordinates": [
          3.5654826,
          6.6129481
        ]
      },
      "id": "way/745489595"
    },
    {
      "type": "Feature",
      "properties": {
        "@id": "way/745489598",
        "amenity": "school",
        "name": "Tiakod School",
        "website": "http://www.tiakodschools.com/",
        "@geometry": "center"
      },
      "geometry": {
        "type": "Point",
        "coordinates": [
          3.5656316,
          6.6133713
        ]
      },
      "id": "way/745489598"
    },
    {
      "type": "Feature",
      "properties": {
        "@id": "way/746008859",
        "amenity": "school",
        "name": "Luwasa High School",
        "official_name": "Luwasa High School, Ijede",
        "@geometry": "center"
      },
      "geometry": {
        "type": "Point",
        "coordinates": [
          3.5918003,
          6.5800927
        ]
      },
      "id": "way/746008859"
    },
    {
      "type": "Feature",
      "properties": {
        "@id": "way/746021160",
        "addr:city": "Igbogbo",
        "addr:housenumber": "50",
        "addr:street": "Oba Omolaja Road",
        "amenity": "school",
        "name": "Lagos State Civil Service College",
        "@geometry": "center"
      },
      "geometry": {
        "type": "Point",
        "coordinates": [
          3.5193781,
          6.5966262
        ]
      },
      "id": "way/746021160"
    },
    {
      "type": "Feature",
      "properties": {
        "@id": "way/746021161",
        "addr:city": "Igbogbo",
        "addr:housenumber": "61",
        "addr:street": "Oba Omolaja Road",
        "amenity": "school",
        "name": "Methodist Primary School",
        "official_name": "Methodist Primary School, Igbogbo",
        "@geometry": "center"
      },
      "geometry": {
        "type": "Point",
        "coordinates": [
          3.5171645,
          6.596905
        ]
      },
      "id": "way/746021161"
    },
    {
      "type": "Feature",
      "properties": {
        "@id": "way/746021162",
        "amenity": "school",
        "name": "Oriwu Senior Model College",
        "@geometry": "center"
      },
      "geometry": {
        "type": "Point",
        "coordinates": [
          3.5171575,
          6.6065944
        ]
      },
      "id": "way/746021162"
    },
    {
      "type": "Feature",
      "properties": {
        "@id": "way/747161017",
        "addr:housenumber": "590",
        "addr:street": "Ikorodu Road",
        "amenity": "school",
        "name": "Baptist School",
        "official_name": "Baptist School, Mile 12",
        "@geometry": "center"
      },
      "geometry": {
        "type": "Point",
        "coordinates": [
          3.3936664,
          6.606686
        ]
      },
      "id": "way/747161017"
    },
    {
      "type": "Feature",
      "properties": {
        "@id": "way/747165516",
        "amenity": "school",
        "@geometry": "center"
      },
      "geometry": {
        "type": "Point",
        "coordinates": [
          3.3283676,
          6.4719052
        ]
      },
      "id": "way/747165516"
    },
    {
      "type": "Feature",
      "properties": {
        "@id": "way/747279127",
        "amenity": "school",
        "@geometry": "center"
      },
      "geometry": {
        "type": "Point",
        "coordinates": [
          3.3796172,
          6.6000557
        ]
      },
      "id": "way/747279127"
    },
    {
      "type": "Feature",
      "properties": {
        "@id": "way/747279128",
        "amenity": "school",
        "name": "Ikosi Senior High School",
        "@geometry": "center"
      },
      "geometry": {
        "type": "Point",
        "coordinates": [
          3.3805128,
          6.5987644
        ]
      },
      "id": "way/747279128"
    },
    {
      "type": "Feature",
      "properties": {
        "@id": "way/747302256",
        "amenity": "school",
        "@geometry": "center"
      },
      "geometry": {
        "type": "Point",
        "coordinates": [
          3.3486985,
          6.6119047
        ]
      },
      "id": "way/747302256"
    },
    {
      "type": "Feature",
      "properties": {
        "@id": "way/747457399",
        "amenity": "school",
        "name": "Mind Builders School",
        "@geometry": "center"
      },
      "geometry": {
        "type": "Point",
        "coordinates": [
          3.3618078,
          6.6260518
        ]
      },
      "id": "way/747457399"
    },
    {
      "type": "Feature",
      "properties": {
        "@id": "way/747461611",
        "amenity": "school",
        "name": "Babington Macaulay Junior Seminary",
        "short_name": "BMJS",
        "wikidata": "Q4837914",
        "wikipedia": "en:Babington Macaulay Junior Seminary",
        "@geometry": "center"
      },
      "geometry": {
        "type": "Point",
        "coordinates": [
          3.5990127,
          6.6382465
        ]
      },
      "id": "way/747461611"
    },
    {
      "type": "Feature",
      "properties": {
        "@id": "way/748621683",
        "amenity": "school",
        "name": "Dopemu Primary School",
        "@geometry": "center"
      },
      "geometry": {
        "type": "Point",
        "coordinates": [
          3.3122329,
          6.6126127
        ]
      },
      "id": "way/748621683"
    },
    {
      "type": "Feature",
      "properties": {
        "@id": "way/748621689",
        "amenity": "school",
        "@geometry": "center"
      },
      "geometry": {
        "type": "Point",
        "coordinates": [
          3.3123894,
          6.6159028
        ]
      },
      "id": "way/748621689"
    },
    {
      "type": "Feature",
      "properties": {
        "@id": "way/760061883",
        "amenity": "school",
        "name": "College Hall",
        "@geometry": "center"
      },
      "geometry": {
        "type": "Point",
        "coordinates": [
          3.374917,
          6.5165721
        ]
      },
      "id": "way/760061883"
    },
    {
      "type": "Feature",
      "properties": {
        "@id": "way/775429794",
        "addr:housenumber": "39",
        "addr:street": "Ojo Giwa Street",
        "amenity": "school",
        "check_date": "2026-03-03",
        "name": "King Ado Junior High School",
        "@geometry": "center"
      },
      "geometry": {
        "type": "Point",
        "coordinates": [
          3.3909097,
          6.4601647
        ]
      },
      "id": "way/775429794"
    },
    {
      "type": "Feature",
      "properties": {
        "@id": "way/775431198",
        "amenity": "school",
        "name": "Ebute Metta Primary School",
        "@geometry": "center"
      },
      "geometry": {
        "type": "Point",
        "coordinates": [
          3.3853193,
          6.488206
        ]
      },
      "id": "way/775431198"
    },
    {
      "type": "Feature",
      "properties": {
        "@id": "way/775433553",
        "amenity": "school",
        "name": "St. Saviour's School Ebute-Metta",
        "website": "http://stsavioursebutemetta.org",
        "@geometry": "center"
      },
      "geometry": {
        "type": "Point",
        "coordinates": [
          3.375584,
          6.4904857
        ]
      },
      "id": "way/775433553"
    },
    {
      "type": "Feature",
      "properties": {
        "@id": "way/776090349",
        "amenity": "school",
        "name": "St. Judes Anglican Primary School",
        "@geometry": "center"
      },
      "geometry": {
        "type": "Point",
        "coordinates": [
          3.3835337,
          6.4851879
        ]
      },
      "id": "way/776090349"
    },
    {
      "type": "Feature",
      "properties": {
        "@id": "way/776281078",
        "addr:city": "Imota",
        "amenity": "school",
        "name": "Ansar Ud Deen Senior Grammar School",
        "@geometry": "center"
      },
      "geometry": {
        "type": "Point",
        "coordinates": [
          3.6701313,
          6.655059
        ]
      },
      "id": "way/776281078"
    },
    {
      "type": "Feature",
      "properties": {
        "@id": "way/776288351",
        "addr:city": "Igbokuta",
        "addr:street": "Imota Gberigbe Road",
        "amenity": "school",
        "name": "Lagos State Junior Model College",
        "@geometry": "center"
      },
      "geometry": {
        "type": "Point",
        "coordinates": [
          3.6576867,
          6.6220352
        ]
      },
      "id": "way/776288351"
    },
    {
      "type": "Feature",
      "properties": {
        "@id": "way/776290323",
        "amenity": "school",
        "name": "Methodist Primary School, Agura",
        "@geometry": "center"
      },
      "geometry": {
        "type": "Point",
        "coordinates": [
          3.6291075,
          6.5768172
        ]
      },
      "id": "way/776290323"
    },
    {
      "type": "Feature",
      "properties": {
        "@id": "way/776294555",
        "amenity": "school",
        "name": "Methodist Primary School, Gberigbe",
        "@geometry": "center"
      },
      "geometry": {
        "type": "Point",
        "coordinates": [
          3.6201439,
          6.6016631
        ]
      },
      "id": "way/776294555"
    },
    {
      "type": "Feature",
      "properties": {
        "@id": "way/776294556",
        "amenity": "school",
        "name": "Community Junior & Senior Grammar School, Gberigbe",
        "@geometry": "center"
      },
      "geometry": {
        "type": "Point",
        "coordinates": [
          3.6196882,
          6.6037302
        ]
      },
      "id": "way/776294556"
    },
    {
      "type": "Feature",
      "properties": {
        "@id": "way/776524230",
        "amenity": "school",
        "name": "Excellent West College",
        "@geometry": "center"
      },
      "geometry": {
        "type": "Point",
        "coordinates": [
          3.5812766,
          6.6109674
        ]
      },
      "id": "way/776524230"
    },
    {
      "type": "Feature",
      "properties": {
        "@id": "way/778004261",
        "addr:city": "Majidun",
        "amenity": "school",
        "name": "Cherubim & Seraphim Primary School, Majidun",
        "@geometry": "center"
      },
      "geometry": {
        "type": "Point",
        "coordinates": [
          3.4776732,
          6.618448
        ]
      },
      "id": "way/778004261"
    },
    {
      "type": "Feature",
      "properties": {
        "@id": "way/778004265",
        "addr:city": "Owutu",
        "amenity": "school",
        "name": "Government Junior Model College, Owutu",
        "short_name": "GJMC",
        "@geometry": "center"
      },
      "geometry": {
        "type": "Point",
        "coordinates": [
          3.47973,
          6.6188182
        ]
      },
      "id": "way/778004265"
    },
    {
      "type": "Feature",
      "properties": {
        "@id": "way/778598819",
        "amenity": "school",
        "name": "Hosanna High School",
        "@geometry": "center"
      },
      "geometry": {
        "type": "Point",
        "coordinates": [
          3.5227386,
          6.6298501
        ]
      },
      "id": "way/778598819"
    },
    {
      "type": "Feature",
      "properties": {
        "@id": "way/778616140",
        "amenity": "school",
        "name": "LSPEB Model Nursery & Primary School",
        "@geometry": "center"
      },
      "geometry": {
        "type": "Point",
        "coordinates": [
          3.5142008,
          6.6372205
        ]
      },
      "id": "way/778616140"
    },
    {
      "type": "Feature",
      "properties": {
        "@id": "way/778616167",
        "addr:city": "Odogunyan",
        "amenity": "school",
        "name": "Farm Settlement Community Primary School, Odogunyan",
        "@geometry": "center"
      },
      "geometry": {
        "type": "Point",
        "coordinates": [
          3.5205187,
          6.6583774
        ]
      },
      "id": "way/778616167"
    },
    {
      "type": "Feature",
      "properties": {
        "@id": "way/778859478",
        "amenity": "school",
        "name": "Etunrenren Primary School",
        "@geometry": "center"
      },
      "geometry": {
        "type": "Point",
        "coordinates": [
          3.5001563,
          6.6180464
        ]
      },
      "id": "way/778859478"
    },
    {
      "type": "Feature",
      "properties": {
        "@id": "way/778859481",
        "amenity": "school",
        "name": "Supreme Child School",
        "@geometry": "center"
      },
      "geometry": {
        "type": "Point",
        "coordinates": [
          3.494861,
          6.6212072
        ]
      },
      "id": "way/778859481"
    },
    {
      "type": "Feature",
      "properties": {
        "@id": "way/778868247",
        "amenity": "school",
        "name": "Lara Narrow Way Nursery & Primary School",
        "@geometry": "center"
      },
      "geometry": {
        "type": "Point",
        "coordinates": [
          3.5113174,
          6.6329843
        ]
      },
      "id": "way/778868247"
    },
    {
      "type": "Feature",
      "properties": {
        "@id": "way/778976247",
        "amenity": "school",
        "name": "Ipakodo Junior / Senior Grammar School",
        "@geometry": "center"
      },
      "geometry": {
        "type": "Point",
        "coordinates": [
          3.4847124,
          6.6109825
        ]
      },
      "id": "way/778976247"
    },
    {
      "type": "Feature",
      "properties": {
        "@id": "way/779100945",
        "amenity": "school",
        "name": "Majidun Junior Grammar School",
        "@geometry": "center"
      },
      "geometry": {
        "type": "Point",
        "coordinates": [
          3.4766403,
          6.6150963
        ]
      },
      "id": "way/779100945"
    },
    {
      "type": "Feature",
      "properties": {
        "@id": "way/779131228",
        "amenity": "school",
        "name": "U.P.E. Primary School",
        "@geometry": "center"
      },
      "geometry": {
        "type": "Point",
        "coordinates": [
          3.4759867,
          6.6547756
        ]
      },
      "id": "way/779131228"
    },
    {
      "type": "Feature",
      "properties": {
        "@id": "way/779131247",
        "amenity": "school",
        "name": "Balad Private Schools",
        "@geometry": "center"
      },
      "geometry": {
        "type": "Point",
        "coordinates": [
          3.4787459,
          6.6456096
        ]
      },
      "id": "way/779131247"
    },
    {
      "type": "Feature",
      "properties": {
        "@id": "way/779138024",
        "addr:city": "Ikorodu",
        "amenity": "school",
        "name": "Lagos State Rehabilitation and Training Centre, Owutu",
        "@geometry": "center"
      },
      "geometry": {
        "type": "Point",
        "coordinates": [
          3.4832478,
          6.6408257
        ]
      },
      "id": "way/779138024"
    },
    {
      "type": "Feature",
      "properties": {
        "@id": "way/780383043",
        "amenity": "school",
        "@geometry": "center"
      },
      "geometry": {
        "type": "Point",
        "coordinates": [
          3.3841493,
          6.5991169
        ]
      },
      "id": "way/780383043"
    },
    {
      "type": "Feature",
      "properties": {
        "@id": "way/780722050",
        "amenity": "school",
        "@geometry": "center"
      },
      "geometry": {
        "type": "Point",
        "coordinates": [
          3.2217749,
          6.5882434
        ]
      },
      "id": "way/780722050"
    },
    {
      "type": "Feature",
      "properties": {
        "@id": "way/780953618",
        "addr:housenumber": "2",
        "addr:street": "Ojota Road",
        "amenity": "school",
        "name": "Anglican Nursery / Primary School, Ogudu",
        "@geometry": "center"
      },
      "geometry": {
        "type": "Point",
        "coordinates": [
          3.3942742,
          6.5732169
        ]
      },
      "id": "way/780953618"
    },
    {
      "type": "Feature",
      "properties": {
        "@id": "way/780971454",
        "amenity": "school",
        "name": "Ogudu Junior Grammar School",
        "@geometry": "center"
      },
      "geometry": {
        "type": "Point",
        "coordinates": [
          3.3850546,
          6.5787141
        ]
      },
      "id": "way/780971454"
    },
    {
      "type": "Feature",
      "properties": {
        "@id": "way/781366080",
        "addr:housenumber": "7;8",
        "addr:street": "Ajakaiye Street",
        "amenity": "school",
        "name": "State Primary School, Onipetesi-Mangoro",
        "@geometry": "center"
      },
      "geometry": {
        "type": "Point",
        "coordinates": [
          3.3270381,
          6.6068652
        ]
      },
      "id": "way/781366080"
    },
    {
      "type": "Feature",
      "properties": {
        "@id": "way/781366089",
        "amenity": "school",
        "name": "St. Joseph Nursery / Primary School",
        "@geometry": "center"
      },
      "geometry": {
        "type": "Point",
        "coordinates": [
          3.3287322,
          6.609884
        ]
      },
      "id": "way/781366089"
    },
    {
      "type": "Feature",
      "properties": {
        "@id": "way/781366097",
        "amenity": "school",
        "name": "Ife-Oluwa Primary School",
        "@geometry": "center"
      },
      "geometry": {
        "type": "Point",
        "coordinates": [
          3.3261813,
          6.6137953
        ]
      },
      "id": "way/781366097"
    },
    {
      "type": "Feature",
      "properties": {
        "@id": "way/781366098",
        "amenity": "school",
        "name": "Djibril Martin High School Agege",
        "@geometry": "center"
      },
      "geometry": {
        "type": "Point",
        "coordinates": [
          3.3206557,
          6.6134709
        ]
      },
      "id": "way/781366098"
    },
    {
      "type": "Feature",
      "properties": {
        "@id": "way/781366099",
        "amenity": "school",
        "name": "Bakre Disu Oshodi Memorial High School",
        "@geometry": "center"
      },
      "geometry": {
        "type": "Point",
        "coordinates": [
          3.3177755,
          6.6123416
        ]
      },
      "id": "way/781366099"
    },
    {
      "type": "Feature",
      "properties": {
        "@id": "way/781366100",
        "amenity": "school",
        "name": "Brightfield College",
        "@geometry": "center"
      },
      "geometry": {
        "type": "Point",
        "coordinates": [
          3.318969,
          6.6100781
        ]
      },
      "id": "way/781366100"
    },
    {
      "type": "Feature",
      "properties": {
        "@id": "way/781366101",
        "amenity": "school",
        "name": "Anwar-ul-Islam Nursery / Primary School, Oniwaya",
        "@geometry": "center"
      },
      "geometry": {
        "type": "Point",
        "coordinates": [
          3.3186312,
          6.6112764
        ]
      },
      "id": "way/781366101"
    },
    {
      "type": "Feature",
      "properties": {
        "@id": "way/781366102",
        "amenity": "school",
        "name": "Anwar-ul-Islam Model College, Agege",
        "@geometry": "center"
      },
      "geometry": {
        "type": "Point",
        "coordinates": [
          3.3198469,
          6.6132529
        ]
      },
      "id": "way/781366102"
    },
    {
      "type": "Feature",
      "properties": {
        "@id": "way/781368353",
        "amenity": "school",
        "name": "African Church Central Primary School, Agege",
        "@geometry": "center"
      },
      "geometry": {
        "type": "Point",
        "coordinates": [
          3.3195175,
          6.6156749
        ]
      },
      "id": "way/781368353"
    },
    {
      "type": "Feature",
      "properties": {
        "@id": "way/781514500",
        "amenity": "school",
        "name": "Rauf Aregbesola Primary School",
        "@geometry": "center"
      },
      "geometry": {
        "type": "Point",
        "coordinates": [
          3.302859,
          6.5978382
        ]
      },
      "id": "way/781514500"
    },
    {
      "type": "Feature",
      "properties": {
        "@id": "way/781533931",
        "amenity": "school",
        "name": "Sango Junior Secondary School",
        "@geometry": "center"
      },
      "geometry": {
        "type": "Point",
        "coordinates": [
          3.3292303,
          6.6257624
        ]
      },
      "id": "way/781533931"
    },
    {
      "type": "Feature",
      "properties": {
        "@id": "way/781533944",
        "amenity": "school",
        "name": "Dairy Farm School Complex",
        "@geometry": "center"
      },
      "geometry": {
        "type": "Point",
        "coordinates": [
          3.3272981,
          6.625895
        ]
      },
      "id": "way/781533944"
    },
    {
      "type": "Feature",
      "properties": {
        "@id": "way/781644062",
        "amenity": "school",
        "@geometry": "center"
      },
      "geometry": {
        "type": "Point",
        "coordinates": [
          3.3415741,
          6.6307838
        ]
      },
      "id": "way/781644062"
    },
    {
      "type": "Feature",
      "properties": {
        "@id": "way/783301363",
        "amenity": "school",
        "@geometry": "center"
      },
      "geometry": {
        "type": "Point",
        "coordinates": [
          2.9415787,
          6.4155193
        ]
      },
      "id": "way/783301363"
    },
    {
      "type": "Feature",
      "properties": {
        "@id": "way/783616104",
        "amenity": "school",
        "@geometry": "center"
      },
      "geometry": {
        "type": "Point",
        "coordinates": [
          3.2761125,
          6.4631541
        ]
      },
      "id": "way/783616104"
    },
    {
      "type": "Feature",
      "properties": {
        "@id": "way/783616108",
        "amenity": "school",
        "@geometry": "center"
      },
      "geometry": {
        "type": "Point",
        "coordinates": [
          3.2717288,
          6.4737368
        ]
      },
      "id": "way/783616108"
    },
    {
      "type": "Feature",
      "properties": {
        "@id": "way/784063127",
        "amenity": "school",
        "@geometry": "center"
      },
      "geometry": {
        "type": "Point",
        "coordinates": [
          3.3264623,
          6.4543846
        ]
      },
      "id": "way/784063127"
    },
    {
      "type": "Feature",
      "properties": {
        "@id": "way/784063129",
        "amenity": "school",
        "@geometry": "center"
      },
      "geometry": {
        "type": "Point",
        "coordinates": [
          3.3331342,
          6.453769
        ]
      },
      "id": "way/784063129"
    },
    {
      "type": "Feature",
      "properties": {
        "@id": "way/784063130",
        "amenity": "school",
        "@geometry": "center"
      },
      "geometry": {
        "type": "Point",
        "coordinates": [
          3.3407467,
          6.4501614
        ]
      },
      "id": "way/784063130"
    },
    {
      "type": "Feature",
      "properties": {
        "@id": "way/784063131",
        "amenity": "school",
        "@geometry": "center"
      },
      "geometry": {
        "type": "Point",
        "coordinates": [
          3.3419348,
          6.4504469
        ]
      },
      "id": "way/784063131"
    },
    {
      "type": "Feature",
      "properties": {
        "@id": "way/784063132",
        "amenity": "school",
        "@geometry": "center"
      },
      "geometry": {
        "type": "Point",
        "coordinates": [
          3.3428669,
          6.4505715
        ]
      },
      "id": "way/784063132"
    },
    {
      "type": "Feature",
      "properties": {
        "@id": "way/784063134",
        "amenity": "school",
        "@geometry": "center"
      },
      "geometry": {
        "type": "Point",
        "coordinates": [
          3.3384865,
          6.4492753
        ]
      },
      "id": "way/784063134"
    },
    {
      "type": "Feature",
      "properties": {
        "@id": "way/784077453",
        "amenity": "school",
        "@geometry": "center"
      },
      "geometry": {
        "type": "Point",
        "coordinates": [
          3.284155,
          6.4557219
        ]
      },
      "id": "way/784077453"
    },
    {
      "type": "Feature",
      "properties": {
        "@id": "way/784077454",
        "amenity": "school",
        "@geometry": "center"
      },
      "geometry": {
        "type": "Point",
        "coordinates": [
          3.284884,
          6.4575464
        ]
      },
      "id": "way/784077454"
    },
    {
      "type": "Feature",
      "properties": {
        "@id": "way/784077455",
        "amenity": "school",
        "@geometry": "center"
      },
      "geometry": {
        "type": "Point",
        "coordinates": [
          3.283577,
          6.4567191
        ]
      },
      "id": "way/784077455"
    },
    {
      "type": "Feature",
      "properties": {
        "@id": "way/784077456",
        "amenity": "school",
        "@geometry": "center"
      },
      "geometry": {
        "type": "Point",
        "coordinates": [
          3.2811088,
          6.4572833
        ]
      },
      "id": "way/784077456"
    },
    {
      "type": "Feature",
      "properties": {
        "@id": "way/784077458",
        "amenity": "school",
        "@geometry": "center"
      },
      "geometry": {
        "type": "Point",
        "coordinates": [
          3.2805795,
          6.4564825
        ]
      },
      "id": "way/784077458"
    },
    {
      "type": "Feature",
      "properties": {
        "@id": "way/784077462",
        "amenity": "school",
        "@geometry": "center"
      },
      "geometry": {
        "type": "Point",
        "coordinates": [
          3.3122304,
          6.4441269
        ]
      },
      "id": "way/784077462"
    },
    {
      "type": "Feature",
      "properties": {
        "@id": "way/784246079",
        "addr:city": "Ifako",
        "addr:housenumber": "1",
        "addr:street": "Alhaji Adebesin Street",
        "amenity": "school",
        "name": "Oke-Ifako Nursery / Primary School",
        "@geometry": "center"
      },
      "geometry": {
        "type": "Point",
        "coordinates": [
          3.3919373,
          6.5608993
        ]
      },
      "id": "way/784246079"
    },
    {
      "type": "Feature",
      "properties": {
        "@id": "way/784246080",
        "amenity": "school",
        "@geometry": "center"
      },
      "geometry": {
        "type": "Point",
        "coordinates": [
          3.3915252,
          6.5613154
        ]
      },
      "id": "way/784246080"
    },
    {
      "type": "Feature",
      "properties": {
        "@id": "way/784949573",
        "amenity": "school",
        "@geometry": "center"
      },
      "geometry": {
        "type": "Point",
        "coordinates": [
          3.338526,
          6.46228
        ]
      },
      "id": "way/784949573"
    },
    {
      "type": "Feature",
      "properties": {
        "@id": "way/784949582",
        "amenity": "school",
        "@geometry": "center"
      },
      "geometry": {
        "type": "Point",
        "coordinates": [
          3.3435743,
          6.4569483
        ]
      },
      "id": "way/784949582"
    },
    {
      "type": "Feature",
      "properties": {
        "@id": "way/784953517",
        "amenity": "school",
        "@geometry": "center"
      },
      "geometry": {
        "type": "Point",
        "coordinates": [
          3.3409384,
          6.4650493
        ]
      },
      "id": "way/784953517"
    },
    {
      "type": "Feature",
      "properties": {
        "@id": "way/785246549",
        "addr:city": "Lagos",
        "addr:street": "Badore Road",
        "amenity": "school",
        "name": "Model College Badore",
        "wikidata": "Q24887107",
        "wikipedia": "en:Lagos State Model College Badore",
        "@geometry": "center"
      },
      "geometry": {
        "type": "Point",
        "coordinates": [
          3.6097173,
          6.510685
        ]
      },
      "id": "way/785246549"
    },
    {
      "type": "Feature",
      "properties": {
        "@id": "way/785246575",
        "amenity": "school",
        "@geometry": "center"
      },
      "geometry": {
        "type": "Point",
        "coordinates": [
          3.613341,
          6.5107841
        ]
      },
      "id": "way/785246575"
    },
    {
      "type": "Feature",
      "properties": {
        "@id": "way/785331093",
        "amenity": "school",
        "@geometry": "center"
      },
      "geometry": {
        "type": "Point",
        "coordinates": [
          3.6359436,
          6.4729522
        ]
      },
      "id": "way/785331093"
    },
    {
      "type": "Feature",
      "properties": {
        "@id": "way/785635258",
        "amenity": "school",
        "@geometry": "center"
      },
      "geometry": {
        "type": "Point",
        "coordinates": [
          3.564287,
          6.469395
        ]
      },
      "id": "way/785635258"
    },
    {
      "type": "Feature",
      "properties": {
        "@id": "way/785952123",
        "amenity": "school",
        "surface": "unpaved",
        "@geometry": "center"
      },
      "geometry": {
        "type": "Point",
        "coordinates": [
          3.2063549,
          6.4585491
        ]
      },
      "id": "way/785952123"
    },
    {
      "type": "Feature",
      "properties": {
        "@id": "way/785952134",
        "amenity": "school",
        "@geometry": "center"
      },
      "geometry": {
        "type": "Point",
        "coordinates": [
          3.2285401,
          6.4458247
        ]
      },
      "id": "way/785952134"
    },
    {
      "type": "Feature",
      "properties": {
        "@id": "way/786056293",
        "amenity": "school",
        "name": "Sabo Oniba Primary School",
        "wikidata": "Q116408374",
        "@geometry": "center"
      },
      "geometry": {
        "type": "Point",
        "coordinates": [
          3.1722236,
          6.4634631
        ]
      },
      "id": "way/786056293"
    },
    {
      "type": "Feature",
      "properties": {
        "@id": "way/786056347",
        "amenity": "school",
        "@geometry": "center"
      },
      "geometry": {
        "type": "Point",
        "coordinates": [
          3.1792236,
          6.472947
        ]
      },
      "id": "way/786056347"
    },
    {
      "type": "Feature",
      "properties": {
        "@id": "way/786383318",
        "amenity": "school",
        "@geometry": "center"
      },
      "geometry": {
        "type": "Point",
        "coordinates": [
          3.1412783,
          6.4666293
        ]
      },
      "id": "way/786383318"
    },
    {
      "type": "Feature",
      "properties": {
        "@id": "way/786383329",
        "amenity": "school",
        "@geometry": "center"
      },
      "geometry": {
        "type": "Point",
        "coordinates": [
          3.1584992,
          6.4541106
        ]
      },
      "id": "way/786383329"
    },
    {
      "type": "Feature",
      "properties": {
        "@id": "way/786386204",
        "amenity": "school",
        "@geometry": "center"
      },
      "geometry": {
        "type": "Point",
        "coordinates": [
          3.2599414,
          6.448167
        ]
      },
      "id": "way/786386204"
    },
    {
      "type": "Feature",
      "properties": {
        "@id": "way/786391674",
        "amenity": "school",
        "@geometry": "center"
      },
      "geometry": {
        "type": "Point",
        "coordinates": [
          3.3014596,
          6.5263727
        ]
      },
      "id": "way/786391674"
    },
    {
      "type": "Feature",
      "properties": {
        "@id": "way/786391675",
        "amenity": "school",
        "@geometry": "center"
      },
      "geometry": {
        "type": "Point",
        "coordinates": [
          3.3041792,
          6.527175
        ]
      },
      "id": "way/786391675"
    },
    {
      "type": "Feature",
      "properties": {
        "@id": "way/786977287",
        "amenity": "school",
        "@geometry": "center"
      },
      "geometry": {
        "type": "Point",
        "coordinates": [
          3.4258227,
          6.4621593
        ]
      },
      "id": "way/786977287"
    },
    {
      "type": "Feature",
      "properties": {
        "@id": "way/786977288",
        "amenity": "school",
        "@geometry": "center"
      },
      "geometry": {
        "type": "Point",
        "coordinates": [
          3.4240133,
          6.4627021
        ]
      },
      "id": "way/786977288"
    },
    {
      "type": "Feature",
      "properties": {
        "@id": "way/786977289",
        "amenity": "school",
        "@geometry": "center"
      },
      "geometry": {
        "type": "Point",
        "coordinates": [
          3.4246579,
          6.462019
        ]
      },
      "id": "way/786977289"
    },
    {
      "type": "Feature",
      "properties": {
        "@id": "way/786992232",
        "amenity": "school",
        "@geometry": "center"
      },
      "geometry": {
        "type": "Point",
        "coordinates": [
          3.3104838,
          6.4585051
        ]
      },
      "id": "way/786992232"
    },
    {
      "type": "Feature",
      "properties": {
        "@id": "way/786992233",
        "amenity": "school",
        "@geometry": "center"
      },
      "geometry": {
        "type": "Point",
        "coordinates": [
          3.3111616,
          6.4573949
        ]
      },
      "id": "way/786992233"
    },
    {
      "type": "Feature",
      "properties": {
        "@id": "way/786992234",
        "amenity": "school",
        "@geometry": "center"
      },
      "geometry": {
        "type": "Point",
        "coordinates": [
          3.3125444,
          6.4574375
        ]
      },
      "id": "way/786992234"
    },
    {
      "type": "Feature",
      "properties": {
        "@id": "way/786992235",
        "amenity": "school",
        "@geometry": "center"
      },
      "geometry": {
        "type": "Point",
        "coordinates": [
          3.3139359,
          6.4575695
        ]
      },
      "id": "way/786992235"
    },
    {
      "type": "Feature",
      "properties": {
        "@id": "way/786992283",
        "amenity": "school",
        "@geometry": "center"
      },
      "geometry": {
        "type": "Point",
        "coordinates": [
          3.3305982,
          6.4493128
        ]
      },
      "id": "way/786992283"
    },
    {
      "type": "Feature",
      "properties": {
        "@id": "way/786992284",
        "amenity": "school",
        "@geometry": "center"
      },
      "geometry": {
        "type": "Point",
        "coordinates": [
          3.3295668,
          6.4491855
        ]
      },
      "id": "way/786992284"
    },
    {
      "type": "Feature",
      "properties": {
        "@id": "way/787313478",
        "amenity": "school",
        "@geometry": "center"
      },
      "geometry": {
        "type": "Point",
        "coordinates": [
          3.2982993,
          6.5981102
        ]
      },
      "id": "way/787313478"
    },
    {
      "type": "Feature",
      "properties": {
        "@id": "way/787802505",
        "amenity": "school",
        "@geometry": "center"
      },
      "geometry": {
        "type": "Point",
        "coordinates": [
          3.3278787,
          6.4841289
        ]
      },
      "id": "way/787802505"
    },
    {
      "type": "Feature",
      "properties": {
        "@id": "way/787802532",
        "amenity": "school",
        "@geometry": "center"
      },
      "geometry": {
        "type": "Point",
        "coordinates": [
          3.3274165,
          6.4709515
        ]
      },
      "id": "way/787802532"
    },
    {
      "type": "Feature",
      "properties": {
        "@id": "way/787802543",
        "amenity": "school",
        "@geometry": "center"
      },
      "geometry": {
        "type": "Point",
        "coordinates": [
          3.3230264,
          6.4978872
        ]
      },
      "id": "way/787802543"
    },
    {
      "type": "Feature",
      "properties": {
        "@id": "way/787802579",
        "amenity": "school",
        "@geometry": "center"
      },
      "geometry": {
        "type": "Point",
        "coordinates": [
          3.3221657,
          6.5196055
        ]
      },
      "id": "way/787802579"
    },
    {
      "type": "Feature",
      "properties": {
        "@id": "way/787802580",
        "amenity": "school",
        "@geometry": "center"
      },
      "geometry": {
        "type": "Point",
        "coordinates": [
          3.3231041,
          6.5194562
        ]
      },
      "id": "way/787802580"
    },
    {
      "type": "Feature",
      "properties": {
        "@id": "way/787802581",
        "amenity": "school",
        "@geometry": "center"
      },
      "geometry": {
        "type": "Point",
        "coordinates": [
          3.3238323,
          6.518337
        ]
      },
      "id": "way/787802581"
    },
    {
      "type": "Feature",
      "properties": {
        "@id": "way/787802592",
        "amenity": "school",
        "@geometry": "center"
      },
      "geometry": {
        "type": "Point",
        "coordinates": [
          3.3227071,
          6.5171365
        ]
      },
      "id": "way/787802592"
    },
    {
      "type": "Feature",
      "properties": {
        "@id": "way/787802593",
        "amenity": "school",
        "@geometry": "center"
      },
      "geometry": {
        "type": "Point",
        "coordinates": [
          3.320957,
          6.5178019
        ]
      },
      "id": "way/787802593"
    },
    {
      "type": "Feature",
      "properties": {
        "@id": "way/787802594",
        "amenity": "school",
        "@geometry": "center"
      },
      "geometry": {
        "type": "Point",
        "coordinates": [
          3.3216656,
          6.5172391
        ]
      },
      "id": "way/787802594"
    },
    {
      "type": "Feature",
      "properties": {
        "@id": "way/787802598",
        "amenity": "school",
        "@geometry": "center"
      },
      "geometry": {
        "type": "Point",
        "coordinates": [
          3.3230847,
          6.5156601
        ]
      },
      "id": "way/787802598"
    },
    {
      "type": "Feature",
      "properties": {
        "@id": "way/787802609",
        "amenity": "school",
        "@geometry": "center"
      },
      "geometry": {
        "type": "Point",
        "coordinates": [
          3.3221498,
          6.5138052
        ]
      },
      "id": "way/787802609"
    },
    {
      "type": "Feature",
      "properties": {
        "@id": "way/787802610",
        "amenity": "school",
        "@geometry": "center"
      },
      "geometry": {
        "type": "Point",
        "coordinates": [
          3.3219287,
          6.5144505
        ]
      },
      "id": "way/787802610"
    },
    {
      "type": "Feature",
      "properties": {
        "@id": "way/787802611",
        "amenity": "school",
        "@geometry": "center"
      },
      "geometry": {
        "type": "Point",
        "coordinates": [
          3.3217295,
          6.5150676
        ]
      },
      "id": "way/787802611"
    },
    {
      "type": "Feature",
      "properties": {
        "@id": "way/787817829",
        "amenity": "school",
        "@geometry": "center"
      },
      "geometry": {
        "type": "Point",
        "coordinates": [
          3.3814783,
          6.6358605
        ]
      },
      "id": "way/787817829"
    },
    {
      "type": "Feature",
      "properties": {
        "@id": "way/787817830",
        "amenity": "school",
        "@geometry": "center"
      },
      "geometry": {
        "type": "Point",
        "coordinates": [
          3.38106,
          6.6346157
        ]
      },
      "id": "way/787817830"
    },
    {
      "type": "Feature",
      "properties": {
        "@id": "way/787817831",
        "amenity": "school",
        "@geometry": "center"
      },
      "geometry": {
        "type": "Point",
        "coordinates": [
          3.3821591,
          6.6353177
        ]
      },
      "id": "way/787817831"
    },
    {
      "type": "Feature",
      "properties": {
        "@id": "way/788064780",
        "addr:city": "Ewu, Oshodi",
        "addr:housenumber": "1",
        "addr:street": "Bode Onifade Street",
        "amenity": "school",
        "name": "Ewutuntun Grammar School",
        "operator": "LGA",
        "@geometry": "center"
      },
      "geometry": {
        "type": "Point",
        "coordinates": [
          3.3375028,
          6.5650373
        ]
      },
      "id": "way/788064780"
    },
    {
      "type": "Feature",
      "properties": {
        "@id": "way/788064789",
        "amenity": "school",
        "@geometry": "center"
      },
      "geometry": {
        "type": "Point",
        "coordinates": [
          3.3408214,
          6.5569941
        ]
      },
      "id": "way/788064789"
    },
    {
      "type": "Feature",
      "properties": {
        "@id": "way/788064812",
        "amenity": "school",
        "@geometry": "center"
      },
      "geometry": {
        "type": "Point",
        "coordinates": [
          3.334816,
          6.5584737
        ]
      },
      "id": "way/788064812"
    },
    {
      "type": "Feature",
      "properties": {
        "@id": "way/788064824",
        "amenity": "school",
        "@geometry": "center"
      },
      "geometry": {
        "type": "Point",
        "coordinates": [
          3.3429962,
          6.5632442
        ]
      },
      "id": "way/788064824"
    },
    {
      "type": "Feature",
      "properties": {
        "@id": "way/788064856",
        "amenity": "school",
        "@geometry": "center"
      },
      "geometry": {
        "type": "Point",
        "coordinates": [
          3.3451303,
          6.565052
        ]
      },
      "id": "way/788064856"
    },
    {
      "type": "Feature",
      "properties": {
        "@id": "way/788064857",
        "amenity": "school",
        "@geometry": "center"
      },
      "geometry": {
        "type": "Point",
        "coordinates": [
          3.3452684,
          6.5635462
        ]
      },
      "id": "way/788064857"
    },
    {
      "type": "Feature",
      "properties": {
        "@id": "way/788064858",
        "amenity": "school",
        "@geometry": "center"
      },
      "geometry": {
        "type": "Point",
        "coordinates": [
          3.3429805,
          6.5647026
        ]
      },
      "id": "way/788064858"
    },
    {
      "type": "Feature",
      "properties": {
        "@id": "way/788064859",
        "amenity": "school",
        "@geometry": "center"
      },
      "geometry": {
        "type": "Point",
        "coordinates": [
          3.3429705,
          6.5619262
        ]
      },
      "id": "way/788064859"
    },
    {
      "type": "Feature",
      "properties": {
        "@id": "way/788064861",
        "amenity": "school",
        "@geometry": "center"
      },
      "geometry": {
        "type": "Point",
        "coordinates": [
          3.3440772,
          6.5649153
        ]
      },
      "id": "way/788064861"
    },
    {
      "type": "Feature",
      "properties": {
        "@id": "way/788064873",
        "amenity": "school",
        "@geometry": "center"
      },
      "geometry": {
        "type": "Point",
        "coordinates": [
          3.342023,
          6.5734116
        ]
      },
      "id": "way/788064873"
    },
    {
      "type": "Feature",
      "properties": {
        "@id": "way/788064878",
        "amenity": "school",
        "@geometry": "center"
      },
      "geometry": {
        "type": "Point",
        "coordinates": [
          3.3409254,
          6.5782657
        ]
      },
      "id": "way/788064878"
    },
    {
      "type": "Feature",
      "properties": {
        "@id": "way/788064886",
        "amenity": "school",
        "@geometry": "center"
      },
      "geometry": {
        "type": "Point",
        "coordinates": [
          3.3363663,
          6.5695039
        ]
      },
      "id": "way/788064886"
    },
    {
      "type": "Feature",
      "properties": {
        "@id": "way/788305519",
        "amenity": "school",
        "@geometry": "center"
      },
      "geometry": {
        "type": "Point",
        "coordinates": [
          3.3268,
          6.5327652
        ]
      },
      "id": "way/788305519"
    },
    {
      "type": "Feature",
      "properties": {
        "@id": "way/788309890",
        "amenity": "school",
        "name": "Olosun Primary School",
        "@geometry": "center"
      },
      "geometry": {
        "type": "Point",
        "coordinates": [
          3.3752434,
          6.5910846
        ]
      },
      "id": "way/788309890"
    },
    {
      "type": "Feature",
      "properties": {
        "@id": "way/788311255",
        "amenity": "school",
        "@geometry": "center"
      },
      "geometry": {
        "type": "Point",
        "coordinates": [
          3.377044,
          6.5836603
        ]
      },
      "id": "way/788311255"
    },
    {
      "type": "Feature",
      "properties": {
        "@id": "way/788311256",
        "amenity": "school",
        "@geometry": "center"
      },
      "geometry": {
        "type": "Point",
        "coordinates": [
          3.3781508,
          6.5829129
        ]
      },
      "id": "way/788311256"
    },
    {
      "type": "Feature",
      "properties": {
        "@id": "way/788314330",
        "amenity": "school",
        "@geometry": "center"
      },
      "geometry": {
        "type": "Point",
        "coordinates": [
          3.3841585,
          6.5542615
        ]
      },
      "id": "way/788314330"
    },
    {
      "type": "Feature",
      "properties": {
        "@id": "way/788314359",
        "amenity": "school",
        "@geometry": "center"
      },
      "geometry": {
        "type": "Point",
        "coordinates": [
          3.370383,
          6.5690383
        ]
      },
      "id": "way/788314359"
    },
    {
      "type": "Feature",
      "properties": {
        "@id": "way/788314360",
        "amenity": "school",
        "@geometry": "center"
      },
      "geometry": {
        "type": "Point",
        "coordinates": [
          3.3694494,
          6.5689722
        ]
      },
      "id": "way/788314360"
    },
    {
      "type": "Feature",
      "properties": {
        "@id": "way/788314361",
        "amenity": "school",
        "@geometry": "center"
      },
      "geometry": {
        "type": "Point",
        "coordinates": [
          3.3687251,
          6.5689009
        ]
      },
      "id": "way/788314361"
    },
    {
      "type": "Feature",
      "properties": {
        "@id": "way/788314362",
        "amenity": "school",
        "@geometry": "center"
      },
      "geometry": {
        "type": "Point",
        "coordinates": [
          3.3708843,
          6.5698923
        ]
      },
      "id": "way/788314362"
    },
    {
      "type": "Feature",
      "properties": {
        "@id": "way/788314370",
        "amenity": "school",
        "@geometry": "center"
      },
      "geometry": {
        "type": "Point",
        "coordinates": [
          3.3771774,
          6.5644318
        ]
      },
      "id": "way/788314370"
    },
    {
      "type": "Feature",
      "properties": {
        "@id": "way/788314380",
        "amenity": "school",
        "@geometry": "center"
      },
      "geometry": {
        "type": "Point",
        "coordinates": [
          3.3778634,
          6.5644361
        ]
      },
      "id": "way/788314380"
    },
    {
      "type": "Feature",
      "properties": {
        "@id": "way/788672506",
        "amenity": "school",
        "@geometry": "center"
      },
      "geometry": {
        "type": "Point",
        "coordinates": [
          3.4044407,
          6.54735
        ]
      },
      "id": "way/788672506"
    },
    {
      "type": "Feature",
      "properties": {
        "@id": "way/788672507",
        "amenity": "school",
        "@geometry": "center"
      },
      "geometry": {
        "type": "Point",
        "coordinates": [
          3.4052179,
          6.5468763
        ]
      },
      "id": "way/788672507"
    },
    {
      "type": "Feature",
      "properties": {
        "@id": "way/788692879",
        "amenity": "school",
        "@geometry": "center"
      },
      "geometry": {
        "type": "Point",
        "coordinates": [
          3.3997287,
          6.5974834
        ]
      },
      "id": "way/788692879"
    },
    {
      "type": "Feature",
      "properties": {
        "@id": "way/788692886",
        "amenity": "school",
        "@geometry": "center"
      },
      "geometry": {
        "type": "Point",
        "coordinates": [
          3.4004476,
          6.5862773
        ]
      },
      "id": "way/788692886"
    },
    {
      "type": "Feature",
      "properties": {
        "@id": "way/788708233",
        "amenity": "school",
        "@geometry": "center"
      },
      "geometry": {
        "type": "Point",
        "coordinates": [
          3.3545081,
          6.5997408
        ]
      },
      "id": "way/788708233"
    },
    {
      "type": "Feature",
      "properties": {
        "@id": "way/788708242",
        "amenity": "school",
        "@geometry": "center"
      },
      "geometry": {
        "type": "Point",
        "coordinates": [
          3.3633165,
          6.5895446
        ]
      },
      "id": "way/788708242"
    },
    {
      "type": "Feature",
      "properties": {
        "@id": "way/788708270",
        "amenity": "school",
        "@geometry": "center"
      },
      "geometry": {
        "type": "Point",
        "coordinates": [
          3.3676241,
          6.5991373
        ]
      },
      "id": "way/788708270"
    },
    {
      "type": "Feature",
      "properties": {
        "@id": "way/789336919",
        "amenity": "school",
        "@geometry": "center"
      },
      "geometry": {
        "type": "Point",
        "coordinates": [
          3.3984245,
          6.6097204
        ]
      },
      "id": "way/789336919"
    },
    {
      "type": "Feature",
      "properties": {
        "@id": "way/789336934",
        "amenity": "school",
        "@geometry": "center"
      },
      "geometry": {
        "type": "Point",
        "coordinates": [
          3.3876903,
          6.6083282
        ]
      },
      "id": "way/789336934"
    },
    {
      "type": "Feature",
      "properties": {
        "@id": "way/789336935",
        "amenity": "school",
        "@geometry": "center"
      },
      "geometry": {
        "type": "Point",
        "coordinates": [
          3.3883395,
          6.6064938
        ]
      },
      "id": "way/789336935"
    },
    {
      "type": "Feature",
      "properties": {
        "@id": "way/790593196",
        "addr:city": "Lagos",
        "addr:housenumber": "60",
        "addr:street": "Adelabu Street",
        "amenity": "school",
        "name": "Fountain Heights Secondary School",
        "website": "https://www.fountainschools-ng.com/",
        "@geometry": "center"
      },
      "geometry": {
        "type": "Point",
        "coordinates": [
          3.3491526,
          6.4939617
        ]
      },
      "id": "way/790593196"
    },
    {
      "type": "Feature",
      "properties": {
        "@id": "way/790600602",
        "amenity": "school",
        "name": "Government Technical College Agidingbi",
        "@geometry": "center"
      },
      "geometry": {
        "type": "Point",
        "coordinates": [
          3.3538369,
          6.6226609
        ]
      },
      "id": "way/790600602"
    },
    {
      "type": "Feature",
      "properties": {
        "@id": "way/790723921",
        "addr:city": "Lagos",
        "addr:housenumber": "49",
        "addr:street": "Sobo Arobiodu Street",
        "amenity": "school",
        "name": "Oxbridge Tutorial College",
        "website": "http://www.oxbridgecoll.com",
        "@geometry": "center"
      },
      "geometry": {
        "type": "Point",
        "coordinates": [
          3.3576279,
          6.5776148
        ]
      },
      "id": "way/790723921"
    },
    {
      "type": "Feature",
      "properties": {
        "@id": "way/790899501",
        "amenity": "school",
        "@geometry": "center"
      },
      "geometry": {
        "type": "Point",
        "coordinates": [
          3.2663834,
          6.6873536
        ]
      },
      "id": "way/790899501"
    },
    {
      "type": "Feature",
      "properties": {
        "@id": "way/791164383",
        "amenity": "school",
        "@geometry": "center"
      },
      "geometry": {
        "type": "Point",
        "coordinates": [
          3.331036,
          6.6598569
        ]
      },
      "id": "way/791164383"
    },
    {
      "type": "Feature",
      "properties": {
        "@id": "way/791164384",
        "amenity": "school",
        "@geometry": "center"
      },
      "geometry": {
        "type": "Point",
        "coordinates": [
          3.3297895,
          6.6602398
        ]
      },
      "id": "way/791164384"
    },
    {
      "type": "Feature",
      "properties": {
        "@id": "way/791164451",
        "amenity": "school",
        "@geometry": "center"
      },
      "geometry": {
        "type": "Point",
        "coordinates": [
          3.2856383,
          6.6708688
        ]
      },
      "id": "way/791164451"
    },
    {
      "type": "Feature",
      "properties": {
        "@id": "way/791164473",
        "amenity": "school",
        "name": "Anwar ul-Islam Girls High School",
        "wikidata": "Q26258569",
        "wikipedia": "en:Anwar ul-Islam Girls High School",
        "@geometry": "center"
      },
      "geometry": {
        "type": "Point",
        "coordinates": [
          3.2932813,
          6.6605049
        ]
      },
      "id": "way/791164473"
    },
    {
      "type": "Feature",
      "properties": {
        "@id": "way/791169181",
        "amenity": "school",
        "@geometry": "center"
      },
      "geometry": {
        "type": "Point",
        "coordinates": [
          3.1934787,
          6.4918718
        ]
      },
      "id": "way/791169181"
    },
    {
      "type": "Feature",
      "properties": {
        "@id": "way/791169182",
        "amenity": "school",
        "@geometry": "center"
      },
      "geometry": {
        "type": "Point",
        "coordinates": [
          3.1943368,
          6.4921973
        ]
      },
      "id": "way/791169182"
    },
    {
      "type": "Feature",
      "properties": {
        "@id": "way/791932032",
        "addr:housenumber": "11;21",
        "addr:street": "Adekunle Osomo Street",
        "amenity": "school",
        "name": "Estaport Schools",
        "website": "https://estaportprimary.com/",
        "@geometry": "center"
      },
      "geometry": {
        "type": "Point",
        "coordinates": [
          3.3836835,
          6.5612685
        ]
      },
      "id": "way/791932032"
    },
    {
      "type": "Feature",
      "properties": {
        "@id": "way/791934386",
        "amenity": "school",
        "@geometry": "center"
      },
      "geometry": {
        "type": "Point",
        "coordinates": [
          3.3761445,
          6.5458418
        ]
      },
      "id": "way/791934386"
    },
    {
      "type": "Feature",
      "properties": {
        "@id": "way/791944545",
        "amenity": "school",
        "@geometry": "center"
      },
      "geometry": {
        "type": "Point",
        "coordinates": [
          3.3809191,
          6.5197853
        ]
      },
      "id": "way/791944545"
    },
    {
      "type": "Feature",
      "properties": {
        "@id": "way/791944552",
        "amenity": "school",
        "@geometry": "center"
      },
      "geometry": {
        "type": "Point",
        "coordinates": [
          3.3691462,
          6.5221864
        ]
      },
      "id": "way/791944552"
    },
    {
      "type": "Feature",
      "properties": {
        "@id": "way/791944557",
        "amenity": "school",
        "@geometry": "center"
      },
      "geometry": {
        "type": "Point",
        "coordinates": [
          3.3691093,
          6.5230892
        ]
      },
      "id": "way/791944557"
    },
    {
      "type": "Feature",
      "properties": {
        "@id": "way/791944566",
        "amenity": "school",
        "@geometry": "center"
      },
      "geometry": {
        "type": "Point",
        "coordinates": [
          3.3699392,
          6.5354913
        ]
      },
      "id": "way/791944566"
    },
    {
      "type": "Feature",
      "properties": {
        "@id": "way/792345813",
        "amenity": "school",
        "name": "Apata Memorial Schools",
        "website": "http://www.apatamemorialschool.com",
        "wikidata": "Q4779210",
        "wikipedia": "en:Apata Memorial High School",
        "@geometry": "center"
      },
      "geometry": {
        "type": "Point",
        "coordinates": [
          3.3214631,
          6.5204617
        ]
      },
      "id": "way/792345813"
    },
    {
      "type": "Feature",
      "properties": {
        "@id": "way/792345814",
        "amenity": "school",
        "@geometry": "center"
      },
      "geometry": {
        "type": "Point",
        "coordinates": [
          3.3256454,
          6.5195585
        ]
      },
      "id": "way/792345814"
    },
    {
      "type": "Feature",
      "properties": {
        "@id": "way/792352397",
        "amenity": "school",
        "denomination": "baptist",
        "name": "Lagos Baptist Academy",
        "religion": "christian",
        "website": "http://www.lagosbaptistacademy.com.ng",
        "wikidata": "Q23073795",
        "wikipedia": "en:Baptist Academy",
        "@geometry": "center"
      },
      "geometry": {
        "type": "Point",
        "coordinates": [
          3.370912,
          6.5463251
        ]
      },
      "id": "way/792352397"
    },
    {
      "type": "Feature",
      "properties": {
        "@id": "way/792676289",
        "amenity": "school",
        "@geometry": "center"
      },
      "geometry": {
        "type": "Point",
        "coordinates": [
          3.6993094,
          6.4739329
        ]
      },
      "id": "way/792676289"
    },
    {
      "type": "Feature",
      "properties": {
        "@id": "way/792725259",
        "amenity": "school",
        "name": "Federal College of Fisheries and Marine Technology",
        "wikidata": "Q5440063",
        "wikipedia": "en:Federal College of Fisheries and Marine Technology",
        "@geometry": "center"
      },
      "geometry": {
        "type": "Point",
        "coordinates": [
          3.4112735,
          6.4214
        ]
      },
      "id": "way/792725259"
    },
    {
      "type": "Feature",
      "properties": {
        "@id": "way/792728846",
        "amenity": "school",
        "@geometry": "center"
      },
      "geometry": {
        "type": "Point",
        "coordinates": [
          3.1441443,
          6.4618756
        ]
      },
      "id": "way/792728846"
    },
    {
      "type": "Feature",
      "properties": {
        "@id": "way/792734944",
        "amenity": "school",
        "@geometry": "center"
      },
      "geometry": {
        "type": "Point",
        "coordinates": [
          3.3487308,
          6.5262683
        ]
      },
      "id": "way/792734944"
    },
    {
      "type": "Feature",
      "properties": {
        "@id": "way/792734977",
        "amenity": "school",
        "@geometry": "center"
      },
      "geometry": {
        "type": "Point",
        "coordinates": [
          3.3610641,
          6.5564614
        ]
      },
      "id": "way/792734977"
    },
    {
      "type": "Feature",
      "properties": {
        "@id": "way/792738599",
        "amenity": "school",
        "@geometry": "center"
      },
      "geometry": {
        "type": "Point",
        "coordinates": [
          3.3850159,
          6.4765799
        ]
      },
      "id": "way/792738599"
    },
    {
      "type": "Feature",
      "properties": {
        "@id": "way/792738605",
        "amenity": "school",
        "surface": "unpaved",
        "@geometry": "center"
      },
      "geometry": {
        "type": "Point",
        "coordinates": [
          3.3883499,
          6.490869
        ]
      },
      "id": "way/792738605"
    },
    {
      "type": "Feature",
      "properties": {
        "@id": "way/793075220",
        "amenity": "school",
        "@geometry": "center"
      },
      "geometry": {
        "type": "Point",
        "coordinates": [
          3.8891965,
          6.4858056
        ]
      },
      "id": "way/793075220"
    },
    {
      "type": "Feature",
      "properties": {
        "@id": "way/793075221",
        "amenity": "school",
        "@geometry": "center"
      },
      "geometry": {
        "type": "Point",
        "coordinates": [
          3.890249,
          6.4849697
        ]
      },
      "id": "way/793075221"
    },
    {
      "type": "Feature",
      "properties": {
        "@id": "way/793085000",
        "amenity": "school",
        "@geometry": "center"
      },
      "geometry": {
        "type": "Point",
        "coordinates": [
          3.3538972,
          6.6253267
        ]
      },
      "id": "way/793085000"
    },
    {
      "type": "Feature",
      "properties": {
        "@id": "way/793085041",
        "amenity": "school",
        "@geometry": "center"
      },
      "geometry": {
        "type": "Point",
        "coordinates": [
          3.3536055,
          6.6194819
        ]
      },
      "id": "way/793085041"
    },
    {
      "type": "Feature",
      "properties": {
        "@id": "way/793086938",
        "amenity": "school",
        "@geometry": "center"
      },
      "geometry": {
        "type": "Point",
        "coordinates": [
          3.6339793,
          6.4265371
        ]
      },
      "id": "way/793086938"
    },
    {
      "type": "Feature",
      "properties": {
        "@id": "way/793086942",
        "amenity": "school",
        "@geometry": "center"
      },
      "geometry": {
        "type": "Point",
        "coordinates": [
          3.6189021,
          6.4277046
        ]
      },
      "id": "way/793086942"
    },
    {
      "type": "Feature",
      "properties": {
        "@id": "way/793092739",
        "amenity": "school",
        "@geometry": "center"
      },
      "geometry": {
        "type": "Point",
        "coordinates": [
          3.4919652,
          6.6049364
        ]
      },
      "id": "way/793092739"
    },
    {
      "type": "Feature",
      "properties": {
        "@id": "way/793649740",
        "amenity": "school",
        "@geometry": "center"
      },
      "geometry": {
        "type": "Point",
        "coordinates": [
          3.4585101,
          6.6577422
        ]
      },
      "id": "way/793649740"
    },
    {
      "type": "Feature",
      "properties": {
        "@id": "way/793649747",
        "amenity": "school",
        "@geometry": "center"
      },
      "geometry": {
        "type": "Point",
        "coordinates": [
          3.4625796,
          6.6678944
        ]
      },
      "id": "way/793649747"
    },
    {
      "type": "Feature",
      "properties": {
        "@id": "way/793649762",
        "amenity": "school",
        "@geometry": "center"
      },
      "geometry": {
        "type": "Point",
        "coordinates": [
          3.5155237,
          6.6315665
        ]
      },
      "id": "way/793649762"
    },
    {
      "type": "Feature",
      "properties": {
        "@id": "way/793851327",
        "amenity": "school",
        "@geometry": "center"
      },
      "geometry": {
        "type": "Point",
        "coordinates": [
          3.6130015,
          6.4509343
        ]
      },
      "id": "way/793851327"
    },
    {
      "type": "Feature",
      "properties": {
        "@id": "way/794777949",
        "amenity": "school",
        "@geometry": "center"
      },
      "geometry": {
        "type": "Point",
        "coordinates": [
          3.5222999,
          6.4335733
        ]
      },
      "id": "way/794777949"
    },
    {
      "type": "Feature",
      "properties": {
        "@id": "way/794777958",
        "amenity": "school",
        "@geometry": "center"
      },
      "geometry": {
        "type": "Point",
        "coordinates": [
          3.5100958,
          6.4331468
        ]
      },
      "id": "way/794777958"
    },
    {
      "type": "Feature",
      "properties": {
        "@id": "way/795018743",
        "amenity": "school",
        "@geometry": "center"
      },
      "geometry": {
        "type": "Point",
        "coordinates": [
          3.520748,
          6.5932036
        ]
      },
      "id": "way/795018743"
    },
    {
      "type": "Feature",
      "properties": {
        "@id": "way/795018753",
        "amenity": "school",
        "@geometry": "center"
      },
      "geometry": {
        "type": "Point",
        "coordinates": [
          3.5334483,
          6.5936939
        ]
      },
      "id": "way/795018753"
    },
    {
      "type": "Feature",
      "properties": {
        "@id": "way/795027153",
        "addr:city": "Ikorodu",
        "amenity": "school",
        "name": "Salvation Army Primary School",
        "@geometry": "center"
      },
      "geometry": {
        "type": "Point",
        "coordinates": [
          3.5067791,
          6.6202592
        ]
      },
      "id": "way/795027153"
    },
    {
      "type": "Feature",
      "properties": {
        "@id": "way/795027165",
        "amenity": "school",
        "@geometry": "center"
      },
      "geometry": {
        "type": "Point",
        "coordinates": [
          3.5110639,
          6.622809
        ]
      },
      "id": "way/795027165"
    },
    {
      "type": "Feature",
      "properties": {
        "@id": "way/795027166",
        "amenity": "school",
        "@geometry": "center"
      },
      "geometry": {
        "type": "Point",
        "coordinates": [
          3.5096491,
          6.6218865
        ]
      },
      "id": "way/795027166"
    },
    {
      "type": "Feature",
      "properties": {
        "@id": "way/795027175",
        "amenity": "school",
        "@geometry": "center"
      },
      "geometry": {
        "type": "Point",
        "coordinates": [
          3.5043959,
          6.6024161
        ]
      },
      "id": "way/795027175"
    },
    {
      "type": "Feature",
      "properties": {
        "@id": "way/795793636",
        "amenity": "school",
        "@geometry": "center"
      },
      "geometry": {
        "type": "Point",
        "coordinates": [
          3.3567846,
          6.5010103
        ]
      },
      "id": "way/795793636"
    },
    {
      "type": "Feature",
      "properties": {
        "@id": "way/795831083",
        "amenity": "school",
        "@geometry": "center"
      },
      "geometry": {
        "type": "Point",
        "coordinates": [
          3.3656781,
          6.501632
        ]
      },
      "id": "way/795831083"
    },
    {
      "type": "Feature",
      "properties": {
        "@id": "way/795831084",
        "amenity": "school",
        "@geometry": "center"
      },
      "geometry": {
        "type": "Point",
        "coordinates": [
          3.3649026,
          6.5021218
        ]
      },
      "id": "way/795831084"
    },
    {
      "type": "Feature",
      "properties": {
        "@id": "way/795831116",
        "amenity": "school",
        "@geometry": "center"
      },
      "geometry": {
        "type": "Point",
        "coordinates": [
          3.3491799,
          6.5166089
        ]
      },
      "id": "way/795831116"
    },
    {
      "type": "Feature",
      "properties": {
        "@id": "way/795831138",
        "amenity": "school",
        "@geometry": "center"
      },
      "geometry": {
        "type": "Point",
        "coordinates": [
          3.3595808,
          6.4923632
        ]
      },
      "id": "way/795831138"
    },
    {
      "type": "Feature",
      "properties": {
        "@id": "way/795831162",
        "amenity": "school",
        "@geometry": "center"
      },
      "geometry": {
        "type": "Point",
        "coordinates": [
          3.3618526,
          6.4876228
        ]
      },
      "id": "way/795831162"
    },
    {
      "type": "Feature",
      "properties": {
        "@id": "way/795831201",
        "amenity": "school",
        "@geometry": "center"
      },
      "geometry": {
        "type": "Point",
        "coordinates": [
          3.360431,
          6.5052716
        ]
      },
      "id": "way/795831201"
    },
    {
      "type": "Feature",
      "properties": {
        "@id": "way/795831202",
        "amenity": "school",
        "@geometry": "center"
      },
      "geometry": {
        "type": "Point",
        "coordinates": [
          3.3601957,
          6.5042343
        ]
      },
      "id": "way/795831202"
    },
    {
      "type": "Feature",
      "properties": {
        "@id": "way/795831208",
        "amenity": "school",
        "@geometry": "center"
      },
      "geometry": {
        "type": "Point",
        "coordinates": [
          3.3616233,
          6.5065928
        ]
      },
      "id": "way/795831208"
    },
    {
      "type": "Feature",
      "properties": {
        "@id": "way/795831213",
        "amenity": "school",
        "@geometry": "center"
      },
      "geometry": {
        "type": "Point",
        "coordinates": [
          3.3598316,
          6.506322
        ]
      },
      "id": "way/795831213"
    },
    {
      "type": "Feature",
      "properties": {
        "@id": "way/795831215",
        "amenity": "school",
        "@geometry": "center"
      },
      "geometry": {
        "type": "Point",
        "coordinates": [
          3.3578829,
          6.5106938
        ]
      },
      "id": "way/795831215"
    },
    {
      "type": "Feature",
      "properties": {
        "@id": "way/795831221",
        "amenity": "school",
        "@geometry": "center"
      },
      "geometry": {
        "type": "Point",
        "coordinates": [
          3.3579202,
          6.5146904
        ]
      },
      "id": "way/795831221"
    },
    {
      "type": "Feature",
      "properties": {
        "@id": "way/795831297",
        "amenity": "school",
        "@geometry": "center"
      },
      "geometry": {
        "type": "Point",
        "coordinates": [
          3.3382344,
          6.5269871
        ]
      },
      "id": "way/795831297"
    },
    {
      "type": "Feature",
      "properties": {
        "@id": "way/795831300",
        "amenity": "school",
        "@geometry": "center"
      },
      "geometry": {
        "type": "Point",
        "coordinates": [
          3.3378317,
          6.5283853
        ]
      },
      "id": "way/795831300"
    },
    {
      "type": "Feature",
      "properties": {
        "@id": "way/795977399",
        "amenity": "school",
        "name": "Hopeful Kids",
        "@geometry": "center"
      },
      "geometry": {
        "type": "Point",
        "coordinates": [
          3.2446741,
          6.4985373
        ]
      },
      "id": "way/795977399"
    },
    {
      "type": "Feature",
      "properties": {
        "@id": "way/797135928",
        "amenity": "school",
        "@geometry": "center"
      },
      "geometry": {
        "type": "Point",
        "coordinates": [
          3.4850378,
          6.6799684
        ]
      },
      "id": "way/797135928"
    },
    {
      "type": "Feature",
      "properties": {
        "@id": "way/797274995",
        "amenity": "school",
        "name": "Government Technical College Ikorodu",
        "@geometry": "center"
      },
      "geometry": {
        "type": "Point",
        "coordinates": [
          3.5180916,
          6.6173828
        ]
      },
      "id": "way/797274995"
    },
    {
      "type": "Feature",
      "properties": {
        "@id": "way/797274996",
        "addr:city": "Lagos",
        "addr:street": "Awolowo Road",
        "amenity": "school",
        "name": "Ikorodu Senior Grammar School",
        "@geometry": "center"
      },
      "geometry": {
        "type": "Point",
        "coordinates": [
          3.518464,
          6.6193343
        ]
      },
      "id": "way/797274996"
    },
    {
      "type": "Feature",
      "properties": {
        "@id": "way/797275022",
        "addr:city": "Oke-Ota",
        "amenity": "school",
        "name": "Temidire Primary School",
        "@geometry": "center"
      },
      "geometry": {
        "type": "Point",
        "coordinates": [
          3.5189065,
          6.6188892
        ]
      },
      "id": "way/797275022"
    },
    {
      "type": "Feature",
      "properties": {
        "@id": "way/797679281",
        "amenity": "school",
        "name": "Tosfeb Presidency schools",
        "@geometry": "center"
      },
      "geometry": {
        "type": "Point",
        "coordinates": [
          3.6240219,
          6.6009036
        ]
      },
      "id": "way/797679281"
    },
    {
      "type": "Feature",
      "properties": {
        "@id": "way/797699638",
        "amenity": "school",
        "name": "Strong Tower Academy",
        "website": "https://www.strongtoweracademy.org/",
        "@geometry": "center"
      },
      "geometry": {
        "type": "Point",
        "coordinates": [
          3.5223985,
          6.6216956
        ]
      },
      "id": "way/797699638"
    },
    {
      "type": "Feature",
      "properties": {
        "@id": "way/797705030",
        "amenity": "school",
        "name": "Ikorodu High School",
        "@geometry": "center"
      },
      "geometry": {
        "type": "Point",
        "coordinates": [
          3.5091836,
          6.6387778
        ]
      },
      "id": "way/797705030"
    },
    {
      "type": "Feature",
      "properties": {
        "@id": "way/798167688",
        "amenity": "school",
        "@geometry": "center"
      },
      "geometry": {
        "type": "Point",
        "coordinates": [
          3.6733765,
          6.6708907
        ]
      },
      "id": "way/798167688"
    },
    {
      "type": "Feature",
      "properties": {
        "@id": "way/798167697",
        "amenity": "school",
        "@geometry": "center"
      },
      "geometry": {
        "type": "Point",
        "coordinates": [
          3.6240292,
          6.6595831
        ]
      },
      "id": "way/798167697"
    },
    {
      "type": "Feature",
      "properties": {
        "@id": "way/798169491",
        "amenity": "school",
        "@geometry": "center"
      },
      "geometry": {
        "type": "Point",
        "coordinates": [
          3.3746199,
          6.4838605
        ]
      },
      "id": "way/798169491"
    },
    {
      "type": "Feature",
      "properties": {
        "@id": "way/799500876",
        "amenity": "school",
        "@geometry": "center"
      },
      "geometry": {
        "type": "Point",
        "coordinates": [
          3.3286707,
          6.6410587
        ]
      },
      "id": "way/799500876"
    },
    {
      "type": "Feature",
      "properties": {
        "@id": "way/800345363",
        "amenity": "school",
        "@geometry": "center"
      },
      "geometry": {
        "type": "Point",
        "coordinates": [
          3.3268633,
          6.5072132
        ]
      },
      "id": "way/800345363"
    },
    {
      "type": "Feature",
      "properties": {
        "@id": "way/802787476",
        "amenity": "school",
        "building": "yes",
        "name": "Genesis School",
        "@geometry": "center"
      },
      "geometry": {
        "type": "Point",
        "coordinates": [
          3.5798214,
          6.4877509
        ]
      },
      "id": "way/802787476"
    },
    {
      "type": "Feature",
      "properties": {
        "@id": "way/855991598",
        "amenity": "school",
        "grades": "0-12",
        "name": "Odongunyan Secondary School",
        "operator": "Government",
        "operator:type": "public",
        "@geometry": "center"
      },
      "geometry": {
        "type": "Point",
        "coordinates": [
          3.5204891,
          6.6640755
        ]
      },
      "id": "way/855991598"
    },
    {
      "type": "Feature",
      "properties": {
        "@id": "way/945129464",
        "amenity": "school",
        "name": "Towolo Community Primary School",
        "operator:type": "government",
        "source": "Nigerian Red Cross Society",
        "@geometry": "center"
      },
      "geometry": {
        "type": "Point",
        "coordinates": [
          3.4411996,
          6.6126206
        ]
      },
      "id": "way/945129464"
    },
    {
      "type": "Feature",
      "properties": {
        "@id": "way/946622970",
        "amenity": "school",
        "building": "school",
        "isced:level": "2",
        "landuse": "education",
        "name": "Salvation college",
        "operator:type": "private",
        "@geometry": "center"
      },
      "geometry": {
        "type": "Point",
        "coordinates": [
          3.4331894,
          6.6089171
        ]
      },
      "id": "way/946622970"
    },
    {
      "type": "Feature",
      "properties": {
        "@id": "way/974075747",
        "amenity": "school",
        "grades": "1-7",
        "name": "Accolade House Montessori School",
        "@geometry": "center"
      },
      "geometry": {
        "type": "Point",
        "coordinates": [
          3.6518071,
          6.4565573
        ]
      },
      "id": "way/974075747"
    },
    {
      "type": "Feature",
      "properties": {
        "@id": "way/996245386",
        "amenity": "school",
        "name": "Assemblies of God School",
        "source": "Nigerian Red Cross Society",
        "@geometry": "center"
      },
      "geometry": {
        "type": "Point",
        "coordinates": [
          3.4130309,
          6.5803806
        ]
      },
      "id": "way/996245386"
    },
    {
      "type": "Feature",
      "properties": {
        "@id": "way/996284552",
        "addr:street": "Agboyi 2",
        "amenity": "school",
        "isced:level": "1",
        "name": "Agboyi 2 Primary School",
        "operator:type": "government",
        "source": "Nigerian Red Cross Society",
        "@geometry": "center"
      },
      "geometry": {
        "type": "Point",
        "coordinates": [
          3.4094007,
          6.5803476
        ]
      },
      "id": "way/996284552"
    },
    {
      "type": "Feature",
      "properties": {
        "@id": "way/996284554",
        "addr:street": "Agboyi 1 extension",
        "amenity": "school",
        "name": "Treasure Goal schools",
        "operator:type": "private",
        "source": "Nigerian Red Cross Society",
        "@geometry": "center"
      },
      "geometry": {
        "type": "Point",
        "coordinates": [
          3.4131369,
          6.5801498
        ]
      },
      "id": "way/996284554"
    },
    {
      "type": "Feature",
      "properties": {
        "@id": "way/996284556",
        "amenity": "school",
        "isced:level": "0-1",
        "name": "Gafariya Muslim School",
        "operator:type": "private",
        "religion": "muslim",
        "source": "Nigerian Red Cross Society",
        "@geometry": "center"
      },
      "geometry": {
        "type": "Point",
        "coordinates": [
          3.4132766,
          6.5815046
        ]
      },
      "id": "way/996284556"
    },
    {
      "type": "Feature",
      "properties": {
        "@id": "way/996284557",
        "amenity": "school",
        "isced:level": "0-1",
        "name": "Agboyi Nursery/ Primary School, Alakpere Ketu",
        "operator:type": "government",
        "source": "Nigerian Red Cross Society",
        "@geometry": "center"
      },
      "geometry": {
        "type": "Point",
        "coordinates": [
          3.4099151,
          6.5780962
        ]
      },
      "id": "way/996284557"
    },
    {
      "type": "Feature",
      "properties": {
        "@id": "way/996284558",
        "amenity": "school",
        "isced:level": "2",
        "name": "Graccy High School",
        "operator:type": "private",
        "source": "Nigerian Red Cross Society",
        "@geometry": "center"
      },
      "geometry": {
        "type": "Point",
        "coordinates": [
          3.41526,
          6.5801527
        ]
      },
      "id": "way/996284558"
    },
    {
      "type": "Feature",
      "properties": {
        "@id": "way/996284559",
        "addr:street": "Oko Agbon",
        "amenity": "school",
        "isced:level": "1",
        "name": "Charity Foundation School",
        "operator:type": "private",
        "source": "Nigerian Red Cross Society",
        "@geometry": "center"
      },
      "geometry": {
        "type": "Point",
        "coordinates": [
          3.4143636,
          6.5808792
        ]
      },
      "id": "way/996284559"
    },
    {
      "type": "Feature",
      "properties": {
        "@id": "way/996284560",
        "addr:street": "Oko Agbon",
        "amenity": "school",
        "isced:level": "0-1",
        "name": "Graccy Royalfield Schools",
        "source": "Nigerian Red Cross Society",
        "@geometry": "center"
      },
      "geometry": {
        "type": "Point",
        "coordinates": [
          3.4142419,
          6.5804032
        ]
      },
      "id": "way/996284560"
    },
    {
      "type": "Feature",
      "properties": {
        "@id": "way/1130632445",
        "addr:street": "Corban Street",
        "amenity": "school",
        "building": "school",
        "grades": "0-6",
        "name": "Corban Nursery & Primary School",
        "playground": "swing, slide, rollercoaster, seesaw, trampoline,",
        "religion": "no",
        "@geometry": "center"
      },
      "geometry": {
        "type": "Point",
        "coordinates": [
          3.5626809,
          6.6345687
        ]
      },
      "id": "way/1130632445"
    },
    {
      "type": "Feature",
      "properties": {
        "@id": "way/1217299737",
        "amenity": "school",
        "name": "Children's International School",
        "@geometry": "center"
      },
      "geometry": {
        "type": "Point",
        "coordinates": [
          3.4841412,
          6.4495095
        ]
      },
      "id": "way/1217299737"
    },
    {
      "type": "Feature",
      "properties": {
        "@id": "way/1233994749",
        "addr:city": "Lagos",
        "addr:postcode": "8600-342",
        "amenity": "school",
        "barrier": "fence",
        "contact:email": "direcao@aejd.edu.gov.pt;servicos@aejd.edu.gov.pt",
        "contact:fax": "+351 282770999",
        "contact:phone": "+351 282770990",
        "contact:website": "http://www.aejd.pt",
        "grades": "12-17",
        "name": "Escola Secundária Júlio Dantas",
        "operator": "Agrupamento de Escolas Júlio Dantas",
        "operator:ref": "145415",
        "operator:type": "public",
        "ref": "400312",
        "ref:qzp": "QZP.59",
        "short_name": "ES Júlio Dantas",
        "@geometry": "center"
      },
      "geometry": {
        "type": "Point",
        "coordinates": [
          -8.6820968,
          37.1014118
        ]
      },
      "id": "way/1233994749"
    },
    {
      "type": "Feature",
      "properties": {
        "@id": "way/1234008694",
        "addr:city": "Lagos",
        "addr:postcode": "8600-324",
        "amenity": "school",
        "barrier": "fence",
        "contact:email": "eb1.n3.lagos@escolas.min-edu.pt",
        "contact:fax": "+351 282760773",
        "contact:phone": "+351 282760773",
        "grades": "3-9",
        "name": "Escola Básica Sophia de Mello Breyner Andresen",
        "operator": "Agrupamento de Escolas Gil Eanes",
        "operator:ref": "145427",
        "operator:type": "public",
        "ref": "228953",
        "ref:qzp": "QZP.59",
        "short_name": "EB1 Sophia de Mello Breyner Andresen;EB1/JI Sophia de Mello Breyner Andresen",
        "@geometry": "center"
      },
      "geometry": {
        "type": "Point",
        "coordinates": [
          -8.6797685,
          37.1079
        ]
      },
      "id": "way/1234008694"
    },
    {
      "type": "Feature",
      "properties": {
        "@id": "way/1265782413",
        "addr:postcode": "8600-306",
        "amenity": "school",
        "barrier": "fence",
        "contact:email": "eb1.chinicato@escolas.min-edu.pt",
        "contact:fax": "+351 282798972",
        "contact:phone": "+351 282798972",
        "grades": "6-9",
        "name": "Escola Básica de Chinicato",
        "operator": "Agrupamento de Escolas Gil Eanes",
        "operator:ref": "145427",
        "operator:type": "public",
        "ref": "215831",
        "ref:qzp": "QZP.59",
        "short_name": "EB1 de Chinicato",
        "@geometry": "center"
      },
      "geometry": {
        "type": "Point",
        "coordinates": [
          -8.6694705,
          37.1310849
        ]
      },
      "id": "way/1265782413"
    },
    {
      "type": "Feature",
      "properties": {
        "@id": "way/1265782445",
        "addr:city": "Lagos",
        "addr:postcode": "8600-609",
        "addr:street": "Rua Leonel Duarte Neves",
        "amenity": "school",
        "barrier": "fence",
        "contact:email": "eb1ji.ameijeira@escolas.min-edu.pt",
        "contact:fax": "+351 282767377",
        "contact:phone": "+351 282767375",
        "grades": "3-9",
        "name": "Escola Básica da Ameijeira",
        "operator": "Agrupamento de Escolas Gil Eanes",
        "operator:ref": "145427",
        "operator:type": "public",
        "ref": "288056",
        "ref:qzp": "QZP.59",
        "short_name": "EB1 da Ameijeira;EB1/JI da Ameijeira",
        "@geometry": "center"
      },
      "geometry": {
        "type": "Point",
        "coordinates": [
          -8.6803498,
          37.0948327
        ]
      },
      "id": "way/1265782445"
    },
    {
      "type": "Feature",
      "properties": {
        "@id": "way/1265782462",
        "addr:city": "Luz",
        "addr:postcode": "8600-184",
        "alt_name": "Escola Básica da Luz",
        "amenity": "school",
        "barrier": "fence",
        "contact:email": "info@aejd.pt",
        "contact:phone": "+351 282767375",
        "grades": "3-9",
        "name": "Centro Escolar da Luz",
        "operator": "Agrupamento de Escolas Júlio Dantas",
        "operator:ref": "145415",
        "operator:type": "public",
        "ref": "806769",
        "ref:qzp": "QZP.59",
        "short_name": "EB1 da Luz;EB1/JI da Luz",
        "@geometry": "center"
      },
      "geometry": {
        "type": "Point",
        "coordinates": [
          -8.7341583,
          37.0949111
        ]
      },
      "id": "way/1265782462"
    },
    {
      "type": "Feature",
      "properties": {
        "@id": "way/1273631322",
        "amenity": "school",
        "name": "Evonae School",
        "website": "https://evonaeschools.com.ng/",
        "wikidata": "Q116408471",
        "@geometry": "center"
      },
      "geometry": {
        "type": "Point",
        "coordinates": [
          3.1450202,
          6.4773674
        ]
      },
      "id": "way/1273631322"
    },
    {
      "type": "Feature",
      "properties": {
        "@id": "way/1279140268",
        "addr:city": "Luz",
        "addr:postcode": "8600-120",
        "addr:street": "Estrada do Burgau",
        "amenity": "school",
        "contact:email": "accounts@vvis.org;director@vvis.org",
        "email": "Admissions@vvis.org",
        "fax": "+351 282 697 260",
        "grades": "6-17",
        "name": "Escola Internacional Vale Verde",
        "operator": "Colégio Vale Verde Lda.",
        "operator:type": "private",
        "phone": "+351 282 697 205;+351 934 052 929",
        "ref": "802473",
        "ref:aeep": "1410",
        "ref:qzp": "QZP.59",
        "website": "https://www.vvis.org/",
        "@geometry": "center"
      },
      "geometry": {
        "type": "Point",
        "coordinates": [
          -8.7662867,
          37.077389
        ]
      },
      "id": "way/1279140268"
    },
    {
      "type": "Feature",
      "properties": {
        "@id": "way/1279173094",
        "addr:city": "Lagos",
        "addr:housenumber": "LT 24-27",
        "addr:postcode": "8600-611",
        "addr:street": "Urbanização da Torraltinha",
        "amenity": "school",
        "contact:email": "externato-torraltinha@hotmail.com",
        "contact:fax": "+351 282769389",
        "contact:phone": "+351 282769389",
        "grades": "3-9",
        "name": "Externato Jardim Infantil da Torraltinha",
        "operator": "Olinda da Conceição Benardino Vasques; Maria da Conceição Bernardino Vasques; Luisa Paula da Conceição da Conceição Vasques",
        "operator:type": "private",
        "ref": "501360",
        "ref:aeep": "1212",
        "ref:qzp": "QZP.59",
        "@geometry": "center"
      },
      "geometry": {
        "type": "Point",
        "coordinates": [
          -8.6765405,
          37.0925144
        ]
      },
      "id": "way/1279173094"
    },
    {
      "type": "Feature",
      "properties": {
        "@id": "way/1279173095",
        "addr:city": "Luz",
        "addr:place": "Ferral",
        "addr:postcode": "8600-110",
        "amenity": "school",
        "contact:email": "admin@barlavento-international.org;ana.catarino@barlavento-international.net",
        "contact:fax": "+351 282788308",
        "contact:phone": "+351 282094542;+351 913076680",
        "contact:website": "https://barlavento-international.org",
        "grades": "3-9",
        "name": "Escola Internacional Primária do Barlavento",
        "name:en": "Barlavento International Primary School",
        "operator": "Silva Sadler e Vickers, Lda",
        "operator:type": "private",
        "ref": "501130",
        "ref:aeep": "1431",
        "ref:qzp": "QZP.59",
        "@geometry": "center"
      },
      "geometry": {
        "type": "Point",
        "coordinates": [
          -8.7308116,
          37.1046837
        ]
      },
      "id": "way/1279173095"
    },
    {
      "type": "Feature",
      "properties": {
        "@id": "way/1279173096",
        "addr:city": "Luz",
        "addr:postcode": "8600-212",
        "addr:street": "Rua dos Melros",
        "amenity": "school",
        "contact:fax": "+351 282767829",
        "contact:phone": "+351 282767867;+351 917239601",
        "contact:website": "https://www.csgoncalo.pt/",
        "grades": "3-9",
        "name": "Colégio São Gonçalo",
        "operator": "Colégio Luz S. Gonçalo Ldª",
        "operator:type": "private",
        "ref": "800386",
        "ref:aeep": "1347",
        "ref:qzp": "QZP.59",
        "@geometry": "center"
      },
      "geometry": {
        "type": "Point",
        "coordinates": [
          -8.7500733,
          37.0885568
        ]
      },
      "id": "way/1279173096"
    },
    {
      "type": "Feature",
      "properties": {
        "@id": "way/1292739922",
        "addr:city": "Lagos",
        "addr:postcode": "8600-281",
        "addr:street": "Estrada da Atalaia",
        "amenity": "school",
        "contact:email": "ji.obambino@escolas.min-edu.pt",
        "contact:fax": "+351 282782146",
        "contact:phone": "+351 282767854",
        "contact:website": "http://www.infantario-obambino.com",
        "grades": "3-11",
        "name": "Colégio Bambino",
        "operator:type": "private",
        "ref": "501128",
        "ref:qzp": "QZP.59",
        "@geometry": "center"
      },
      "geometry": {
        "type": "Point",
        "coordinates": [
          -8.6964825,
          37.0970897
        ]
      },
      "id": "way/1292739922"
    },
    {
      "type": "Feature",
      "properties": {
        "@id": "way/1310650848",
        "addr:city": "Ikorodu",
        "addr:housenumber": "Opposite Water Corporation",
        "addr:postcode": "104102",
        "addr:street": "Offin Oreta Road",
        "amenity": "school",
        "name": "Agog Private Schools",
        "@geometry": "center"
      },
      "geometry": {
        "type": "Point",
        "coordinates": [
          3.5172056,
          6.5373601
        ]
      },
      "id": "way/1310650848"
    },
    {
      "type": "Feature",
      "properties": {
        "@id": "way/1310650849",
        "addr:city": "Ikorodu",
        "addr:postcode": "104102",
        "addr:street": "Offin Oreta Road",
        "amenity": "school",
        "name": "St. John School",
        "@geometry": "center"
      },
      "geometry": {
        "type": "Point",
        "coordinates": [
          3.5158093,
          6.5374465
        ]
      },
      "id": "way/1310650849"
    },
    {
      "type": "Feature",
      "properties": {
        "@id": "way/1359909328",
        "amenity": "school",
        "name": "Meadow Hall School",
        "@geometry": "center"
      },
      "geometry": {
        "type": "Point",
        "coordinates": [
          3.4381952,
          6.4441793
        ]
      },
      "id": "way/1359909328"
    },
    {
      "type": "Feature",
      "properties": {
        "@id": "node/1366137185",
        "amenity": "school",
        "name": "Holy Trinity School"
      },
      "geometry": {
        "type": "Point",
        "coordinates": [
          3.3874419,
          6.4639987
        ]
      },
      "id": "node/1366137185"
    },
    {
      "type": "Feature",
      "properties": {
        "@id": "way/1373912684",
        "addr:housename": "Alliance Française",
        "addr:housenumber": "9",
        "addr:street": "Osborne",
        "amenity": "school",
        "name": "Alliance Francaise - Mike Adenuga Center",
        "@geometry": "center"
      },
      "geometry": {
        "type": "Point",
        "coordinates": [
          3.4322308,
          6.4601891
        ]
      },
      "id": "way/1373912684"
    },
    {
      "type": "Feature",
      "properties": {
        "@id": "way/1468952721",
        "amenity": "school",
        "education": "school",
        "@geometry": "center"
      },
      "geometry": {
        "type": "Point",
        "coordinates": [
          3.4205062,
          6.4169275
        ]
      },
      "id": "way/1468952721"
    },
    {
      "type": "Feature",
      "properties": {
        "@id": "way/1479654399",
        "amenity": "school",
        "education": "school",
        "name": "Charterhouse Lagos",
        "@geometry": "center"
      },
      "geometry": {
        "type": "Point",
        "coordinates": [
          3.5948229,
          6.4414614
        ]
      },
      "id": "way/1479654399"
    },
    {
      "type": "Feature",
      "properties": {
        "@id": "node/1513671685",
        "amenity": "school",
        "name": "Fourier International Montessori School"
      },
      "geometry": {
        "type": "Point",
        "coordinates": [
          3.3732238,
          6.4968417
        ]
      },
      "id": "node/1513671685"
    },
    {
      "type": "Feature",
      "properties": {
        "@id": "node/1513671687",
        "amenity": "school",
        "name": "Sheraton School"
      },
      "geometry": {
        "type": "Point",
        "coordinates": [
          3.3754294,
          6.4873282
        ]
      },
      "id": "node/1513671687"
    },
    {
      "type": "Feature",
      "properties": {
        "@id": "node/1513671688",
        "amenity": "school",
        "name": "Soro Montessori Nusery School"
      },
      "geometry": {
        "type": "Point",
        "coordinates": [
          3.3772247,
          6.4896556
        ]
      },
      "id": "node/1513671688"
    },
    {
      "type": "Feature",
      "properties": {
        "@id": "node/1513671691",
        "amenity": "school",
        "name": "St. Saviours Nusery School Complex"
      },
      "geometry": {
        "type": "Point",
        "coordinates": [
          3.3763014,
          6.4892649
        ]
      },
      "id": "node/1513671691"
    },
    {
      "type": "Feature",
      "properties": {
        "@id": "node/1513671693",
        "amenity": "school",
        "name": "Trust Nusery and Primary School"
      },
      "geometry": {
        "type": "Point",
        "coordinates": [
          3.3736683,
          6.4947351
        ]
      },
      "id": "node/1513671693"
    },
    {
      "type": "Feature",
      "properties": {
        "@id": "way/1529868982",
        "amenity": "school",
        "education": "school",
        "@geometry": "center"
      },
      "geometry": {
        "type": "Point",
        "coordinates": [
          3.1662497,
          6.4533639
        ]
      },
      "id": "way/1529868982"
    },
    {
      "type": "Feature",
      "properties": {
        "@id": "way/1530678910",
        "amenity": "school",
        "education": "school",
        "@geometry": "center"
      },
      "geometry": {
        "type": "Point",
        "coordinates": [
          2.9573544,
          6.4121752
        ]
      },
      "id": "way/1530678910"
    },
    {
      "type": "Feature",
      "properties": {
        "@id": "node/1574661710",
        "amenity": "school",
        "description": "Kitesurf Algarve. School, rental, rental & rescue, kiteshop, kiterepairs. Kitesurf school with qualified instructors.",
        "education": "school",
        "image": "https://kitesurf-algarve.com/",
        "name": "Kitesurf Algarve. School & rental",
        "website": "https://kitesurf-algarve.com/"
      },
      "geometry": {
        "type": "Point",
        "coordinates": [
          -8.6291667,
          37.1282857
        ]
      },
      "id": "node/1574661710"
    },
    {
      "type": "Feature",
      "properties": {
        "@id": "node/1930603959",
        "amenity": "school"
      },
      "geometry": {
        "type": "Point",
        "coordinates": [
          3.3944101,
          6.534435
        ]
      },
      "id": "node/1930603959"
    },
    {
      "type": "Feature",
      "properties": {
        "@id": "node/2178399994",
        "amenity": "school"
      },
      "geometry": {
        "type": "Point",
        "coordinates": [
          3.3401408,
          6.5967299
        ]
      },
      "id": "node/2178399994"
    },
    {
      "type": "Feature",
      "properties": {
        "@id": "node/2479302922",
        "amenity": "school",
        "name": "Abbot Dayspring School"
      },
      "geometry": {
        "type": "Point",
        "coordinates": [
          3.2330552,
          6.5999355
        ]
      },
      "id": "node/2479302922"
    },
    {
      "type": "Feature",
      "properties": {
        "@id": "node/5212259829",
        "addr:postcode": "100263",
        "addr:street": "Stella Osholanke street",
        "amenity": "school",
        "name": "RAE Creche"
      },
      "geometry": {
        "type": "Point",
        "coordinates": [
          3.3241234,
          6.5530941
        ]
      },
      "id": "node/5212259829"
    },
    {
      "type": "Feature",
      "properties": {
        "@id": "node/6120355030",
        "amenity": "school",
        "name": "Saint Saviours High School"
      },
      "geometry": {
        "type": "Point",
        "coordinates": [
          3.2598579,
          6.5383567
        ]
      },
      "id": "node/6120355030"
    },
    {
      "type": "Feature",
      "properties": {
        "@id": "node/6122513909",
        "amenity": "school",
        "name": "Civil Engineering Hydraulic Basin"
      },
      "geometry": {
        "type": "Point",
        "coordinates": [
          3.3972197,
          6.5194205
        ]
      },
      "id": "node/6122513909"
    },
    {
      "type": "Feature",
      "properties": {
        "@id": "node/6122566932",
        "amenity": "school",
        "name": "Distance Learning Institute"
      },
      "geometry": {
        "type": "Point",
        "coordinates": [
          3.3926585,
          6.5119116
        ]
      },
      "id": "node/6122566932"
    },
    {
      "type": "Feature",
      "properties": {
        "@id": "node/6129518756",
        "amenity": "school",
        "name": "Queen Maris Group of Schools"
      },
      "geometry": {
        "type": "Point",
        "coordinates": [
          3.2623407,
          6.532362
        ]
      },
      "id": "node/6129518756"
    },
    {
      "type": "Feature",
      "properties": {
        "@id": "node/6988054370",
        "addr:housenumber": "56b",
        "addr:street": "Apolo Makoko",
        "amenity": "school",
        "name": "Whayinna Primary School"
      },
      "geometry": {
        "type": "Point",
        "coordinates": [
          3.3883093,
          6.4956426
        ]
      },
      "id": "node/6988054370"
    },
    {
      "type": "Feature",
      "properties": {
        "@id": "node/6988054371",
        "addr:street": "Bale Towe",
        "amenity": "school",
        "name": "Makoko Dream Primary School"
      },
      "geometry": {
        "type": "Point",
        "coordinates": [
          3.3883804,
          6.4954037
        ]
      },
      "id": "node/6988054371"
    },
    {
      "type": "Feature",
      "properties": {
        "@id": "node/6988054372",
        "addr:housenumber": "32b/35b",
        "addr:street": "Azinpono Lane Migbewe1",
        "amenity": "school",
        "name": "Doyisem Best Academy"
      },
      "geometry": {
        "type": "Point",
        "coordinates": [
          3.3875777,
          6.494686
        ]
      },
      "id": "node/6988054372"
    },
    {
      "type": "Feature",
      "properties": {
        "@id": "node/6988054373",
        "addr:street": "Bale Towe",
        "amenity": "school",
        "name": "Makoko Dream Nursery School"
      },
      "geometry": {
        "type": "Point",
        "coordinates": [
          3.3881164,
          6.4957128
        ]
      },
      "id": "node/6988054373"
    },
    {
      "type": "Feature",
      "properties": {
        "@id": "node/7001111609",
        "addr:housenumber": "166",
        "addr:street": "Ipaja Road",
        "amenity": "school",
        "name": "Folbim High School"
      },
      "geometry": {
        "type": "Point",
        "coordinates": [
          3.3124111,
          6.6259835
        ]
      },
      "id": "node/7001111609"
    },
    {
      "type": "Feature",
      "properties": {
        "@id": "node/7334681785",
        "addr:housenumber": "4",
        "addr:postcode": "23401",
        "addr:street": "Balogun Road, Balogun Town.",
        "amenity": "school",
        "name": "Liberty College"
      },
      "geometry": {
        "type": "Point",
        "coordinates": [
          3.2275152,
          6.5920962
        ]
      },
      "id": "node/7334681785"
    },
    {
      "type": "Feature",
      "properties": {
        "@id": "node/7337204425",
        "amenity": "school",
        "name": "Learnfast Comprehensive Academy"
      },
      "geometry": {
        "type": "Point",
        "coordinates": [
          3.1684048,
          6.4606407
        ]
      },
      "id": "node/7337204425"
    },
    {
      "type": "Feature",
      "properties": {
        "@id": "node/7337266366",
        "amenity": "school",
        "name": "Victory Land College"
      },
      "geometry": {
        "type": "Point",
        "coordinates": [
          3.1675358,
          6.4604062
        ]
      },
      "id": "node/7337266366"
    },
    {
      "type": "Feature",
      "properties": {
        "@id": "node/8499579824",
        "amenity": "school",
        "min_age": "3",
        "name": "local government school i, isheri-olofin",
        "opening_hours": "07:45 - 16:00",
        "wheelchair": "yes"
      },
      "geometry": {
        "type": "Point",
        "coordinates": [
          3.3857,
          6.6371
        ]
      },
      "id": "node/8499579824"
    },
    {
      "type": "Feature",
      "properties": {
        "@id": "node/8533320760",
        "Latitude": "6.51717",
        "Longitude": "3.19913",
        "amenity": "school",
        "name": "Roman Catholic Mission Primary School, Itire"
      },
      "geometry": {
        "type": "Point",
        "coordinates": [
          3.19913,
          6.51717
        ]
      },
      "id": "node/8533320760"
    },
    {
      "type": "Feature",
      "properties": {
        "@id": "node/8533320840",
        "Latitude": "6.66517",
        "Longitude": "4.00536",
        "amenity": "school",
        "name": "St. David'S Anglican School, Orogbe"
      },
      "geometry": {
        "type": "Point",
        "coordinates": [
          4.00536,
          6.66517
        ]
      },
      "id": "node/8533320840"
    },
    {
      "type": "Feature",
      "properties": {
        "@id": "node/8533320918",
        "Latitude": "6.63711",
        "Longitude": "3.38567",
        "amenity": "school",
        "name": "St. Paul Primary School I, Ijoku"
      },
      "geometry": {
        "type": "Point",
        "coordinates": [
          3.3844594,
          6.637796
        ]
      },
      "id": "node/8533320918"
    },
    {
      "type": "Feature",
      "properties": {
        "@id": "node/8533569948",
        "Latitude": "6.6652",
        "Longitude": "4.0054",
        "amenity": "school",
        "min_age": "3yrs",
        "name": "St. Anne'S Catholic Primary School, Irawo",
        "opening_hours": "Mo-Fr 07:45 - 4:00",
        "wheelchair": "yes"
      },
      "geometry": {
        "type": "Point",
        "coordinates": [
          4.0054,
          6.6652
        ]
      },
      "id": "node/8533569948"
    },
    {
      "type": "Feature",
      "properties": {
        "@id": "node/8533569967",
        "Latitude": "6.6371",
        "Longitude": "3.3857",
        "amenity": "school",
        "min_age": "3yrs",
        "name": "Local Government School I, Isheri-Olofin",
        "opening_hours": "Mo-Fr 07:45 - 4:00",
        "wheelchair": "yes"
      },
      "geometry": {
        "type": "Point",
        "coordinates": [
          3.3857,
          6.6371
        ]
      },
      "id": "node/8533569967"
    },
    {
      "type": "Feature",
      "properties": {
        "@id": "node/8533570019",
        "Latitude": "6.5172",
        "Longitude": "3.1991",
        "amenity": "school",
        "min_age": "3yrs",
        "name": "Local Government Primary School, Totowu",
        "opening_hours": "Mo-Fr 07:45 - 4:00",
        "wheelchair": "yes"
      },
      "geometry": {
        "type": "Point",
        "coordinates": [
          3.1986118,
          6.5174771
        ]
      },
      "id": "node/8533570019"
    },
    {
      "type": "Feature",
      "properties": {
        "@id": "node/8559845731",
        "addr:city": "Eti osa",
        "addr:housenumber": "27",
        "addr:postcode": "105102",
        "addr:street": "Bamidele Eletu Avenue, Osapa London",
        "amenity": "school",
        "email": "covenanthallschoolslekki@gmail.com",
        "name": "COVENANT HALL SCHOOL",
        "website": "https://covenanthallschools.com.ng/"
      },
      "geometry": {
        "type": "Point",
        "coordinates": [
          3.5124975,
          6.4443102
        ]
      },
      "id": "node/8559845731"
    },
    {
      "type": "Feature",
      "properties": {
        "@id": "node/9213584264",
        "amenity": "school",
        "name": "Stars International College"
      },
      "geometry": {
        "type": "Point",
        "coordinates": [
          3.5005984,
          6.6260514
        ]
      },
      "id": "node/9213584264"
    },
    {
      "type": "Feature",
      "properties": {
        "@id": "node/9932503719",
        "amenity": "school"
      },
      "geometry": {
        "type": "Point",
        "coordinates": [
          3.3759905,
          6.4940357
        ]
      },
      "id": "node/9932503719"
    },
    {
      "type": "Feature",
      "properties": {
        "@id": "node/10169730310",
        "amenity": "school",
        "grades": "0-10",
        "name": "Nautiluz Learning & Inovation Hub",
        "website": "https://www.nautiluz.pt/"
      },
      "geometry": {
        "type": "Point",
        "coordinates": [
          -8.7509991,
          37.1664135
        ]
      },
      "id": "node/10169730310"
    },
    {
      "type": "Feature",
      "properties": {
        "@id": "node/11121934209",
        "amenity": "school",
        "name": "Christ The Rock Of Ages International School"
      },
      "geometry": {
        "type": "Point",
        "coordinates": [
          3.6291538,
          6.4704887
        ]
      },
      "id": "node/11121934209"
    },
    {
      "type": "Feature",
      "properties": {
        "@id": "node/11121934218",
        "amenity": "school",
        "name": "Crane College"
      },
      "geometry": {
        "type": "Point",
        "coordinates": [
          3.6285601,
          6.471747
        ]
      },
      "id": "node/11121934218"
    },
    {
      "type": "Feature",
      "properties": {
        "@id": "node/11121934219",
        "amenity": "school",
        "name": "Crane Schools"
      },
      "geometry": {
        "type": "Point",
        "coordinates": [
          3.6283485,
          6.4704322
        ]
      },
      "id": "node/11121934219"
    },
    {
      "type": "Feature",
      "properties": {
        "@id": "node/11184752031",
        "addr:city": "Lagos",
        "addr:postcode": "103101",
        "addr:street": "Whispering Palms-Iworo Rd",
        "amenity": "school",
        "name": "Iworo Ajido Model College",
        "website": "https://lagosschoolsonline.com/schools/profile/1759"
      },
      "geometry": {
        "type": "Point",
        "coordinates": [
          2.9738442,
          6.437166
        ]
      },
      "id": "node/11184752031"
    },
    {
      "type": "Feature",
      "properties": {
        "@id": "node/11407983062",
        "amenity": "school",
        "operator:type": "public",
        "ref:UAI": "0640550A",
        "school:FR": "primaire",
        "source": "Ministère de l'Éducation nationale et de la Jeunesse - 2023-11",
        "wikidata": "Q119907857"
      },
      "geometry": {
        "type": "Point",
        "coordinates": [
          -0.2258548,
          43.2080123
        ]
      },
      "id": "node/11407983062"
    },
    {
      "type": "Feature",
      "properties": {
        "@id": "node/12132438350",
        "addr:street": "Oreta Road",
        "amenity": "school",
        "name": "Morning Dew Private School",
        "operator": "07063364306",
        "operator:type": "private"
      },
      "geometry": {
        "type": "Point",
        "coordinates": [
          3.5230598,
          6.5397374
        ]
      },
      "id": "node/12132438350"
    },
    {
      "type": "Feature",
      "properties": {
        "@id": "node/12281528737",
        "amenity": "school",
        "facility_amount": "per term",
        "facility_pay": "yes",
        "facility_use": "school",
        "name": "Danny grace academy",
        "operator": "private/ individual",
        "source": "survey",
        "source:position": "gps",
        "status": "functional",
        "users_PLWD": "no",
        "users_boy": "yes",
        "users_elderly": "no",
        "users_female": "no",
        "users_girl": "yes",
        "users_men": "no"
      },
      "geometry": {
        "type": "Point",
        "coordinates": [
          3.2323297,
          6.5215423
        ]
      },
      "id": "node/12281528737"
    },
    {
      "type": "Feature",
      "properties": {
        "@id": "node/12281528738",
        "amenity": "school",
        "facility_amount": "5000/ month",
        "facility_pay": "yes",
        "facility_use": "schooling",
        "name": "DE MICROBYTES",
        "operator": "private/ individual",
        "source": "survey",
        "source:position": "gps",
        "status": "functional",
        "users_PLWD": "no",
        "users_boy": "yes",
        "users_elderly": "no",
        "users_female": "no",
        "users_girl": "yes",
        "users_men": "no"
      },
      "geometry": {
        "type": "Point",
        "coordinates": [
          3.2316771,
          6.5200787
        ]
      },
      "id": "node/12281528738"
    },
    {
      "type": "Feature",
      "properties": {
        "@id": "node/12281528739",
        "amenity": "school",
        "facility_amount": "pay per term",
        "facility_pay": "yes",
        "facility_use": "learning",
        "name": "Triple b nursery and primary",
        "operator": "private/ individual",
        "source": "survey",
        "source:position": "gps",
        "status": "needs repair",
        "users_PLWD": "no",
        "users_boy": "yes",
        "users_elderly": "no",
        "users_female": "yes",
        "users_girl": "yes",
        "users_men": "yes"
      },
      "geometry": {
        "type": "Point",
        "coordinates": [
          3.2343541,
          6.5227792
        ]
      },
      "id": "node/12281528739"
    },
    {
      "type": "Feature",
      "properties": {
        "@id": "node/12281528740",
        "amenity": "school",
        "facility_amount": "per term",
        "facility_pay": "yes",
        "facility_use": "learning",
        "name": "JEMFAS SCHOOLS",
        "operator": "private/ individual",
        "source": "survey",
        "source:position": "gps",
        "status": "functional",
        "users_PLWD": "no",
        "users_boy": "yes",
        "users_elderly": "yes",
        "users_female": "yes",
        "users_girl": "yes",
        "users_men": "yes"
      },
      "geometry": {
        "type": "Point",
        "coordinates": [
          3.2290403,
          6.5211169
        ]
      },
      "id": "node/12281528740"
    },
    {
      "type": "Feature",
      "properties": {
        "@id": "node/12281528741",
        "amenity": "school",
        "facility_amount": "7000-10000",
        "facility_pay": "yes",
        "facility_use": "educational purposes",
        "name": "St Mary Grace School",
        "operator": "private/ individual",
        "source": "survey",
        "source:position": "gps",
        "status": "functional",
        "users_PLWD": "no",
        "users_boy": "yes",
        "users_elderly": "no",
        "users_female": "no",
        "users_girl": "yes",
        "users_men": "no"
      },
      "geometry": {
        "type": "Point",
        "coordinates": [
          3.2329877,
          6.5257007
        ]
      },
      "id": "node/12281528741"
    },
    {
      "type": "Feature",
      "properties": {
        "@id": "node/12281528742",
        "amenity": "school",
        "facility_amount": "per term",
        "facility_pay": "yes",
        "facility_use": "learning",
        "name": "PILLARS COLLEGE",
        "operator": "private/ individual",
        "source": "survey",
        "source:position": "gps",
        "status": "functional",
        "users_PLWD": "no",
        "users_boy": "yes",
        "users_elderly": "yes",
        "users_female": "yes",
        "users_girl": "yes",
        "users_men": "yes"
      },
      "geometry": {
        "type": "Point",
        "coordinates": [
          3.233245,
          6.5216733
        ]
      },
      "id": "node/12281528742"
    },
    {
      "type": "Feature",
      "properties": {
        "@id": "node/12281528743",
        "amenity": "school",
        "facility_amount": "term charged",
        "facility_pay": "yes",
        "facility_use": "learning",
        "name": "PILLARS PRIMARY SCHOOL",
        "operator": "private/ individual",
        "source": "survey",
        "source:position": "gps",
        "status": "functional",
        "users_PLWD": "no",
        "users_boy": "yes",
        "users_elderly": "no",
        "users_female": "yes",
        "users_girl": "yes",
        "users_men": "yes"
      },
      "geometry": {
        "type": "Point",
        "coordinates": [
          3.2326753,
          6.5213164
        ]
      },
      "id": "node/12281528743"
    },
    {
      "type": "Feature",
      "properties": {
        "@id": "node/12281528744",
        "amenity": "school",
        "facility_amount": "per term",
        "facility_pay": "yes",
        "facility_use": "school",
        "name": "Mary Greg Schools",
        "operator": "private/ individual",
        "source": "survey",
        "source:position": "gps",
        "status": "functional",
        "users_PLWD": "no",
        "users_boy": "yes",
        "users_elderly": "no",
        "users_female": "no",
        "users_girl": "yes",
        "users_men": "no"
      },
      "geometry": {
        "type": "Point",
        "coordinates": [
          3.2361984,
          6.5251875
        ]
      },
      "id": "node/12281528744"
    },
    {
      "type": "Feature",
      "properties": {
        "@id": "node/12281528745",
        "amenity": "school",
        "facility_amount": "7000naira-10000naira",
        "facility_pay": "yes",
        "facility_use": "educational purposes",
        "name": "Loveone Academy",
        "operator": "private/ individual",
        "source": "survey",
        "source:position": "gps",
        "status": "functional",
        "users_PLWD": "no",
        "users_boy": "yes",
        "users_elderly": "no",
        "users_female": "no",
        "users_girl": "yes",
        "users_men": "no"
      },
      "geometry": {
        "type": "Point",
        "coordinates": [
          3.2372744,
          6.5274908
        ]
      },
      "id": "node/12281528745"
    },
    {
      "type": "Feature",
      "properties": {
        "@id": "node/12281528746",
        "amenity": "school",
        "facility_amount": "per term",
        "facility_pay": "yes",
        "facility_use": "leaning",
        "name": "Bridge School",
        "operator": "private/ individual",
        "source": "survey",
        "source:position": "gps",
        "status": "functional",
        "users_PLWD": "yes",
        "users_boy": "yes",
        "users_elderly": "yes",
        "users_female": "yes",
        "users_girl": "yes",
        "users_men": "yes"
      },
      "geometry": {
        "type": "Point",
        "coordinates": [
          3.2361401,
          6.5225172
        ]
      },
      "id": "node/12281528746"
    },
    {
      "type": "Feature",
      "properties": {
        "@id": "node/12281528747",
        "amenity": "school",
        "facility_amount": "pay per term",
        "facility_pay": "yes",
        "facility_use": "learning",
        "name": "Al ibadah children School",
        "operator": "private/ individual",
        "source": "survey",
        "source:position": "gps",
        "status": "functional",
        "users_PLWD": "yes",
        "users_boy": "yes",
        "users_elderly": "yes",
        "users_female": "yes",
        "users_girl": "yes",
        "users_men": "yes"
      },
      "geometry": {
        "type": "Point",
        "coordinates": [
          3.2375165,
          6.522484
        ]
      },
      "id": "node/12281528747"
    },
    {
      "type": "Feature",
      "properties": {
        "@id": "node/12281528748",
        "amenity": "school",
        "facility_amount": "per term",
        "facility_pay": "yes",
        "facility_use": "to give you a space to engage more actively with the course content",
        "name": "Tutorial lesson",
        "operator": "private/ individual",
        "source": "survey",
        "source:position": "gps",
        "status": "functional",
        "users_PLWD": "no",
        "users_boy": "yes",
        "users_elderly": "yes",
        "users_female": "yes",
        "users_girl": "yes",
        "users_men": "yes"
      },
      "geometry": {
        "type": "Point",
        "coordinates": [
          3.2394586,
          6.5241514
        ]
      },
      "id": "node/12281528748"
    },
    {
      "type": "Feature",
      "properties": {
        "@id": "node/12281528749",
        "amenity": "school",
        "facility_amount": "per annual",
        "facility_pay": "yes",
        "facility_use": "used to talk about a building made for people or a family to live in.",
        "name": "House",
        "operator": "private/ individual",
        "source": "survey",
        "source:position": "gps",
        "status": "functional",
        "users_PLWD": "no",
        "users_boy": "yes",
        "users_elderly": "yes",
        "users_female": "yes",
        "users_girl": "yes",
        "users_men": "yes"
      },
      "geometry": {
        "type": "Point",
        "coordinates": [
          3.2400836,
          6.5247633
        ]
      },
      "id": "node/12281528749"
    },
    {
      "type": "Feature",
      "properties": {
        "@id": "node/12281528750",
        "amenity": "school",
        "facility_amount": "payment per term",
        "facility_pay": "yes",
        "facility_use": "education",
        "name": "Mosfit private school",
        "operator": "private/ individual",
        "source": "survey",
        "source:position": "gps",
        "status": "functional",
        "users_PLWD": "yes",
        "users_boy": "yes",
        "users_elderly": "yes",
        "users_female": "yes",
        "users_girl": "yes",
        "users_men": "yes"
      },
      "geometry": {
        "type": "Point",
        "coordinates": [
          3.2378394,
          6.5259754
        ]
      },
      "id": "node/12281528750"
    },
    {
      "type": "Feature",
      "properties": {
        "@id": "node/12281528751",
        "amenity": "school",
        "facility_amount": "pay per team",
        "facility_pay": "yes",
        "facility_use": "leaning",
        "name": "Amazing success model academy",
        "operator": "private/ individual",
        "source": "survey",
        "source:position": "gps",
        "status": "functional",
        "users_PLWD": "no",
        "users_boy": "yes",
        "users_elderly": "no",
        "users_female": "no",
        "users_girl": "yes",
        "users_men": "no"
      },
      "geometry": {
        "type": "Point",
        "coordinates": [
          3.2345573,
          6.5318251
        ]
      },
      "id": "node/12281528751"
    },
    {
      "type": "Feature",
      "properties": {
        "@id": "node/12281528752",
        "amenity": "school",
        "facility_amount": "pay per time",
        "facility_pay": "yes",
        "facility_use": "educational center",
        "name": "Ikeoluwa conprehensive college",
        "operator": "private/ individual",
        "source": "survey",
        "source:position": "gps",
        "status": "functional",
        "users_PLWD": "no",
        "users_boy": "yes",
        "users_elderly": "no",
        "users_female": "no",
        "users_girl": "yes",
        "users_men": "no"
      },
      "geometry": {
        "type": "Point",
        "coordinates": [
          3.2343003,
          6.5307361
        ]
      },
      "id": "node/12281528752"
    },
    {
      "type": "Feature",
      "properties": {
        "@id": "node/12281528753",
        "amenity": "school",
        "facility_amount": "per term",
        "facility_pay": "yes",
        "facility_use": "schools are organized spaces purposed for teaching and learning",
        "name": "JB_JOSHBIS ACADEMY SCHOOL",
        "operator": "private/ individual",
        "source": "survey",
        "source:position": "gps",
        "status": "functional",
        "users_PLWD": "no",
        "users_boy": "yes",
        "users_elderly": "yes",
        "users_female": "yes",
        "users_girl": "yes",
        "users_men": "yes"
      },
      "geometry": {
        "type": "Point",
        "coordinates": [
          3.2356623,
          6.5339716
        ]
      },
      "id": "node/12281528753"
    },
    {
      "type": "Feature",
      "properties": {
        "@id": "node/12281528754",
        "amenity": "school",
        "facility_amount": "per term",
        "facility_pay": "yes",
        "facility_use": "for teaching and learning",
        "name": "JIGATES DIGITAL SCHOOL",
        "operator": "private/ individual",
        "source": "survey",
        "source:position": "gps",
        "status": "functional",
        "users_PLWD": "no",
        "users_boy": "yes",
        "users_elderly": "yes",
        "users_female": "yes",
        "users_girl": "yes",
        "users_men": "yes"
      },
      "geometry": {
        "type": "Point",
        "coordinates": [
          3.2359191,
          6.530527
        ]
      },
      "id": "node/12281528754"
    },
    {
      "type": "Feature",
      "properties": {
        "@id": "node/12281528755",
        "amenity": "school",
        "facility_amount": "payment per term",
        "facility_pay": "yes",
        "facility_use": "education",
        "name": "Meevic home grace",
        "operator": "private/ individual",
        "source": "survey",
        "source:position": "gps",
        "status": "functional",
        "users_PLWD": "yes",
        "users_boy": "yes",
        "users_elderly": "yes",
        "users_female": "yes",
        "users_girl": "yes",
        "users_men": "yes"
      },
      "geometry": {
        "type": "Point",
        "coordinates": [
          3.2348277,
          6.5345182
        ]
      },
      "id": "node/12281528755"
    },
    {
      "type": "Feature",
      "properties": {
        "@id": "node/12281528756",
        "amenity": "school",
        "facility_amount": "8000-12000",
        "facility_pay": "yes",
        "facility_use": "educational activities",
        "name": "Amazing Success Model Academy",
        "operator": "private/ individual",
        "source": "survey",
        "source:position": "gps",
        "status": "functional",
        "users_PLWD": "no",
        "users_boy": "yes",
        "users_elderly": "no",
        "users_female": "no",
        "users_girl": "yes",
        "users_men": "no"
      },
      "geometry": {
        "type": "Point",
        "coordinates": [
          3.2345847,
          6.5318697
        ]
      },
      "id": "node/12281528756"
    },
    {
      "type": "Feature",
      "properties": {
        "@id": "node/12281528757",
        "amenity": "school",
        "facility_amount": "per term",
        "facility_pay": "yes",
        "facility_use": "learning",
        "name": "PECULIAR TREASURE NURSERY AND PRIMARY SCHOOL",
        "operator": "private/ individual",
        "source": "survey",
        "source:position": "gps",
        "status": "functional",
        "users_PLWD": "no",
        "users_boy": "yes",
        "users_elderly": "yes",
        "users_female": "yes",
        "users_girl": "yes",
        "users_men": "yes"
      },
      "geometry": {
        "type": "Point",
        "coordinates": [
          3.2359642,
          6.5347949
        ]
      },
      "id": "node/12281528757"
    },
    {
      "type": "Feature",
      "properties": {
        "@id": "node/12281528758",
        "amenity": "school",
        "facility_amount": "per term",
        "facility_pay": "yes",
        "facility_use": "primary school",
        "name": "DAMARVOUR School",
        "operator": "private/ individual",
        "source": "survey",
        "source:position": "gps",
        "status": "functional",
        "users_PLWD": "no",
        "users_boy": "yes",
        "users_elderly": "no",
        "users_female": "yes",
        "users_girl": "yes",
        "users_men": "yes"
      },
      "geometry": {
        "type": "Point",
        "coordinates": [
          3.2355433,
          6.5359617
        ]
      },
      "id": "node/12281528758"
    },
    {
      "type": "Feature",
      "properties": {
        "@id": "node/12281528759",
        "amenity": "school",
        "facility_amount": "35,000 per term",
        "facility_pay": "yes",
        "facility_use": "educational purpose",
        "name": "Ike Oluwa comprehensive college",
        "operator": "private/ individual",
        "source": "survey",
        "source:position": "gps",
        "status": "functional",
        "users_PLWD": "no",
        "users_boy": "yes",
        "users_elderly": "no",
        "users_female": "no",
        "users_girl": "yes",
        "users_men": "no"
      },
      "geometry": {
        "type": "Point",
        "coordinates": [
          3.2343019,
          6.5305774
        ]
      },
      "id": "node/12281528759"
    },
    {
      "type": "Feature",
      "properties": {
        "@id": "node/12281528760",
        "amenity": "school",
        "facility_amount": "17500per child",
        "facility_pay": "yes",
        "facility_use": "education purpose",
        "name": "Motbram Nur, primary school",
        "operator": "private/ individual",
        "source": "survey",
        "source:position": "gps",
        "status": "functional",
        "users_PLWD": "no",
        "users_boy": "yes",
        "users_elderly": "yes",
        "users_female": "yes",
        "users_girl": "yes",
        "users_men": "yes"
      },
      "geometry": {
        "type": "Point",
        "coordinates": [
          3.2329026,
          6.5328142
        ]
      },
      "id": "node/12281528760"
    },
    {
      "type": "Feature",
      "properties": {
        "@id": "node/12281528761",
        "amenity": "school",
        "facility_amount": "pay per team",
        "facility_pay": "yes",
        "facility_use": "leaning",
        "name": "Jigates digital School",
        "operator": "private/ individual",
        "source": "survey",
        "source:position": "gps",
        "status": "functional",
        "users_PLWD": "no",
        "users_boy": "yes",
        "users_elderly": "yes",
        "users_female": "yes",
        "users_girl": "yes",
        "users_men": "yes"
      },
      "geometry": {
        "type": "Point",
        "coordinates": [
          3.2358137,
          6.5303697
        ]
      },
      "id": "node/12281528761"
    },
    {
      "type": "Feature",
      "properties": {
        "@id": "node/12281528762",
        "amenity": "school",
        "facility_amount": "7000- 10000",
        "facility_pay": "yes",
        "facility_use": "educational purposes",
        "name": "Alpha comprehensive schools",
        "operator": "private/ individual",
        "source": "survey",
        "source:position": "gps",
        "status": "functional",
        "users_PLWD": "no",
        "users_boy": "yes",
        "users_elderly": "no",
        "users_female": "no",
        "users_girl": "yes",
        "users_men": "no"
      },
      "geometry": {
        "type": "Point",
        "coordinates": [
          3.2321863,
          6.5299637
        ]
      },
      "id": "node/12281528762"
    },
    {
      "type": "Feature",
      "properties": {
        "@id": "node/12281528763",
        "amenity": "school",
        "facility_amount": "#100-#200 per day",
        "facility_pay": "yes",
        "facility_use": "learning",
        "name": "Excellent Breed School",
        "operator": "private/ individual",
        "source": "survey",
        "source:position": "gps",
        "status": "functional",
        "users_PLWD": "no",
        "users_boy": "yes",
        "users_elderly": "no",
        "users_female": "no",
        "users_girl": "yes",
        "users_men": "no"
      },
      "geometry": {
        "type": "Point",
        "coordinates": [
          3.2290444,
          6.5240321
        ]
      },
      "id": "node/12281528763"
    },
    {
      "type": "Feature",
      "properties": {
        "@id": "node/12281528764",
        "amenity": "school",
        "facility_amount": "per term",
        "facility_pay": "yes",
        "facility_use": "school to gain knowledge & skills and personal development",
        "name": "Connection Private school",
        "operator": "private/ individual",
        "source": "survey",
        "source:position": "gps",
        "status": "functional",
        "users_PLWD": "no",
        "users_boy": "yes",
        "users_elderly": "yes",
        "users_female": "yes",
        "users_girl": "yes",
        "users_men": "yes"
      },
      "geometry": {
        "type": "Point",
        "coordinates": [
          3.2277602,
          6.5246006
        ]
      },
      "id": "node/12281528764"
    },
    {
      "type": "Feature",
      "properties": {
        "@id": "node/12281528765",
        "amenity": "school",
        "facility_amount": "per term base",
        "facility_pay": "yes",
        "facility_use": "schools are organized spaces purposed for teaching and learning.",
        "name": "Beatom Excellent Montessori",
        "operator": "private/ individual",
        "source": "survey",
        "source:position": "gps",
        "status": "functional",
        "users_PLWD": "no",
        "users_boy": "yes",
        "users_elderly": "no",
        "users_female": "yes",
        "users_girl": "yes",
        "users_men": "yes"
      },
      "geometry": {
        "type": "Point",
        "coordinates": [
          3.2293439,
          6.5231863
        ]
      },
      "id": "node/12281528765"
    },
    {
      "type": "Feature",
      "properties": {
        "@id": "node/12281528766",
        "amenity": "school",
        "facility_amount": "per term base",
        "facility_pay": "yes",
        "facility_use": "schools are organized spaces purposed for teaching and learning",
        "name": "Denoy kids academy & college",
        "operator": "private/ individual",
        "source": "survey",
        "source:position": "gps",
        "status": "functional",
        "users_PLWD": "no",
        "users_boy": "yes",
        "users_elderly": "no",
        "users_female": "yes",
        "users_girl": "yes",
        "users_men": "yes"
      },
      "geometry": {
        "type": "Point",
        "coordinates": [
          3.2283632,
          6.5224477
        ]
      },
      "id": "node/12281528766"
    },
    {
      "type": "Feature",
      "properties": {
        "@id": "node/12281528767",
        "amenity": "school",
        "facility_amount": "5000-8000",
        "facility_pay": "yes",
        "facility_use": "educational purposes",
        "name": "First winner's nursery & primary school",
        "operator": "private/ individual",
        "source": "survey",
        "source:position": "gps",
        "status": "functional",
        "users_PLWD": "no",
        "users_boy": "yes",
        "users_elderly": "no",
        "users_female": "no",
        "users_girl": "yes",
        "users_men": "no"
      },
      "geometry": {
        "type": "Point",
        "coordinates": [
          3.2315598,
          6.5304273
        ]
      },
      "id": "node/12281528767"
    },
    {
      "type": "Feature",
      "properties": {
        "@id": "node/12381822089",
        "addr:city": "Lagos",
        "addr:housenumber": "2",
        "addr:postcode": "105102",
        "addr:street": "Ilesanmi Street",
        "amenity": "school",
        "email": "storyacademy02@gmail.com",
        "grades": "1-7",
        "name": "Story Academy Special needs school",
        "phone": "09016656367",
        "website": "sa"
      },
      "geometry": {
        "type": "Point",
        "coordinates": [
          3.3798654,
          6.5682357
        ]
      },
      "id": "node/12381822089"
    },
    {
      "type": "Feature",
      "properties": {
        "@id": "node/12573917895",
        "addr:city": "Lagos",
        "addr:postcode": "8600-614",
        "addr:street": "Rua da Escola Gil Eanes",
        "amenity": "school",
        "grades": "9-12",
        "internet_access": "wlan",
        "level": "0,1",
        "name": "Escola Secundária Gil Eanes",
        "operator:type": "public",
        "phone": "+351 282 770 160",
        "website": "https://aegileanes.pt/",
        "wheelchair": "yes"
      },
      "geometry": {
        "type": "Point",
        "coordinates": [
          -8.6872569,
          37.0962915
        ]
      },
      "id": "node/12573917895"
    },
    {
      "type": "Feature",
      "properties": {
        "@id": "node/12573951622",
        "addr:city": "São Gonçalo de Lagos",
        "addr:postcode": "8600-614",
        "addr:street": "Rua da Escola Gil Eanes",
        "amenity": "school",
        "email": "gileanes.secretaria@aegileanes.pt",
        "grades": "9-12",
        "level": "1",
        "name": "Escola Gil Eanes",
        "phone": "+351 282 770 160",
        "website": "https://aegileanes.pt/"
      },
      "geometry": {
        "type": "Point",
        "coordinates": [
          -8.6872417,
          37.0962787
        ]
      },
      "id": "node/12573951622"
    },
    {
      "type": "Feature",
      "properties": {
        "@id": "node/13023896283",
        "alt_name": "Faculty of Art",
        "amenity": "school",
        "name": "Faculty of Art Unilag"
      },
      "geometry": {
        "type": "Point",
        "coordinates": [
          3.3978209,
          6.5198069
        ]
      },
      "id": "node/13023896283"
    },
    {
      "type": "Feature",
      "properties": {
        "@id": "node/13031513776",
        "addr:city": "Kosofe",
        "addr:street": "Ayedere Junior School Anibaba Street Iyana School Ketu, Kosofe, Lagos",
        "amenity": "school",
        "grades": "6-8",
        "name": "Ayedere Ajibola Junior Secoundary School",
        "operator": "Government School",
        "operator:type": "government"
      },
      "geometry": {
        "type": "Point",
        "coordinates": [
          3.3876968,
          6.6092687
        ]
      },
      "id": "node/13031513776"
    },
    {
      "type": "Feature",
      "properties": {
        "@id": "node/13031519771",
        "addr:city": "Kosofe",
        "addr:street": "Ayedere sernior school Anibaba Street ketu.",
        "amenity": "school",
        "name": "Ayedere Ajibola Sernior High School."
      },
      "geometry": {
        "type": "Point",
        "coordinates": [
          3.3881556,
          6.607512
        ]
      },
      "id": "node/13031519771"
    },
    {
      "type": "Feature",
      "properties": {
        "@id": "node/13111316588",
        "addr:street": "DLI Road",
        "amenity": "school",
        "grades": "1-12",
        "name": "International School, Unilag",
        "religion": "christian",
        "short_name": "ISL"
      },
      "geometry": {
        "type": "Point",
        "coordinates": [
          3.3913478,
          6.5119755
        ]
      },
      "id": "node/13111316588"
    },
    {
      "type": "Feature",
      "properties": {
        "@id": "node/13943316054",
        "amenity": "school",
        "education": "school",
        "name": "Ojo Senior High School",
        "wikidata": "Q109289808"
      },
      "geometry": {
        "type": "Point",
        "coordinates": [
          3.2180986,
          6.4528502
        ]
      },
      "id": "node/13943316054"
    },
    {
      "type": "Feature",
      "properties": {
        "@id": "node/13943316055",
        "amenity": "school",
        "education": "school",
        "name": "Ojo Junior High School",
        "wikidata": "Q109289823"
      },
      "geometry": {
        "type": "Point",
        "coordinates": [
          3.2191215,
          6.4527587
        ]
      },
      "id": "node/13943316055"
    },
    {
      "type": "Feature",
      "properties": {
        "@id": "node/13943316056",
        "amenity": "school",
        "education": "school",
        "name": "Awori Junior College, Ojo",
        "wikidata": "Q110830222"
      },
      "geometry": {
        "type": "Point",
        "coordinates": [
          3.20017,
          6.4586199
        ]
      },
      "id": "node/13943316056"
    },
    {
      "type": "Feature",
      "properties": {
        "@id": "node/13943393318",
        "amenity": "school",
        "education": "school",
        "name": "Ajangbadi Junior High School",
        "wikidata": "Q109302037"
      },
      "geometry": {
        "type": "Point",
        "coordinates": [
          3.179207,
          6.474256
        ]
      },
      "id": "node/13943393318"
    },
    {
      "type": "Feature",
      "properties": {
        "@id": "node/13943621148",
        "addr:housenumber": "26",
        "addr:street": "Taiwo Akinbode Street",
        "amenity": "school",
        "education": "school",
        "name": "Dynamic Foundation College",
        "wikidata": "Q138510456"
      },
      "geometry": {
        "type": "Point",
        "coordinates": [
          3.1700885,
          6.4620083
        ]
      },
      "id": "node/13943621148"
    },
    {
      "type": "Feature",
      "properties": {
        "@id": "node/13943621157",
        "addr:housenumber": "2",
        "addr:street": "St. Michael School Street",
        "amenity": "school",
        "education": "school",
        "name": "St. Michael Nursery & Primary School",
        "wikidata": "Q136472142"
      },
      "geometry": {
        "type": "Point",
        "coordinates": [
          3.1662081,
          6.453324
        ]
      },
      "id": "node/13943621157"
    },
    {
      "type": "Feature",
      "properties": {
        "@id": "node/13943621158",
        "amenity": "school",
        "education": "school",
        "name": "Orisan Private School",
        "wikidata": "Q136386714"
      },
      "geometry": {
        "type": "Point",
        "coordinates": [
          3.1582855,
          6.4587689
        ]
      },
      "id": "node/13943621158"
    },
    {
      "type": "Feature",
      "properties": {
        "@id": "node/13943621159",
        "addr:city": "Shibiri, Otto-Awori, Ojo",
        "addr:housenumber": "40",
        "addr:street": "Sebiomo Street",
        "amenity": "school",
        "education": "school",
        "name": "Joeihevic Private Schools",
        "wikidata": "Q136697902"
      },
      "geometry": {
        "type": "Point",
        "coordinates": [
          3.1532208,
          6.4558505
        ]
      },
      "id": "node/13943621159"
    },
    {
      "type": "Feature",
      "properties": {
        "@id": "node/13943621161",
        "addr:city": "Ajangbadi, Ojo",
        "addr:housenumber": "201",
        "addr:street": "Ilogbo Road",
        "amenity": "school",
        "education": "school",
        "name": "The Kingsway Private School",
        "wikidata": "Q136472191"
      },
      "geometry": {
        "type": "Point",
        "coordinates": [
          3.1498315,
          6.465087
        ]
      },
      "id": "node/13943621161"
    },
    {
      "type": "Feature",
      "properties": {
        "@id": "node/13943699531",
        "amenity": "school",
        "education": "school",
        "name": "National Postgraduate Medical College of Nigeria",
        "wikidata": "Q25053746",
        "wikipedia": "en:National Postgraduate Medical College of Nigeria"
      },
      "geometry": {
        "type": "Point",
        "coordinates": [
          3.1443594,
          6.4908638
        ]
      },
      "id": "node/13943699531"
    },
    {
      "type": "Feature",
      "properties": {
        "@id": "node/13943709267",
        "amenity": "school",
        "education": "school",
        "name": "Osolu Junior and Senior High School",
        "wikidata": "Q110823867"
      },
      "geometry": {
        "type": "Point",
        "coordinates": [
          3.1443062,
          6.4169106
        ]
      },
      "id": "node/13943709267"
    },
    {
      "type": "Feature",
      "properties": {
        "@id": "node/13950668788",
        "amenity": "school",
        "education": "school",
        "name": "Local Authority Primary School Akarakumoh",
        "start_date": "1954-05-01",
        "wikidata": "Q116312849"
      },
      "geometry": {
        "type": "Point",
        "coordinates": [
          2.9572632,
          6.4123258
        ]
      },
      "id": "node/13950668788"
    },
    {
      "type": "Feature",
      "properties": {
        "@id": "node/13950768469",
        "amenity": "school",
        "education": "school",
        "name": "Methodist Senior High School, Badagry",
        "website": "https://lagosschoolsonline.com/single-school.php?id=432",
        "wikidata": "Q123926686"
      },
      "geometry": {
        "type": "Point",
        "coordinates": [
          2.8989435,
          6.4127378
        ]
      },
      "id": "node/13950768469"
    }
  ]
}